<?xml version="1.0" encoding="UTF-8"?>

<BugCollection version="4.7.3" sequence="0" timestamp="1698475113316" analysisTimestamp="1698508089819" release="">
  <Project projectName="">
    <Jar>/mnt/disk3/lty/JLeaks/data/classfile/bug-35-bdd6580e8c9cc71fd1a51494386ac8899f562832e409e5699686bb2fa760dd98.class</Jar>
  </Project>
  <Errors errors="0" missingClasses="7">
    <MissingClass>com.fasterxml.jackson.core.JsonFactory</MissingClass>
    <MissingClass>com.fasterxml.jackson.databind.ObjectMapper</MissingClass>
    <MissingClass>org.apache.log4j.Logger</MissingClass>
    <MissingClass>tachyon.Constants</MissingClass>
    <MissingClass>tachyon.UnderFileSystem</MissingClass>
    <MissingClass>tachyon.master.JsonObject</MissingClass>
    <MissingClass>tachyon.master.MasterInfo</MissingClass>
  </Errors>
  <FindBugsSummary timestamp="Sat, 28 Oct 2023 14:38:33 +0800" total_classes="1" referenced_classes="15" total_bugs="0" total_size="44" num_packages="1" java_version="1.8.0_382" vm_version="25.382-b05" cpu_seconds="29.16" clock_seconds="3.56" peak_mbytes="380.65" alloc_mbytes="1820.50" gc_seconds="0.18">
    <PackageStats package="tachyon.master" total_bugs="0" total_types="1" total_size="44">
      <ClassStats class="tachyon.master.Image" sourceFile="Image.java" interface="false" size="44" bugs="0"/>
    </PackageStats>
    <FindBugsProfile>
      <ClassProfile name="edu.umd.cs.findbugs.classfile.engine.ClassInfoAnalysisEngine" totalMilliseconds="432" invocations="322" avgMicrosecondsPerInvocation="1344" maxMicrosecondsPerInvocation="42709" standardDeviationMicrosecondsPerInvocation="3016"/>
      <ClassProfile name="edu.umd.cs.findbugs.detect.FunctionsThatMightBeMistakenForProcedures" totalMilliseconds="258" invocations="15" avgMicrosecondsPerInvocation="17233" maxMicrosecondsPerInvocation="231086" standardDeviationMicrosecondsPerInvocation="57236"/>
      <ClassProfile name="edu.umd.cs.findbugs.classfile.engine.bcel.MethodGenFactory" totalMilliseconds="136" invocations="5" avgMicrosecondsPerInvocation="27314" maxMicrosecondsPerInvocation="131578" standardDeviationMicrosecondsPerInvocation="52138"/>
      <ClassProfile name="edu.umd.cs.findbugs.detect.FieldItemSummary" totalMilliseconds="123" invocations="15" avgMicrosecondsPerInvocation="8266" maxMicrosecondsPerInvocation="32622" standardDeviationMicrosecondsPerInvocation="10649"/>
      <ClassProfile name="edu.umd.cs.findbugs.OpcodeStack$JumpInfoFactory" totalMilliseconds="107" invocations="72" avgMicrosecondsPerInvocation="1489" maxMicrosecondsPerInvocation="10621" standardDeviationMicrosecondsPerInvocation="1746"/>
      <ClassProfile name="edu.umd.cs.findbugs.detect.FindNoSideEffectMethods" totalMilliseconds="98" invocations="15" avgMicrosecondsPerInvocation="6540" maxMicrosecondsPerInvocation="24157" standardDeviationMicrosecondsPerInvocation="6590"/>
      <ClassProfile name="edu.umd.cs.findbugs.classfile.engine.bcel.IsNullValueDataflowFactory" totalMilliseconds="85" invocations="5" avgMicrosecondsPerInvocation="17156" maxMicrosecondsPerInvocation="41635" standardDeviationMicrosecondsPerInvocation="15113"/>
      <ClassProfile name="edu.umd.cs.findbugs.classfile.engine.bcel.CFGFactory" totalMilliseconds="74" invocations="5" avgMicrosecondsPerInvocation="14875" maxMicrosecondsPerInvocation="50009" standardDeviationMicrosecondsPerInvocation="18364"/>
      <ClassProfile name="edu.umd.cs.findbugs.classfile.engine.ClassDataAnalysisEngine" totalMilliseconds="70" invocations="325" avgMicrosecondsPerInvocation="218" maxMicrosecondsPerInvocation="3705" standardDeviationMicrosecondsPerInvocation="300"/>
      <ClassProfile name="edu.umd.cs.findbugs.classfile.engine.bcel.JavaClassAnalysisEngine" totalMilliseconds="70" invocations="42" avgMicrosecondsPerInvocation="1687" maxMicrosecondsPerInvocation="38163" standardDeviationMicrosecondsPerInvocation="5901"/>
      <ClassProfile name="edu.umd.cs.findbugs.classfile.engine.bcel.ValueNumberDataflowFactory" totalMilliseconds="69" invocations="5" avgMicrosecondsPerInvocation="13978" maxMicrosecondsPerInvocation="43246" standardDeviationMicrosecondsPerInvocation="15933"/>
      <ClassProfile name="edu.umd.cs.findbugs.util.TopologicalSort" totalMilliseconds="66" invocations="280" avgMicrosecondsPerInvocation="236" maxMicrosecondsPerInvocation="3150" standardDeviationMicrosecondsPerInvocation="362"/>
      <ClassProfile name="edu.umd.cs.findbugs.classfile.engine.bcel.TypeDataflowFactory" totalMilliseconds="58" invocations="5" avgMicrosecondsPerInvocation="11646" maxMicrosecondsPerInvocation="31843" standardDeviationMicrosecondsPerInvocation="12105"/>
      <ClassProfile name="edu.umd.cs.findbugs.detect.OverridingEqualsNotSymmetrical" totalMilliseconds="53" invocations="15" avgMicrosecondsPerInvocation="3550" maxMicrosecondsPerInvocation="32055" standardDeviationMicrosecondsPerInvocation="7805"/>
      <ClassProfile name="edu.umd.cs.findbugs.ba.npe.NullDerefAndRedundantComparisonFinder" totalMilliseconds="53" invocations="5" avgMicrosecondsPerInvocation="10606" maxMicrosecondsPerInvocation="27799" standardDeviationMicrosecondsPerInvocation="10203"/>
      <ClassProfile name="edu.umd.cs.findbugs.detect.NoteDirectlyRelevantTypeQualifiers" totalMilliseconds="52" invocations="15" avgMicrosecondsPerInvocation="3477" maxMicrosecondsPerInvocation="28574" standardDeviationMicrosecondsPerInvocation="6899"/>
      <ClassProfile name="edu.umd.cs.findbugs.classfile.engine.bcel.UnconditionalValueDerefDataflowFactory" totalMilliseconds="49" invocations="5" avgMicrosecondsPerInvocation="9931" maxMicrosecondsPerInvocation="19528" standardDeviationMicrosecondsPerInvocation="7687"/>
    </FindBugsProfile>
  </FindBugsSummary>
  <ClassFeatures></ClassFeatures>
  <History></History>
</BugCollection>
