<?xml version="1.0" encoding="UTF-8"?>

<BugCollection version="4.7.3" sequence="0" timestamp="1698475214787" analysisTimestamp="1698515056944" release="">
  <Project projectName="">
    <Jar>/mnt/disk3/lty/JLeaks/data/classfile/bug-843-84ff081bfc9c19e32aec6466409ede3909994a6e55044177ddd4fe827776caff.class</Jar>
  </Project>
  <Errors errors="0" missingClasses="2">
    <MissingClass>net.sourceforge.plantuml.Log</MissingClass>
    <MissingClass>net.sourceforge.plantuml.security.SFile</MissingClass>
  </Errors>
  <FindBugsSummary timestamp="Sat, 28 Oct 2023 14:40:14 +0800" total_classes="1" referenced_classes="23" total_bugs="0" total_size="93" num_packages="1" java_version="1.8.0_382" vm_version="25.382-b05" cpu_seconds="6.14" clock_seconds="0.71" peak_mbytes="384.61" alloc_mbytes="1820.50" gc_seconds="0.04">
    <PackageStats package="net.sourceforge.plantuml" total_bugs="0" total_types="1" total_size="93">
      <ClassStats class="net.sourceforge.plantuml.FileUtils" sourceFile="FileUtils.java" interface="false" size="93" bugs="0"/>
    </PackageStats>
    <FindBugsProfile>
      <ClassProfile name="edu.umd.cs.findbugs.classfile.engine.ClassInfoAnalysisEngine" totalMilliseconds="108" invocations="362" avgMicrosecondsPerInvocation="300" maxMicrosecondsPerInvocation="9477" standardDeviationMicrosecondsPerInvocation="717"/>
      <ClassProfile name="edu.umd.cs.findbugs.classfile.engine.bcel.JavaClassAnalysisEngine" totalMilliseconds="58" invocations="46" avgMicrosecondsPerInvocation="1261" maxMicrosecondsPerInvocation="42220" standardDeviationMicrosecondsPerInvocation="6232"/>
      <ClassProfile name="edu.umd.cs.findbugs.detect.FieldItemSummary" totalMilliseconds="24" invocations="23" avgMicrosecondsPerInvocation="1059" maxMicrosecondsPerInvocation="6259" standardDeviationMicrosecondsPerInvocation="1531"/>
      <ClassProfile name="edu.umd.cs.findbugs.classfile.engine.bcel.MethodGenFactory" totalMilliseconds="18" invocations="15" avgMicrosecondsPerInvocation="1257" maxMicrosecondsPerInvocation="16952" standardDeviationMicrosecondsPerInvocation="4196"/>
      <ClassProfile name="edu.umd.cs.findbugs.detect.FindNoSideEffectMethods" totalMilliseconds="17" invocations="23" avgMicrosecondsPerInvocation="780" maxMicrosecondsPerInvocation="3137" standardDeviationMicrosecondsPerInvocation="917"/>
      <ClassProfile name="edu.umd.cs.findbugs.OpcodeStack$JumpInfoFactory" totalMilliseconds="17" invocations="95" avgMicrosecondsPerInvocation="179" maxMicrosecondsPerInvocation="1718" standardDeviationMicrosecondsPerInvocation="263"/>
      <ClassProfile name="edu.umd.cs.findbugs.classfile.engine.bcel.IsNullValueDataflowFactory" totalMilliseconds="15" invocations="15" avgMicrosecondsPerInvocation="1028" maxMicrosecondsPerInvocation="8684" standardDeviationMicrosecondsPerInvocation="2080"/>
      <ClassProfile name="edu.umd.cs.findbugs.util.TopologicalSort" totalMilliseconds="15" invocations="327" avgMicrosecondsPerInvocation="46" maxMicrosecondsPerInvocation="793" standardDeviationMicrosecondsPerInvocation="92"/>
      <ClassProfile name="edu.umd.cs.findbugs.classfile.engine.bcel.ValueNumberDataflowFactory" totalMilliseconds="13" invocations="15" avgMicrosecondsPerInvocation="882" maxMicrosecondsPerInvocation="6555" standardDeviationMicrosecondsPerInvocation="1598"/>
      <ClassProfile name="edu.umd.cs.findbugs.classfile.engine.bcel.CFGFactory" totalMilliseconds="12" invocations="15" avgMicrosecondsPerInvocation="823" maxMicrosecondsPerInvocation="6668" standardDeviationMicrosecondsPerInvocation="1618"/>
      <ClassProfile name="edu.umd.cs.findbugs.classfile.engine.bcel.TypeDataflowFactory" totalMilliseconds="11" invocations="15" avgMicrosecondsPerInvocation="780" maxMicrosecondsPerInvocation="4813" standardDeviationMicrosecondsPerInvocation="1175"/>
    </FindBugsProfile>
  </FindBugsSummary>
  <ClassFeatures></ClassFeatures>
  <History></History>
</BugCollection>
