<?xml version="1.0" encoding="UTF-8"?>

<BugCollection version="4.7.3" sequence="0" timestamp="1698475154030" analysisTimestamp="1698511989636" release="">
  <Project projectName="">
    <Jar>/mnt/disk3/lty/JLeaks/data/classfile/bug-391-6255b6fc5081e140c6a9f94577b2b980cc1be2096219651cb4bbc4be99504899.class</Jar>
  </Project>
  <Errors errors="0" missingClasses="17">
    <MissingClass>co.elastic.apm.impl.payload.Agent</MissingClass>
    <MissingClass>co.elastic.apm.impl.payload.Payload</MissingClass>
    <MissingClass>co.elastic.apm.impl.payload.Service</MissingClass>
    <MissingClass>co.elastic.apm.report.ApmServerHttpPayloadSender$1</MissingClass>
    <MissingClass>co.elastic.apm.report.ApmServerHttpPayloadSender$2</MissingClass>
    <MissingClass>co.elastic.apm.report.ApmServerHttpPayloadSender$ApmServerHealthChecker</MissingClass>
    <MissingClass>co.elastic.apm.report.PayloadSender</MissingClass>
    <MissingClass>co.elastic.apm.report.ReporterConfiguration</MissingClass>
    <MissingClass>co.elastic.apm.report.serialize.PayloadSerializer</MissingClass>
    <MissingClass>okhttp3.Call</MissingClass>
    <MissingClass>okhttp3.MediaType</MissingClass>
    <MissingClass>okhttp3.OkHttpClient</MissingClass>
    <MissingClass>okhttp3.Request$Builder</MissingClass>
    <MissingClass>okhttp3.Response</MissingClass>
    <MissingClass>okhttp3.ResponseBody</MissingClass>
    <MissingClass>org.slf4j.Logger</MissingClass>
    <MissingClass>org.slf4j.LoggerFactory</MissingClass>
  </Errors>
  <FindBugsSummary timestamp="Sat, 28 Oct 2023 14:39:14 +0800" total_classes="1" referenced_classes="19" total_bugs="0" total_size="69" num_packages="1" java_version="1.8.0_382" vm_version="25.382-b05" cpu_seconds="5.36" clock_seconds="0.67" peak_mbytes="392.76" alloc_mbytes="1820.50" gc_seconds="0.04">
    <PackageStats package="co.elastic.apm.report" total_bugs="0" total_types="1" total_size="69">
      <ClassStats class="co.elastic.apm.report.ApmServerHttpPayloadSender" sourceFile="ApmServerHttpPayloadSender.java" interface="false" size="69" bugs="0"/>
    </PackageStats>
    <FindBugsProfile>
      <ClassProfile name="edu.umd.cs.findbugs.classfile.engine.ClassInfoAnalysisEngine" totalMilliseconds="105" invocations="366" avgMicrosecondsPerInvocation="288" maxMicrosecondsPerInvocation="11666" standardDeviationMicrosecondsPerInvocation="797"/>
      <ClassProfile name="edu.umd.cs.findbugs.detect.FindNoSideEffectMethods" totalMilliseconds="56" invocations="19" avgMicrosecondsPerInvocation="2968" maxMicrosecondsPerInvocation="45438" standardDeviationMicrosecondsPerInvocation="10056"/>
      <ClassProfile name="edu.umd.cs.findbugs.detect.FieldItemSummary" totalMilliseconds="21" invocations="19" avgMicrosecondsPerInvocation="1110" maxMicrosecondsPerInvocation="6426" standardDeviationMicrosecondsPerInvocation="1828"/>
      <ClassProfile name="edu.umd.cs.findbugs.classfile.engine.bcel.MethodGenFactory" totalMilliseconds="19" invocations="11" avgMicrosecondsPerInvocation="1765" maxMicrosecondsPerInvocation="17138" standardDeviationMicrosecondsPerInvocation="4884"/>
      <ClassProfile name="edu.umd.cs.findbugs.OpcodeStack$JumpInfoFactory" totalMilliseconds="16" invocations="70" avgMicrosecondsPerInvocation="230" maxMicrosecondsPerInvocation="1805" standardDeviationMicrosecondsPerInvocation="314"/>
      <ClassProfile name="edu.umd.cs.findbugs.classfile.engine.bcel.JavaClassAnalysisEngine" totalMilliseconds="15" invocations="49" avgMicrosecondsPerInvocation="320" maxMicrosecondsPerInvocation="8437" standardDeviationMicrosecondsPerInvocation="1220"/>
      <ClassProfile name="edu.umd.cs.findbugs.classfile.engine.bcel.ValueNumberDataflowFactory" totalMilliseconds="15" invocations="13" avgMicrosecondsPerInvocation="1196" maxMicrosecondsPerInvocation="7453" standardDeviationMicrosecondsPerInvocation="2037"/>
      <ClassProfile name="edu.umd.cs.findbugs.classfile.engine.bcel.TypeDataflowFactory" totalMilliseconds="14" invocations="12" avgMicrosecondsPerInvocation="1201" maxMicrosecondsPerInvocation="5892" standardDeviationMicrosecondsPerInvocation="1799"/>
      <ClassProfile name="edu.umd.cs.findbugs.util.TopologicalSort" totalMilliseconds="13" invocations="313" avgMicrosecondsPerInvocation="43" maxMicrosecondsPerInvocation="637" standardDeviationMicrosecondsPerInvocation="80"/>
      <ClassProfile name="edu.umd.cs.findbugs.classfile.engine.bcel.IsNullValueDataflowFactory" totalMilliseconds="13" invocations="11" avgMicrosecondsPerInvocation="1198" maxMicrosecondsPerInvocation="4444" standardDeviationMicrosecondsPerInvocation="1520"/>
      <ClassProfile name="edu.umd.cs.findbugs.classfile.engine.bcel.CFGFactory" totalMilliseconds="12" invocations="11" avgMicrosecondsPerInvocation="1114" maxMicrosecondsPerInvocation="7490" standardDeviationMicrosecondsPerInvocation="2175"/>
    </FindBugsProfile>
  </FindBugsSummary>
  <ClassFeatures></ClassFeatures>
  <History></History>
</BugCollection>
