<?xml version="1.0" encoding="UTF-8"?>

<BugCollection version="4.7.3" sequence="0" timestamp="1698475206519" analysisTimestamp="1698514945301" release="">
  <Project projectName="">
    <Jar>/mnt/disk3/lty/JLeaks/data/classfile/bug-786-2de969c97949c262de0b395985faf8373620ea54f1b3e2caa346a61fc02f6b67.class</Jar>
  </Project>
  <Errors errors="0" missingClasses="4">
    <MissingClass>org.opensolaris.opengrok.configuration.Project</MissingClass>
    <MissingClass>org.opensolaris.opengrok.index.Filter</MissingClass>
    <MissingClass>org.opensolaris.opengrok.index.IgnoredNames</MissingClass>
    <MissingClass>org.opensolaris.opengrok.util.IOUtils</MissingClass>
  </Errors>
  <FindBugsSummary timestamp="Sat, 28 Oct 2023 14:40:06 +0800" total_classes="1" referenced_classes="38" total_bugs="0" total_size="387" num_packages="1" java_version="1.8.0_382" vm_version="25.382-b05" cpu_seconds="9.77" clock_seconds="0.94" peak_mbytes="399.24" alloc_mbytes="1820.50" gc_seconds="0.04">
    <PackageStats package="org.opensolaris.opengrok.configuration" total_bugs="0" total_types="1" total_size="387">
      <ClassStats class="org.opensolaris.opengrok.configuration.Configuration" sourceFile="Configuration.java" interface="false" size="387" bugs="0"/>
    </PackageStats>
    <FindBugsProfile>
      <ClassProfile name="edu.umd.cs.findbugs.classfile.engine.ClassInfoAnalysisEngine" totalMilliseconds="140" invocations="508" avgMicrosecondsPerInvocation="275" maxMicrosecondsPerInvocation="13386" standardDeviationMicrosecondsPerInvocation="737"/>
      <ClassProfile name="edu.umd.cs.findbugs.detect.NoteDirectlyRelevantTypeQualifiers" totalMilliseconds="56" invocations="38" avgMicrosecondsPerInvocation="1486" maxMicrosecondsPerInvocation="41479" standardDeviationMicrosecondsPerInvocation="6617"/>
      <ClassProfile name="edu.umd.cs.findbugs.detect.FieldItemSummary" totalMilliseconds="36" invocations="38" avgMicrosecondsPerInvocation="973" maxMicrosecondsPerInvocation="6393" standardDeviationMicrosecondsPerInvocation="1247"/>
      <ClassProfile name="edu.umd.cs.findbugs.detect.FindNoSideEffectMethods" totalMilliseconds="29" invocations="38" avgMicrosecondsPerInvocation="775" maxMicrosecondsPerInvocation="3300" standardDeviationMicrosecondsPerInvocation="859"/>
      <ClassProfile name="edu.umd.cs.findbugs.OpcodeStack$JumpInfoFactory" totalMilliseconds="28" invocations="241" avgMicrosecondsPerInvocation="119" maxMicrosecondsPerInvocation="1571" standardDeviationMicrosecondsPerInvocation="194"/>
      <ClassProfile name="edu.umd.cs.findbugs.classfile.engine.bcel.TypeDataflowFactory" totalMilliseconds="22" invocations="100" avgMicrosecondsPerInvocation="228" maxMicrosecondsPerInvocation="4163" standardDeviationMicrosecondsPerInvocation="694"/>
      <ClassProfile name="edu.umd.cs.findbugs.classfile.engine.bcel.ValueNumberDataflowFactory" totalMilliseconds="21" invocations="100" avgMicrosecondsPerInvocation="215" maxMicrosecondsPerInvocation="6568" standardDeviationMicrosecondsPerInvocation="741"/>
      <ClassProfile name="edu.umd.cs.findbugs.classfile.engine.bcel.MethodGenFactory" totalMilliseconds="21" invocations="99" avgMicrosecondsPerInvocation="215" maxMicrosecondsPerInvocation="16324" standardDeviationMicrosecondsPerInvocation="1629"/>
      <ClassProfile name="edu.umd.cs.findbugs.classfile.engine.bcel.IsNullValueDataflowFactory" totalMilliseconds="20" invocations="99" avgMicrosecondsPerInvocation="208" maxMicrosecondsPerInvocation="5962" standardDeviationMicrosecondsPerInvocation="724"/>
      <ClassProfile name="edu.umd.cs.findbugs.classfile.engine.bcel.CFGFactory" totalMilliseconds="19" invocations="99" avgMicrosecondsPerInvocation="196" maxMicrosecondsPerInvocation="6762" standardDeviationMicrosecondsPerInvocation="762"/>
      <ClassProfile name="edu.umd.cs.findbugs.classfile.engine.bcel.JavaClassAnalysisEngine" totalMilliseconds="18" invocations="67" avgMicrosecondsPerInvocation="274" maxMicrosecondsPerInvocation="8559" standardDeviationMicrosecondsPerInvocation="1050"/>
      <ClassProfile name="edu.umd.cs.findbugs.util.TopologicalSort" totalMilliseconds="16" invocations="471" avgMicrosecondsPerInvocation="35" maxMicrosecondsPerInvocation="1261" standardDeviationMicrosecondsPerInvocation="79"/>
      <ClassProfile name="edu.umd.cs.findbugs.classfile.engine.bcel.UnconditionalValueDerefDataflowFactory" totalMilliseconds="14" invocations="99" avgMicrosecondsPerInvocation="147" maxMicrosecondsPerInvocation="4871" standardDeviationMicrosecondsPerInvocation="513"/>
      <ClassProfile name="edu.umd.cs.findbugs.detect.FindReturnRef" totalMilliseconds="11" invocations="1" avgMicrosecondsPerInvocation="11898" maxMicrosecondsPerInvocation="11898" standardDeviationMicrosecondsPerInvocation="0"/>
      <ClassProfile name="edu.umd.cs.findbugs.classfile.engine.ClassDataAnalysisEngine" totalMilliseconds="11" invocations="510" avgMicrosecondsPerInvocation="22" maxMicrosecondsPerInvocation="448" standardDeviationMicrosecondsPerInvocation="31"/>
      <ClassProfile name="edu.umd.cs.findbugs.ba.npe.NullDerefAndRedundantComparisonFinder" totalMilliseconds="11" invocations="99" avgMicrosecondsPerInvocation="117" maxMicrosecondsPerInvocation="2555" standardDeviationMicrosecondsPerInvocation="309"/>
      <ClassProfile name="edu.umd.cs.findbugs.detect.OverridingEqualsNotSymmetrical" totalMilliseconds="11" invocations="38" avgMicrosecondsPerInvocation="306" maxMicrosecondsPerInvocation="6178" standardDeviationMicrosecondsPerInvocation="979"/>
      <ClassProfile name="edu.umd.cs.findbugs.detect.FunctionsThatMightBeMistakenForProcedures" totalMilliseconds="11" invocations="38" avgMicrosecondsPerInvocation="299" maxMicrosecondsPerInvocation="3362" standardDeviationMicrosecondsPerInvocation="603"/>
    </FindBugsProfile>
  </FindBugsSummary>
  <ClassFeatures></ClassFeatures>
  <History></History>
</BugCollection>
