<?xml version="1.0" encoding="UTF-8"?>

<BugCollection version="4.7.3" sequence="0" timestamp="1698475144562" analysisTimestamp="1698511030635" release="">
  <Project projectName="">
    <Jar>/mnt/disk3/lty/JLeaks/data/classfile/bug-313-028b72f70d45381ddfee5448c678fb7c98805c37c58d44005eee1ce58fb3afdf.class</Jar>
  </Project>
  <Errors errors="0" missingClasses="18">
    <MissingClass>com.ibm.icu.text.CharsetDetector</MissingClass>
    <MissingClass>com.ibm.icu.text.CharsetMatch</MissingClass>
    <MissingClass>org.apache.metamodel.csv.CsvConfiguration</MissingClass>
    <MissingClass>org.apache.metamodel.csv.CsvDataContext</MissingClass>
    <MissingClass>org.apache.metamodel.data.DataSet</MissingClass>
    <MissingClass>org.apache.metamodel.data.Row</MissingClass>
    <MissingClass>org.apache.metamodel.query.builder.InitFromBuilder</MissingClass>
    <MissingClass>org.apache.metamodel.query.builder.SatisfiedSelectBuilder</MissingClass>
    <MissingClass>org.apache.metamodel.query.builder.TableFromBuilder</MissingClass>
    <MissingClass>org.apache.metamodel.schema.Schema</MissingClass>
    <MissingClass>org.apache.metamodel.schema.Table</MissingClass>
    <MissingClass>org.apache.metamodel.util.FileHelper</MissingClass>
    <MissingClass>org.apache.metamodel.util.FileResource</MissingClass>
    <MissingClass>org.apache.metamodel.util.InMemoryResource</MissingClass>
    <MissingClass>org.apache.metamodel.util.Resource</MissingClass>
    <MissingClass>org.eobjects.analyzer.util.StringUtils</MissingClass>
    <MissingClass>org.slf4j.Logger</MissingClass>
    <MissingClass>org.slf4j.LoggerFactory</MissingClass>
  </Errors>
  <FindBugsSummary timestamp="Sat, 28 Oct 2023 14:39:04 +0800" total_classes="1" referenced_classes="21" total_bugs="0" total_size="136" num_packages="1" java_version="1.8.0_382" vm_version="25.382-b05" cpu_seconds="7.43" clock_seconds="0.81" peak_mbytes="396.24" alloc_mbytes="1820.50" gc_seconds="0.04">
    <PackageStats package="org.eobjects.datacleaner.util" total_bugs="0" total_types="1" total_size="136">
      <ClassStats class="org.eobjects.datacleaner.util.CsvConfigurationDetection" sourceFile="CsvConfigurationDetection.java" interface="false" size="136" bugs="0"/>
    </PackageStats>
    <FindBugsProfile>
      <ClassProfile name="edu.umd.cs.findbugs.classfile.engine.ClassInfoAnalysisEngine" totalMilliseconds="160" invocations="416" avgMicrosecondsPerInvocation="386" maxMicrosecondsPerInvocation="44346" standardDeviationMicrosecondsPerInvocation="2280"/>
      <ClassProfile name="edu.umd.cs.findbugs.detect.FieldItemSummary" totalMilliseconds="29" invocations="21" avgMicrosecondsPerInvocation="1386" maxMicrosecondsPerInvocation="6050" standardDeviationMicrosecondsPerInvocation="1723"/>
      <ClassProfile name="edu.umd.cs.findbugs.OpcodeStack$JumpInfoFactory" totalMilliseconds="24" invocations="141" avgMicrosecondsPerInvocation="176" maxMicrosecondsPerInvocation="2014" standardDeviationMicrosecondsPerInvocation="297"/>
      <ClassProfile name="edu.umd.cs.findbugs.detect.FindNoSideEffectMethods" totalMilliseconds="22" invocations="21" avgMicrosecondsPerInvocation="1064" maxMicrosecondsPerInvocation="5538" standardDeviationMicrosecondsPerInvocation="1442"/>
      <ClassProfile name="edu.umd.cs.findbugs.classfile.engine.bcel.IsNullValueDataflowFactory" totalMilliseconds="20" invocations="10" avgMicrosecondsPerInvocation="2066" maxMicrosecondsPerInvocation="8752" standardDeviationMicrosecondsPerInvocation="3025"/>
      <ClassProfile name="edu.umd.cs.findbugs.classfile.engine.bcel.ValueNumberDataflowFactory" totalMilliseconds="19" invocations="11" avgMicrosecondsPerInvocation="1751" maxMicrosecondsPerInvocation="6969" standardDeviationMicrosecondsPerInvocation="2341"/>
      <ClassProfile name="edu.umd.cs.findbugs.classfile.engine.bcel.MethodGenFactory" totalMilliseconds="18" invocations="10" avgMicrosecondsPerInvocation="1887" maxMicrosecondsPerInvocation="16182" standardDeviationMicrosecondsPerInvocation="4781"/>
      <ClassProfile name="edu.umd.cs.findbugs.classfile.engine.bcel.TypeDataflowFactory" totalMilliseconds="18" invocations="11" avgMicrosecondsPerInvocation="1678" maxMicrosecondsPerInvocation="5520" standardDeviationMicrosecondsPerInvocation="1934"/>
      <ClassProfile name="edu.umd.cs.findbugs.classfile.engine.bcel.JavaClassAnalysisEngine" totalMilliseconds="17" invocations="50" avgMicrosecondsPerInvocation="342" maxMicrosecondsPerInvocation="8809" standardDeviationMicrosecondsPerInvocation="1257"/>
      <ClassProfile name="edu.umd.cs.findbugs.detect.NoteDirectlyRelevantTypeQualifiers" totalMilliseconds="14" invocations="21" avgMicrosecondsPerInvocation="706" maxMicrosecondsPerInvocation="4529" standardDeviationMicrosecondsPerInvocation="1098"/>
      <ClassProfile name="edu.umd.cs.findbugs.classfile.engine.bcel.UnconditionalValueDerefDataflowFactory" totalMilliseconds="14" invocations="10" avgMicrosecondsPerInvocation="1467" maxMicrosecondsPerInvocation="8749" standardDeviationMicrosecondsPerInvocation="2545"/>
      <ClassProfile name="edu.umd.cs.findbugs.util.TopologicalSort" totalMilliseconds="14" invocations="365" avgMicrosecondsPerInvocation="40" maxMicrosecondsPerInvocation="627" standardDeviationMicrosecondsPerInvocation="75"/>
      <ClassProfile name="edu.umd.cs.findbugs.classfile.engine.bcel.CFGFactory" totalMilliseconds="14" invocations="10" avgMicrosecondsPerInvocation="1443" maxMicrosecondsPerInvocation="7703" standardDeviationMicrosecondsPerInvocation="2210"/>
    </FindBugsProfile>
  </FindBugsSummary>
  <ClassFeatures></ClassFeatures>
  <History></History>
</BugCollection>
