<?xml version="1.0" encoding="UTF-8"?>

<BugCollection version="4.7.3" sequence="0" timestamp="1698475125667" analysisTimestamp="1698508997580" release="">
  <Project projectName="">
    <Jar>/mnt/disk3/lty/JLeaks/data/classfile/bug-149-f7a75500b7405f217cc1d0c441df6188a6a03d4b7b42ce8a5e387b4c29480ebc.class</Jar>
  </Project>
  <Errors errors="0" missingClasses="34">
    <MissingClass>org.apache.commons.io.FileUtils</MissingClass>
    <MissingClass>org.apache.iotdb.common.rpc.thrift.TSStatus</MissingClass>
    <MissingClass>org.apache.iotdb.commons.client.IClientManager</MissingClass>
    <MissingClass>org.apache.iotdb.commons.consensus.ConsensusGroupId</MissingClass>
    <MissingClass>org.apache.iotdb.consensus.IStateMachine</MissingClass>
    <MissingClass>org.apache.iotdb.consensus.common.Peer</MissingClass>
    <MissingClass>org.apache.iotdb.consensus.common.request.IndexedConsensusRequest</MissingClass>
    <MissingClass>org.apache.iotdb.consensus.config.MultiLeaderConfig</MissingClass>
    <MissingClass>org.apache.iotdb.consensus.config.MultiLeaderConfig$Replication</MissingClass>
    <MissingClass>org.apache.iotdb.consensus.exception.ConsensusGroupAddPeerException</MissingClass>
    <MissingClass>org.apache.iotdb.consensus.multileader.client.SyncMultiLeaderServiceClient</MissingClass>
    <MissingClass>org.apache.iotdb.consensus.multileader.logdispatcher.LogDispatcher</MissingClass>
    <MissingClass>org.apache.iotdb.consensus.multileader.snapshot.SnapshotFragment</MissingClass>
    <MissingClass>org.apache.iotdb.consensus.multileader.snapshot.SnapshotFragmentReader</MissingClass>
    <MissingClass>org.apache.iotdb.consensus.multileader.thrift.TActivatePeerReq</MissingClass>
    <MissingClass>org.apache.iotdb.consensus.multileader.thrift.TActivatePeerRes</MissingClass>
    <MissingClass>org.apache.iotdb.consensus.multileader.thrift.TBuildSyncLogChannelReq</MissingClass>
    <MissingClass>org.apache.iotdb.consensus.multileader.thrift.TBuildSyncLogChannelRes</MissingClass>
    <MissingClass>org.apache.iotdb.consensus.multileader.thrift.TInactivatePeerReq</MissingClass>
    <MissingClass>org.apache.iotdb.consensus.multileader.thrift.TInactivatePeerRes</MissingClass>
    <MissingClass>org.apache.iotdb.consensus.multileader.thrift.TRemoveSyncLogChannelReq</MissingClass>
    <MissingClass>org.apache.iotdb.consensus.multileader.thrift.TRemoveSyncLogChannelRes</MissingClass>
    <MissingClass>org.apache.iotdb.consensus.multileader.thrift.TSendSnapshotFragmentReq</MissingClass>
    <MissingClass>org.apache.iotdb.consensus.multileader.thrift.TSendSnapshotFragmentRes</MissingClass>
    <MissingClass>org.apache.iotdb.consensus.multileader.thrift.TTriggerSnapshotLoadReq</MissingClass>
    <MissingClass>org.apache.iotdb.consensus.multileader.thrift.TTriggerSnapshotLoadRes</MissingClass>
    <MissingClass>org.apache.iotdb.consensus.multileader.wal.ConsensusReqReader</MissingClass>
    <MissingClass>org.apache.iotdb.consensus.multileader.wal.GetConsensusReqReaderPlan</MissingClass>
    <MissingClass>org.apache.iotdb.rpc.RpcUtils</MissingClass>
    <MissingClass>org.apache.iotdb.rpc.TSStatusCode</MissingClass>
    <MissingClass>org.apache.iotdb.tsfile.utils.PublicBAOS</MissingClass>
    <MissingClass>org.apache.thrift.TException</MissingClass>
    <MissingClass>org.slf4j.Logger</MissingClass>
    <MissingClass>org.slf4j.LoggerFactory</MissingClass>
  </Errors>
  <FindBugsSummary timestamp="Sat, 28 Oct 2023 14:38:45 +0800" total_classes="1" referenced_classes="49" total_bugs="0" total_size="336" num_packages="1" java_version="1.8.0_382" vm_version="25.382-b05" cpu_seconds="10.44" clock_seconds="1.11" peak_mbytes="411.18" alloc_mbytes="1820.50" gc_seconds="0.04">
    <PackageStats package="org.apache.iotdb.consensus.multileader" total_bugs="0" total_types="1" total_size="336">
      <ClassStats class="org.apache.iotdb.consensus.multileader.MultiLeaderServerImpl" sourceFile="MultiLeaderServerImpl.java" interface="false" size="336" bugs="0"/>
    </PackageStats>
    <FindBugsProfile>
      <ClassProfile name="edu.umd.cs.findbugs.classfile.engine.ClassInfoAnalysisEngine" totalMilliseconds="137" invocations="612" avgMicrosecondsPerInvocation="224" maxMicrosecondsPerInvocation="14844" standardDeviationMicrosecondsPerInvocation="717"/>
      <ClassProfile name="edu.umd.cs.findbugs.detect.NoteDirectlyRelevantTypeQualifiers" totalMilliseconds="64" invocations="49" avgMicrosecondsPerInvocation="1316" maxMicrosecondsPerInvocation="42654" standardDeviationMicrosecondsPerInvocation="6021"/>
      <ClassProfile name="edu.umd.cs.findbugs.detect.FieldItemSummary" totalMilliseconds="47" invocations="49" avgMicrosecondsPerInvocation="971" maxMicrosecondsPerInvocation="6310" standardDeviationMicrosecondsPerInvocation="1274"/>
      <ClassProfile name="edu.umd.cs.findbugs.detect.FindNoSideEffectMethods" totalMilliseconds="38" invocations="49" avgMicrosecondsPerInvocation="787" maxMicrosecondsPerInvocation="3952" standardDeviationMicrosecondsPerInvocation="924"/>
      <ClassProfile name="edu.umd.cs.findbugs.classfile.engine.bcel.TypeDataflowFactory" totalMilliseconds="35" invocations="41" avgMicrosecondsPerInvocation="865" maxMicrosecondsPerInvocation="5878" standardDeviationMicrosecondsPerInvocation="1156"/>
      <ClassProfile name="edu.umd.cs.findbugs.classfile.engine.bcel.ValueNumberDataflowFactory" totalMilliseconds="34" invocations="41" avgMicrosecondsPerInvocation="851" maxMicrosecondsPerInvocation="6819" standardDeviationMicrosecondsPerInvocation="1340"/>
      <ClassProfile name="edu.umd.cs.findbugs.classfile.engine.bcel.IsNullValueDataflowFactory" totalMilliseconds="33" invocations="39" avgMicrosecondsPerInvocation="868" maxMicrosecondsPerInvocation="6931" standardDeviationMicrosecondsPerInvocation="1398"/>
      <ClassProfile name="edu.umd.cs.findbugs.OpcodeStack$JumpInfoFactory" totalMilliseconds="33" invocations="195" avgMicrosecondsPerInvocation="171" maxMicrosecondsPerInvocation="1956" standardDeviationMicrosecondsPerInvocation="220"/>
      <ClassProfile name="edu.umd.cs.findbugs.ba.npe.NullDerefAndRedundantComparisonFinder" totalMilliseconds="25" invocations="39" avgMicrosecondsPerInvocation="646" maxMicrosecondsPerInvocation="5651" standardDeviationMicrosecondsPerInvocation="1016"/>
      <ClassProfile name="edu.umd.cs.findbugs.classfile.engine.bcel.UnconditionalValueDerefDataflowFactory" totalMilliseconds="23" invocations="39" avgMicrosecondsPerInvocation="596" maxMicrosecondsPerInvocation="4185" standardDeviationMicrosecondsPerInvocation="858"/>
      <ClassProfile name="edu.umd.cs.findbugs.classfile.engine.bcel.CFGFactory" totalMilliseconds="23" invocations="39" avgMicrosecondsPerInvocation="593" maxMicrosecondsPerInvocation="6306" standardDeviationMicrosecondsPerInvocation="1074"/>
      <ClassProfile name="edu.umd.cs.findbugs.classfile.engine.bcel.MethodGenFactory" totalMilliseconds="22" invocations="39" avgMicrosecondsPerInvocation="578" maxMicrosecondsPerInvocation="18136" standardDeviationMicrosecondsPerInvocation="2851"/>
      <ClassProfile name="edu.umd.cs.findbugs.classfile.engine.bcel.JavaClassAnalysisEngine" totalMilliseconds="21" invocations="124" avgMicrosecondsPerInvocation="174" maxMicrosecondsPerInvocation="8773" standardDeviationMicrosecondsPerInvocation="813"/>
      <ClassProfile name="edu.umd.cs.findbugs.util.TopologicalSort" totalMilliseconds="18" invocations="536" avgMicrosecondsPerInvocation="34" maxMicrosecondsPerInvocation="941" standardDeviationMicrosecondsPerInvocation="77"/>
      <ClassProfile name="edu.umd.cs.findbugs.detect.CalledMethods" totalMilliseconds="17" invocations="49" avgMicrosecondsPerInvocation="348" maxMicrosecondsPerInvocation="3416" standardDeviationMicrosecondsPerInvocation="589"/>
      <ClassProfile name="edu.umd.cs.findbugs.detect.FindOpenStream" totalMilliseconds="14" invocations="1" avgMicrosecondsPerInvocation="14832" maxMicrosecondsPerInvocation="14832" standardDeviationMicrosecondsPerInvocation="0"/>
      <ClassProfile name="edu.umd.cs.findbugs.classfile.engine.ClassDataAnalysisEngine" totalMilliseconds="14" invocations="618" avgMicrosecondsPerInvocation="23" maxMicrosecondsPerInvocation="463" standardDeviationMicrosecondsPerInvocation="29"/>
      <ClassProfile name="edu.umd.cs.findbugs.detect.FunctionsThatMightBeMistakenForProcedures" totalMilliseconds="14" invocations="49" avgMicrosecondsPerInvocation="290" maxMicrosecondsPerInvocation="2322" standardDeviationMicrosecondsPerInvocation="454"/>
      <ClassProfile name="edu.umd.cs.findbugs.detect.OverridingEqualsNotSymmetrical" totalMilliseconds="12" invocations="49" avgMicrosecondsPerInvocation="264" maxMicrosecondsPerInvocation="6496" standardDeviationMicrosecondsPerInvocation="909"/>
      <ClassProfile name="edu.umd.cs.findbugs.detect.BuildObligationPolicyDatabase" totalMilliseconds="12" invocations="49" avgMicrosecondsPerInvocation="257" maxMicrosecondsPerInvocation="1359" standardDeviationMicrosecondsPerInvocation="317"/>
      <ClassProfile name="edu.umd.cs.findbugs.detect.ReflectiveClasses" totalMilliseconds="11" invocations="49" avgMicrosecondsPerInvocation="240" maxMicrosecondsPerInvocation="2124" standardDeviationMicrosecondsPerInvocation="422"/>
    </FindBugsProfile>
  </FindBugsSummary>
  <ClassFeatures></ClassFeatures>
  <History></History>
</BugCollection>
