<?xml version="1.0" encoding="UTF-8"?>

<BugCollection version="4.7.3" sequence="0" timestamp="1698475179601" analysisTimestamp="1698513053248" release="">
  <Project projectName="">
    <Jar>/mnt/disk3/lty/JLeaks/data/classfile/bug-591-fcaf3bd990f6602092264d52bc9f96c3a754788bd1533caeb48b6df06935e9b2.class</Jar>
  </Project>
  <Errors errors="0" missingClasses="1">
    <MissingClass>hudson.Util</MissingClass>
  </Errors>
  <FindBugsSummary timestamp="Sat, 28 Oct 2023 14:39:39 +0800" total_classes="1" referenced_classes="51" total_bugs="0" total_size="14" num_packages="1" java_version="1.8.0_382" vm_version="25.382-b05" cpu_seconds="6.04" clock_seconds="0.69" peak_mbytes="381.50" alloc_mbytes="1820.50" gc_seconds="0.04">
    <PackageStats package="hudson.util" total_bugs="0" total_types="1" total_size="14">
      <ClassStats class="hudson.util.StreamCopyThread" sourceFile="StreamCopyThread.java" interface="false" size="14" bugs="0"/>
    </PackageStats>
    <FindBugsProfile>
      <ClassProfile name="edu.umd.cs.findbugs.classfile.engine.ClassInfoAnalysisEngine" totalMilliseconds="121" invocations="433" avgMicrosecondsPerInvocation="280" maxMicrosecondsPerInvocation="15097" standardDeviationMicrosecondsPerInvocation="869"/>
      <ClassProfile name="edu.umd.cs.findbugs.detect.BuildStringPassthruGraph" totalMilliseconds="47" invocations="51" avgMicrosecondsPerInvocation="936" maxMicrosecondsPerInvocation="41145" standardDeviationMicrosecondsPerInvocation="5692"/>
      <ClassProfile name="edu.umd.cs.findbugs.OpcodeStack$JumpInfoFactory" totalMilliseconds="32" invocations="143" avgMicrosecondsPerInvocation="229" maxMicrosecondsPerInvocation="2711" standardDeviationMicrosecondsPerInvocation="317"/>
      <ClassProfile name="edu.umd.cs.findbugs.detect.FieldItemSummary" totalMilliseconds="32" invocations="51" avgMicrosecondsPerInvocation="629" maxMicrosecondsPerInvocation="4428" standardDeviationMicrosecondsPerInvocation="1049"/>
      <ClassProfile name="edu.umd.cs.findbugs.detect.FindNoSideEffectMethods" totalMilliseconds="26" invocations="51" avgMicrosecondsPerInvocation="520" maxMicrosecondsPerInvocation="4101" standardDeviationMicrosecondsPerInvocation="803"/>
      <ClassProfile name="edu.umd.cs.findbugs.classfile.engine.bcel.JavaClassAnalysisEngine" totalMilliseconds="18" invocations="78" avgMicrosecondsPerInvocation="240" maxMicrosecondsPerInvocation="8269" standardDeviationMicrosecondsPerInvocation="947"/>
      <ClassProfile name="edu.umd.cs.findbugs.classfile.engine.bcel.MethodGenFactory" totalMilliseconds="17" invocations="2" avgMicrosecondsPerInvocation="8734" maxMicrosecondsPerInvocation="16719" standardDeviationMicrosecondsPerInvocation="7985"/>
      <ClassProfile name="edu.umd.cs.findbugs.util.TopologicalSort" totalMilliseconds="15" invocations="398" avgMicrosecondsPerInvocation="37" maxMicrosecondsPerInvocation="932" standardDeviationMicrosecondsPerInvocation="83"/>
      <ClassProfile name="edu.umd.cs.findbugs.detect.NoteDirectlyRelevantTypeQualifiers" totalMilliseconds="14" invocations="51" avgMicrosecondsPerInvocation="275" maxMicrosecondsPerInvocation="2611" standardDeviationMicrosecondsPerInvocation="500"/>
      <ClassProfile name="edu.umd.cs.findbugs.detect.OverridingEqualsNotSymmetrical" totalMilliseconds="11" invocations="51" avgMicrosecondsPerInvocation="233" maxMicrosecondsPerInvocation="5487" standardDeviationMicrosecondsPerInvocation="771"/>
    </FindBugsProfile>
  </FindBugsSummary>
  <ClassFeatures></ClassFeatures>
  <History></History>
</BugCollection>
