<?xml version="1.0" encoding="UTF-8"?>

<BugCollection version="4.7.3" sequence="0" timestamp="1698475157993" analysisTimestamp="1698512075475" release="">
  <Project projectName="">
    <Jar>/mnt/disk3/lty/JLeaks/data/classfile/bug-423-6c20a860273ada697a4de4c9e38e198c9e8e9839af00b194aedc27e00a37044b.class</Jar>
  </Project>
  <Errors errors="0" missingClasses="17">
    <MissingClass>com.fasterxml.jackson.databind.ObjectMapper</MissingClass>
    <MissingClass>io.fabric8.kubernetes.client.Config</MissingClass>
    <MissingClass>io.fabric8.kubernetes.client.KubernetesClientException</MissingClass>
    <MissingClass>io.fabric8.kubernetes.client.dsl.base.CustomResourceDefinitionContext</MissingClass>
    <MissingClass>io.fabric8.kubernetes.client.dsl.base.OperationSupport</MissingClass>
    <MissingClass>io.fabric8.kubernetes.client.dsl.internal.RawCustomResourceOperationsImpl$1</MissingClass>
    <MissingClass>io.fabric8.kubernetes.client.dsl.internal.RawCustomResourceOperationsImpl$HttpCallMethod</MissingClass>
    <MissingClass>io.fabric8.kubernetes.client.utils.IOHelpers</MissingClass>
    <MissingClass>io.fabric8.kubernetes.client.utils.Serialization</MissingClass>
    <MissingClass>io.fabric8.kubernetes.client.utils.Utils</MissingClass>
    <MissingClass>okhttp3.Call</MissingClass>
    <MissingClass>okhttp3.MediaType</MissingClass>
    <MissingClass>okhttp3.OkHttpClient</MissingClass>
    <MissingClass>okhttp3.Request$Builder</MissingClass>
    <MissingClass>okhttp3.RequestBody</MissingClass>
    <MissingClass>okhttp3.Response</MissingClass>
    <MissingClass>okhttp3.ResponseBody</MissingClass>
  </Errors>
  <FindBugsSummary timestamp="Sat, 28 Oct 2023 14:39:17 +0800" total_classes="1" referenced_classes="18" total_bugs="0" total_size="140" num_packages="1" java_version="1.8.0_382" vm_version="25.382-b05" cpu_seconds="6.67" clock_seconds="0.77" peak_mbytes="386.39" alloc_mbytes="1820.50" gc_seconds="0.04">
    <PackageStats package="io.fabric8.kubernetes.client.dsl.internal" total_bugs="0" total_types="1" total_size="140">
      <ClassStats class="io.fabric8.kubernetes.client.dsl.internal.RawCustomResourceOperationsImpl" sourceFile="RawCustomResourceOperationsImpl.java" interface="false" size="140" bugs="0"/>
    </PackageStats>
    <FindBugsProfile>
      <ClassProfile name="edu.umd.cs.findbugs.classfile.engine.ClassInfoAnalysisEngine" totalMilliseconds="106" invocations="359" avgMicrosecondsPerInvocation="295" maxMicrosecondsPerInvocation="11859" standardDeviationMicrosecondsPerInvocation="790"/>
      <ClassProfile name="edu.umd.cs.findbugs.detect.FieldItemSummary" totalMilliseconds="62" invocations="18" avgMicrosecondsPerInvocation="3477" maxMicrosecondsPerInvocation="43614" standardDeviationMicrosecondsPerInvocation="9865"/>
      <ClassProfile name="edu.umd.cs.findbugs.classfile.engine.bcel.TypeDataflowFactory" totalMilliseconds="23" invocations="36" avgMicrosecondsPerInvocation="656" maxMicrosecondsPerInvocation="5168" standardDeviationMicrosecondsPerInvocation="946"/>
      <ClassProfile name="edu.umd.cs.findbugs.OpcodeStack$JumpInfoFactory" totalMilliseconds="22" invocations="111" avgMicrosecondsPerInvocation="199" maxMicrosecondsPerInvocation="1671" standardDeviationMicrosecondsPerInvocation="269"/>
      <ClassProfile name="edu.umd.cs.findbugs.classfile.engine.bcel.IsNullValueDataflowFactory" totalMilliseconds="22" invocations="36" avgMicrosecondsPerInvocation="613" maxMicrosecondsPerInvocation="7442" standardDeviationMicrosecondsPerInvocation="1274"/>
      <ClassProfile name="edu.umd.cs.findbugs.classfile.engine.bcel.MethodGenFactory" totalMilliseconds="21" invocations="36" avgMicrosecondsPerInvocation="595" maxMicrosecondsPerInvocation="17601" standardDeviationMicrosecondsPerInvocation="2876"/>
      <ClassProfile name="edu.umd.cs.findbugs.classfile.engine.bcel.ValueNumberDataflowFactory" totalMilliseconds="18" invocations="36" avgMicrosecondsPerInvocation="519" maxMicrosecondsPerInvocation="7254" standardDeviationMicrosecondsPerInvocation="1173"/>
      <ClassProfile name="edu.umd.cs.findbugs.classfile.engine.bcel.CFGFactory" totalMilliseconds="17" invocations="36" avgMicrosecondsPerInvocation="475" maxMicrosecondsPerInvocation="7116" standardDeviationMicrosecondsPerInvocation="1160"/>
      <ClassProfile name="edu.umd.cs.findbugs.classfile.engine.bcel.JavaClassAnalysisEngine" totalMilliseconds="16" invocations="53" avgMicrosecondsPerInvocation="308" maxMicrosecondsPerInvocation="8535" standardDeviationMicrosecondsPerInvocation="1189"/>
      <ClassProfile name="edu.umd.cs.findbugs.util.TopologicalSort" totalMilliseconds="14" invocations="309" avgMicrosecondsPerInvocation="46" maxMicrosecondsPerInvocation="927" standardDeviationMicrosecondsPerInvocation="98"/>
      <ClassProfile name="edu.umd.cs.findbugs.classfile.engine.bcel.UnconditionalValueDerefDataflowFactory" totalMilliseconds="13" invocations="36" avgMicrosecondsPerInvocation="373" maxMicrosecondsPerInvocation="3547" standardDeviationMicrosecondsPerInvocation="651"/>
      <ClassProfile name="edu.umd.cs.findbugs.detect.FindNoSideEffectMethods" totalMilliseconds="12" invocations="18" avgMicrosecondsPerInvocation="688" maxMicrosecondsPerInvocation="3280" standardDeviationMicrosecondsPerInvocation="814"/>
    </FindBugsProfile>
  </FindBugsSummary>
  <ClassFeatures></ClassFeatures>
  <History></History>
</BugCollection>
