<?xml version="1.0" encoding="UTF-8"?>

<BugCollection version="4.7.3" sequence="0" timestamp="1698475135071" analysisTimestamp="1698510613450" release="">
  <Project projectName="">
    <Jar>/mnt/disk3/lty/JLeaks/data/classfile/bug-232-b86b7b9dae71677394686d4771155a881af7c17ed6337fa03e701ee83ebf2f99.class</Jar>
  </Project>
  <Errors errors="0" missingClasses="51">
    <MissingClass>io.axoniq.axonserver.connector.AxonServerConnection</MissingClass>
    <MissingClass>io.axoniq.axonserver.connector.ResultStream</MissingClass>
    <MissingClass>io.axoniq.axonserver.connector.ResultStreamPublisher</MissingClass>
    <MissingClass>io.axoniq.axonserver.connector.query.QueryChannel</MissingClass>
    <MissingClass>io.axoniq.axonserver.connector.query.QueryDefinition</MissingClass>
    <MissingClass>org.axonframework.axonserver.connector.AxonServerConfiguration</MissingClass>
    <MissingClass>org.axonframework.axonserver.connector.AxonServerConfiguration$FlowControlConfiguration</MissingClass>
    <MissingClass>org.axonframework.axonserver.connector.AxonServerConnectionManager</MissingClass>
    <MissingClass>org.axonframework.axonserver.connector.DispatchInterceptors</MissingClass>
    <MissingClass>org.axonframework.axonserver.connector.ErrorCode</MissingClass>
    <MissingClass>org.axonframework.axonserver.connector.PriorityRunnable</MissingClass>
    <MissingClass>org.axonframework.axonserver.connector.TargetContextResolver</MissingClass>
    <MissingClass>org.axonframework.axonserver.connector.command.AxonServerRegistration</MissingClass>
    <MissingClass>org.axonframework.axonserver.connector.query.AxonServerQueryBus$ActivityFinisher</MissingClass>
    <MissingClass>org.axonframework.axonserver.connector.query.AxonServerQueryBus$Builder</MissingClass>
    <MissingClass>org.axonframework.axonserver.connector.query.AxonServerQueryBus$LocalSegmentAdapter</MissingClass>
    <MissingClass>org.axonframework.axonserver.connector.query.AxonServerQueryBus$QueryResponseSpliterator</MissingClass>
    <MissingClass>org.axonframework.axonserver.connector.query.AxonServerQueryBus$ResponseProcessingTask</MissingClass>
    <MissingClass>org.axonframework.axonserver.connector.query.QueryPriorityCalculator</MissingClass>
    <MissingClass>org.axonframework.axonserver.connector.query.QuerySerializer</MissingClass>
    <MissingClass>org.axonframework.axonserver.connector.query.subscription.AxonServerSubscriptionQueryResult</MissingClass>
    <MissingClass>org.axonframework.axonserver.connector.query.subscription.SubscriptionMessageSerializer</MissingClass>
    <MissingClass>org.axonframework.axonserver.connector.util.ExecutorServiceBuilder</MissingClass>
    <MissingClass>org.axonframework.axonserver.connector.util.PriorityTaskSchedulers</MissingClass>
    <MissingClass>org.axonframework.common.Assert</MissingClass>
    <MissingClass>org.axonframework.common.AxonException</MissingClass>
    <MissingClass>org.axonframework.common.StringUtils</MissingClass>
    <MissingClass>org.axonframework.lifecycle.Lifecycle$LifecycleHandler</MissingClass>
    <MissingClass>org.axonframework.lifecycle.Lifecycle$LifecycleRegistry</MissingClass>
    <MissingClass>org.axonframework.lifecycle.ShutdownLatch</MissingClass>
    <MissingClass>org.axonframework.lifecycle.ShutdownLatch$ActivityHandle</MissingClass>
    <MissingClass>org.axonframework.messaging.GenericMessage</MissingClass>
    <MissingClass>org.axonframework.messaging.MessageHandler</MissingClass>
    <MissingClass>org.axonframework.messaging.responsetypes.ConvertingResponseMessage</MissingClass>
    <MissingClass>org.axonframework.messaging.responsetypes.InstanceResponseType</MissingClass>
    <MissingClass>org.axonframework.messaging.responsetypes.MultipleInstancesResponseType</MissingClass>
    <MissingClass>org.axonframework.messaging.responsetypes.ResponseType</MissingClass>
    <MissingClass>org.axonframework.queryhandling.GenericQueryResponseMessage</MissingClass>
    <MissingClass>org.axonframework.queryhandling.QueryBus</MissingClass>
    <MissingClass>org.axonframework.queryhandling.QueryMessage</MissingClass>
    <MissingClass>org.axonframework.queryhandling.QueryResponseMessage</MissingClass>
    <MissingClass>org.axonframework.queryhandling.QueryUpdateEmitter</MissingClass>
    <MissingClass>org.axonframework.queryhandling.StreamingQueryMessage</MissingClass>
    <MissingClass>org.axonframework.queryhandling.SubscriptionQueryMessage</MissingClass>
    <MissingClass>org.axonframework.tracing.Span</MissingClass>
    <MissingClass>org.axonframework.tracing.SpanFactory</MissingClass>
    <MissingClass>org.axonframework.tracing.SpanScope</MissingClass>
    <MissingClass>org.slf4j.Logger</MissingClass>
    <MissingClass>org.slf4j.LoggerFactory</MissingClass>
    <MissingClass>reactor.core.publisher.Flux</MissingClass>
    <MissingClass>reactor.core.publisher.Mono</MissingClass>
  </Errors>
  <FindBugsSummary timestamp="Sat, 28 Oct 2023 14:38:55 +0800" total_classes="1" referenced_classes="40" total_bugs="0" total_size="246" num_packages="1" java_version="1.8.0_382" vm_version="25.382-b05" cpu_seconds="8.73" clock_seconds="0.97" peak_mbytes="408.05" alloc_mbytes="1820.50" gc_seconds="0.04">
    <PackageStats package="org.axonframework.axonserver.connector.query" total_bugs="0" total_types="1" total_size="246">
      <ClassStats class="org.axonframework.axonserver.connector.query.AxonServerQueryBus" sourceFile="AxonServerQueryBus.java" interface="false" size="246" bugs="0"/>
    </PackageStats>
    <FindBugsProfile>
      <ClassProfile name="edu.umd.cs.findbugs.classfile.engine.ClassInfoAnalysisEngine" totalMilliseconds="123" invocations="561" avgMicrosecondsPerInvocation="219" maxMicrosecondsPerInvocation="15223" standardDeviationMicrosecondsPerInvocation="755"/>
      <ClassProfile name="edu.umd.cs.findbugs.detect.CalledMethods" totalMilliseconds="54" invocations="40" avgMicrosecondsPerInvocation="1368" maxMicrosecondsPerInvocation="46470" standardDeviationMicrosecondsPerInvocation="7234"/>
      <ClassProfile name="edu.umd.cs.findbugs.detect.FieldItemSummary" totalMilliseconds="38" invocations="40" avgMicrosecondsPerInvocation="967" maxMicrosecondsPerInvocation="6559" standardDeviationMicrosecondsPerInvocation="1439"/>
      <ClassProfile name="edu.umd.cs.findbugs.classfile.engine.bcel.IsNullValueDataflowFactory" totalMilliseconds="34" invocations="52" avgMicrosecondsPerInvocation="662" maxMicrosecondsPerInvocation="5170" standardDeviationMicrosecondsPerInvocation="1136"/>
      <ClassProfile name="edu.umd.cs.findbugs.detect.FindNoSideEffectMethods" totalMilliseconds="29" invocations="40" avgMicrosecondsPerInvocation="746" maxMicrosecondsPerInvocation="3809" standardDeviationMicrosecondsPerInvocation="1011"/>
      <ClassProfile name="edu.umd.cs.findbugs.classfile.engine.bcel.TypeDataflowFactory" totalMilliseconds="26" invocations="52" avgMicrosecondsPerInvocation="518" maxMicrosecondsPerInvocation="5562" standardDeviationMicrosecondsPerInvocation="961"/>
      <ClassProfile name="edu.umd.cs.findbugs.classfile.engine.bcel.ValueNumberDataflowFactory" totalMilliseconds="24" invocations="52" avgMicrosecondsPerInvocation="475" maxMicrosecondsPerInvocation="7976" standardDeviationMicrosecondsPerInvocation="1159"/>
      <ClassProfile name="edu.umd.cs.findbugs.classfile.engine.bcel.MethodGenFactory" totalMilliseconds="23" invocations="52" avgMicrosecondsPerInvocation="457" maxMicrosecondsPerInvocation="19599" standardDeviationMicrosecondsPerInvocation="2682"/>
      <ClassProfile name="edu.umd.cs.findbugs.OpcodeStack$JumpInfoFactory" totalMilliseconds="21" invocations="168" avgMicrosecondsPerInvocation="130" maxMicrosecondsPerInvocation="1811" standardDeviationMicrosecondsPerInvocation="202"/>
      <ClassProfile name="edu.umd.cs.findbugs.classfile.engine.bcel.CFGFactory" totalMilliseconds="21" invocations="52" avgMicrosecondsPerInvocation="410" maxMicrosecondsPerInvocation="7387" standardDeviationMicrosecondsPerInvocation="1039"/>
      <ClassProfile name="edu.umd.cs.findbugs.classfile.engine.bcel.JavaClassAnalysisEngine" totalMilliseconds="20" invocations="120" avgMicrosecondsPerInvocation="174" maxMicrosecondsPerInvocation="8891" standardDeviationMicrosecondsPerInvocation="838"/>
      <ClassProfile name="edu.umd.cs.findbugs.detect.FindOpenStream" totalMilliseconds="20" invocations="1" avgMicrosecondsPerInvocation="20087" maxMicrosecondsPerInvocation="20087" standardDeviationMicrosecondsPerInvocation="0"/>
      <ClassProfile name="edu.umd.cs.findbugs.util.TopologicalSort" totalMilliseconds="17" invocations="451" avgMicrosecondsPerInvocation="38" maxMicrosecondsPerInvocation="860" standardDeviationMicrosecondsPerInvocation="86"/>
      <ClassProfile name="edu.umd.cs.findbugs.ba.npe.NullDerefAndRedundantComparisonFinder" totalMilliseconds="16" invocations="51" avgMicrosecondsPerInvocation="314" maxMicrosecondsPerInvocation="2203" standardDeviationMicrosecondsPerInvocation="533"/>
      <ClassProfile name="edu.umd.cs.findbugs.classfile.engine.bcel.UnconditionalValueDerefDataflowFactory" totalMilliseconds="15" invocations="51" avgMicrosecondsPerInvocation="308" maxMicrosecondsPerInvocation="1982" standardDeviationMicrosecondsPerInvocation="490"/>
      <ClassProfile name="edu.umd.cs.findbugs.detect.FunctionsThatMightBeMistakenForProcedures" totalMilliseconds="14" invocations="40" avgMicrosecondsPerInvocation="369" maxMicrosecondsPerInvocation="2707" standardDeviationMicrosecondsPerInvocation="622"/>
      <ClassProfile name="edu.umd.cs.findbugs.detect.NoteDirectlyRelevantTypeQualifiers" totalMilliseconds="14" invocations="40" avgMicrosecondsPerInvocation="367" maxMicrosecondsPerInvocation="4793" standardDeviationMicrosecondsPerInvocation="769"/>
      <ClassProfile name="edu.umd.cs.findbugs.classfile.engine.ClassDataAnalysisEngine" totalMilliseconds="14" invocations="566" avgMicrosecondsPerInvocation="25" maxMicrosecondsPerInvocation="673" standardDeviationMicrosecondsPerInvocation="44"/>
      <ClassProfile name="edu.umd.cs.findbugs.detect.OverridingEqualsNotSymmetrical" totalMilliseconds="12" invocations="40" avgMicrosecondsPerInvocation="300" maxMicrosecondsPerInvocation="6559" standardDeviationMicrosecondsPerInvocation="1016"/>
    </FindBugsProfile>
  </FindBugsSummary>
  <ClassFeatures></ClassFeatures>
  <History></History>
</BugCollection>
