<?xml version="1.0" encoding="UTF-8"?>

<BugCollection version="4.7.3" sequence="0" timestamp="1698475167669" analysisTimestamp="1698512219101" release="">
  <Project projectName="">
    <Jar>/mnt/disk3/lty/JLeaks/data/classfile/bug-500-1182dbfcb40e06c808fe4585bb71aa466a1aa42603bbfa988712b03d307c1489.class</Jar>
  </Project>
  <Errors errors="0" missingClasses="17">
    <MissingClass>com.gargoylesoftware.htmlunit.BrowserVersion</MissingClass>
    <MissingClass>com.gargoylesoftware.htmlunit.CookieManager</MissingClass>
    <MissingClass>com.gargoylesoftware.htmlunit.FormEncodingType</MissingClass>
    <MissingClass>com.gargoylesoftware.htmlunit.HttpMethod</MissingClass>
    <MissingClass>com.gargoylesoftware.htmlunit.StringWebResponse</MissingClass>
    <MissingClass>com.gargoylesoftware.htmlunit.WebClient</MissingClass>
    <MissingClass>com.gargoylesoftware.htmlunit.WebClientOptions</MissingClass>
    <MissingClass>com.gargoylesoftware.htmlunit.WebConnection</MissingClass>
    <MissingClass>com.gargoylesoftware.htmlunit.WebRequest</MissingClass>
    <MissingClass>com.gargoylesoftware.htmlunit.WebResponse</MissingClass>
    <MissingClass>com.gargoylesoftware.htmlunit.WebResponseData</MissingClass>
    <MissingClass>com.gargoylesoftware.htmlunit.util.Cookie</MissingClass>
    <MissingClass>com.gargoylesoftware.htmlunit.util.NameValuePair</MissingClass>
    <MissingClass>org.apache.commons.io.IOUtils</MissingClass>
    <MissingClass>org.apache.commons.logging.Log</MissingClass>
    <MissingClass>org.apache.commons.logging.LogFactory</MissingClass>
    <MissingClass>org.apache.http.client.utils.URLEncodedUtils</MissingClass>
  </Errors>
  <FindBugsSummary timestamp="Sat, 28 Oct 2023 14:39:27 +0800" total_classes="1" referenced_classes="27" total_bugs="0" total_size="114" num_packages="1" java_version="1.8.0_382" vm_version="25.382-b05" cpu_seconds="8.46" clock_seconds="0.89" peak_mbytes="407.88" alloc_mbytes="1820.50" gc_seconds="0.04">
    <PackageStats package="com.gargoylesoftware.htmlunit" total_bugs="0" total_types="1" total_size="114">
      <ClassStats class="com.gargoylesoftware.htmlunit.UrlFetchWebConnection" sourceFile="UrlFetchWebConnection.java" interface="false" size="114" bugs="0"/>
    </PackageStats>
    <FindBugsProfile>
      <ClassProfile name="edu.umd.cs.findbugs.classfile.engine.ClassInfoAnalysisEngine" totalMilliseconds="120" invocations="448" avgMicrosecondsPerInvocation="269" maxMicrosecondsPerInvocation="11074" standardDeviationMicrosecondsPerInvocation="701"/>
      <ClassProfile name="edu.umd.cs.findbugs.classfile.engine.bcel.JavaClassAnalysisEngine" totalMilliseconds="61" invocations="72" avgMicrosecondsPerInvocation="858" maxMicrosecondsPerInvocation="45454" standardDeviationMicrosecondsPerInvocation="5386"/>
      <ClassProfile name="edu.umd.cs.findbugs.classfile.engine.bcel.TypeDataflowFactory" totalMilliseconds="34" invocations="9" avgMicrosecondsPerInvocation="3877" maxMicrosecondsPerInvocation="13121" standardDeviationMicrosecondsPerInvocation="3848"/>
      <ClassProfile name="edu.umd.cs.findbugs.classfile.engine.bcel.ValueNumberDataflowFactory" totalMilliseconds="33" invocations="9" avgMicrosecondsPerInvocation="3721" maxMicrosecondsPerInvocation="11219" standardDeviationMicrosecondsPerInvocation="3643"/>
      <ClassProfile name="edu.umd.cs.findbugs.detect.FieldItemSummary" totalMilliseconds="29" invocations="27" avgMicrosecondsPerInvocation="1105" maxMicrosecondsPerInvocation="6694" standardDeviationMicrosecondsPerInvocation="1562"/>
      <ClassProfile name="edu.umd.cs.findbugs.classfile.engine.bcel.IsNullValueDataflowFactory" totalMilliseconds="27" invocations="8" avgMicrosecondsPerInvocation="3460" maxMicrosecondsPerInvocation="13323" standardDeviationMicrosecondsPerInvocation="4458"/>
      <ClassProfile name="edu.umd.cs.findbugs.OpcodeStack$JumpInfoFactory" totalMilliseconds="27" invocations="162" avgMicrosecondsPerInvocation="168" maxMicrosecondsPerInvocation="1810" standardDeviationMicrosecondsPerInvocation="274"/>
      <ClassProfile name="edu.umd.cs.findbugs.detect.FindNoSideEffectMethods" totalMilliseconds="23" invocations="27" avgMicrosecondsPerInvocation="852" maxMicrosecondsPerInvocation="5077" standardDeviationMicrosecondsPerInvocation="1169"/>
      <ClassProfile name="edu.umd.cs.findbugs.classfile.engine.bcel.MethodGenFactory" totalMilliseconds="20" invocations="8" avgMicrosecondsPerInvocation="2534" maxMicrosecondsPerInvocation="16958" standardDeviationMicrosecondsPerInvocation="5481"/>
      <ClassProfile name="edu.umd.cs.findbugs.classfile.engine.bcel.UnconditionalValueDerefDataflowFactory" totalMilliseconds="18" invocations="8" avgMicrosecondsPerInvocation="2309" maxMicrosecondsPerInvocation="7021" standardDeviationMicrosecondsPerInvocation="2439"/>
      <ClassProfile name="edu.umd.cs.findbugs.classfile.engine.bcel.CFGFactory" totalMilliseconds="17" invocations="8" avgMicrosecondsPerInvocation="2177" maxMicrosecondsPerInvocation="7330" standardDeviationMicrosecondsPerInvocation="2446"/>
      <ClassProfile name="edu.umd.cs.findbugs.util.TopologicalSort" totalMilliseconds="15" invocations="397" avgMicrosecondsPerInvocation="39" maxMicrosecondsPerInvocation="655" standardDeviationMicrosecondsPerInvocation="74"/>
      <ClassProfile name="edu.umd.cs.findbugs.detect.NoteDirectlyRelevantTypeQualifiers" totalMilliseconds="14" invocations="27" avgMicrosecondsPerInvocation="544" maxMicrosecondsPerInvocation="4773" standardDeviationMicrosecondsPerInvocation="996"/>
    </FindBugsProfile>
  </FindBugsSummary>
  <ClassFeatures></ClassFeatures>
  <History></History>
</BugCollection>
