<?xml version="1.0" encoding="UTF-8"?>

<BugCollection version="4.7.3" sequence="0" timestamp="1698475155754" analysisTimestamp="1698512019188" release="">
  <Project projectName="">
    <Jar>/mnt/disk3/lty/JLeaks/data/classfile/bug-405-49a407be4902a08f647c8172a10c62ea655521ae0bff6230a05257a6194688ac.class</Jar>
  </Project>
  <Errors errors="0" missingClasses="36">
    <MissingClass>com.carrotsearch.hppc.ObjectContainer</MissingClass>
    <MissingClass>com.carrotsearch.hppc.cursors.ObjectCursor</MissingClass>
    <MissingClass>com.google.common.collect.Lists</MissingClass>
    <MissingClass>org.apache.lucene.util.IOUtils</MissingClass>
    <MissingClass>org.elasticsearch.ElasticsearchException</MissingClass>
    <MissingClass>org.elasticsearch.ElasticsearchIllegalArgumentException</MissingClass>
    <MissingClass>org.elasticsearch.ElasticsearchIllegalStateException</MissingClass>
    <MissingClass>org.elasticsearch.Version</MissingClass>
    <MissingClass>org.elasticsearch.cluster.ClusterName</MissingClass>
    <MissingClass>org.elasticsearch.cluster.node.DiscoveryNode</MissingClass>
    <MissingClass>org.elasticsearch.cluster.node.DiscoveryNodes</MissingClass>
    <MissingClass>org.elasticsearch.common.collect.ImmutableOpenMap</MissingClass>
    <MissingClass>org.elasticsearch.common.component.AbstractLifecycleComponent</MissingClass>
    <MissingClass>org.elasticsearch.common.component.Lifecycle</MissingClass>
    <MissingClass>org.elasticsearch.common.logging.ESLogger</MissingClass>
    <MissingClass>org.elasticsearch.common.settings.Settings</MissingClass>
    <MissingClass>org.elasticsearch.common.unit.TimeValue</MissingClass>
    <MissingClass>org.elasticsearch.common.util.concurrent.ConcurrentCollections</MissingClass>
    <MissingClass>org.elasticsearch.common.util.concurrent.EsExecutors</MissingClass>
    <MissingClass>org.elasticsearch.discovery.zen.elect.ElectMasterService</MissingClass>
    <MissingClass>org.elasticsearch.discovery.zen.ping.PingContextProvider</MissingClass>
    <MissingClass>org.elasticsearch.discovery.zen.ping.ZenPing</MissingClass>
    <MissingClass>org.elasticsearch.discovery.zen.ping.ZenPing$PingResponse</MissingClass>
    <MissingClass>org.elasticsearch.discovery.zen.ping.unicast.UnicastHostsProvider</MissingClass>
    <MissingClass>org.elasticsearch.discovery.zen.ping.unicast.UnicastZenPing$1</MissingClass>
    <MissingClass>org.elasticsearch.discovery.zen.ping.unicast.UnicastZenPing$2</MissingClass>
    <MissingClass>org.elasticsearch.discovery.zen.ping.unicast.UnicastZenPing$3</MissingClass>
    <MissingClass>org.elasticsearch.discovery.zen.ping.unicast.UnicastZenPing$4</MissingClass>
    <MissingClass>org.elasticsearch.discovery.zen.ping.unicast.UnicastZenPing$5</MissingClass>
    <MissingClass>org.elasticsearch.discovery.zen.ping.unicast.UnicastZenPing$SendPingsHandler</MissingClass>
    <MissingClass>org.elasticsearch.discovery.zen.ping.unicast.UnicastZenPing$UnicastPingRequest</MissingClass>
    <MissingClass>org.elasticsearch.discovery.zen.ping.unicast.UnicastZenPing$UnicastPingRequestHandler</MissingClass>
    <MissingClass>org.elasticsearch.discovery.zen.ping.unicast.UnicastZenPing$UnicastPingResponse</MissingClass>
    <MissingClass>org.elasticsearch.threadpool.ThreadPool</MissingClass>
    <MissingClass>org.elasticsearch.transport.TransportRequestOptions</MissingClass>
    <MissingClass>org.elasticsearch.transport.TransportService</MissingClass>
  </Errors>
  <FindBugsSummary timestamp="Sat, 28 Oct 2023 14:39:15 +0800" total_classes="1" referenced_classes="29" total_bugs="0" total_size="185" num_packages="1" java_version="1.8.0_382" vm_version="25.382-b05" cpu_seconds="7.69" clock_seconds="0.84" peak_mbytes="377.16" alloc_mbytes="1820.50" gc_seconds="0.04">
    <PackageStats package="org.elasticsearch.discovery.zen.ping.unicast" total_bugs="0" total_types="1" total_size="185">
      <ClassStats class="org.elasticsearch.discovery.zen.ping.unicast.UnicastZenPing" sourceFile="UnicastZenPing.java" interface="false" size="185" bugs="0"/>
    </PackageStats>
    <FindBugsProfile>
      <ClassProfile name="edu.umd.cs.findbugs.classfile.engine.ClassInfoAnalysisEngine" totalMilliseconds="103" invocations="353" avgMicrosecondsPerInvocation="293" maxMicrosecondsPerInvocation="13040" standardDeviationMicrosecondsPerInvocation="855"/>
      <ClassProfile name="edu.umd.cs.findbugs.detect.NoteDirectlyRelevantTypeQualifiers" totalMilliseconds="54" invocations="29" avgMicrosecondsPerInvocation="1882" maxMicrosecondsPerInvocation="44484" standardDeviationMicrosecondsPerInvocation="8095"/>
      <ClassProfile name="edu.umd.cs.findbugs.classfile.engine.bcel.IsNullValueDataflowFactory" totalMilliseconds="29" invocations="37" avgMicrosecondsPerInvocation="791" maxMicrosecondsPerInvocation="8391" standardDeviationMicrosecondsPerInvocation="1733"/>
      <ClassProfile name="edu.umd.cs.findbugs.classfile.engine.bcel.TypeDataflowFactory" totalMilliseconds="27" invocations="37" avgMicrosecondsPerInvocation="729" maxMicrosecondsPerInvocation="7518" standardDeviationMicrosecondsPerInvocation="1571"/>
      <ClassProfile name="edu.umd.cs.findbugs.classfile.engine.bcel.ValueNumberDataflowFactory" totalMilliseconds="26" invocations="37" avgMicrosecondsPerInvocation="713" maxMicrosecondsPerInvocation="6922" standardDeviationMicrosecondsPerInvocation="1637"/>
      <ClassProfile name="edu.umd.cs.findbugs.OpcodeStack$JumpInfoFactory" totalMilliseconds="23" invocations="121" avgMicrosecondsPerInvocation="191" maxMicrosecondsPerInvocation="1660" standardDeviationMicrosecondsPerInvocation="283"/>
      <ClassProfile name="edu.umd.cs.findbugs.detect.FieldItemSummary" totalMilliseconds="23" invocations="29" avgMicrosecondsPerInvocation="794" maxMicrosecondsPerInvocation="6518" standardDeviationMicrosecondsPerInvocation="1445"/>
      <ClassProfile name="edu.umd.cs.findbugs.classfile.engine.bcel.UnconditionalValueDerefDataflowFactory" totalMilliseconds="22" invocations="37" avgMicrosecondsPerInvocation="607" maxMicrosecondsPerInvocation="9557" standardDeviationMicrosecondsPerInvocation="1641"/>
      <ClassProfile name="edu.umd.cs.findbugs.classfile.engine.bcel.MethodGenFactory" totalMilliseconds="21" invocations="37" avgMicrosecondsPerInvocation="587" maxMicrosecondsPerInvocation="19288" standardDeviationMicrosecondsPerInvocation="3118"/>
      <ClassProfile name="edu.umd.cs.findbugs.classfile.engine.bcel.CFGFactory" totalMilliseconds="18" invocations="37" avgMicrosecondsPerInvocation="487" maxMicrosecondsPerInvocation="6278" standardDeviationMicrosecondsPerInvocation="1107"/>
      <ClassProfile name="edu.umd.cs.findbugs.classfile.engine.bcel.JavaClassAnalysisEngine" totalMilliseconds="16" invocations="84" avgMicrosecondsPerInvocation="194" maxMicrosecondsPerInvocation="8366" standardDeviationMicrosecondsPerInvocation="930"/>
      <ClassProfile name="edu.umd.cs.findbugs.ba.npe.NullDerefAndRedundantComparisonFinder" totalMilliseconds="14" invocations="37" avgMicrosecondsPerInvocation="394" maxMicrosecondsPerInvocation="5221" standardDeviationMicrosecondsPerInvocation="976"/>
      <ClassProfile name="edu.umd.cs.findbugs.util.TopologicalSort" totalMilliseconds="14" invocations="276" avgMicrosecondsPerInvocation="51" maxMicrosecondsPerInvocation="1027" standardDeviationMicrosecondsPerInvocation="101"/>
      <ClassProfile name="edu.umd.cs.findbugs.detect.FindNoSideEffectMethods" totalMilliseconds="13" invocations="29" avgMicrosecondsPerInvocation="449" maxMicrosecondsPerInvocation="2383" standardDeviationMicrosecondsPerInvocation="614"/>
    </FindBugsProfile>
  </FindBugsSummary>
  <ClassFeatures></ClassFeatures>
  <History></History>
</BugCollection>
