<?xml version="1.0" encoding="UTF-8"?>

<BugCollection version="4.7.3" sequence="0" timestamp="1698475152918" analysisTimestamp="1698511958085" release="">
  <Project projectName="">
    <Jar>/mnt/disk3/lty/JLeaks/data/classfile/bug-382-9b3b8b5588107879cc3a670e1345eda9c45e83b065f1b9ded259f1eae6223b2b.class</Jar>
  </Project>
  <Errors errors="0" missingClasses="1">
    <MissingClass>org.eclipse.jkube.kit.build.service.docker.wait.WaitChecker</MissingClass>
  </Errors>
  <FindBugsSummary timestamp="Sat, 28 Oct 2023 14:39:12 +0800" total_classes="1" referenced_classes="17" total_bugs="0" total_size="30" num_packages="1" java_version="1.8.0_382" vm_version="25.382-b05" cpu_seconds="5.54" clock_seconds="0.65" peak_mbytes="391.26" alloc_mbytes="1820.50" gc_seconds="0.04">
    <PackageStats package="org.eclipse.jkube.kit.build.service.docker.wait" total_bugs="0" total_types="1" total_size="30">
      <ClassStats class="org.eclipse.jkube.kit.build.service.docker.wait.TcpPortChecker" sourceFile="TcpPortChecker.java" interface="false" size="30" bugs="0"/>
    </PackageStats>
    <FindBugsProfile>
      <ClassProfile name="edu.umd.cs.findbugs.classfile.engine.ClassInfoAnalysisEngine" totalMilliseconds="109" invocations="358" avgMicrosecondsPerInvocation="307" maxMicrosecondsPerInvocation="9194" standardDeviationMicrosecondsPerInvocation="725"/>
      <ClassProfile name="edu.umd.cs.findbugs.detect.NoteJCIPAnnotation" totalMilliseconds="41" invocations="17" avgMicrosecondsPerInvocation="2457" maxMicrosecondsPerInvocation="40783" standardDeviationMicrosecondsPerInvocation="9581"/>
      <ClassProfile name="edu.umd.cs.findbugs.detect.FieldItemSummary" totalMilliseconds="22" invocations="17" avgMicrosecondsPerInvocation="1324" maxMicrosecondsPerInvocation="6586" standardDeviationMicrosecondsPerInvocation="1779"/>
      <ClassProfile name="edu.umd.cs.findbugs.classfile.engine.bcel.MethodGenFactory" totalMilliseconds="18" invocations="5" avgMicrosecondsPerInvocation="3728" maxMicrosecondsPerInvocation="18054" standardDeviationMicrosecondsPerInvocation="7163"/>
      <ClassProfile name="edu.umd.cs.findbugs.OpcodeStack$JumpInfoFactory" totalMilliseconds="16" invocations="78" avgMicrosecondsPerInvocation="211" maxMicrosecondsPerInvocation="1781" standardDeviationMicrosecondsPerInvocation="282"/>
      <ClassProfile name="edu.umd.cs.findbugs.classfile.engine.bcel.JavaClassAnalysisEngine" totalMilliseconds="16" invocations="42" avgMicrosecondsPerInvocation="382" maxMicrosecondsPerInvocation="8773" standardDeviationMicrosecondsPerInvocation="1348"/>
      <ClassProfile name="edu.umd.cs.findbugs.util.TopologicalSort" totalMilliseconds="15" invocations="325" avgMicrosecondsPerInvocation="46" maxMicrosecondsPerInvocation="669" standardDeviationMicrosecondsPerInvocation="91"/>
      <ClassProfile name="edu.umd.cs.findbugs.detect.FindNoSideEffectMethods" totalMilliseconds="14" invocations="17" avgMicrosecondsPerInvocation="870" maxMicrosecondsPerInvocation="3397" standardDeviationMicrosecondsPerInvocation="1045"/>
      <ClassProfile name="edu.umd.cs.findbugs.classfile.engine.bcel.ValueNumberDataflowFactory" totalMilliseconds="12" invocations="6" avgMicrosecondsPerInvocation="2143" maxMicrosecondsPerInvocation="7017" standardDeviationMicrosecondsPerInvocation="2274"/>
      <ClassProfile name="edu.umd.cs.findbugs.classfile.engine.bcel.TypeDataflowFactory" totalMilliseconds="11" invocations="6" avgMicrosecondsPerInvocation="1984" maxMicrosecondsPerInvocation="3702" standardDeviationMicrosecondsPerInvocation="1134"/>
    </FindBugsProfile>
  </FindBugsSummary>
  <ClassFeatures></ClassFeatures>
  <History></History>
</BugCollection>
