<?xml version="1.0" encoding="UTF-8"?>

<BugCollection version="4.7.3" sequence="0" timestamp="1698475118019" analysisTimestamp="1698508349815" release="">
  <Project projectName="">
    <Jar>/mnt/disk3/lty/JLeaks/data/classfile/bug-79-3dfa2aa23a1ebdb18a93aa45065e01040464dde4f4cfc80244b93f3006570bf9.class</Jar>
  </Project>
  <Errors errors="0" missingClasses="55">
    <MissingClass>com.alibaba.fastjson.JSON</MissingClass>
    <MissingClass>com.alibaba.fastjson.JSONObject</MissingClass>
    <MissingClass>org.apache.commons.lang.ArrayUtils</MissingClass>
    <MissingClass>org.apache.dolphinscheduler.common.enums.AuthorizationType</MissingClass>
    <MissingClass>org.apache.dolphinscheduler.common.enums.CommandType</MissingClass>
    <MissingClass>org.apache.dolphinscheduler.common.enums.CycleEnum</MissingClass>
    <MissingClass>org.apache.dolphinscheduler.common.enums.ExecutionStatus</MissingClass>
    <MissingClass>org.apache.dolphinscheduler.common.enums.FailureStrategy</MissingClass>
    <MissingClass>org.apache.dolphinscheduler.common.enums.Flag</MissingClass>
    <MissingClass>org.apache.dolphinscheduler.common.enums.Priority</MissingClass>
    <MissingClass>org.apache.dolphinscheduler.common.enums.ResourceType</MissingClass>
    <MissingClass>org.apache.dolphinscheduler.common.enums.TaskDependType</MissingClass>
    <MissingClass>org.apache.dolphinscheduler.common.enums.WarningType</MissingClass>
    <MissingClass>org.apache.dolphinscheduler.common.model.DateInterval</MissingClass>
    <MissingClass>org.apache.dolphinscheduler.common.model.TaskNode</MissingClass>
    <MissingClass>org.apache.dolphinscheduler.common.process.Property</MissingClass>
    <MissingClass>org.apache.dolphinscheduler.common.task.subprocess.SubProcessParameters</MissingClass>
    <MissingClass>org.apache.dolphinscheduler.common.utils.CollectionUtils</MissingClass>
    <MissingClass>org.apache.dolphinscheduler.common.utils.DateUtils</MissingClass>
    <MissingClass>org.apache.dolphinscheduler.common.utils.JSONUtils</MissingClass>
    <MissingClass>org.apache.dolphinscheduler.common.utils.ParameterUtils</MissingClass>
    <MissingClass>org.apache.dolphinscheduler.common.utils.StringUtils</MissingClass>
    <MissingClass>org.apache.dolphinscheduler.dao.entity.Command</MissingClass>
    <MissingClass>org.apache.dolphinscheduler.dao.entity.CycleDependency</MissingClass>
    <MissingClass>org.apache.dolphinscheduler.dao.entity.DataSource</MissingClass>
    <MissingClass>org.apache.dolphinscheduler.dao.entity.ErrorCommand</MissingClass>
    <MissingClass>org.apache.dolphinscheduler.dao.entity.ProcessData</MissingClass>
    <MissingClass>org.apache.dolphinscheduler.dao.entity.ProcessDefinition</MissingClass>
    <MissingClass>org.apache.dolphinscheduler.dao.entity.ProcessInstance</MissingClass>
    <MissingClass>org.apache.dolphinscheduler.dao.entity.ProcessInstanceMap</MissingClass>
    <MissingClass>org.apache.dolphinscheduler.dao.entity.Project</MissingClass>
    <MissingClass>org.apache.dolphinscheduler.dao.entity.Resource</MissingClass>
    <MissingClass>org.apache.dolphinscheduler.dao.entity.Schedule</MissingClass>
    <MissingClass>org.apache.dolphinscheduler.dao.entity.TaskInstance</MissingClass>
    <MissingClass>org.apache.dolphinscheduler.dao.entity.UdfFunc</MissingClass>
    <MissingClass>org.apache.dolphinscheduler.dao.entity.User</MissingClass>
    <MissingClass>org.apache.dolphinscheduler.dao.mapper.CommandMapper</MissingClass>
    <MissingClass>org.apache.dolphinscheduler.dao.mapper.DataSourceMapper</MissingClass>
    <MissingClass>org.apache.dolphinscheduler.dao.mapper.ErrorCommandMapper</MissingClass>
    <MissingClass>org.apache.dolphinscheduler.dao.mapper.ProcessDefinitionMapper</MissingClass>
    <MissingClass>org.apache.dolphinscheduler.dao.mapper.ProcessInstanceMapMapper</MissingClass>
    <MissingClass>org.apache.dolphinscheduler.dao.mapper.ProcessInstanceMapper</MissingClass>
    <MissingClass>org.apache.dolphinscheduler.dao.mapper.ProjectMapper</MissingClass>
    <MissingClass>org.apache.dolphinscheduler.dao.mapper.ResourceMapper</MissingClass>
    <MissingClass>org.apache.dolphinscheduler.dao.mapper.ScheduleMapper</MissingClass>
    <MissingClass>org.apache.dolphinscheduler.dao.mapper.TaskInstanceMapper</MissingClass>
    <MissingClass>org.apache.dolphinscheduler.dao.mapper.TenantMapper</MissingClass>
    <MissingClass>org.apache.dolphinscheduler.dao.mapper.UdfFuncMapper</MissingClass>
    <MissingClass>org.apache.dolphinscheduler.dao.mapper.UserMapper</MissingClass>
    <MissingClass>org.apache.dolphinscheduler.remote.utils.Host</MissingClass>
    <MissingClass>org.apache.dolphinscheduler.service.log.LogClientService</MissingClass>
    <MissingClass>org.apache.dolphinscheduler.service.process.ProcessService$1</MissingClass>
    <MissingClass>org.apache.dolphinscheduler.service.quartz.cron.CronUtils</MissingClass>
    <MissingClass>org.slf4j.Logger</MissingClass>
    <MissingClass>org.slf4j.LoggerFactory</MissingClass>
  </Errors>
  <FindBugsSummary timestamp="Sat, 28 Oct 2023 14:38:38 +0800" total_classes="1" referenced_classes="37" total_bugs="0" total_size="834" num_packages="1" java_version="1.8.0_382" vm_version="25.382-b05" cpu_seconds="72.80" clock_seconds="7.39" peak_mbytes="421.98" alloc_mbytes="1820.50" gc_seconds="0.24">
    <PackageStats package="org.apache.dolphinscheduler.service.process" total_bugs="0" total_types="1" total_size="834">
      <ClassStats class="org.apache.dolphinscheduler.service.process.ProcessService" sourceFile="ProcessService.java" interface="false" size="834" bugs="0"/>
    </PackageStats>
    <FindBugsProfile>
      <ClassProfile name="edu.umd.cs.findbugs.classfile.engine.ClassInfoAnalysisEngine" totalMilliseconds="923" invocations="547" avgMicrosecondsPerInvocation="1688" maxMicrosecondsPerInvocation="242905" standardDeviationMicrosecondsPerInvocation="11065"/>
      <ClassProfile name="edu.umd.cs.findbugs.classfile.engine.bcel.IsNullValueDataflowFactory" totalMilliseconds="404" invocations="95" avgMicrosecondsPerInvocation="4259" maxMicrosecondsPerInvocation="47152" standardDeviationMicrosecondsPerInvocation="6531"/>
      <ClassProfile name="edu.umd.cs.findbugs.classfile.engine.bcel.TypeDataflowFactory" totalMilliseconds="288" invocations="95" avgMicrosecondsPerInvocation="3038" maxMicrosecondsPerInvocation="41439" standardDeviationMicrosecondsPerInvocation="5908"/>
      <ClassProfile name="edu.umd.cs.findbugs.detect.FieldItemSummary" totalMilliseconds="283" invocations="37" avgMicrosecondsPerInvocation="7667" maxMicrosecondsPerInvocation="39644" standardDeviationMicrosecondsPerInvocation="9992"/>
      <ClassProfile name="edu.umd.cs.findbugs.classfile.engine.bcel.ValueNumberDataflowFactory" totalMilliseconds="238" invocations="95" avgMicrosecondsPerInvocation="2507" maxMicrosecondsPerInvocation="45312" standardDeviationMicrosecondsPerInvocation="5291"/>
      <ClassProfile name="edu.umd.cs.findbugs.detect.FindNoSideEffectMethods" totalMilliseconds="234" invocations="37" avgMicrosecondsPerInvocation="6348" maxMicrosecondsPerInvocation="32900" standardDeviationMicrosecondsPerInvocation="7862"/>
      <ClassProfile name="edu.umd.cs.findbugs.classfile.engine.bcel.UnconditionalValueDerefDataflowFactory" totalMilliseconds="233" invocations="95" avgMicrosecondsPerInvocation="2461" maxMicrosecondsPerInvocation="34804" standardDeviationMicrosecondsPerInvocation="4465"/>
      <ClassProfile name="edu.umd.cs.findbugs.OpcodeStack$JumpInfoFactory" totalMilliseconds="219" invocations="294" avgMicrosecondsPerInvocation="746" maxMicrosecondsPerInvocation="9958" standardDeviationMicrosecondsPerInvocation="1211"/>
      <ClassProfile name="edu.umd.cs.findbugs.classfile.engine.bcel.CFGFactory" totalMilliseconds="207" invocations="95" avgMicrosecondsPerInvocation="2185" maxMicrosecondsPerInvocation="46677" standardDeviationMicrosecondsPerInvocation="4864"/>
      <ClassProfile name="edu.umd.cs.findbugs.ba.npe.NullDerefAndRedundantComparisonFinder" totalMilliseconds="172" invocations="95" avgMicrosecondsPerInvocation="1815" maxMicrosecondsPerInvocation="20970" standardDeviationMicrosecondsPerInvocation="2446"/>
      <ClassProfile name="edu.umd.cs.findbugs.classfile.engine.bcel.MethodGenFactory" totalMilliseconds="157" invocations="95" avgMicrosecondsPerInvocation="1654" maxMicrosecondsPerInvocation="99051" standardDeviationMicrosecondsPerInvocation="10119"/>
      <ClassProfile name="edu.umd.cs.findbugs.classfile.engine.ClassDataAnalysisEngine" totalMilliseconds="135" invocations="552" avgMicrosecondsPerInvocation="245" maxMicrosecondsPerInvocation="10089" standardDeviationMicrosecondsPerInvocation="537"/>
      <ClassProfile name="edu.umd.cs.findbugs.classfile.engine.bcel.JavaClassAnalysisEngine" totalMilliseconds="126" invocations="109" avgMicrosecondsPerInvocation="1161" maxMicrosecondsPerInvocation="57053" standardDeviationMicrosecondsPerInvocation="5637"/>
      <ClassProfile name="edu.umd.cs.findbugs.detect.FindOpenStream" totalMilliseconds="105" invocations="1" avgMicrosecondsPerInvocation="105297" maxMicrosecondsPerInvocation="105297" standardDeviationMicrosecondsPerInvocation="0"/>
      <ClassProfile name="edu.umd.cs.findbugs.util.TopologicalSort" totalMilliseconds="100" invocations="449" avgMicrosecondsPerInvocation="222" maxMicrosecondsPerInvocation="5985" standardDeviationMicrosecondsPerInvocation="406"/>
      <ClassProfile name="edu.umd.cs.findbugs.detect.FindRefComparison$SpecialTypeAnalysis" totalMilliseconds="96" invocations="95" avgMicrosecondsPerInvocation="1014" maxMicrosecondsPerInvocation="22927" standardDeviationMicrosecondsPerInvocation="2502"/>
      <ClassProfile name="edu.umd.cs.findbugs.ba.npe.TypeQualifierNullnessAnnotationDatabase" totalMilliseconds="94" invocations="2457" avgMicrosecondsPerInvocation="38" maxMicrosecondsPerInvocation="6170" standardDeviationMicrosecondsPerInvocation="191"/>
      <ClassProfile name="edu.umd.cs.findbugs.detect.NoteDirectlyRelevantTypeQualifiers" totalMilliseconds="85" invocations="37" avgMicrosecondsPerInvocation="2309" maxMicrosecondsPerInvocation="23398" standardDeviationMicrosecondsPerInvocation="4135"/>
      <ClassProfile name="edu.umd.cs.findbugs.detect.FunctionsThatMightBeMistakenForProcedures" totalMilliseconds="84" invocations="37" avgMicrosecondsPerInvocation="2274" maxMicrosecondsPerInvocation="17644" standardDeviationMicrosecondsPerInvocation="3361"/>
      <ClassProfile name="edu.umd.cs.findbugs.detect.LoadOfKnownNullValue" totalMilliseconds="79" invocations="1" avgMicrosecondsPerInvocation="79542" maxMicrosecondsPerInvocation="79542" standardDeviationMicrosecondsPerInvocation="0"/>
      <ClassProfile name="edu.umd.cs.findbugs.detect.OverridingEqualsNotSymmetrical" totalMilliseconds="75" invocations="37" avgMicrosecondsPerInvocation="2053" maxMicrosecondsPerInvocation="27564" standardDeviationMicrosecondsPerInvocation="4554"/>
      <ClassProfile name="edu.umd.cs.findbugs.detect.CalledMethods" totalMilliseconds="69" invocations="37" avgMicrosecondsPerInvocation="1877" maxMicrosecondsPerInvocation="32094" standardDeviationMicrosecondsPerInvocation="5227"/>
      <ClassProfile name="edu.umd.cs.findbugs.detect.BuildStringPassthruGraph" totalMilliseconds="53" invocations="37" avgMicrosecondsPerInvocation="1445" maxMicrosecondsPerInvocation="17420" standardDeviationMicrosecondsPerInvocation="2982"/>
      <ClassProfile name="edu.umd.cs.findbugs.detect.BuildObligationPolicyDatabase" totalMilliseconds="52" invocations="37" avgMicrosecondsPerInvocation="1407" maxMicrosecondsPerInvocation="8657" standardDeviationMicrosecondsPerInvocation="1781"/>
      <ClassProfile name="edu.umd.cs.findbugs.detect.UnreadFields" totalMilliseconds="50" invocations="1" avgMicrosecondsPerInvocation="50827" maxMicrosecondsPerInvocation="50827" standardDeviationMicrosecondsPerInvocation="0"/>
      <ClassProfile name="edu.umd.cs.findbugs.detect.FindRefComparison" totalMilliseconds="46" invocations="1" avgMicrosecondsPerInvocation="46115" maxMicrosecondsPerInvocation="46115" standardDeviationMicrosecondsPerInvocation="0"/>
      <ClassProfile name="edu.umd.cs.findbugs.detect.CheckRelaxingNullnessAnnotation" totalMilliseconds="44" invocations="1" avgMicrosecondsPerInvocation="44181" maxMicrosecondsPerInvocation="44181" standardDeviationMicrosecondsPerInvocation="0"/>
    </FindBugsProfile>
  </FindBugsSummary>
  <ClassFeatures></ClassFeatures>
  <History></History>
</BugCollection>
