<?xml version="1.0" encoding="UTF-8"?>

<BugCollection version="4.7.3" sequence="0" timestamp="1698475243582" analysisTimestamp="1698520581943" release="">
  <Project projectName="">
    <Jar>/mnt/disk3/lty/JLeaks/data/classfile/bug-1034-4afc77b021b732df3c39d9057f66845e234a196a08c71aff2693d142abbb1336.class</Jar>
  </Project>
  <BugInstance type="OS_OPEN_STREAM_EXCEPTION_PATH" priority="3" rank="19" abbrev="OS" category="BAD_PRACTICE">
    <Class classname="com.vaadin.server.BootstrapHandler">
      <SourceLine classname="com.vaadin.server.BootstrapHandler" start="65" end="793" sourcefile="BootstrapHandler.java" sourcepath="com/vaadin/server/BootstrapHandler.java"/>
    </Class>
    <Method classname="com.vaadin.server.BootstrapHandler" name="writeBootstrapPage" signature="(Lcom/vaadin/server/VaadinResponse;Ljava/lang/String;)V" isStatic="false">
      <SourceLine classname="com.vaadin.server.BootstrapHandler" start="355" end="360" startBytecode="0" endBytecode="19" sourcefile="BootstrapHandler.java" sourcepath="com/vaadin/server/BootstrapHandler.java"/>
    </Method>
    <Type descriptor="Ljava/io/Writer;" role="TYPE_CLOSEIT">
      <SourceLine classname="java.io.Writer" start="50" end="294" sourcefile="Writer.java" sourcepath="java/io/Writer.java"/>
    </Type>
    <SourceLine classname="com.vaadin.server.BootstrapHandler" start="356" end="356" startBytecode="8" endBytecode="8" sourcefile="BootstrapHandler.java" sourcepath="com/vaadin/server/BootstrapHandler.java"/>
  </BugInstance>
  <Errors errors="0" missingClasses="36">
    <MissingClass>com.vaadin.annotations.JavaScript</MissingClass>
    <MissingClass>com.vaadin.annotations.StyleSheet</MissingClass>
    <MissingClass>com.vaadin.annotations.Viewport</MissingClass>
    <MissingClass>com.vaadin.annotations.ViewportGeneratorClass</MissingClass>
    <MissingClass>com.vaadin.server.BootstrapFragmentResponse</MissingClass>
    <MissingClass>com.vaadin.server.BootstrapHandler$BootstrapContext</MissingClass>
    <MissingClass>com.vaadin.server.BootstrapPageResponse</MissingClass>
    <MissingClass>com.vaadin.server.DeploymentConfiguration</MissingClass>
    <MissingClass>com.vaadin.server.LegacyCommunicationManager</MissingClass>
    <MissingClass>com.vaadin.server.ServletPortletHelper</MissingClass>
    <MissingClass>com.vaadin.server.SynchronizedRequestHandler</MissingClass>
    <MissingClass>com.vaadin.server.SystemMessages</MissingClass>
    <MissingClass>com.vaadin.server.UIClassSelectionEvent</MissingClass>
    <MissingClass>com.vaadin.server.UICreateEvent</MissingClass>
    <MissingClass>com.vaadin.server.UIProvider</MissingClass>
    <MissingClass>com.vaadin.server.VaadinRequest</MissingClass>
    <MissingClass>com.vaadin.server.VaadinResponse</MissingClass>
    <MissingClass>com.vaadin.server.VaadinService</MissingClass>
    <MissingClass>com.vaadin.server.VaadinServlet</MissingClass>
    <MissingClass>com.vaadin.server.VaadinSession</MissingClass>
    <MissingClass>com.vaadin.server.ViewportGenerator</MissingClass>
    <MissingClass>com.vaadin.server.WidgetsetInfo</MissingClass>
    <MissingClass>com.vaadin.server.WidgetsetInfoImpl</MissingClass>
    <MissingClass>com.vaadin.server.communication.AtmospherePushConnection</MissingClass>
    <MissingClass>com.vaadin.shared.VaadinUriResolver</MissingClass>
    <MissingClass>com.vaadin.shared.Version</MissingClass>
    <MissingClass>com.vaadin.shared.communication.PushMode</MissingClass>
    <MissingClass>elemental.json.Json</MissingClass>
    <MissingClass>elemental.json.JsonObject</MissingClass>
    <MissingClass>elemental.json.impl.JsonUtil</MissingClass>
    <MissingClass>org.jsoup.nodes.DataNode</MissingClass>
    <MissingClass>org.jsoup.nodes.Document</MissingClass>
    <MissingClass>org.jsoup.nodes.DocumentType</MissingClass>
    <MissingClass>org.jsoup.nodes.Element</MissingClass>
    <MissingClass>org.jsoup.nodes.Node</MissingClass>
    <MissingClass>org.jsoup.parser.Tag</MissingClass>
  </Errors>
  <FindBugsSummary timestamp="Sat, 28 Oct 2023 14:40:43 +0800" total_classes="1" referenced_classes="27" total_bugs="1" total_size="322" num_packages="1" java_version="1.8.0_382" vm_version="25.382-b05" cpu_seconds="8.54" clock_seconds="0.94" peak_mbytes="388.81" alloc_mbytes="1820.50" gc_seconds="0.04" priority_3="1">
    <PackageStats package="com.vaadin.server" total_bugs="1" total_types="1" total_size="322" priority_3="1">
      <ClassStats class="com.vaadin.server.BootstrapHandler" sourceFile="BootstrapHandler.java" interface="false" size="322" bugs="1" priority_3="1"/>
    </PackageStats>
    <FindBugsProfile>
      <ClassProfile name="edu.umd.cs.findbugs.classfile.engine.ClassInfoAnalysisEngine" totalMilliseconds="112" invocations="427" avgMicrosecondsPerInvocation="263" maxMicrosecondsPerInvocation="14121" standardDeviationMicrosecondsPerInvocation="810"/>
      <ClassProfile name="edu.umd.cs.findbugs.detect.BuildStringPassthruGraph" totalMilliseconds="48" invocations="27" avgMicrosecondsPerInvocation="1811" maxMicrosecondsPerInvocation="44072" standardDeviationMicrosecondsPerInvocation="8293"/>
      <ClassProfile name="edu.umd.cs.findbugs.detect.FindOpenStream" totalMilliseconds="33" invocations="1" avgMicrosecondsPerInvocation="33765" maxMicrosecondsPerInvocation="33765" standardDeviationMicrosecondsPerInvocation="0"/>
      <ClassProfile name="edu.umd.cs.findbugs.classfile.engine.bcel.IsNullValueDataflowFactory" totalMilliseconds="33" invocations="20" avgMicrosecondsPerInvocation="1672" maxMicrosecondsPerInvocation="6107" standardDeviationMicrosecondsPerInvocation="1922"/>
      <ClassProfile name="edu.umd.cs.findbugs.classfile.engine.bcel.TypeDataflowFactory" totalMilliseconds="31" invocations="21" avgMicrosecondsPerInvocation="1510" maxMicrosecondsPerInvocation="5237" standardDeviationMicrosecondsPerInvocation="1648"/>
      <ClassProfile name="edu.umd.cs.findbugs.detect.FieldItemSummary" totalMilliseconds="29" invocations="27" avgMicrosecondsPerInvocation="1085" maxMicrosecondsPerInvocation="5489" standardDeviationMicrosecondsPerInvocation="1455"/>
      <ClassProfile name="edu.umd.cs.findbugs.classfile.engine.bcel.UnconditionalValueDerefDataflowFactory" totalMilliseconds="24" invocations="20" avgMicrosecondsPerInvocation="1215" maxMicrosecondsPerInvocation="5929" standardDeviationMicrosecondsPerInvocation="1718"/>
      <ClassProfile name="edu.umd.cs.findbugs.OpcodeStack$JumpInfoFactory" totalMilliseconds="24" invocations="109" avgMicrosecondsPerInvocation="220" maxMicrosecondsPerInvocation="1031" standardDeviationMicrosecondsPerInvocation="231"/>
      <ClassProfile name="edu.umd.cs.findbugs.classfile.engine.bcel.ValueNumberDataflowFactory" totalMilliseconds="23" invocations="21" avgMicrosecondsPerInvocation="1139" maxMicrosecondsPerInvocation="6885" standardDeviationMicrosecondsPerInvocation="1740"/>
      <ClassProfile name="edu.umd.cs.findbugs.classfile.engine.bcel.MethodGenFactory" totalMilliseconds="22" invocations="21" avgMicrosecondsPerInvocation="1066" maxMicrosecondsPerInvocation="17370" standardDeviationMicrosecondsPerInvocation="3655"/>
      <ClassProfile name="edu.umd.cs.findbugs.classfile.engine.bcel.CFGFactory" totalMilliseconds="21" invocations="20" avgMicrosecondsPerInvocation="1059" maxMicrosecondsPerInvocation="7087" standardDeviationMicrosecondsPerInvocation="1573"/>
      <ClassProfile name="edu.umd.cs.findbugs.detect.FindNoSideEffectMethods" totalMilliseconds="19" invocations="27" avgMicrosecondsPerInvocation="716" maxMicrosecondsPerInvocation="4274" standardDeviationMicrosecondsPerInvocation="1007"/>
      <ClassProfile name="edu.umd.cs.findbugs.ba.npe.NullDerefAndRedundantComparisonFinder" totalMilliseconds="18" invocations="20" avgMicrosecondsPerInvocation="913" maxMicrosecondsPerInvocation="4732" standardDeviationMicrosecondsPerInvocation="1224"/>
      <ClassProfile name="edu.umd.cs.findbugs.classfile.engine.bcel.JavaClassAnalysisEngine" totalMilliseconds="18" invocations="83" avgMicrosecondsPerInvocation="218" maxMicrosecondsPerInvocation="8399" standardDeviationMicrosecondsPerInvocation="952"/>
      <ClassProfile name="edu.umd.cs.findbugs.util.TopologicalSort" totalMilliseconds="14" invocations="350" avgMicrosecondsPerInvocation="40" maxMicrosecondsPerInvocation="852" standardDeviationMicrosecondsPerInvocation="77"/>
      <ClassProfile name="edu.umd.cs.findbugs.detect.FindRefComparison$SpecialTypeAnalysis" totalMilliseconds="12" invocations="19" avgMicrosecondsPerInvocation="667" maxMicrosecondsPerInvocation="4698" standardDeviationMicrosecondsPerInvocation="1144"/>
      <ClassProfile name="edu.umd.cs.findbugs.detect.NoteDirectlyRelevantTypeQualifiers" totalMilliseconds="11" invocations="27" avgMicrosecondsPerInvocation="431" maxMicrosecondsPerInvocation="3374" standardDeviationMicrosecondsPerInvocation="669"/>
    </FindBugsProfile>
  </FindBugsSummary>
  <ClassFeatures></ClassFeatures>
  <History></History>
</BugCollection>
