<?xml version="1.0" encoding="UTF-8"?>

<BugCollection version="4.7.3" sequence="0" timestamp="1698475118247" analysisTimestamp="1698508441883" release="">
  <Project projectName="">
    <Jar>/mnt/disk3/lty/JLeaks/data/classfile/bug-81-159c71e3d589a7834f3261d6349bbc1917a4803dfa8fcd2fb3026234043bcffa.class</Jar>
  </Project>
  <Errors errors="0" missingClasses="4">
    <MissingClass>org.apache.dolphinscheduler.api.utils.ZooKeeperState$SendThread</MissingClass>
    <MissingClass>org.apache.dolphinscheduler.common.utils.StringUtils</MissingClass>
    <MissingClass>org.slf4j.Logger</MissingClass>
    <MissingClass>org.slf4j.LoggerFactory</MissingClass>
  </Errors>
  <FindBugsSummary timestamp="Sat, 28 Oct 2023 14:38:38 +0800" total_classes="1" referenced_classes="13" total_bugs="0" total_size="128" num_packages="1" java_version="1.8.0_382" vm_version="25.382-b05" cpu_seconds="37.52" clock_seconds="3.82" peak_mbytes="385.45" alloc_mbytes="1820.50" gc_seconds="0.21">
    <PackageStats package="org.apache.dolphinscheduler.api.utils" total_bugs="0" total_types="1" total_size="128">
      <ClassStats class="org.apache.dolphinscheduler.api.utils.ZooKeeperState" sourceFile="ZooKeeperState.java" interface="false" size="128" bugs="0"/>
    </PackageStats>
    <FindBugsProfile>
      <ClassProfile name="edu.umd.cs.findbugs.classfile.engine.ClassInfoAnalysisEngine" totalMilliseconds="512" invocations="342" avgMicrosecondsPerInvocation="1498" maxMicrosecondsPerInvocation="62883" standardDeviationMicrosecondsPerInvocation="4024"/>
      <ClassProfile name="edu.umd.cs.findbugs.detect.FunctionsThatMightBeMistakenForProcedures" totalMilliseconds="264" invocations="13" avgMicrosecondsPerInvocation="20317" maxMicrosecondsPerInvocation="213397" standardDeviationMicrosecondsPerInvocation="55988"/>
      <ClassProfile name="edu.umd.cs.findbugs.detect.FieldItemSummary" totalMilliseconds="145" invocations="13" avgMicrosecondsPerInvocation="11157" maxMicrosecondsPerInvocation="52402" standardDeviationMicrosecondsPerInvocation="14854"/>
      <ClassProfile name="edu.umd.cs.findbugs.classfile.engine.bcel.IsNullValueDataflowFactory" totalMilliseconds="110" invocations="24" avgMicrosecondsPerInvocation="4585" maxMicrosecondsPerInvocation="31025" standardDeviationMicrosecondsPerInvocation="8236"/>
      <ClassProfile name="edu.umd.cs.findbugs.detect.FindNoSideEffectMethods" totalMilliseconds="109" invocations="13" avgMicrosecondsPerInvocation="8416" maxMicrosecondsPerInvocation="37671" standardDeviationMicrosecondsPerInvocation="10548"/>
      <ClassProfile name="edu.umd.cs.findbugs.OpcodeStack$JumpInfoFactory" totalMilliseconds="101" invocations="95" avgMicrosecondsPerInvocation="1072" maxMicrosecondsPerInvocation="10163" standardDeviationMicrosecondsPerInvocation="1623"/>
      <ClassProfile name="edu.umd.cs.findbugs.classfile.engine.bcel.MethodGenFactory" totalMilliseconds="100" invocations="24" avgMicrosecondsPerInvocation="4169" maxMicrosecondsPerInvocation="88387" standardDeviationMicrosecondsPerInvocation="17578"/>
      <ClassProfile name="edu.umd.cs.findbugs.classfile.engine.bcel.ValueNumberDataflowFactory" totalMilliseconds="90" invocations="25" avgMicrosecondsPerInvocation="3627" maxMicrosecondsPerInvocation="38965" standardDeviationMicrosecondsPerInvocation="9472"/>
      <ClassProfile name="edu.umd.cs.findbugs.classfile.engine.bcel.TypeDataflowFactory" totalMilliseconds="82" invocations="25" avgMicrosecondsPerInvocation="3319" maxMicrosecondsPerInvocation="32750" standardDeviationMicrosecondsPerInvocation="7813"/>
      <ClassProfile name="edu.umd.cs.findbugs.classfile.engine.ClassDataAnalysisEngine" totalMilliseconds="75" invocations="344" avgMicrosecondsPerInvocation="219" maxMicrosecondsPerInvocation="3986" standardDeviationMicrosecondsPerInvocation="271"/>
      <ClassProfile name="edu.umd.cs.findbugs.util.TopologicalSort" totalMilliseconds="73" invocations="305" avgMicrosecondsPerInvocation="240" maxMicrosecondsPerInvocation="2713" standardDeviationMicrosecondsPerInvocation="367"/>
      <ClassProfile name="edu.umd.cs.findbugs.classfile.engine.bcel.CFGFactory" totalMilliseconds="73" invocations="24" avgMicrosecondsPerInvocation="3045" maxMicrosecondsPerInvocation="41107" standardDeviationMicrosecondsPerInvocation="8357"/>
      <ClassProfile name="edu.umd.cs.findbugs.classfile.engine.bcel.JavaClassAnalysisEngine" totalMilliseconds="72" invocations="35" avgMicrosecondsPerInvocation="2064" maxMicrosecondsPerInvocation="42359" standardDeviationMicrosecondsPerInvocation="7060"/>
      <ClassProfile name="edu.umd.cs.findbugs.ba.npe.NullDerefAndRedundantComparisonFinder" totalMilliseconds="68" invocations="24" avgMicrosecondsPerInvocation="2850" maxMicrosecondsPerInvocation="22598" standardDeviationMicrosecondsPerInvocation="5321"/>
      <ClassProfile name="edu.umd.cs.findbugs.classfile.engine.bcel.UnconditionalValueDerefDataflowFactory" totalMilliseconds="63" invocations="24" avgMicrosecondsPerInvocation="2639" maxMicrosecondsPerInvocation="19779" standardDeviationMicrosecondsPerInvocation="4553"/>
      <ClassProfile name="edu.umd.cs.findbugs.detect.OverridingEqualsNotSymmetrical" totalMilliseconds="50" invocations="13" avgMicrosecondsPerInvocation="3900" maxMicrosecondsPerInvocation="29569" standardDeviationMicrosecondsPerInvocation="7572"/>
      <ClassProfile name="edu.umd.cs.findbugs.detect.NoteDirectlyRelevantTypeQualifiers" totalMilliseconds="47" invocations="13" avgMicrosecondsPerInvocation="3685" maxMicrosecondsPerInvocation="25013" standardDeviationMicrosecondsPerInvocation="6373"/>
      <ClassProfile name="edu.umd.cs.findbugs.detect.FindDeadLocalStores" totalMilliseconds="46" invocations="1" avgMicrosecondsPerInvocation="46376" maxMicrosecondsPerInvocation="46376" standardDeviationMicrosecondsPerInvocation="0"/>
    </FindBugsProfile>
  </FindBugsSummary>
  <ClassFeatures></ClassFeatures>
  <History></History>
</BugCollection>
