<?xml version="1.0" encoding="UTF-8"?>

<BugCollection version="4.7.3" sequence="0" timestamp="1698475147362" analysisTimestamp="1698511514466" release="">
  <Project projectName="">
    <Jar>/mnt/disk3/lty/JLeaks/data/classfile/bug-336-c566084e810dfaa13404ea3fd179c661a10aa645ef7acefd39e4612e1b7fb2df.class</Jar>
  </Project>
  <Errors errors="0" missingClasses="11">
    <MissingClass>com.github.dockerjava.api.command.DockerCmd</MissingClass>
    <MissingClass>com.github.dockerjava.api.command.PushImageCmd</MissingClass>
    <MissingClass>com.github.dockerjava.api.model.AuthConfig</MissingClass>
    <MissingClass>com.github.dockerjava.jaxrs.AbstrDockerCmdExec</MissingClass>
    <MissingClass>com.github.dockerjava.jaxrs.PushImageCmdExec$ResponseImpl</MissingClass>
    <MissingClass>javax.ws.rs.client.Entity</MissingClass>
    <MissingClass>javax.ws.rs.client.Invocation$Builder</MissingClass>
    <MissingClass>javax.ws.rs.client.WebTarget</MissingClass>
    <MissingClass>javax.ws.rs.core.Response</MissingClass>
    <MissingClass>org.slf4j.Logger</MissingClass>
    <MissingClass>org.slf4j.LoggerFactory</MissingClass>
  </Errors>
  <FindBugsSummary timestamp="Sat, 28 Oct 2023 14:39:07 +0800" total_classes="1" referenced_classes="7" total_bugs="0" total_size="26" num_packages="1" java_version="1.8.0_382" vm_version="25.382-b05" cpu_seconds="4.36" clock_seconds="0.59" peak_mbytes="392.57" alloc_mbytes="1820.50" gc_seconds="0.04">
    <PackageStats package="com.github.dockerjava.jaxrs" total_bugs="0" total_types="1" total_size="26">
      <ClassStats class="com.github.dockerjava.jaxrs.PushImageCmdExec" sourceFile="PushImageCmdExec.java" interface="false" size="26" bugs="0"/>
    </PackageStats>
    <FindBugsProfile>
      <ClassProfile name="edu.umd.cs.findbugs.classfile.engine.ClassInfoAnalysisEngine" totalMilliseconds="141" invocations="321" avgMicrosecondsPerInvocation="441" maxMicrosecondsPerInvocation="40923" standardDeviationMicrosecondsPerInvocation="2401"/>
      <ClassProfile name="edu.umd.cs.findbugs.classfile.engine.bcel.MethodGenFactory" totalMilliseconds="19" invocations="5" avgMicrosecondsPerInvocation="3958" maxMicrosecondsPerInvocation="18911" standardDeviationMicrosecondsPerInvocation="7478"/>
      <ClassProfile name="edu.umd.cs.findbugs.detect.FieldItemSummary" totalMilliseconds="17" invocations="7" avgMicrosecondsPerInvocation="2435" maxMicrosecondsPerInvocation="5570" standardDeviationMicrosecondsPerInvocation="2350"/>
      <ClassProfile name="edu.umd.cs.findbugs.classfile.engine.bcel.JavaClassAnalysisEngine" totalMilliseconds="14" invocations="30" avgMicrosecondsPerInvocation="487" maxMicrosecondsPerInvocation="8812" standardDeviationMicrosecondsPerInvocation="1595"/>
      <ClassProfile name="edu.umd.cs.findbugs.util.TopologicalSort" totalMilliseconds="14" invocations="274" avgMicrosecondsPerInvocation="52" maxMicrosecondsPerInvocation="1004" standardDeviationMicrosecondsPerInvocation="111"/>
      <ClassProfile name="edu.umd.cs.findbugs.OpcodeStack$JumpInfoFactory" totalMilliseconds="13" invocations="54" avgMicrosecondsPerInvocation="245" maxMicrosecondsPerInvocation="1260" standardDeviationMicrosecondsPerInvocation="247"/>
    </FindBugsProfile>
  </FindBugsSummary>
  <ClassFeatures></ClassFeatures>
  <History></History>
</BugCollection>
