<?xml version="1.0" encoding="UTF-8"?>

<BugCollection version="4.7.3" sequence="0" timestamp="1698498800492" analysisTimestamp="1698511562474" release="">
  <Project projectName="">
    <Jar>/mnt/disk3/lty/JLeaks/data/classfile/bug-368-ea56ae507b2d61094776edae76e19f15cd4f87906cd2415aa230a2527e381a73.class</Jar>
  </Project>
  <Errors errors="0" missingClasses="0"></Errors>
  <FindBugsSummary timestamp="Sat, 28 Oct 2023 21:13:20 +0800" total_classes="1" referenced_classes="9" total_bugs="0" total_size="5" num_packages="1" java_version="1.8.0_382" vm_version="25.382-b05" cpu_seconds="4.12" clock_seconds="0.53" peak_mbytes="380.48" alloc_mbytes="1820.50" gc_seconds="0.04">
    <PackageStats package="org.dspace.storage.bitstore" total_bugs="0" total_types="1" total_size="5">
      <ClassStats class="org.dspace.storage.bitstore.BitstreamStorageManager" sourceFile="BitstreamStorageManager.java" interface="false" size="5" bugs="0"/>
    </PackageStats>
    <FindBugsProfile>
      <ClassProfile name="edu.umd.cs.findbugs.classfile.engine.ClassInfoAnalysisEngine" totalMilliseconds="140" invocations="290" avgMicrosecondsPerInvocation="483" maxMicrosecondsPerInvocation="40970" standardDeviationMicrosecondsPerInvocation="2514"/>
      <ClassProfile name="edu.umd.cs.findbugs.classfile.engine.bcel.MethodGenFactory" totalMilliseconds="16" invocations="2" avgMicrosecondsPerInvocation="8259" maxMicrosecondsPerInvocation="16376" standardDeviationMicrosecondsPerInvocation="8116"/>
      <ClassProfile name="edu.umd.cs.findbugs.detect.FieldItemSummary" totalMilliseconds="15" invocations="9" avgMicrosecondsPerInvocation="1677" maxMicrosecondsPerInvocation="6776" standardDeviationMicrosecondsPerInvocation="2341"/>
      <ClassProfile name="edu.umd.cs.findbugs.util.TopologicalSort" totalMilliseconds="13" invocations="258" avgMicrosecondsPerInvocation="51" maxMicrosecondsPerInvocation="629" standardDeviationMicrosecondsPerInvocation="94"/>
      <ClassProfile name="edu.umd.cs.findbugs.classfile.engine.bcel.JavaClassAnalysisEngine" totalMilliseconds="13" invocations="23" avgMicrosecondsPerInvocation="581" maxMicrosecondsPerInvocation="8480" standardDeviationMicrosecondsPerInvocation="1734"/>
      <ClassProfile name="edu.umd.cs.findbugs.OpcodeStack$JumpInfoFactory" totalMilliseconds="12" invocations="35" avgMicrosecondsPerInvocation="352" maxMicrosecondsPerInvocation="1789" standardDeviationMicrosecondsPerInvocation="352"/>
      <ClassProfile name="edu.umd.cs.findbugs.detect.FindNoSideEffectMethods" totalMilliseconds="11" invocations="9" avgMicrosecondsPerInvocation="1316" maxMicrosecondsPerInvocation="5502" standardDeviationMicrosecondsPerInvocation="1755"/>
    </FindBugsProfile>
  </FindBugsSummary>
  <ClassFeatures></ClassFeatures>
  <History></History>
</BugCollection>
