<?xml version="1.0" encoding="UTF-8"?>

<BugCollection version="4.7.3" sequence="0" timestamp="1698475152302" analysisTimestamp="1698511581212" release="">
  <Project projectName="">
    <Jar>/mnt/disk3/lty/JLeaks/data/classfile/bug-377-49cf9c1ce3bc49370b484379b2de2e4afeb7f7eb4ec0c1611b10038a26dfe3f0.class</Jar>
  </Project>
  <Errors errors="0" missingClasses="4">
    <MissingClass>io.ebean.QueryIterator</MissingClass>
    <MissingClass>io.ebeaninternal.server.core.OrmQueryRequest</MissingClass>
    <MissingClass>io.ebeaninternal.server.query.CQuery</MissingClass>
    <MissingClass>javax.persistence.PersistenceException</MissingClass>
  </Errors>
  <FindBugsSummary timestamp="Sat, 28 Oct 2023 14:39:12 +0800" total_classes="1" referenced_classes="12" total_bugs="0" total_size="35" num_packages="1" java_version="1.8.0_382" vm_version="25.382-b05" cpu_seconds="5.05" clock_seconds="0.63" peak_mbytes="391.41" alloc_mbytes="1820.50" gc_seconds="0.04">
    <PackageStats package="io.ebeaninternal.server.query" total_bugs="0" total_types="1" total_size="35">
      <ClassStats class="io.ebeaninternal.server.query.CQueryIteratorWithBuffer" sourceFile="CQueryIteratorWithBuffer.java" interface="false" size="35" bugs="0"/>
    </PackageStats>
    <FindBugsProfile>
      <ClassProfile name="edu.umd.cs.findbugs.classfile.engine.ClassInfoAnalysisEngine" totalMilliseconds="104" invocations="333" avgMicrosecondsPerInvocation="314" maxMicrosecondsPerInvocation="9342" standardDeviationMicrosecondsPerInvocation="747"/>
      <ClassProfile name="edu.umd.cs.findbugs.detect.BuildObligationPolicyDatabase" totalMilliseconds="50" invocations="12" avgMicrosecondsPerInvocation="4213" maxMicrosecondsPerInvocation="46253" standardDeviationMicrosecondsPerInvocation="12680"/>
      <ClassProfile name="edu.umd.cs.findbugs.detect.FieldItemSummary" totalMilliseconds="20" invocations="12" avgMicrosecondsPerInvocation="1747" maxMicrosecondsPerInvocation="6680" standardDeviationMicrosecondsPerInvocation="1981"/>
      <ClassProfile name="edu.umd.cs.findbugs.classfile.engine.bcel.MethodGenFactory" totalMilliseconds="18" invocations="5" avgMicrosecondsPerInvocation="3699" maxMicrosecondsPerInvocation="17592" standardDeviationMicrosecondsPerInvocation="6949"/>
      <ClassProfile name="edu.umd.cs.findbugs.OpcodeStack$JumpInfoFactory" totalMilliseconds="17" invocations="75" avgMicrosecondsPerInvocation="228" maxMicrosecondsPerInvocation="1833" standardDeviationMicrosecondsPerInvocation="289"/>
      <ClassProfile name="edu.umd.cs.findbugs.classfile.engine.bcel.JavaClassAnalysisEngine" totalMilliseconds="16" invocations="33" avgMicrosecondsPerInvocation="487" maxMicrosecondsPerInvocation="9484" standardDeviationMicrosecondsPerInvocation="1630"/>
      <ClassProfile name="edu.umd.cs.findbugs.util.TopologicalSort" totalMilliseconds="13" invocations="296" avgMicrosecondsPerInvocation="45" maxMicrosecondsPerInvocation="597" standardDeviationMicrosecondsPerInvocation="80"/>
      <ClassProfile name="edu.umd.cs.findbugs.detect.FindNoSideEffectMethods" totalMilliseconds="12" invocations="12" avgMicrosecondsPerInvocation="1078" maxMicrosecondsPerInvocation="4119" standardDeviationMicrosecondsPerInvocation="1184"/>
      <ClassProfile name="edu.umd.cs.findbugs.classfile.engine.bcel.ValueNumberDataflowFactory" totalMilliseconds="12" invocations="5" avgMicrosecondsPerInvocation="2498" maxMicrosecondsPerInvocation="6888" standardDeviationMicrosecondsPerInvocation="2866"/>
      <ClassProfile name="edu.umd.cs.findbugs.classfile.engine.bcel.TypeDataflowFactory" totalMilliseconds="12" invocations="5" avgMicrosecondsPerInvocation="2487" maxMicrosecondsPerInvocation="7805" standardDeviationMicrosecondsPerInvocation="3001"/>
    </FindBugsProfile>
  </FindBugsSummary>
  <ClassFeatures></ClassFeatures>
  <History></History>
</BugCollection>
