<?xml version="1.0" encoding="UTF-8"?>

<BugCollection version="4.7.3" sequence="0" timestamp="1698475158997" analysisTimestamp="1698512095807" release="">
  <Project projectName="">
    <Jar>/mnt/disk3/lty/JLeaks/data/classfile/bug-431-4c7e6d70e626ba2e0814b86fa998190a92e75d60c15dd7820a42762bbd6ace4a.class</Jar>
  </Project>
  <Errors errors="0" missingClasses="77">
    <MissingClass>org.apache.commons.lang3.StringUtils</MissingClass>
    <MissingClass>org.flowable.bpmn.constants.BpmnXMLConstants</MissingClass>
    <MissingClass>org.flowable.bpmn.converter.AssociationXMLConverter</MissingClass>
    <MissingClass>org.flowable.bpmn.converter.BaseBpmnXMLConverter</MissingClass>
    <MissingClass>org.flowable.bpmn.converter.BoundaryEventXMLConverter</MissingClass>
    <MissingClass>org.flowable.bpmn.converter.BusinessRuleTaskXMLConverter</MissingClass>
    <MissingClass>org.flowable.bpmn.converter.CallActivityXMLConverter</MissingClass>
    <MissingClass>org.flowable.bpmn.converter.CatchEventXMLConverter</MissingClass>
    <MissingClass>org.flowable.bpmn.converter.ComplexGatewayXMLConverter</MissingClass>
    <MissingClass>org.flowable.bpmn.converter.DataStoreReferenceXMLConverter</MissingClass>
    <MissingClass>org.flowable.bpmn.converter.EndEventXMLConverter</MissingClass>
    <MissingClass>org.flowable.bpmn.converter.EventGatewayXMLConverter</MissingClass>
    <MissingClass>org.flowable.bpmn.converter.ExclusiveGatewayXMLConverter</MissingClass>
    <MissingClass>org.flowable.bpmn.converter.InclusiveGatewayXMLConverter</MissingClass>
    <MissingClass>org.flowable.bpmn.converter.IndentingXMLStreamWriter</MissingClass>
    <MissingClass>org.flowable.bpmn.converter.ManualTaskXMLConverter</MissingClass>
    <MissingClass>org.flowable.bpmn.converter.ParallelGatewayXMLConverter</MissingClass>
    <MissingClass>org.flowable.bpmn.converter.ReceiveTaskXMLConverter</MissingClass>
    <MissingClass>org.flowable.bpmn.converter.ScriptTaskXMLConverter</MissingClass>
    <MissingClass>org.flowable.bpmn.converter.SendTaskXMLConverter</MissingClass>
    <MissingClass>org.flowable.bpmn.converter.SequenceFlowXMLConverter</MissingClass>
    <MissingClass>org.flowable.bpmn.converter.ServiceTaskXMLConverter</MissingClass>
    <MissingClass>org.flowable.bpmn.converter.StartEventXMLConverter</MissingClass>
    <MissingClass>org.flowable.bpmn.converter.TaskXMLConverter</MissingClass>
    <MissingClass>org.flowable.bpmn.converter.TextAnnotationXMLConverter</MissingClass>
    <MissingClass>org.flowable.bpmn.converter.ThrowEventXMLConverter</MissingClass>
    <MissingClass>org.flowable.bpmn.converter.UserTaskXMLConverter</MissingClass>
    <MissingClass>org.flowable.bpmn.converter.ValuedDataObjectXMLConverter</MissingClass>
    <MissingClass>org.flowable.bpmn.converter.alfresco.AlfrescoStartEventXMLConverter</MissingClass>
    <MissingClass>org.flowable.bpmn.converter.alfresco.AlfrescoUserTaskXMLConverter</MissingClass>
    <MissingClass>org.flowable.bpmn.converter.child.DocumentationParser</MissingClass>
    <MissingClass>org.flowable.bpmn.converter.child.IOSpecificationParser</MissingClass>
    <MissingClass>org.flowable.bpmn.converter.child.MultiInstanceParser</MissingClass>
    <MissingClass>org.flowable.bpmn.converter.export.BPMNDIExport</MissingClass>
    <MissingClass>org.flowable.bpmn.converter.export.CollaborationExport</MissingClass>
    <MissingClass>org.flowable.bpmn.converter.export.DataStoreExport</MissingClass>
    <MissingClass>org.flowable.bpmn.converter.export.DefinitionsRootExport</MissingClass>
    <MissingClass>org.flowable.bpmn.converter.export.FlowableListenerExport</MissingClass>
    <MissingClass>org.flowable.bpmn.converter.export.MultiInstanceExport</MissingClass>
    <MissingClass>org.flowable.bpmn.converter.export.ProcessExport</MissingClass>
    <MissingClass>org.flowable.bpmn.converter.export.SignalAndMessageDefinitionExport</MissingClass>
    <MissingClass>org.flowable.bpmn.converter.parser.BpmnEdgeParser</MissingClass>
    <MissingClass>org.flowable.bpmn.converter.parser.BpmnShapeParser</MissingClass>
    <MissingClass>org.flowable.bpmn.converter.parser.DataStoreParser</MissingClass>
    <MissingClass>org.flowable.bpmn.converter.parser.DefinitionsParser</MissingClass>
    <MissingClass>org.flowable.bpmn.converter.parser.ExtensionElementsParser</MissingClass>
    <MissingClass>org.flowable.bpmn.converter.parser.ImportParser</MissingClass>
    <MissingClass>org.flowable.bpmn.converter.parser.InterfaceParser</MissingClass>
    <MissingClass>org.flowable.bpmn.converter.parser.ItemDefinitionParser</MissingClass>
    <MissingClass>org.flowable.bpmn.converter.parser.LaneParser</MissingClass>
    <MissingClass>org.flowable.bpmn.converter.parser.MessageFlowParser</MissingClass>
    <MissingClass>org.flowable.bpmn.converter.parser.MessageParser</MissingClass>
    <MissingClass>org.flowable.bpmn.converter.parser.ParticipantParser</MissingClass>
    <MissingClass>org.flowable.bpmn.converter.parser.PotentialStarterParser</MissingClass>
    <MissingClass>org.flowable.bpmn.converter.parser.ProcessParser</MissingClass>
    <MissingClass>org.flowable.bpmn.converter.parser.ResourceParser</MissingClass>
    <MissingClass>org.flowable.bpmn.converter.parser.SignalParser</MissingClass>
    <MissingClass>org.flowable.bpmn.converter.parser.SubProcessParser</MissingClass>
    <MissingClass>org.flowable.bpmn.converter.util.BpmnXMLUtil</MissingClass>
    <MissingClass>org.flowable.bpmn.exceptions.XMLException</MissingClass>
    <MissingClass>org.flowable.bpmn.model.Activity</MissingClass>
    <MissingClass>org.flowable.bpmn.model.AdhocSubProcess</MissingClass>
    <MissingClass>org.flowable.bpmn.model.Artifact</MissingClass>
    <MissingClass>org.flowable.bpmn.model.Association</MissingClass>
    <MissingClass>org.flowable.bpmn.model.BaseElement</MissingClass>
    <MissingClass>org.flowable.bpmn.model.BoundaryEvent</MissingClass>
    <MissingClass>org.flowable.bpmn.model.BpmnModel</MissingClass>
    <MissingClass>org.flowable.bpmn.model.FlowElement</MissingClass>
    <MissingClass>org.flowable.bpmn.model.FlowNode</MissingClass>
    <MissingClass>org.flowable.bpmn.model.Pool</MissingClass>
    <MissingClass>org.flowable.bpmn.model.Process</MissingClass>
    <MissingClass>org.flowable.bpmn.model.SequenceFlow</MissingClass>
    <MissingClass>org.flowable.bpmn.model.SubProcess</MissingClass>
    <MissingClass>org.flowable.bpmn.model.TextAnnotation</MissingClass>
    <MissingClass>org.flowable.engine.common.api.io.InputStreamProvider</MissingClass>
    <MissingClass>org.slf4j.Logger</MissingClass>
    <MissingClass>org.slf4j.LoggerFactory</MissingClass>
  </Errors>
  <FindBugsSummary timestamp="Sat, 28 Oct 2023 14:39:18 +0800" total_classes="1" referenced_classes="43" total_bugs="0" total_size="384" num_packages="1" java_version="1.8.0_382" vm_version="25.382-b05" cpu_seconds="10.96" clock_seconds="1.08" peak_mbytes="409.62" alloc_mbytes="1820.50" gc_seconds="0.04">
    <PackageStats package="org.flowable.bpmn.converter" total_bugs="0" total_types="1" total_size="384">
      <ClassStats class="org.flowable.bpmn.converter.BpmnXMLConverter" sourceFile="BpmnXMLConverter.java" interface="false" size="384" bugs="0"/>
    </PackageStats>
    <FindBugsProfile>
      <ClassProfile name="edu.umd.cs.findbugs.classfile.engine.ClassInfoAnalysisEngine" totalMilliseconds="168" invocations="522" avgMicrosecondsPerInvocation="323" maxMicrosecondsPerInvocation="46938" standardDeviationMicrosecondsPerInvocation="2160"/>
      <ClassProfile name="edu.umd.cs.findbugs.classfile.engine.bcel.TypeDataflowFactory" totalMilliseconds="55" invocations="19" avgMicrosecondsPerInvocation="2945" maxMicrosecondsPerInvocation="32437" standardDeviationMicrosecondsPerInvocation="7127"/>
      <ClassProfile name="edu.umd.cs.findbugs.classfile.engine.bcel.IsNullValueDataflowFactory" totalMilliseconds="48" invocations="19" avgMicrosecondsPerInvocation="2568" maxMicrosecondsPerInvocation="26804" standardDeviationMicrosecondsPerInvocation="5929"/>
      <ClassProfile name="edu.umd.cs.findbugs.classfile.engine.bcel.ValueNumberDataflowFactory" totalMilliseconds="41" invocations="19" avgMicrosecondsPerInvocation="2187" maxMicrosecondsPerInvocation="19909" standardDeviationMicrosecondsPerInvocation="4559"/>
      <ClassProfile name="edu.umd.cs.findbugs.classfile.engine.bcel.UnconditionalValueDerefDataflowFactory" totalMilliseconds="36" invocations="19" avgMicrosecondsPerInvocation="1927" maxMicrosecondsPerInvocation="16789" standardDeviationMicrosecondsPerInvocation="3800"/>
      <ClassProfile name="edu.umd.cs.findbugs.OpcodeStack$JumpInfoFactory" totalMilliseconds="31" invocations="130" avgMicrosecondsPerInvocation="244" maxMicrosecondsPerInvocation="1911" standardDeviationMicrosecondsPerInvocation="311"/>
      <ClassProfile name="edu.umd.cs.findbugs.detect.FieldItemSummary" totalMilliseconds="31" invocations="43" avgMicrosecondsPerInvocation="734" maxMicrosecondsPerInvocation="5437" standardDeviationMicrosecondsPerInvocation="1109"/>
      <ClassProfile name="edu.umd.cs.findbugs.detect.FindRefComparison$SpecialTypeAnalysis" totalMilliseconds="27" invocations="16" avgMicrosecondsPerInvocation="1696" maxMicrosecondsPerInvocation="19237" standardDeviationMicrosecondsPerInvocation="4563"/>
      <ClassProfile name="edu.umd.cs.findbugs.classfile.engine.bcel.CFGFactory" totalMilliseconds="24" invocations="19" avgMicrosecondsPerInvocation="1271" maxMicrosecondsPerInvocation="8819" standardDeviationMicrosecondsPerInvocation="2174"/>
      <ClassProfile name="edu.umd.cs.findbugs.detect.FindNoSideEffectMethods" totalMilliseconds="23" invocations="43" avgMicrosecondsPerInvocation="547" maxMicrosecondsPerInvocation="3155" standardDeviationMicrosecondsPerInvocation="774"/>
      <ClassProfile name="edu.umd.cs.findbugs.classfile.engine.bcel.MethodGenFactory" totalMilliseconds="22" invocations="19" avgMicrosecondsPerInvocation="1159" maxMicrosecondsPerInvocation="17349" standardDeviationMicrosecondsPerInvocation="3835"/>
      <ClassProfile name="edu.umd.cs.findbugs.ba.npe.NullDerefAndRedundantComparisonFinder" totalMilliseconds="21" invocations="19" avgMicrosecondsPerInvocation="1147" maxMicrosecondsPerInvocation="9117" standardDeviationMicrosecondsPerInvocation="2026"/>
      <ClassProfile name="edu.umd.cs.findbugs.classfile.engine.bcel.JavaClassAnalysisEngine" totalMilliseconds="19" invocations="154" avgMicrosecondsPerInvocation="128" maxMicrosecondsPerInvocation="8409" standardDeviationMicrosecondsPerInvocation="697"/>
      <ClassProfile name="edu.umd.cs.findbugs.util.TopologicalSort" totalMilliseconds="15" invocations="404" avgMicrosecondsPerInvocation="38" maxMicrosecondsPerInvocation="897" standardDeviationMicrosecondsPerInvocation="76"/>
      <ClassProfile name="edu.umd.cs.findbugs.detect.FindOpenStream" totalMilliseconds="13" invocations="1" avgMicrosecondsPerInvocation="13178" maxMicrosecondsPerInvocation="13178" standardDeviationMicrosecondsPerInvocation="0"/>
      <ClassProfile name="edu.umd.cs.findbugs.classfile.engine.ClassDataAnalysisEngine" totalMilliseconds="12" invocations="525" avgMicrosecondsPerInvocation="23" maxMicrosecondsPerInvocation="435" standardDeviationMicrosecondsPerInvocation="29"/>
      <ClassProfile name="edu.umd.cs.findbugs.detect.OverridingEqualsNotSymmetrical" totalMilliseconds="12" invocations="43" avgMicrosecondsPerInvocation="279" maxMicrosecondsPerInvocation="4744" standardDeviationMicrosecondsPerInvocation="760"/>
      <ClassProfile name="edu.umd.cs.findbugs.detect.NoteDirectlyRelevantTypeQualifiers" totalMilliseconds="11" invocations="43" avgMicrosecondsPerInvocation="278" maxMicrosecondsPerInvocation="3910" standardDeviationMicrosecondsPerInvocation="609"/>
      <ClassProfile name="edu.umd.cs.findbugs.detect.FindReturnRef" totalMilliseconds="11" invocations="1" avgMicrosecondsPerInvocation="11272" maxMicrosecondsPerInvocation="11272" standardDeviationMicrosecondsPerInvocation="0"/>
    </FindBugsProfile>
  </FindBugsSummary>
  <ClassFeatures></ClassFeatures>
  <History></History>
</BugCollection>
