<?xml version="1.0" encoding="UTF-8"?>

<BugCollection version="4.7.3" sequence="0" timestamp="1698475122251" analysisTimestamp="1698508889195" release="">
  <Project projectName="">
    <Jar>/mnt/disk3/lty/JLeaks/data/classfile/bug-118-2b063f6f971888293b9ba32ca9d1b531c5814361c103accca370cdf630ab7dbd.class</Jar>
  </Project>
  <Errors errors="0" missingClasses="27">
    <MissingClass>com.google.common.base.Preconditions</MissingClass>
    <MissingClass>org.apache.commons.logging.Log</MissingClass>
    <MissingClass>org.apache.commons.logging.LogFactory</MissingClass>
    <MissingClass>org.apache.hadoop.conf.Configuration</MissingClass>
    <MissingClass>org.apache.hadoop.fs.FileStatus</MissingClass>
    <MissingClass>org.apache.hadoop.fs.FileSystem</MissingClass>
    <MissingClass>org.apache.hadoop.fs.Path</MissingClass>
    <MissingClass>org.apache.hadoop.hbase.HTableDescriptor</MissingClass>
    <MissingClass>org.apache.hadoop.hbase.RemoteExceptionHandler</MissingClass>
    <MissingClass>org.apache.hadoop.hbase.monitoring.MonitoredTask</MissingClass>
    <MissingClass>org.apache.hadoop.hbase.monitoring.TaskMonitor</MissingClass>
    <MissingClass>org.apache.hadoop.hbase.regionserver.HRegion</MissingClass>
    <MissingClass>org.apache.hadoop.hbase.regionserver.wal.HLog</MissingClass>
    <MissingClass>org.apache.hadoop.hbase.regionserver.wal.HLog$Entry</MissingClass>
    <MissingClass>org.apache.hadoop.hbase.regionserver.wal.HLog$Reader</MissingClass>
    <MissingClass>org.apache.hadoop.hbase.regionserver.wal.HLog$Writer</MissingClass>
    <MissingClass>org.apache.hadoop.hbase.regionserver.wal.HLogKey</MissingClass>
    <MissingClass>org.apache.hadoop.hbase.regionserver.wal.HLogSplitter$CorruptedLogFileException</MissingClass>
    <MissingClass>org.apache.hadoop.hbase.regionserver.wal.HLogSplitter$EntryBuffers</MissingClass>
    <MissingClass>org.apache.hadoop.hbase.regionserver.wal.HLogSplitter$OutputSink</MissingClass>
    <MissingClass>org.apache.hadoop.hbase.regionserver.wal.HLogSplitter$WriterAndPath</MissingClass>
    <MissingClass>org.apache.hadoop.hbase.regionserver.wal.OrphanHLogAfterSplitException</MissingClass>
    <MissingClass>org.apache.hadoop.hbase.util.Bytes</MissingClass>
    <MissingClass>org.apache.hadoop.hbase.util.CancelableProgressable</MissingClass>
    <MissingClass>org.apache.hadoop.hbase.util.EnvironmentEdgeManager</MissingClass>
    <MissingClass>org.apache.hadoop.hbase.util.FSUtils</MissingClass>
    <MissingClass>org.apache.hadoop.hbase.zookeeper.ZKSplitLog</MissingClass>
  </Errors>
  <FindBugsSummary timestamp="Sat, 28 Oct 2023 14:38:42 +0800" total_classes="1" referenced_classes="33" total_bugs="0" total_size="424" num_packages="1" java_version="1.8.0_382" vm_version="25.382-b05" cpu_seconds="73.74" clock_seconds="6.67" peak_mbytes="398.75" alloc_mbytes="1820.50" gc_seconds="0.20">
    <PackageStats package="org.apache.hadoop.hbase.regionserver.wal" total_bugs="0" total_types="1" total_size="424">
      <ClassStats class="org.apache.hadoop.hbase.regionserver.wal.HLogSplitter" sourceFile="HLogSplitter.java" interface="false" size="424" bugs="0"/>
    </PackageStats>
    <FindBugsProfile>
      <ClassProfile name="edu.umd.cs.findbugs.classfile.engine.ClassInfoAnalysisEngine" totalMilliseconds="574" invocations="459" avgMicrosecondsPerInvocation="1251" maxMicrosecondsPerInvocation="82994" standardDeviationMicrosecondsPerInvocation="4223"/>
      <ClassProfile name="edu.umd.cs.findbugs.detect.FieldItemSummary" totalMilliseconds="413" invocations="33" avgMicrosecondsPerInvocation="12529" maxMicrosecondsPerInvocation="220470" standardDeviationMicrosecondsPerInvocation="37652"/>
      <ClassProfile name="edu.umd.cs.findbugs.classfile.engine.bcel.ValueNumberDataflowFactory" totalMilliseconds="410" invocations="36" avgMicrosecondsPerInvocation="11405" maxMicrosecondsPerInvocation="124600" standardDeviationMicrosecondsPerInvocation="26383"/>
      <ClassProfile name="edu.umd.cs.findbugs.classfile.engine.bcel.IsNullValueDataflowFactory" totalMilliseconds="391" invocations="32" avgMicrosecondsPerInvocation="12219" maxMicrosecondsPerInvocation="144239" standardDeviationMicrosecondsPerInvocation="25699"/>
      <ClassProfile name="edu.umd.cs.findbugs.classfile.engine.bcel.TypeDataflowFactory" totalMilliseconds="358" invocations="35" avgMicrosecondsPerInvocation="10242" maxMicrosecondsPerInvocation="88588" standardDeviationMicrosecondsPerInvocation="18914"/>
      <ClassProfile name="edu.umd.cs.findbugs.classfile.engine.bcel.UnconditionalValueDerefDataflowFactory" totalMilliseconds="303" invocations="32" avgMicrosecondsPerInvocation="9481" maxMicrosecondsPerInvocation="126842" standardDeviationMicrosecondsPerInvocation="24125"/>
      <ClassProfile name="edu.umd.cs.findbugs.OpcodeStack$JumpInfoFactory" totalMilliseconds="196" invocations="162" avgMicrosecondsPerInvocation="1210" maxMicrosecondsPerInvocation="18877" standardDeviationMicrosecondsPerInvocation="2223"/>
      <ClassProfile name="edu.umd.cs.findbugs.ba.npe.NullDerefAndRedundantComparisonFinder" totalMilliseconds="187" invocations="32" avgMicrosecondsPerInvocation="5860" maxMicrosecondsPerInvocation="90247" standardDeviationMicrosecondsPerInvocation="15520"/>
      <ClassProfile name="edu.umd.cs.findbugs.classfile.engine.bcel.CFGFactory" totalMilliseconds="155" invocations="32" avgMicrosecondsPerInvocation="4870" maxMicrosecondsPerInvocation="44333" standardDeviationMicrosecondsPerInvocation="8867"/>
      <ClassProfile name="edu.umd.cs.findbugs.detect.FindNoSideEffectMethods" totalMilliseconds="144" invocations="33" avgMicrosecondsPerInvocation="4378" maxMicrosecondsPerInvocation="21376" standardDeviationMicrosecondsPerInvocation="5759"/>
      <ClassProfile name="edu.umd.cs.findbugs.classfile.engine.bcel.MethodGenFactory" totalMilliseconds="124" invocations="32" avgMicrosecondsPerInvocation="3875" maxMicrosecondsPerInvocation="96043" standardDeviationMicrosecondsPerInvocation="16589"/>
      <ClassProfile name="edu.umd.cs.findbugs.detect.FindRefComparison$SpecialTypeAnalysis" totalMilliseconds="118" invocations="30" avgMicrosecondsPerInvocation="3950" maxMicrosecondsPerInvocation="68332" standardDeviationMicrosecondsPerInvocation="12201"/>
      <ClassProfile name="edu.umd.cs.findbugs.classfile.engine.ClassDataAnalysisEngine" totalMilliseconds="100" invocations="463" avgMicrosecondsPerInvocation="217" maxMicrosecondsPerInvocation="3738" standardDeviationMicrosecondsPerInvocation="249"/>
      <ClassProfile name="edu.umd.cs.findbugs.classfile.engine.bcel.JavaClassAnalysisEngine" totalMilliseconds="98" invocations="86" avgMicrosecondsPerInvocation="1143" maxMicrosecondsPerInvocation="48908" standardDeviationMicrosecondsPerInvocation="5315"/>
      <ClassProfile name="edu.umd.cs.findbugs.util.TopologicalSort" totalMilliseconds="87" invocations="392" avgMicrosecondsPerInvocation="223" maxMicrosecondsPerInvocation="5264" standardDeviationMicrosecondsPerInvocation="417"/>
      <ClassProfile name="edu.umd.cs.findbugs.detect.FunctionsThatMightBeMistakenForProcedures" totalMilliseconds="73" invocations="33" avgMicrosecondsPerInvocation="2233" maxMicrosecondsPerInvocation="15544" standardDeviationMicrosecondsPerInvocation="3904"/>
      <ClassProfile name="edu.umd.cs.findbugs.detect.OverridingEqualsNotSymmetrical" totalMilliseconds="69" invocations="33" avgMicrosecondsPerInvocation="2100" maxMicrosecondsPerInvocation="33061" standardDeviationMicrosecondsPerInvocation="5636"/>
      <ClassProfile name="edu.umd.cs.findbugs.detect.NoteDirectlyRelevantTypeQualifiers" totalMilliseconds="68" invocations="33" avgMicrosecondsPerInvocation="2071" maxMicrosecondsPerInvocation="24233" standardDeviationMicrosecondsPerInvocation="4233"/>
      <ClassProfile name="edu.umd.cs.findbugs.detect.FindDeadLocalStores" totalMilliseconds="63" invocations="1" avgMicrosecondsPerInvocation="63632" maxMicrosecondsPerInvocation="63632" standardDeviationMicrosecondsPerInvocation="0"/>
      <ClassProfile name="edu.umd.cs.findbugs.classfile.engine.bcel.ConstantDataflowFactory" totalMilliseconds="59" invocations="32" avgMicrosecondsPerInvocation="1848" maxMicrosecondsPerInvocation="32425" standardDeviationMicrosecondsPerInvocation="5819"/>
      <ClassProfile name="edu.umd.cs.findbugs.ba.npe.TypeQualifierNullnessAnnotationDatabase" totalMilliseconds="53" invocations="2504" avgMicrosecondsPerInvocation="21" maxMicrosecondsPerInvocation="6158" standardDeviationMicrosecondsPerInvocation="170"/>
      <ClassProfile name="edu.umd.cs.findbugs.detect.FindOpenStream" totalMilliseconds="50" invocations="1" avgMicrosecondsPerInvocation="50340" maxMicrosecondsPerInvocation="50340" standardDeviationMicrosecondsPerInvocation="0"/>
    </FindBugsProfile>
  </FindBugsSummary>
  <ClassFeatures></ClassFeatures>
  <History></History>
</BugCollection>
