<?xml version="1.0" encoding="UTF-8"?>

<BugCollection version="4.7.3" sequence="0" timestamp="1698475241874" analysisTimestamp="1698520557945" release="">
  <Project projectName="">
    <Jar>/mnt/disk3/lty/JLeaks/data/classfile/bug-1023-a6290a3ec00ddc92d003f614e895fff9292867d5d71d537dbc77094bcab5b454.class</Jar>
  </Project>
  <Errors errors="0" missingClasses="6">
    <MissingClass>fitnesse.junit.JavaFormatter$ResultsRepository</MissingClass>
    <MissingClass>fitnesse.junit.JavaFormatter$TestResultsSummaryTable</MissingClass>
    <MissingClass>fitnesse.reporting.BaseFormatter</MissingClass>
    <MissingClass>fitnesse.testrunner.WikiTestPage</MissingClass>
    <MissingClass>fitnesse.testsystems.TestPage</MissingClass>
    <MissingClass>fitnesse.testsystems.TestSummary</MissingClass>
  </Errors>
  <FindBugsSummary timestamp="Sat, 28 Oct 2023 14:40:41 +0800" total_classes="1" referenced_classes="18" total_bugs="0" total_size="51" num_packages="1" java_version="1.8.0_382" vm_version="25.382-b05" cpu_seconds="5.49" clock_seconds="0.64" peak_mbytes="382.73" alloc_mbytes="1820.50" gc_seconds="0.04">
    <PackageStats package="fitnesse.junit" total_bugs="0" total_types="1" total_size="51">
      <ClassStats class="fitnesse.junit.JavaFormatter" sourceFile="JavaFormatter.java" interface="false" size="51" bugs="0"/>
    </PackageStats>
    <FindBugsProfile>
      <ClassProfile name="edu.umd.cs.findbugs.classfile.engine.ClassInfoAnalysisEngine" totalMilliseconds="146" invocations="351" avgMicrosecondsPerInvocation="416" maxMicrosecondsPerInvocation="41308" standardDeviationMicrosecondsPerInvocation="2313"/>
      <ClassProfile name="edu.umd.cs.findbugs.detect.FieldItemSummary" totalMilliseconds="20" invocations="18" avgMicrosecondsPerInvocation="1137" maxMicrosecondsPerInvocation="6296" standardDeviationMicrosecondsPerInvocation="1649"/>
      <ClassProfile name="edu.umd.cs.findbugs.OpcodeStack$JumpInfoFactory" totalMilliseconds="20" invocations="100" avgMicrosecondsPerInvocation="204" maxMicrosecondsPerInvocation="1659" standardDeviationMicrosecondsPerInvocation="259"/>
      <ClassProfile name="edu.umd.cs.findbugs.classfile.engine.bcel.MethodGenFactory" totalMilliseconds="19" invocations="12" avgMicrosecondsPerInvocation="1607" maxMicrosecondsPerInvocation="17972" standardDeviationMicrosecondsPerInvocation="4937"/>
      <ClassProfile name="edu.umd.cs.findbugs.classfile.engine.bcel.JavaClassAnalysisEngine" totalMilliseconds="14" invocations="45" avgMicrosecondsPerInvocation="330" maxMicrosecondsPerInvocation="8363" standardDeviationMicrosecondsPerInvocation="1248"/>
      <ClassProfile name="edu.umd.cs.findbugs.detect.FindNoSideEffectMethods" totalMilliseconds="14" invocations="18" avgMicrosecondsPerInvocation="780" maxMicrosecondsPerInvocation="3754" standardDeviationMicrosecondsPerInvocation="1108"/>
      <ClassProfile name="edu.umd.cs.findbugs.util.TopologicalSort" totalMilliseconds="13" invocations="309" avgMicrosecondsPerInvocation="44" maxMicrosecondsPerInvocation="630" standardDeviationMicrosecondsPerInvocation="81"/>
      <ClassProfile name="edu.umd.cs.findbugs.classfile.engine.bcel.ValueNumberDataflowFactory" totalMilliseconds="11" invocations="12" avgMicrosecondsPerInvocation="950" maxMicrosecondsPerInvocation="7753" standardDeviationMicrosecondsPerInvocation="2079"/>
    </FindBugsProfile>
  </FindBugsSummary>
  <ClassFeatures></ClassFeatures>
  <History></History>
</BugCollection>
