<?xml version="1.0" encoding="UTF-8"?>

<BugCollection version="4.7.3" sequence="0" timestamp="1698475147234" analysisTimestamp="1698511508591" release="">
  <Project projectName="">
    <Jar>/mnt/disk3/lty/JLeaks/data/classfile/bug-335-c7dbd51a40e739531adfc98f47e4ba605ddb28f6a30700afbc3691e4c271a3f0.class</Jar>
  </Project>
  <Errors errors="0" missingClasses="11">
    <MissingClass>com.github.dockerjava.api.command.BuildImageCmd</MissingClass>
    <MissingClass>com.github.dockerjava.api.command.DockerCmd</MissingClass>
    <MissingClass>com.github.dockerjava.jaxrs.AbstrDockerCmdExec</MissingClass>
    <MissingClass>com.github.dockerjava.jaxrs.BuildImageCmdExec$ResponseImpl</MissingClass>
    <MissingClass>javax.ws.rs.client.Entity</MissingClass>
    <MissingClass>javax.ws.rs.client.Invocation$Builder</MissingClass>
    <MissingClass>javax.ws.rs.client.WebTarget</MissingClass>
    <MissingClass>javax.ws.rs.core.Response</MissingClass>
    <MissingClass>org.glassfish.jersey.client.RequestEntityProcessing</MissingClass>
    <MissingClass>org.slf4j.Logger</MissingClass>
    <MissingClass>org.slf4j.LoggerFactory</MissingClass>
  </Errors>
  <FindBugsSummary timestamp="Sat, 28 Oct 2023 14:39:07 +0800" total_classes="1" referenced_classes="6" total_bugs="0" total_size="28" num_packages="1" java_version="1.8.0_382" vm_version="25.382-b05" cpu_seconds="4.62" clock_seconds="0.59" peak_mbytes="392.60" alloc_mbytes="1820.50" gc_seconds="0.04">
    <PackageStats package="com.github.dockerjava.jaxrs" total_bugs="0" total_types="1" total_size="28">
      <ClassStats class="com.github.dockerjava.jaxrs.BuildImageCmdExec" sourceFile="BuildImageCmdExec.java" interface="false" size="28" bugs="0"/>
    </PackageStats>
    <FindBugsProfile>
      <ClassProfile name="edu.umd.cs.findbugs.classfile.engine.ClassInfoAnalysisEngine" totalMilliseconds="102" invocations="310" avgMicrosecondsPerInvocation="330" maxMicrosecondsPerInvocation="10015" standardDeviationMicrosecondsPerInvocation="829"/>
      <ClassProfile name="edu.umd.cs.findbugs.detect.NoteAnnotationRetention" totalMilliseconds="42" invocations="6" avgMicrosecondsPerInvocation="7023" maxMicrosecondsPerInvocation="41785" standardDeviationMicrosecondsPerInvocation="15546"/>
      <ClassProfile name="edu.umd.cs.findbugs.detect.FieldItemSummary" totalMilliseconds="17" invocations="6" avgMicrosecondsPerInvocation="2977" maxMicrosecondsPerInvocation="6590" standardDeviationMicrosecondsPerInvocation="2418"/>
      <ClassProfile name="edu.umd.cs.findbugs.OpcodeStack$JumpInfoFactory" totalMilliseconds="17" invocations="58" avgMicrosecondsPerInvocation="305" maxMicrosecondsPerInvocation="1574" standardDeviationMicrosecondsPerInvocation="329"/>
      <ClassProfile name="edu.umd.cs.findbugs.classfile.engine.bcel.MethodGenFactory" totalMilliseconds="16" invocations="4" avgMicrosecondsPerInvocation="4197" maxMicrosecondsPerInvocation="15829" standardDeviationMicrosecondsPerInvocation="6724"/>
      <ClassProfile name="edu.umd.cs.findbugs.classfile.engine.bcel.JavaClassAnalysisEngine" totalMilliseconds="14" invocations="28" avgMicrosecondsPerInvocation="501" maxMicrosecondsPerInvocation="8328" standardDeviationMicrosecondsPerInvocation="1556"/>
      <ClassProfile name="edu.umd.cs.findbugs.util.TopologicalSort" totalMilliseconds="12" invocations="263" avgMicrosecondsPerInvocation="49" maxMicrosecondsPerInvocation="635" standardDeviationMicrosecondsPerInvocation="89"/>
    </FindBugsProfile>
  </FindBugsSummary>
  <ClassFeatures></ClassFeatures>
  <History></History>
</BugCollection>
