<?xml version="1.0" encoding="UTF-8"?>

<BugCollection version="4.7.3" sequence="0" timestamp="1698475193440" analysisTimestamp="1698513612883" release="">
  <Project projectName="">
    <Jar>/mnt/disk3/lty/JLeaks/data/classfile/bug-693-e0e7a271da63c90daf0e79c1a29bd0499987b76a7fc5d74a3ce471fcd0f0fd70.class</Jar>
  </Project>
  <Errors errors="0" missingClasses="8">
    <MissingClass>liquibase.changelog.ChangeSet</MissingClass>
    <MissingClass>liquibase.changelog.DatabaseChangeLog</MissingClass>
    <MissingClass>liquibase.configuration.GlobalConfiguration</MissingClass>
    <MissingClass>liquibase.configuration.LiquibaseConfiguration</MissingClass>
    <MissingClass>liquibase.logging.LogFactory</MissingClass>
    <MissingClass>liquibase.logging.Logger</MissingClass>
    <MissingClass>liquibase.resource.ResourceAccessor</MissingClass>
    <MissingClass>liquibase.resource.UtfBomAwareReader</MissingClass>
  </Errors>
  <FindBugsSummary timestamp="Sat, 28 Oct 2023 14:39:53 +0800" total_classes="1" referenced_classes="21" total_bugs="0" total_size="109" num_packages="1" java_version="1.8.0_382" vm_version="25.382-b05" cpu_seconds="6.33" clock_seconds="0.73" peak_mbytes="385.15" alloc_mbytes="1820.50" gc_seconds="0.04">
    <PackageStats package="liquibase.util" total_bugs="0" total_types="1" total_size="109">
      <ClassStats class="liquibase.util.StreamUtil" sourceFile="StreamUtil.java" interface="false" size="109" bugs="0"/>
    </PackageStats>
    <FindBugsProfile>
      <ClassProfile name="edu.umd.cs.findbugs.classfile.engine.ClassInfoAnalysisEngine" totalMilliseconds="106" invocations="354" avgMicrosecondsPerInvocation="300" maxMicrosecondsPerInvocation="10191" standardDeviationMicrosecondsPerInvocation="748"/>
      <ClassProfile name="edu.umd.cs.findbugs.detect.FunctionsThatMightBeMistakenForProcedures" totalMilliseconds="49" invocations="21" avgMicrosecondsPerInvocation="2369" maxMicrosecondsPerInvocation="44402" standardDeviationMicrosecondsPerInvocation="9407"/>
      <ClassProfile name="edu.umd.cs.findbugs.detect.FieldItemSummary" totalMilliseconds="23" invocations="21" avgMicrosecondsPerInvocation="1109" maxMicrosecondsPerInvocation="6395" standardDeviationMicrosecondsPerInvocation="1601"/>
      <ClassProfile name="edu.umd.cs.findbugs.classfile.engine.bcel.MethodGenFactory" totalMilliseconds="19" invocations="15" avgMicrosecondsPerInvocation="1333" maxMicrosecondsPerInvocation="17671" standardDeviationMicrosecondsPerInvocation="4368"/>
      <ClassProfile name="edu.umd.cs.findbugs.classfile.engine.bcel.IsNullValueDataflowFactory" totalMilliseconds="19" invocations="15" avgMicrosecondsPerInvocation="1331" maxMicrosecondsPerInvocation="6888" standardDeviationMicrosecondsPerInvocation="1948"/>
      <ClassProfile name="edu.umd.cs.findbugs.classfile.engine.bcel.TypeDataflowFactory" totalMilliseconds="17" invocations="15" avgMicrosecondsPerInvocation="1148" maxMicrosecondsPerInvocation="4809" standardDeviationMicrosecondsPerInvocation="1389"/>
      <ClassProfile name="edu.umd.cs.findbugs.OpcodeStack$JumpInfoFactory" totalMilliseconds="16" invocations="86" avgMicrosecondsPerInvocation="193" maxMicrosecondsPerInvocation="1525" standardDeviationMicrosecondsPerInvocation="241"/>
      <ClassProfile name="edu.umd.cs.findbugs.classfile.engine.bcel.JavaClassAnalysisEngine" totalMilliseconds="16" invocations="47" avgMicrosecondsPerInvocation="343" maxMicrosecondsPerInvocation="8821" standardDeviationMicrosecondsPerInvocation="1289"/>
      <ClassProfile name="edu.umd.cs.findbugs.classfile.engine.bcel.ValueNumberDataflowFactory" totalMilliseconds="15" invocations="15" avgMicrosecondsPerInvocation="1055" maxMicrosecondsPerInvocation="6715" standardDeviationMicrosecondsPerInvocation="1649"/>
      <ClassProfile name="edu.umd.cs.findbugs.detect.FindNoSideEffectMethods" totalMilliseconds="14" invocations="21" avgMicrosecondsPerInvocation="704" maxMicrosecondsPerInvocation="3561" standardDeviationMicrosecondsPerInvocation="879"/>
      <ClassProfile name="edu.umd.cs.findbugs.util.TopologicalSort" totalMilliseconds="14" invocations="312" avgMicrosecondsPerInvocation="45" maxMicrosecondsPerInvocation="614" standardDeviationMicrosecondsPerInvocation="80"/>
      <ClassProfile name="edu.umd.cs.findbugs.classfile.engine.bcel.CFGFactory" totalMilliseconds="13" invocations="15" avgMicrosecondsPerInvocation="916" maxMicrosecondsPerInvocation="6754" standardDeviationMicrosecondsPerInvocation="1635"/>
      <ClassProfile name="edu.umd.cs.findbugs.classfile.engine.bcel.UnconditionalValueDerefDataflowFactory" totalMilliseconds="13" invocations="15" avgMicrosecondsPerInvocation="914" maxMicrosecondsPerInvocation="5759" standardDeviationMicrosecondsPerInvocation="1433"/>
    </FindBugsProfile>
  </FindBugsSummary>
  <ClassFeatures></ClassFeatures>
  <History></History>
</BugCollection>
