<?xml version="1.0" encoding="UTF-8"?>

<BugCollection version="4.7.3" sequence="0" timestamp="1698475185184" analysisTimestamp="1698513129181" release="">
  <Project projectName="">
    <Jar>/mnt/disk3/lty/JLeaks/data/classfile/bug-633-79c9ad1fa42622f46cd7bd303bca236b16e5b3bc8c00d07c73adb24a6d74c8c6.class</Jar>
  </Project>
  <Errors errors="0" missingClasses="14">
    <MissingClass>org.jsoup.UncheckedIOException</MissingClass>
    <MissingClass>org.jsoup.helper.DataUtil$BomCharset</MissingClass>
    <MissingClass>org.jsoup.helper.Validate</MissingClass>
    <MissingClass>org.jsoup.internal.ConstrainableInputStream</MissingClass>
    <MissingClass>org.jsoup.internal.Normalizer</MissingClass>
    <MissingClass>org.jsoup.internal.StringUtil</MissingClass>
    <MissingClass>org.jsoup.nodes.Comment</MissingClass>
    <MissingClass>org.jsoup.nodes.Document</MissingClass>
    <MissingClass>org.jsoup.nodes.Document$OutputSettings</MissingClass>
    <MissingClass>org.jsoup.nodes.Element</MissingClass>
    <MissingClass>org.jsoup.nodes.Node</MissingClass>
    <MissingClass>org.jsoup.nodes.XmlDeclaration</MissingClass>
    <MissingClass>org.jsoup.parser.Parser</MissingClass>
    <MissingClass>org.jsoup.select.Elements</MissingClass>
  </Errors>
  <FindBugsSummary timestamp="Sat, 28 Oct 2023 14:39:45 +0800" total_classes="1" referenced_classes="32" total_bugs="0" total_size="144" num_packages="1" java_version="1.8.0_382" vm_version="25.382-b05" cpu_seconds="8.28" clock_seconds="0.87" peak_mbytes="397.53" alloc_mbytes="1820.50" gc_seconds="0.04">
    <PackageStats package="org.jsoup.helper" total_bugs="0" total_types="1" total_size="144">
      <ClassStats class="org.jsoup.helper.DataUtil" sourceFile="DataUtil.java" interface="false" size="144" bugs="0"/>
    </PackageStats>
    <FindBugsProfile>
      <ClassProfile name="edu.umd.cs.findbugs.classfile.engine.ClassInfoAnalysisEngine" totalMilliseconds="122" invocations="540" avgMicrosecondsPerInvocation="227" maxMicrosecondsPerInvocation="12357" standardDeviationMicrosecondsPerInvocation="673"/>
      <ClassProfile name="edu.umd.cs.findbugs.detect.BuildStringPassthruGraph" totalMilliseconds="49" invocations="32" avgMicrosecondsPerInvocation="1543" maxMicrosecondsPerInvocation="41970" standardDeviationMicrosecondsPerInvocation="7274"/>
      <ClassProfile name="edu.umd.cs.findbugs.detect.FieldItemSummary" totalMilliseconds="34" invocations="32" avgMicrosecondsPerInvocation="1083" maxMicrosecondsPerInvocation="6368" standardDeviationMicrosecondsPerInvocation="1498"/>
      <ClassProfile name="edu.umd.cs.findbugs.OpcodeStack$JumpInfoFactory" totalMilliseconds="30" invocations="158" avgMicrosecondsPerInvocation="191" maxMicrosecondsPerInvocation="1670" standardDeviationMicrosecondsPerInvocation="241"/>
      <ClassProfile name="edu.umd.cs.findbugs.detect.FindNoSideEffectMethods" totalMilliseconds="25" invocations="32" avgMicrosecondsPerInvocation="801" maxMicrosecondsPerInvocation="3720" standardDeviationMicrosecondsPerInvocation="896"/>
      <ClassProfile name="edu.umd.cs.findbugs.classfile.engine.bcel.IsNullValueDataflowFactory" totalMilliseconds="22" invocations="13" avgMicrosecondsPerInvocation="1737" maxMicrosecondsPerInvocation="9574" standardDeviationMicrosecondsPerInvocation="2950"/>
      <ClassProfile name="edu.umd.cs.findbugs.classfile.engine.bcel.JavaClassAnalysisEngine" totalMilliseconds="19" invocations="85" avgMicrosecondsPerInvocation="233" maxMicrosecondsPerInvocation="8516" standardDeviationMicrosecondsPerInvocation="943"/>
      <ClassProfile name="edu.umd.cs.findbugs.classfile.engine.bcel.ValueNumberDataflowFactory" totalMilliseconds="18" invocations="13" avgMicrosecondsPerInvocation="1435" maxMicrosecondsPerInvocation="6339" standardDeviationMicrosecondsPerInvocation="1954"/>
      <ClassProfile name="edu.umd.cs.findbugs.classfile.engine.bcel.TypeDataflowFactory" totalMilliseconds="18" invocations="13" avgMicrosecondsPerInvocation="1430" maxMicrosecondsPerInvocation="6988" standardDeviationMicrosecondsPerInvocation="1974"/>
      <ClassProfile name="edu.umd.cs.findbugs.classfile.engine.bcel.MethodGenFactory" totalMilliseconds="18" invocations="13" avgMicrosecondsPerInvocation="1427" maxMicrosecondsPerInvocation="15204" standardDeviationMicrosecondsPerInvocation="3989"/>
      <ClassProfile name="edu.umd.cs.findbugs.classfile.engine.bcel.UnconditionalValueDerefDataflowFactory" totalMilliseconds="16" invocations="13" avgMicrosecondsPerInvocation="1249" maxMicrosecondsPerInvocation="8550" standardDeviationMicrosecondsPerInvocation="2243"/>
      <ClassProfile name="edu.umd.cs.findbugs.util.TopologicalSort" totalMilliseconds="15" invocations="492" avgMicrosecondsPerInvocation="32" maxMicrosecondsPerInvocation="659" standardDeviationMicrosecondsPerInvocation="69"/>
      <ClassProfile name="edu.umd.cs.findbugs.classfile.engine.bcel.CFGFactory" totalMilliseconds="15" invocations="13" avgMicrosecondsPerInvocation="1156" maxMicrosecondsPerInvocation="6739" standardDeviationMicrosecondsPerInvocation="1782"/>
      <ClassProfile name="edu.umd.cs.findbugs.detect.NoteDirectlyRelevantTypeQualifiers" totalMilliseconds="13" invocations="32" avgMicrosecondsPerInvocation="429" maxMicrosecondsPerInvocation="4597" standardDeviationMicrosecondsPerInvocation="820"/>
      <ClassProfile name="edu.umd.cs.findbugs.classfile.engine.ClassDataAnalysisEngine" totalMilliseconds="12" invocations="546" avgMicrosecondsPerInvocation="22" maxMicrosecondsPerInvocation="649" standardDeviationMicrosecondsPerInvocation="35"/>
      <ClassProfile name="edu.umd.cs.findbugs.detect.OverridingEqualsNotSymmetrical" totalMilliseconds="11" invocations="32" avgMicrosecondsPerInvocation="355" maxMicrosecondsPerInvocation="6493" standardDeviationMicrosecondsPerInvocation="1114"/>
      <ClassProfile name="edu.umd.cs.findbugs.detect.FunctionsThatMightBeMistakenForProcedures" totalMilliseconds="11" invocations="32" avgMicrosecondsPerInvocation="355" maxMicrosecondsPerInvocation="3466" standardDeviationMicrosecondsPerInvocation="654"/>
    </FindBugsProfile>
  </FindBugsSummary>
  <ClassFeatures></ClassFeatures>
  <History></History>
</BugCollection>
