<?xml version="1.0" encoding="UTF-8"?>

<BugCollection version="4.7.3" sequence="0" timestamp="1698475185896" analysisTimestamp="1698513147343" release="">
  <Project projectName="">
    <Jar>/mnt/disk3/lty/JLeaks/data/classfile/bug-638-c8041865659abccc73ca2928fcbe5cda1ca46f971b890c79ceae3592b6065996.class</Jar>
  </Project>
  <BugInstance type="OS_OPEN_STREAM_EXCEPTION_PATH" priority="3" rank="19" abbrev="OS" category="BAD_PRACTICE">
    <Class classname="org.joda.time.tz.ZoneInfoCompiler">
      <SourceLine classname="org.joda.time.tz.ZoneInfoCompiler" start="81" end="556" sourcefile="ZoneInfoCompiler.java" sourcepath="org/joda/time/tz/ZoneInfoCompiler.java"/>
    </Class>
    <Method classname="org.joda.time.tz.ZoneInfoCompiler" name="compile" signature="(Ljava/io/File;[Ljava/io/File;)Ljava/util/Map;" isStatic="false">
      <SourceLine classname="org.joda.time.tz.ZoneInfoCompiler" start="359" end="458" startBytecode="0" endBytecode="361" sourcefile="ZoneInfoCompiler.java" sourcepath="org/joda/time/tz/ZoneInfoCompiler.java"/>
    </Method>
    <Type descriptor="Ljava/io/Reader;" role="TYPE_CLOSEIT">
      <SourceLine classname="java.io.Reader" start="66" end="249" sourcefile="Reader.java" sourcepath="java/io/Reader.java"/>
    </Type>
    <SourceLine classname="org.joda.time.tz.ZoneInfoCompiler" start="361" end="361" startBytecode="12" endBytecode="12" sourcefile="ZoneInfoCompiler.java" sourcepath="org/joda/time/tz/ZoneInfoCompiler.java"/>
  </BugInstance>
  <BugInstance type="OS_OPEN_STREAM_EXCEPTION_PATH" priority="3" rank="19" abbrev="OS" category="BAD_PRACTICE">
    <Class classname="org.joda.time.tz.ZoneInfoCompiler">
      <SourceLine classname="org.joda.time.tz.ZoneInfoCompiler" start="81" end="556" sourcefile="ZoneInfoCompiler.java" sourcepath="org/joda/time/tz/ZoneInfoCompiler.java"/>
    </Class>
    <Method classname="org.joda.time.tz.ZoneInfoCompiler" name="writeZone" signature="(Ljava/io/File;Lorg/joda/time/tz/DateTimeZoneBuilder;Lorg/joda/time/DateTimeZone;)V" isStatic="false">
      <SourceLine classname="org.joda.time.tz.ZoneInfoCompiler" start="462" end="485" startBytecode="0" endBytecode="75" sourcefile="ZoneInfoCompiler.java" sourcepath="org/joda/time/tz/ZoneInfoCompiler.java"/>
    </Method>
    <Type descriptor="Ljava/io/InputStream;" role="TYPE_CLOSEIT">
      <SourceLine classname="java.io.InputStream" start="45" end="364" sourcefile="InputStream.java" sourcepath="java/io/InputStream.java"/>
    </Type>
    <SourceLine classname="org.joda.time.tz.ZoneInfoCompiler" start="477" end="477" startBytecode="107" endBytecode="107" sourcefile="ZoneInfoCompiler.java" sourcepath="org/joda/time/tz/ZoneInfoCompiler.java"/>
  </BugInstance>
  <Errors errors="0" missingClasses="14">
    <MissingClass>org.joda.time.DateTime</MissingClass>
    <MissingClass>org.joda.time.DateTimeField</MissingClass>
    <MissingClass>org.joda.time.DateTimeZone</MissingClass>
    <MissingClass>org.joda.time.MutableDateTime</MissingClass>
    <MissingClass>org.joda.time.chrono.ISOChronology</MissingClass>
    <MissingClass>org.joda.time.chrono.LenientChronology</MissingClass>
    <MissingClass>org.joda.time.format.DateTimeFormatter</MissingClass>
    <MissingClass>org.joda.time.format.ISODateTimeFormat</MissingClass>
    <MissingClass>org.joda.time.tz.DateTimeZoneBuilder</MissingClass>
    <MissingClass>org.joda.time.tz.ZoneInfoCompiler$DateTimeOfYear</MissingClass>
    <MissingClass>org.joda.time.tz.ZoneInfoCompiler$Rule</MissingClass>
    <MissingClass>org.joda.time.tz.ZoneInfoCompiler$RuleSet</MissingClass>
    <MissingClass>org.joda.time.tz.ZoneInfoCompiler$Zone</MissingClass>
    <MissingClass>org.joda.time.tz.ZoneInfoLogger</MissingClass>
  </Errors>
  <FindBugsSummary timestamp="Sat, 28 Oct 2023 14:39:45 +0800" total_classes="1" referenced_classes="40" total_bugs="2" total_size="294" num_packages="1" java_version="1.8.0_382" vm_version="25.382-b05" cpu_seconds="10.18" clock_seconds="1.04" peak_mbytes="389.11" alloc_mbytes="1820.50" gc_seconds="0.04" priority_3="2">
    <PackageStats package="org.joda.time.tz" total_bugs="2" total_types="1" total_size="294" priority_3="2">
      <ClassStats class="org.joda.time.tz.ZoneInfoCompiler" sourceFile="ZoneInfoCompiler.java" interface="false" size="294" bugs="2" priority_3="2"/>
    </PackageStats>
    <FindBugsProfile>
      <ClassProfile name="edu.umd.cs.findbugs.classfile.engine.ClassInfoAnalysisEngine" totalMilliseconds="120" invocations="479" avgMicrosecondsPerInvocation="252" maxMicrosecondsPerInvocation="11218" standardDeviationMicrosecondsPerInvocation="676"/>
      <ClassProfile name="edu.umd.cs.findbugs.detect.NoteDirectlyRelevantTypeQualifiers" totalMilliseconds="58" invocations="40" avgMicrosecondsPerInvocation="1450" maxMicrosecondsPerInvocation="44001" standardDeviationMicrosecondsPerInvocation="6853"/>
      <ClassProfile name="edu.umd.cs.findbugs.classfile.engine.bcel.IsNullValueDataflowFactory" totalMilliseconds="38" invocations="16" avgMicrosecondsPerInvocation="2403" maxMicrosecondsPerInvocation="16370" standardDeviationMicrosecondsPerInvocation="3943"/>
      <ClassProfile name="edu.umd.cs.findbugs.detect.FieldItemSummary" totalMilliseconds="37" invocations="40" avgMicrosecondsPerInvocation="948" maxMicrosecondsPerInvocation="6623" standardDeviationMicrosecondsPerInvocation="1364"/>
      <ClassProfile name="edu.umd.cs.findbugs.classfile.engine.bcel.TypeDataflowFactory" totalMilliseconds="34" invocations="16" avgMicrosecondsPerInvocation="2171" maxMicrosecondsPerInvocation="13592" standardDeviationMicrosecondsPerInvocation="3529"/>
      <ClassProfile name="edu.umd.cs.findbugs.classfile.engine.bcel.ValueNumberDataflowFactory" totalMilliseconds="34" invocations="16" avgMicrosecondsPerInvocation="2151" maxMicrosecondsPerInvocation="13009" standardDeviationMicrosecondsPerInvocation="3681"/>
      <ClassProfile name="edu.umd.cs.findbugs.OpcodeStack$JumpInfoFactory" totalMilliseconds="31" invocations="167" avgMicrosecondsPerInvocation="187" maxMicrosecondsPerInvocation="1660" standardDeviationMicrosecondsPerInvocation="235"/>
      <ClassProfile name="edu.umd.cs.findbugs.detect.FindNoSideEffectMethods" totalMilliseconds="29" invocations="40" avgMicrosecondsPerInvocation="727" maxMicrosecondsPerInvocation="4022" standardDeviationMicrosecondsPerInvocation="899"/>
      <ClassProfile name="edu.umd.cs.findbugs.classfile.engine.bcel.UnconditionalValueDerefDataflowFactory" totalMilliseconds="27" invocations="16" avgMicrosecondsPerInvocation="1729" maxMicrosecondsPerInvocation="8004" standardDeviationMicrosecondsPerInvocation="2513"/>
      <ClassProfile name="edu.umd.cs.findbugs.detect.StreamResourceTracker" totalMilliseconds="24" invocations="24" avgMicrosecondsPerInvocation="1008" maxMicrosecondsPerInvocation="2267" standardDeviationMicrosecondsPerInvocation="726"/>
      <ClassProfile name="edu.umd.cs.findbugs.classfile.engine.bcel.MethodGenFactory" totalMilliseconds="20" invocations="16" avgMicrosecondsPerInvocation="1305" maxMicrosecondsPerInvocation="17618" standardDeviationMicrosecondsPerInvocation="4215"/>
      <ClassProfile name="edu.umd.cs.findbugs.classfile.engine.bcel.JavaClassAnalysisEngine" totalMilliseconds="20" invocations="79" avgMicrosecondsPerInvocation="255" maxMicrosecondsPerInvocation="8540" standardDeviationMicrosecondsPerInvocation="973"/>
      <ClassProfile name="edu.umd.cs.findbugs.classfile.engine.bcel.CFGFactory" totalMilliseconds="19" invocations="16" avgMicrosecondsPerInvocation="1224" maxMicrosecondsPerInvocation="9289" standardDeviationMicrosecondsPerInvocation="2190"/>
      <ClassProfile name="edu.umd.cs.findbugs.detect.FindOpenStream" totalMilliseconds="17" invocations="1" avgMicrosecondsPerInvocation="17143" maxMicrosecondsPerInvocation="17143" standardDeviationMicrosecondsPerInvocation="0"/>
      <ClassProfile name="edu.umd.cs.findbugs.ba.npe.NullDerefAndRedundantComparisonFinder" totalMilliseconds="15" invocations="16" avgMicrosecondsPerInvocation="965" maxMicrosecondsPerInvocation="4448" standardDeviationMicrosecondsPerInvocation="1209"/>
      <ClassProfile name="edu.umd.cs.findbugs.detect.FindRefComparison$SpecialTypeAnalysis" totalMilliseconds="15" invocations="15" avgMicrosecondsPerInvocation="1020" maxMicrosecondsPerInvocation="4502" standardDeviationMicrosecondsPerInvocation="1418"/>
      <ClassProfile name="edu.umd.cs.findbugs.util.TopologicalSort" totalMilliseconds="15" invocations="430" avgMicrosecondsPerInvocation="34" maxMicrosecondsPerInvocation="607" standardDeviationMicrosecondsPerInvocation="66"/>
      <ClassProfile name="edu.umd.cs.findbugs.detect.OverridingEqualsNotSymmetrical" totalMilliseconds="12" invocations="40" avgMicrosecondsPerInvocation="318" maxMicrosecondsPerInvocation="6551" standardDeviationMicrosecondsPerInvocation="1014"/>
      <ClassProfile name="edu.umd.cs.findbugs.detect.FunctionsThatMightBeMistakenForProcedures" totalMilliseconds="12" invocations="40" avgMicrosecondsPerInvocation="311" maxMicrosecondsPerInvocation="3238" standardDeviationMicrosecondsPerInvocation="584"/>
      <ClassProfile name="edu.umd.cs.findbugs.classfile.engine.ClassDataAnalysisEngine" totalMilliseconds="11" invocations="481" avgMicrosecondsPerInvocation="23" maxMicrosecondsPerInvocation="439" standardDeviationMicrosecondsPerInvocation="30"/>
    </FindBugsProfile>
  </FindBugsSummary>
  <ClassFeatures></ClassFeatures>
  <History></History>
</BugCollection>
