<?xml version="1.0" encoding="UTF-8"?>

<BugCollection version="4.7.3" sequence="0" timestamp="1698475242194" analysisTimestamp="1698520564429" release="">
  <Project projectName="">
    <Jar>/mnt/disk3/lty/JLeaks/data/classfile/bug-1025-b57b6a39dcbb15d953df5745e8c76e16257cafb8294b9fa4828f85b0405112c4.class</Jar>
  </Project>
  <BugInstance type="OS_OPEN_STREAM_EXCEPTION_PATH" priority="3" rank="19" abbrev="OS" category="BAD_PRACTICE">
    <Class classname="util.FileUtil">
      <SourceLine classname="util.FileUtil" start="8" end="250" sourcefile="FileUtil.java" sourcepath="util/FileUtil.java"/>
    </Class>
    <Method classname="util.FileUtil" name="getFileLines" signature="(Ljava/io/File;)Ljava/util/LinkedList;" isStatic="true">
      <SourceLine classname="util.FileUtil" start="142" end="149" startBytecode="0" endBytecode="25" sourcefile="FileUtil.java" sourcepath="util/FileUtil.java"/>
    </Method>
    <Type descriptor="Ljava/io/Reader;" role="TYPE_CLOSEIT">
      <SourceLine classname="java.io.Reader" start="66" end="249" sourcefile="Reader.java" sourcepath="java/io/Reader.java"/>
    </Type>
    <SourceLine classname="util.FileUtil" start="143" end="143" startBytecode="8" endBytecode="8" sourcefile="FileUtil.java" sourcepath="util/FileUtil.java"/>
  </BugInstance>
  <Errors errors="0" missingClasses="1">
    <MissingClass>util.StreamReader</MissingClass>
  </Errors>
  <FindBugsSummary timestamp="Sat, 28 Oct 2023 14:40:42 +0800" total_classes="1" referenced_classes="37" total_bugs="1" total_size="167" num_packages="1" java_version="1.8.0_382" vm_version="25.382-b05" cpu_seconds="8.71" clock_seconds="0.88" peak_mbytes="398.60" alloc_mbytes="1820.50" gc_seconds="0.04" priority_3="1">
    <PackageStats package="util" total_bugs="1" total_types="1" total_size="167" priority_3="1">
      <ClassStats class="util.FileUtil" sourceFile="FileUtil.java" interface="false" size="167" bugs="1" priority_3="1"/>
    </PackageStats>
    <FindBugsProfile>
      <ClassProfile name="edu.umd.cs.findbugs.classfile.engine.ClassInfoAnalysisEngine" totalMilliseconds="166" invocations="462" avgMicrosecondsPerInvocation="359" maxMicrosecondsPerInvocation="41629" standardDeviationMicrosecondsPerInvocation="2031"/>
      <ClassProfile name="edu.umd.cs.findbugs.detect.FieldItemSummary" totalMilliseconds="37" invocations="37" avgMicrosecondsPerInvocation="1013" maxMicrosecondsPerInvocation="7039" standardDeviationMicrosecondsPerInvocation="1633"/>
      <ClassProfile name="edu.umd.cs.findbugs.detect.FindNoSideEffectMethods" totalMilliseconds="30" invocations="37" avgMicrosecondsPerInvocation="816" maxMicrosecondsPerInvocation="6437" standardDeviationMicrosecondsPerInvocation="1276"/>
      <ClassProfile name="edu.umd.cs.findbugs.OpcodeStack$JumpInfoFactory" totalMilliseconds="25" invocations="212" avgMicrosecondsPerInvocation="120" maxMicrosecondsPerInvocation="1754" standardDeviationMicrosecondsPerInvocation="210"/>
      <ClassProfile name="edu.umd.cs.findbugs.classfile.engine.bcel.IsNullValueDataflowFactory" totalMilliseconds="22" invocations="28" avgMicrosecondsPerInvocation="802" maxMicrosecondsPerInvocation="9371" standardDeviationMicrosecondsPerInvocation="1701"/>
      <ClassProfile name="edu.umd.cs.findbugs.classfile.engine.bcel.MethodGenFactory" totalMilliseconds="20" invocations="28" avgMicrosecondsPerInvocation="725" maxMicrosecondsPerInvocation="17072" standardDeviationMicrosecondsPerInvocation="3147"/>
      <ClassProfile name="edu.umd.cs.findbugs.classfile.engine.bcel.TypeDataflowFactory" totalMilliseconds="19" invocations="29" avgMicrosecondsPerInvocation="689" maxMicrosecondsPerInvocation="4862" standardDeviationMicrosecondsPerInvocation="1006"/>
      <ClassProfile name="edu.umd.cs.findbugs.classfile.engine.bcel.JavaClassAnalysisEngine" totalMilliseconds="18" invocations="63" avgMicrosecondsPerInvocation="297" maxMicrosecondsPerInvocation="8422" standardDeviationMicrosecondsPerInvocation="1075"/>
      <ClassProfile name="edu.umd.cs.findbugs.classfile.engine.bcel.ValueNumberDataflowFactory" totalMilliseconds="18" invocations="29" avgMicrosecondsPerInvocation="631" maxMicrosecondsPerInvocation="6591" standardDeviationMicrosecondsPerInvocation="1327"/>
      <ClassProfile name="edu.umd.cs.findbugs.detect.NoteDirectlyRelevantTypeQualifiers" totalMilliseconds="16" invocations="37" avgMicrosecondsPerInvocation="440" maxMicrosecondsPerInvocation="4698" standardDeviationMicrosecondsPerInvocation="890"/>
      <ClassProfile name="edu.umd.cs.findbugs.util.TopologicalSort" totalMilliseconds="15" invocations="428" avgMicrosecondsPerInvocation="37" maxMicrosecondsPerInvocation="877" standardDeviationMicrosecondsPerInvocation="73"/>
      <ClassProfile name="edu.umd.cs.findbugs.classfile.engine.bcel.CFGFactory" totalMilliseconds="15" invocations="28" avgMicrosecondsPerInvocation="547" maxMicrosecondsPerInvocation="6602" standardDeviationMicrosecondsPerInvocation="1198"/>
      <ClassProfile name="edu.umd.cs.findbugs.classfile.engine.bcel.UnconditionalValueDerefDataflowFactory" totalMilliseconds="14" invocations="28" avgMicrosecondsPerInvocation="526" maxMicrosecondsPerInvocation="2852" standardDeviationMicrosecondsPerInvocation="733"/>
      <ClassProfile name="edu.umd.cs.findbugs.detect.FindOpenStream" totalMilliseconds="13" invocations="1" avgMicrosecondsPerInvocation="13222" maxMicrosecondsPerInvocation="13222" standardDeviationMicrosecondsPerInvocation="0"/>
      <ClassProfile name="edu.umd.cs.findbugs.detect.OverridingEqualsNotSymmetrical" totalMilliseconds="12" invocations="37" avgMicrosecondsPerInvocation="324" maxMicrosecondsPerInvocation="6359" standardDeviationMicrosecondsPerInvocation="1028"/>
      <ClassProfile name="edu.umd.cs.findbugs.detect.FunctionsThatMightBeMistakenForProcedures" totalMilliseconds="11" invocations="37" avgMicrosecondsPerInvocation="313" maxMicrosecondsPerInvocation="3219" standardDeviationMicrosecondsPerInvocation="617"/>
      <ClassProfile name="edu.umd.cs.findbugs.classfile.engine.ClassDataAnalysisEngine" totalMilliseconds="11" invocations="464" avgMicrosecondsPerInvocation="23" maxMicrosecondsPerInvocation="544" standardDeviationMicrosecondsPerInvocation="37"/>
    </FindBugsProfile>
  </FindBugsSummary>
  <ClassFeatures></ClassFeatures>
  <History></History>
</BugCollection>
