<?xml version="1.0" encoding="UTF-8"?>

<BugCollection version="4.7.3" sequence="0" timestamp="1698475174045" analysisTimestamp="1698512972805" release="">
  <Project projectName="">
    <Jar>/mnt/disk3/lty/JLeaks/data/classfile/bug-549-401d0b2219288fcf40bbbd039a162a9934d2e9a9330e8fcd5fd264b291c5f954.class</Jar>
  </Project>
  <Errors errors="0" missingClasses="31">
    <MissingClass>com.google.common.base.Function</MissingClass>
    <MissingClass>com.google.common.collect.Collections2</MissingClass>
    <MissingClass>com.google.common.collect.Lists</MissingClass>
    <MissingClass>javax.ws.rs.core.Configuration</MissingClass>
    <MissingClass>javax.ws.rs.core.GenericEntity</MissingClass>
    <MissingClass>javax.ws.rs.core.GenericType</MissingClass>
    <MissingClass>javax.ws.rs.core.Link</MissingClass>
    <MissingClass>javax.ws.rs.core.MediaType</MissingClass>
    <MissingClass>javax.ws.rs.core.MultivaluedMap</MissingClass>
    <MissingClass>javax.ws.rs.core.NewCookie</MissingClass>
    <MissingClass>javax.ws.rs.ext.RuntimeDelegate</MissingClass>
    <MissingClass>org.glassfish.jersey.internal.LocalizationMessages</MissingClass>
    <MissingClass>org.glassfish.jersey.internal.util.PropertiesHelper</MissingClass>
    <MissingClass>org.glassfish.jersey.message.internal.AcceptableLanguageTag</MissingClass>
    <MissingClass>org.glassfish.jersey.message.internal.CommittingOutputStream</MissingClass>
    <MissingClass>org.glassfish.jersey.message.internal.HeaderValueException</MissingClass>
    <MissingClass>org.glassfish.jersey.message.internal.HeadersFactory</MissingClass>
    <MissingClass>org.glassfish.jersey.message.internal.HttpHeaderReader</MissingClass>
    <MissingClass>org.glassfish.jersey.message.internal.LinkProvider</MissingClass>
    <MissingClass>org.glassfish.jersey.message.internal.MediaTypes</MissingClass>
    <MissingClass>org.glassfish.jersey.message.internal.OutboundMessageContext$1</MissingClass>
    <MissingClass>org.glassfish.jersey.message.internal.OutboundMessageContext$10</MissingClass>
    <MissingClass>org.glassfish.jersey.message.internal.OutboundMessageContext$11</MissingClass>
    <MissingClass>org.glassfish.jersey.message.internal.OutboundMessageContext$2</MissingClass>
    <MissingClass>org.glassfish.jersey.message.internal.OutboundMessageContext$3</MissingClass>
    <MissingClass>org.glassfish.jersey.message.internal.OutboundMessageContext$4</MissingClass>
    <MissingClass>org.glassfish.jersey.message.internal.OutboundMessageContext$5</MissingClass>
    <MissingClass>org.glassfish.jersey.message.internal.OutboundMessageContext$6</MissingClass>
    <MissingClass>org.glassfish.jersey.message.internal.OutboundMessageContext$7</MissingClass>
    <MissingClass>org.glassfish.jersey.message.internal.OutboundMessageContext$8</MissingClass>
    <MissingClass>org.glassfish.jersey.message.internal.OutboundMessageContext$9</MissingClass>
  </Errors>
  <FindBugsSummary timestamp="Sat, 28 Oct 2023 14:39:34 +0800" total_classes="1" referenced_classes="30" total_bugs="0" total_size="251" num_packages="1" java_version="1.8.0_382" vm_version="25.382-b05" cpu_seconds="9.03" clock_seconds="0.95" peak_mbytes="398.61" alloc_mbytes="1820.50" gc_seconds="0.04">
    <PackageStats package="org.glassfish.jersey.message.internal" total_bugs="0" total_types="1" total_size="251">
      <ClassStats class="org.glassfish.jersey.message.internal.OutboundMessageContext" sourceFile="OutboundMessageContext.java" interface="false" size="251" bugs="0"/>
    </PackageStats>
    <FindBugsProfile>
      <ClassProfile name="edu.umd.cs.findbugs.classfile.engine.ClassInfoAnalysisEngine" totalMilliseconds="133" invocations="517" avgMicrosecondsPerInvocation="258" maxMicrosecondsPerInvocation="15258" standardDeviationMicrosecondsPerInvocation="796"/>
      <ClassProfile name="edu.umd.cs.findbugs.detect.BuildObligationPolicyDatabase" totalMilliseconds="49" invocations="30" avgMicrosecondsPerInvocation="1659" maxMicrosecondsPerInvocation="40286" standardDeviationMicrosecondsPerInvocation="7181"/>
      <ClassProfile name="edu.umd.cs.findbugs.detect.FieldItemSummary" totalMilliseconds="36" invocations="30" avgMicrosecondsPerInvocation="1209" maxMicrosecondsPerInvocation="6575" standardDeviationMicrosecondsPerInvocation="1555"/>
      <ClassProfile name="edu.umd.cs.findbugs.OpcodeStack$JumpInfoFactory" totalMilliseconds="32" invocations="197" avgMicrosecondsPerInvocation="162" maxMicrosecondsPerInvocation="2045" standardDeviationMicrosecondsPerInvocation="242"/>
      <ClassProfile name="edu.umd.cs.findbugs.classfile.engine.bcel.IsNullValueDataflowFactory" totalMilliseconds="30" invocations="46" avgMicrosecondsPerInvocation="655" maxMicrosecondsPerInvocation="4691" standardDeviationMicrosecondsPerInvocation="1083"/>
      <ClassProfile name="edu.umd.cs.findbugs.classfile.engine.bcel.TypeDataflowFactory" totalMilliseconds="29" invocations="47" avgMicrosecondsPerInvocation="634" maxMicrosecondsPerInvocation="5680" standardDeviationMicrosecondsPerInvocation="1032"/>
      <ClassProfile name="edu.umd.cs.findbugs.detect.FindNoSideEffectMethods" totalMilliseconds="27" invocations="30" avgMicrosecondsPerInvocation="910" maxMicrosecondsPerInvocation="3327" standardDeviationMicrosecondsPerInvocation="1064"/>
      <ClassProfile name="edu.umd.cs.findbugs.classfile.engine.bcel.ValueNumberDataflowFactory" totalMilliseconds="27" invocations="48" avgMicrosecondsPerInvocation="568" maxMicrosecondsPerInvocation="8704" standardDeviationMicrosecondsPerInvocation="1298"/>
      <ClassProfile name="edu.umd.cs.findbugs.classfile.engine.bcel.MethodGenFactory" totalMilliseconds="21" invocations="46" avgMicrosecondsPerInvocation="464" maxMicrosecondsPerInvocation="16707" standardDeviationMicrosecondsPerInvocation="2424"/>
      <ClassProfile name="edu.umd.cs.findbugs.classfile.engine.bcel.CFGFactory" totalMilliseconds="19" invocations="46" avgMicrosecondsPerInvocation="433" maxMicrosecondsPerInvocation="7188" standardDeviationMicrosecondsPerInvocation="1043"/>
      <ClassProfile name="edu.umd.cs.findbugs.classfile.engine.bcel.JavaClassAnalysisEngine" totalMilliseconds="18" invocations="71" avgMicrosecondsPerInvocation="264" maxMicrosecondsPerInvocation="8495" standardDeviationMicrosecondsPerInvocation="1024"/>
      <ClassProfile name="edu.umd.cs.findbugs.classfile.engine.bcel.UnconditionalValueDerefDataflowFactory" totalMilliseconds="17" invocations="46" avgMicrosecondsPerInvocation="387" maxMicrosecondsPerInvocation="2139" standardDeviationMicrosecondsPerInvocation="516"/>
      <ClassProfile name="edu.umd.cs.findbugs.util.TopologicalSort" totalMilliseconds="17" invocations="446" avgMicrosecondsPerInvocation="38" maxMicrosecondsPerInvocation="906" standardDeviationMicrosecondsPerInvocation="78"/>
      <ClassProfile name="edu.umd.cs.findbugs.detect.NoteDirectlyRelevantTypeQualifiers" totalMilliseconds="13" invocations="30" avgMicrosecondsPerInvocation="462" maxMicrosecondsPerInvocation="4676" standardDeviationMicrosecondsPerInvocation="840"/>
      <ClassProfile name="edu.umd.cs.findbugs.detect.FindOpenStream" totalMilliseconds="13" invocations="1" avgMicrosecondsPerInvocation="13541" maxMicrosecondsPerInvocation="13541" standardDeviationMicrosecondsPerInvocation="0"/>
      <ClassProfile name="edu.umd.cs.findbugs.detect.CalledMethods" totalMilliseconds="12" invocations="30" avgMicrosecondsPerInvocation="409" maxMicrosecondsPerInvocation="3446" standardDeviationMicrosecondsPerInvocation="753"/>
      <ClassProfile name="edu.umd.cs.findbugs.classfile.engine.ClassDataAnalysisEngine" totalMilliseconds="12" invocations="521" avgMicrosecondsPerInvocation="23" maxMicrosecondsPerInvocation="458" standardDeviationMicrosecondsPerInvocation="29"/>
      <ClassProfile name="edu.umd.cs.findbugs.detect.OverridingEqualsNotSymmetrical" totalMilliseconds="11" invocations="30" avgMicrosecondsPerInvocation="397" maxMicrosecondsPerInvocation="6472" standardDeviationMicrosecondsPerInvocation="1143"/>
      <ClassProfile name="edu.umd.cs.findbugs.ba.npe.NullDerefAndRedundantComparisonFinder" totalMilliseconds="11" invocations="46" avgMicrosecondsPerInvocation="258" maxMicrosecondsPerInvocation="1164" standardDeviationMicrosecondsPerInvocation="292"/>
      <ClassProfile name="edu.umd.cs.findbugs.detect.FunctionsThatMightBeMistakenForProcedures" totalMilliseconds="11" invocations="30" avgMicrosecondsPerInvocation="387" maxMicrosecondsPerInvocation="3222" standardDeviationMicrosecondsPerInvocation="661"/>
    </FindBugsProfile>
  </FindBugsSummary>
  <ClassFeatures></ClassFeatures>
  <History></History>
</BugCollection>
