<?xml version="1.0" encoding="UTF-8"?>

<BugCollection version="4.7.3" sequence="0" timestamp="1698475189876" analysisTimestamp="1698513413159" release="">
  <Project projectName="">
    <Jar>/mnt/disk3/lty/JLeaks/data/classfile/bug-667-87de673f68c7515afbb9ac63550fbfdb2dcf7a1dbdacd6a3e64ab457192ef548.class</Jar>
  </Project>
  <BugInstance type="OBL_UNSATISFIED_OBLIGATION" priority="2" rank="20" abbrev="OBL" category="EXPERIMENTAL">
    <Class classname="com.badlogic.gdx.jnigen.JniGenSharedLibraryLoader">
      <SourceLine classname="com.badlogic.gdx.jnigen.JniGenSharedLibraryLoader" start="38" end="217" sourcefile="JniGenSharedLibraryLoader.java" sourcepath="com/badlogic/gdx/jnigen/JniGenSharedLibraryLoader.java"/>
    </Class>
    <Method classname="com.badlogic.gdx.jnigen.JniGenSharedLibraryLoader" name="extractLibrary" signature="(Ljava/lang/String;)Ljava/lang/String;" isStatic="false">
      <SourceLine classname="com.badlogic.gdx.jnigen.JniGenSharedLibraryLoader" start="110" end="146" startBytecode="0" endBytecode="534" sourcefile="JniGenSharedLibraryLoader.java" sourcepath="com/badlogic/gdx/jnigen/JniGenSharedLibraryLoader.java"/>
    </Method>
    <Class classname="java.io.InputStream" role="CLASS_REFTYPE">
      <SourceLine classname="java.io.InputStream" start="45" end="364" sourcefile="InputStream.java" sourcepath="java/io/InputStream.java"/>
    </Class>
    <Int value="1" role="INT_OBLIGATIONS_REMAINING"/>
    <SourceLine classname="com.badlogic.gdx.jnigen.JniGenSharedLibraryLoader" start="110" end="110" startBytecode="22" endBytecode="22" sourcefile="JniGenSharedLibraryLoader.java" sourcepath="com/badlogic/gdx/jnigen/JniGenSharedLibraryLoader.java" role="SOURCE_LINE_OBLIGATION_CREATED"/>
    <SourceLine classname="com.badlogic.gdx.jnigen.JniGenSharedLibraryLoader" start="111" end="111" startBytecode="29" endBytecode="29" sourcefile="JniGenSharedLibraryLoader.java" sourcepath="com/badlogic/gdx/jnigen/JniGenSharedLibraryLoader.java" role="SOURCE_LINE_PATH_CONTINUES"/>
    <SourceLine classname="com.badlogic.gdx.jnigen.JniGenSharedLibraryLoader" start="112" end="112" startBytecode="64" endBytecode="64" sourcefile="JniGenSharedLibraryLoader.java" sourcepath="com/badlogic/gdx/jnigen/JniGenSharedLibraryLoader.java" role="SOURCE_LINE_PATH_CONTINUES"/>
    <SourceLine classname="com.badlogic.gdx.jnigen.JniGenSharedLibraryLoader" start="114" end="114" startBytecode="75" endBytecode="75" sourcefile="JniGenSharedLibraryLoader.java" sourcepath="com/badlogic/gdx/jnigen/JniGenSharedLibraryLoader.java" role="SOURCE_LINE_PATH_CONTINUES"/>
    <SourceLine classname="com.badlogic.gdx.jnigen.JniGenSharedLibraryLoader" start="115" end="115" startBytecode="78" endBytecode="78" sourcefile="JniGenSharedLibraryLoader.java" sourcepath="com/badlogic/gdx/jnigen/JniGenSharedLibraryLoader.java" role="SOURCE_LINE_PATH_CONTINUES"/>
    <SourceLine classname="com.badlogic.gdx.jnigen.JniGenSharedLibraryLoader" start="122" end="122" startBytecode="106" endBytecode="106" sourcefile="JniGenSharedLibraryLoader.java" sourcepath="com/badlogic/gdx/jnigen/JniGenSharedLibraryLoader.java" role="SOURCE_LINE_PATH_CONTINUES"/>
    <SourceLine classname="com.badlogic.gdx.jnigen.JniGenSharedLibraryLoader" start="146" end="146" startBytecode="265" endBytecode="265" sourcefile="JniGenSharedLibraryLoader.java" sourcepath="com/badlogic/gdx/jnigen/JniGenSharedLibraryLoader.java" role="SOURCE_LINE_PATH_CONTINUES"/>
    <String value="{InputStream x 1}" role="STRING_REMAINING_OBLIGATIONS"/>
  </BugInstance>
  <BugInstance type="OS_OPEN_STREAM" priority="2" rank="16" abbrev="OS" category="BAD_PRACTICE">
    <Class classname="com.badlogic.gdx.jnigen.JniGenSharedLibraryLoader">
      <SourceLine classname="com.badlogic.gdx.jnigen.JniGenSharedLibraryLoader" start="38" end="217" sourcefile="JniGenSharedLibraryLoader.java" sourcepath="com/badlogic/gdx/jnigen/JniGenSharedLibraryLoader.java"/>
    </Class>
    <Method classname="com.badlogic.gdx.jnigen.JniGenSharedLibraryLoader" name="getFromJar" signature="(Ljava/lang/String;Ljava/lang/String;)Ljava/io/InputStream;" isStatic="false">
      <SourceLine classname="com.badlogic.gdx.jnigen.JniGenSharedLibraryLoader" start="150" end="152" startBytecode="0" endBytecode="13" sourcefile="JniGenSharedLibraryLoader.java" sourcepath="com/badlogic/gdx/jnigen/JniGenSharedLibraryLoader.java"/>
    </Method>
    <Type descriptor="Ljava/util/zip/ZipFile;" role="TYPE_CLOSEIT">
      <SourceLine classname="java.util.zip.ZipFile" start="61" end="834" sourcefile="ZipFile.java" sourcepath="java/util/zip/ZipFile.java"/>
    </Type>
    <SourceLine classname="com.badlogic.gdx.jnigen.JniGenSharedLibraryLoader" start="150" end="150" startBytecode="0" endBytecode="0" sourcefile="JniGenSharedLibraryLoader.java" sourcepath="com/badlogic/gdx/jnigen/JniGenSharedLibraryLoader.java"/>
  </BugInstance>
  <BugInstance type="OS_OPEN_STREAM_EXCEPTION_PATH" priority="3" rank="19" abbrev="OS" category="BAD_PRACTICE">
    <Class classname="com.badlogic.gdx.jnigen.JniGenSharedLibraryLoader">
      <SourceLine classname="com.badlogic.gdx.jnigen.JniGenSharedLibraryLoader" start="38" end="217" sourcefile="JniGenSharedLibraryLoader.java" sourcepath="com/badlogic/gdx/jnigen/JniGenSharedLibraryLoader.java"/>
    </Class>
    <Method classname="com.badlogic.gdx.jnigen.JniGenSharedLibraryLoader" name="extractLibrary" signature="(Ljava/lang/String;)Ljava/lang/String;" isStatic="false">
      <SourceLine classname="com.badlogic.gdx.jnigen.JniGenSharedLibraryLoader" start="110" end="146" startBytecode="0" endBytecode="127" sourcefile="JniGenSharedLibraryLoader.java" sourcepath="com/badlogic/gdx/jnigen/JniGenSharedLibraryLoader.java"/>
    </Method>
    <Type descriptor="Ljava/io/InputStream;" role="TYPE_CLOSEIT">
      <SourceLine classname="java.io.InputStream" start="45" end="364" sourcefile="InputStream.java" sourcepath="java/io/InputStream.java"/>
    </Type>
    <SourceLine classname="com.badlogic.gdx.jnigen.JniGenSharedLibraryLoader" start="127" end="127" startBytecode="151" endBytecode="151" sourcefile="JniGenSharedLibraryLoader.java" sourcepath="com/badlogic/gdx/jnigen/JniGenSharedLibraryLoader.java"/>
  </BugInstance>
  <BugInstance type="OS_OPEN_STREAM_EXCEPTION_PATH" priority="3" rank="19" abbrev="OS" category="BAD_PRACTICE">
    <Class classname="com.badlogic.gdx.jnigen.JniGenSharedLibraryLoader">
      <SourceLine classname="com.badlogic.gdx.jnigen.JniGenSharedLibraryLoader" start="38" end="217" sourcefile="JniGenSharedLibraryLoader.java" sourcepath="com/badlogic/gdx/jnigen/JniGenSharedLibraryLoader.java"/>
    </Class>
    <Method classname="com.badlogic.gdx.jnigen.JniGenSharedLibraryLoader" name="extractLibrary" signature="(Ljava/lang/String;)Ljava/lang/String;" isStatic="false">
      <SourceLine classname="com.badlogic.gdx.jnigen.JniGenSharedLibraryLoader" start="110" end="146" startBytecode="0" endBytecode="127" sourcefile="JniGenSharedLibraryLoader.java" sourcepath="com/badlogic/gdx/jnigen/JniGenSharedLibraryLoader.java"/>
    </Method>
    <Type descriptor="Ljava/io/OutputStream;" role="TYPE_CLOSEIT">
      <SourceLine classname="java.io.OutputStream" start="46" end="152" sourcefile="OutputStream.java" sourcepath="java/io/OutputStream.java"/>
    </Type>
    <SourceLine classname="com.badlogic.gdx.jnigen.JniGenSharedLibraryLoader" start="132" end="132" startBytecode="186" endBytecode="186" sourcefile="JniGenSharedLibraryLoader.java" sourcepath="com/badlogic/gdx/jnigen/JniGenSharedLibraryLoader.java"/>
  </BugInstance>
  <Errors errors="0" missingClasses="1">
    <MissingClass>com.badlogic.gdx.jnigen.SharedLibraryFinder</MissingClass>
  </Errors>
  <FindBugsSummary timestamp="Sat, 28 Oct 2023 14:39:49 +0800" total_classes="1" referenced_classes="26" total_bugs="4" total_size="130" num_packages="1" java_version="1.8.0_382" vm_version="25.382-b05" cpu_seconds="7.52" clock_seconds="0.82" peak_mbytes="407.64" alloc_mbytes="1820.50" gc_seconds="0.04" priority_3="2" priority_2="2">
    <PackageStats package="com.badlogic.gdx.jnigen" total_bugs="4" total_types="1" total_size="130" priority_3="2" priority_2="2">
      <ClassStats class="com.badlogic.gdx.jnigen.JniGenSharedLibraryLoader" sourceFile="JniGenSharedLibraryLoader.java" interface="false" size="130" bugs="4" priority_3="2" priority_2="2"/>
    </PackageStats>
    <FindBugsProfile>
      <ClassProfile name="edu.umd.cs.findbugs.classfile.engine.ClassInfoAnalysisEngine" totalMilliseconds="116" invocations="404" avgMicrosecondsPerInvocation="287" maxMicrosecondsPerInvocation="11355" standardDeviationMicrosecondsPerInvocation="742"/>
      <ClassProfile name="edu.umd.cs.findbugs.detect.FieldItemSummary" totalMilliseconds="72" invocations="26" avgMicrosecondsPerInvocation="2774" maxMicrosecondsPerInvocation="45366" standardDeviationMicrosecondsPerInvocation="8654"/>
      <ClassProfile name="edu.umd.cs.findbugs.classfile.engine.bcel.ValueNumberDataflowFactory" totalMilliseconds="21" invocations="11" avgMicrosecondsPerInvocation="1978" maxMicrosecondsPerInvocation="6509" standardDeviationMicrosecondsPerInvocation="2062"/>
      <ClassProfile name="edu.umd.cs.findbugs.detect.FindNoSideEffectMethods" totalMilliseconds="20" invocations="26" avgMicrosecondsPerInvocation="804" maxMicrosecondsPerInvocation="3697" standardDeviationMicrosecondsPerInvocation="992"/>
      <ClassProfile name="edu.umd.cs.findbugs.classfile.engine.bcel.TypeDataflowFactory" totalMilliseconds="20" invocations="11" avgMicrosecondsPerInvocation="1880" maxMicrosecondsPerInvocation="5134" standardDeviationMicrosecondsPerInvocation="1798"/>
      <ClassProfile name="edu.umd.cs.findbugs.classfile.engine.bcel.MethodGenFactory" totalMilliseconds="20" invocations="10" avgMicrosecondsPerInvocation="2023" maxMicrosecondsPerInvocation="17484" standardDeviationMicrosecondsPerInvocation="5156"/>
      <ClassProfile name="edu.umd.cs.findbugs.OpcodeStack$JumpInfoFactory" totalMilliseconds="19" invocations="87" avgMicrosecondsPerInvocation="227" maxMicrosecondsPerInvocation="2140" standardDeviationMicrosecondsPerInvocation="315"/>
      <ClassProfile name="edu.umd.cs.findbugs.classfile.engine.bcel.IsNullValueDataflowFactory" totalMilliseconds="19" invocations="10" avgMicrosecondsPerInvocation="1911" maxMicrosecondsPerInvocation="7313" standardDeviationMicrosecondsPerInvocation="2528"/>
      <ClassProfile name="edu.umd.cs.findbugs.classfile.engine.bcel.JavaClassAnalysisEngine" totalMilliseconds="17" invocations="49" avgMicrosecondsPerInvocation="356" maxMicrosecondsPerInvocation="8692" standardDeviationMicrosecondsPerInvocation="1238"/>
      <ClassProfile name="edu.umd.cs.findbugs.util.TopologicalSort" totalMilliseconds="15" invocations="369" avgMicrosecondsPerInvocation="41" maxMicrosecondsPerInvocation="670" standardDeviationMicrosecondsPerInvocation="80"/>
      <ClassProfile name="edu.umd.cs.findbugs.classfile.engine.bcel.UnconditionalValueDerefDataflowFactory" totalMilliseconds="14" invocations="10" avgMicrosecondsPerInvocation="1481" maxMicrosecondsPerInvocation="5634" standardDeviationMicrosecondsPerInvocation="1755"/>
      <ClassProfile name="edu.umd.cs.findbugs.classfile.engine.bcel.CFGFactory" totalMilliseconds="14" invocations="10" avgMicrosecondsPerInvocation="1479" maxMicrosecondsPerInvocation="6814" standardDeviationMicrosecondsPerInvocation="1930"/>
      <ClassProfile name="edu.umd.cs.findbugs.detect.FindOpenStream" totalMilliseconds="13" invocations="1" avgMicrosecondsPerInvocation="13898" maxMicrosecondsPerInvocation="13898" standardDeviationMicrosecondsPerInvocation="0"/>
      <ClassProfile name="edu.umd.cs.findbugs.detect.NoteDirectlyRelevantTypeQualifiers" totalMilliseconds="12" invocations="26" avgMicrosecondsPerInvocation="471" maxMicrosecondsPerInvocation="5439" standardDeviationMicrosecondsPerInvocation="1031"/>
    </FindBugsProfile>
  </FindBugsSummary>
  <ClassFeatures></ClassFeatures>
  <History></History>
</BugCollection>
