<?xml version="1.0" encoding="UTF-8"?>

<BugCollection version="4.7.3" sequence="0" timestamp="1698475250282" analysisTimestamp="1698520697689" release="">
  <Project projectName="">
    <Jar>/mnt/disk3/lty/JLeaks/data/classfile/bug-1077-a078587c5aa21e2696ae861a85b2de32a232dd8be631764b262dee310cce5dce.class</Jar>
  </Project>
  <Errors errors="0" missingClasses="8">
    <MissingClass>org.takes.HttpException</MissingClass>
    <MissingClass>org.takes.Take</MissingClass>
    <MissingClass>org.takes.http.Back</MissingClass>
    <MissingClass>org.takes.rq.RqLive</MissingClass>
    <MissingClass>org.takes.rq.RqWithHeaders</MissingClass>
    <MissingClass>org.takes.rs.RsPrint</MissingClass>
    <MissingClass>org.takes.rs.RsText</MissingClass>
    <MissingClass>org.takes.rs.RsWithStatus</MissingClass>
  </Errors>
  <FindBugsSummary timestamp="Sat, 28 Oct 2023 14:40:50 +0800" total_classes="1" referenced_classes="23" total_bugs="0" total_size="44" num_packages="1" java_version="1.8.0_382" vm_version="25.382-b05" cpu_seconds="6.13" clock_seconds="0.70" peak_mbytes="393.55" alloc_mbytes="1820.50" gc_seconds="0.04">
    <PackageStats package="org.takes.http" total_bugs="0" total_types="1" total_size="44">
      <ClassStats class="org.takes.http.BkBasic" sourceFile="BkBasic.java" interface="false" size="44" bugs="0"/>
    </PackageStats>
    <FindBugsProfile>
      <ClassProfile name="edu.umd.cs.findbugs.classfile.engine.ClassInfoAnalysisEngine" totalMilliseconds="115" invocations="416" avgMicrosecondsPerInvocation="276" maxMicrosecondsPerInvocation="10380" standardDeviationMicrosecondsPerInvocation="699"/>
      <ClassProfile name="edu.umd.cs.findbugs.detect.BuildStringPassthruGraph" totalMilliseconds="48" invocations="23" avgMicrosecondsPerInvocation="2098" maxMicrosecondsPerInvocation="40586" standardDeviationMicrosecondsPerInvocation="8232"/>
      <ClassProfile name="edu.umd.cs.findbugs.detect.FieldItemSummary" totalMilliseconds="26" invocations="23" avgMicrosecondsPerInvocation="1137" maxMicrosecondsPerInvocation="6334" standardDeviationMicrosecondsPerInvocation="1517"/>
      <ClassProfile name="edu.umd.cs.findbugs.detect.FindNoSideEffectMethods" totalMilliseconds="20" invocations="23" avgMicrosecondsPerInvocation="894" maxMicrosecondsPerInvocation="3500" standardDeviationMicrosecondsPerInvocation="1076"/>
      <ClassProfile name="edu.umd.cs.findbugs.classfile.engine.bcel.MethodGenFactory" totalMilliseconds="18" invocations="7" avgMicrosecondsPerInvocation="2649" maxMicrosecondsPerInvocation="16867" standardDeviationMicrosecondsPerInvocation="5805"/>
      <ClassProfile name="edu.umd.cs.findbugs.OpcodeStack$JumpInfoFactory" totalMilliseconds="17" invocations="78" avgMicrosecondsPerInvocation="225" maxMicrosecondsPerInvocation="2010" standardDeviationMicrosecondsPerInvocation="289"/>
      <ClassProfile name="edu.umd.cs.findbugs.classfile.engine.bcel.JavaClassAnalysisEngine" totalMilliseconds="17" invocations="54" avgMicrosecondsPerInvocation="317" maxMicrosecondsPerInvocation="8649" standardDeviationMicrosecondsPerInvocation="1180"/>
      <ClassProfile name="edu.umd.cs.findbugs.util.TopologicalSort" totalMilliseconds="14" invocations="372" avgMicrosecondsPerInvocation="39" maxMicrosecondsPerInvocation="607" standardDeviationMicrosecondsPerInvocation="70"/>
      <ClassProfile name="edu.umd.cs.findbugs.classfile.engine.bcel.ValueNumberDataflowFactory" totalMilliseconds="11" invocations="7" avgMicrosecondsPerInvocation="1680" maxMicrosecondsPerInvocation="6566" standardDeviationMicrosecondsPerInvocation="2073"/>
      <ClassProfile name="edu.umd.cs.findbugs.classfile.engine.bcel.IsNullValueDataflowFactory" totalMilliseconds="11" invocations="7" avgMicrosecondsPerInvocation="1646" maxMicrosecondsPerInvocation="5950" standardDeviationMicrosecondsPerInvocation="1840"/>
      <ClassProfile name="edu.umd.cs.findbugs.classfile.engine.bcel.TypeDataflowFactory" totalMilliseconds="11" invocations="7" avgMicrosecondsPerInvocation="1620" maxMicrosecondsPerInvocation="4715" standardDeviationMicrosecondsPerInvocation="1432"/>
      <ClassProfile name="edu.umd.cs.findbugs.classfile.engine.bcel.CFGFactory" totalMilliseconds="11" invocations="7" avgMicrosecondsPerInvocation="1616" maxMicrosecondsPerInvocation="6661" standardDeviationMicrosecondsPerInvocation="2102"/>
    </FindBugsProfile>
  </FindBugsSummary>
  <ClassFeatures></ClassFeatures>
  <History></History>
</BugCollection>
