<?xml version="1.0" encoding="UTF-8"?>

<BugCollection version="4.7.3" sequence="0" timestamp="1698475173253" analysisTimestamp="1698512953284" release="">
  <Project projectName="">
    <Jar>/mnt/disk3/lty/JLeaks/data/classfile/bug-543-333312613498cf4377d9ca609ffc58bc2115485defa5e9b7c28edd9bc29903dc.class</Jar>
  </Project>
  <BugInstance type="OBL_UNSATISFIED_OBLIGATION" priority="2" rank="20" abbrev="OBL" category="EXPERIMENTAL">
    <Class classname="edu.harvard.iq.dataverse.dataaccess.TabularSubsetGenerator">
      <SourceLine classname="edu.harvard.iq.dataverse.dataaccess.TabularSubsetGenerator" start="63" end="1447" sourcefile="TabularSubsetGenerator.java" sourcepath="edu/harvard/iq/dataverse/dataaccess/TabularSubsetGenerator.java"/>
    </Class>
    <Method classname="edu.harvard.iq.dataverse.dataaccess.TabularSubsetGenerator" name="subsetFile" signature="(Ljava/lang/String;Ljava/lang/String;Ljava/util/List;Ljava/lang/Long;Ljava/lang/String;)V" isStatic="false">
      <SourceLine classname="edu.harvard.iq.dataverse.dataaccess.TabularSubsetGenerator" start="369" end="373" startBytecode="0" endBytecode="201" sourcefile="TabularSubsetGenerator.java" sourcepath="edu/harvard/iq/dataverse/dataaccess/TabularSubsetGenerator.java"/>
    </Method>
    <Class classname="java.io.InputStream" role="CLASS_REFTYPE">
      <SourceLine classname="java.io.InputStream" start="45" end="364" sourcefile="InputStream.java" sourcepath="java/io/InputStream.java"/>
    </Class>
    <Int value="1" role="INT_OBLIGATIONS_REMAINING"/>
    <SourceLine classname="edu.harvard.iq.dataverse.dataaccess.TabularSubsetGenerator" start="369" end="369" startBytecode="13" endBytecode="13" sourcefile="TabularSubsetGenerator.java" sourcepath="edu/harvard/iq/dataverse/dataaccess/TabularSubsetGenerator.java" role="SOURCE_LINE_OBLIGATION_CREATED"/>
    <SourceLine classname="edu.harvard.iq.dataverse.dataaccess.TabularSubsetGenerator" start="372" end="372" startBytecode="25" endBytecode="25" sourcefile="TabularSubsetGenerator.java" sourcepath="edu/harvard/iq/dataverse/dataaccess/TabularSubsetGenerator.java" role="SOURCE_LINE_PATH_CONTINUES"/>
    <SourceLine classname="edu.harvard.iq.dataverse.dataaccess.TabularSubsetGenerator" start="373" end="373" startBytecode="44" endBytecode="44" sourcefile="TabularSubsetGenerator.java" sourcepath="edu/harvard/iq/dataverse/dataaccess/TabularSubsetGenerator.java" role="SOURCE_LINE_PATH_CONTINUES"/>
    <String value="{InputStream x 1}" role="STRING_REMAINING_OBLIGATIONS"/>
  </BugInstance>
  <BugInstance type="OS_OPEN_STREAM_EXCEPTION_PATH" priority="3" rank="19" abbrev="OS" category="BAD_PRACTICE">
    <Class classname="edu.harvard.iq.dataverse.dataaccess.TabularSubsetGenerator">
      <SourceLine classname="edu.harvard.iq.dataverse.dataaccess.TabularSubsetGenerator" start="63" end="1447" sourcefile="TabularSubsetGenerator.java" sourcepath="edu/harvard/iq/dataverse/dataaccess/TabularSubsetGenerator.java"/>
    </Class>
    <Method classname="edu.harvard.iq.dataverse.dataaccess.TabularSubsetGenerator" name="extractColumnOffsets" signature="(Ljava/io/File;II)[J" isStatic="false">
      <SourceLine classname="edu.harvard.iq.dataverse.dataaccess.TabularSubsetGenerator" start="1078" end="1102" startBytecode="0" endBytecode="62" sourcefile="TabularSubsetGenerator.java" sourcepath="edu/harvard/iq/dataverse/dataaccess/TabularSubsetGenerator.java"/>
    </Method>
    <Type descriptor="Ljava/io/InputStream;" role="TYPE_CLOSEIT">
      <SourceLine classname="java.io.InputStream" start="45" end="364" sourcefile="InputStream.java" sourcepath="java/io/InputStream.java"/>
    </Type>
    <SourceLine classname="edu.harvard.iq.dataverse.dataaccess.TabularSubsetGenerator" start="1078" end="1078" startBytecode="0" endBytecode="0" sourcefile="TabularSubsetGenerator.java" sourcepath="edu/harvard/iq/dataverse/dataaccess/TabularSubsetGenerator.java"/>
  </BugInstance>
  <BugInstance type="OS_OPEN_STREAM_EXCEPTION_PATH" priority="3" rank="19" abbrev="OS" category="BAD_PRACTICE">
    <Class classname="edu.harvard.iq.dataverse.dataaccess.TabularSubsetGenerator">
      <SourceLine classname="edu.harvard.iq.dataverse.dataaccess.TabularSubsetGenerator" start="63" end="1447" sourcefile="TabularSubsetGenerator.java" sourcepath="edu/harvard/iq/dataverse/dataaccess/TabularSubsetGenerator.java"/>
    </Class>
    <Method classname="edu.harvard.iq.dataverse.dataaccess.TabularSubsetGenerator" name="generateRotatedImage" signature="(Ljava/io/File;II)Ljava/io/File;" isStatic="false">
      <SourceLine classname="edu.harvard.iq.dataverse.dataaccess.TabularSubsetGenerator" start="1121" end="1287" startBytecode="0" endBytecode="379" sourcefile="TabularSubsetGenerator.java" sourcepath="edu/harvard/iq/dataverse/dataaccess/TabularSubsetGenerator.java"/>
    </Method>
    <Type descriptor="Ljava/io/InputStream;" role="TYPE_CLOSEIT">
      <SourceLine classname="java.io.InputStream" start="45" end="364" sourcefile="InputStream.java" sourcepath="java/io/InputStream.java"/>
    </Type>
    <SourceLine classname="edu.harvard.iq.dataverse.dataaccess.TabularSubsetGenerator" start="1260" end="1260" startBytecode="596" endBytecode="596" sourcefile="TabularSubsetGenerator.java" sourcepath="edu/harvard/iq/dataverse/dataaccess/TabularSubsetGenerator.java"/>
  </BugInstance>
  <BugInstance type="OS_OPEN_STREAM_EXCEPTION_PATH" priority="3" rank="19" abbrev="OS" category="BAD_PRACTICE">
    <Class classname="edu.harvard.iq.dataverse.dataaccess.TabularSubsetGenerator">
      <SourceLine classname="edu.harvard.iq.dataverse.dataaccess.TabularSubsetGenerator" start="63" end="1447" sourcefile="TabularSubsetGenerator.java" sourcepath="edu/harvard/iq/dataverse/dataaccess/TabularSubsetGenerator.java"/>
    </Class>
    <Method classname="edu.harvard.iq.dataverse.dataaccess.TabularSubsetGenerator" name="generateRotatedImage" signature="(Ljava/io/File;II)Ljava/io/File;" isStatic="false">
      <SourceLine classname="edu.harvard.iq.dataverse.dataaccess.TabularSubsetGenerator" start="1121" end="1287" startBytecode="0" endBytecode="379" sourcefile="TabularSubsetGenerator.java" sourcepath="edu/harvard/iq/dataverse/dataaccess/TabularSubsetGenerator.java"/>
    </Method>
    <Type descriptor="Ljava/io/OutputStream;" role="TYPE_CLOSEIT">
      <SourceLine classname="java.io.OutputStream" start="46" end="152" sourcefile="OutputStream.java" sourcepath="java/io/OutputStream.java"/>
    </Type>
    <SourceLine classname="edu.harvard.iq.dataverse.dataaccess.TabularSubsetGenerator" start="1233" end="1233" startBytecode="456" endBytecode="456" sourcefile="TabularSubsetGenerator.java" sourcepath="edu/harvard/iq/dataverse/dataaccess/TabularSubsetGenerator.java"/>
    <SourceLine classname="edu.harvard.iq.dataverse.dataaccess.TabularSubsetGenerator" start="1188" end="1188" startBytecode="268" endBytecode="268" sourcefile="TabularSubsetGenerator.java" sourcepath="edu/harvard/iq/dataverse/dataaccess/TabularSubsetGenerator.java" role="SOURCE_LINE_ANOTHER_INSTANCE"/>
  </BugInstance>
  <BugInstance type="OS_OPEN_STREAM_EXCEPTION_PATH" priority="3" rank="19" abbrev="OS" category="BAD_PRACTICE">
    <Class classname="edu.harvard.iq.dataverse.dataaccess.TabularSubsetGenerator">
      <SourceLine classname="edu.harvard.iq.dataverse.dataaccess.TabularSubsetGenerator" start="63" end="1447" sourcefile="TabularSubsetGenerator.java" sourcepath="edu/harvard/iq/dataverse/dataaccess/TabularSubsetGenerator.java"/>
    </Class>
    <Method classname="edu.harvard.iq.dataverse.dataaccess.TabularSubsetGenerator" name="reverseRotatedImage" signature="(Ljava/io/File;II)V" isStatic="false">
      <SourceLine classname="edu.harvard.iq.dataverse.dataaccess.TabularSubsetGenerator" start="1303" end="1386" startBytecode="0" endBytecode="188" sourcefile="TabularSubsetGenerator.java" sourcepath="edu/harvard/iq/dataverse/dataaccess/TabularSubsetGenerator.java"/>
    </Method>
    <Type descriptor="Ljava/io/InputStream;" role="TYPE_CLOSEIT">
      <SourceLine classname="java.io.InputStream" start="45" end="364" sourcefile="InputStream.java" sourcepath="java/io/InputStream.java"/>
    </Type>
    <SourceLine classname="edu.harvard.iq.dataverse.dataaccess.TabularSubsetGenerator" start="1303" end="1303" startBytecode="0" endBytecode="0" sourcefile="TabularSubsetGenerator.java" sourcepath="edu/harvard/iq/dataverse/dataaccess/TabularSubsetGenerator.java"/>
  </BugInstance>
  <Errors errors="0" missingClasses="7">
    <MissingClass>edu.harvard.iq.dataverse.DataFile</MissingClass>
    <MissingClass>edu.harvard.iq.dataverse.DataTable</MissingClass>
    <MissingClass>edu.harvard.iq.dataverse.FileMetadata</MissingClass>
    <MissingClass>edu.harvard.iq.dataverse.dataaccess.StorageIO</MissingClass>
    <MissingClass>edu.harvard.iq.dataverse.dataaccess.SubsetGenerator</MissingClass>
    <MissingClass>edu.harvard.iq.dataverse.datavariable.DataVariable</MissingClass>
    <MissingClass>org.apache.commons.lang3.StringUtils</MissingClass>
  </Errors>
  <FindBugsSummary timestamp="Sat, 28 Oct 2023 14:39:33 +0800" total_classes="1" referenced_classes="52" total_bugs="5" total_size="732" num_packages="1" java_version="1.8.0_382" vm_version="25.382-b05" cpu_seconds="14.50" clock_seconds="1.38" peak_mbytes="414.12" alloc_mbytes="1820.50" gc_seconds="0.04" priority_3="4" priority_2="1">
    <PackageStats package="edu.harvard.iq.dataverse.dataaccess" total_bugs="5" total_types="1" total_size="732" priority_3="4" priority_2="1">
      <ClassStats class="edu.harvard.iq.dataverse.dataaccess.TabularSubsetGenerator" sourceFile="TabularSubsetGenerator.java" interface="false" size="732" bugs="5" priority_3="4" priority_2="1"/>
    </PackageStats>
    <FindBugsProfile>
      <ClassProfile name="edu.umd.cs.findbugs.classfile.engine.ClassInfoAnalysisEngine" totalMilliseconds="136" invocations="513" avgMicrosecondsPerInvocation="266" maxMicrosecondsPerInvocation="16461" standardDeviationMicrosecondsPerInvocation="852"/>
      <ClassProfile name="edu.umd.cs.findbugs.classfile.engine.bcel.ValueNumberDataflowFactory" totalMilliseconds="66" invocations="48" avgMicrosecondsPerInvocation="1383" maxMicrosecondsPerInvocation="8494" standardDeviationMicrosecondsPerInvocation="2026"/>
      <ClassProfile name="edu.umd.cs.findbugs.classfile.engine.bcel.JavaClassAnalysisEngine" totalMilliseconds="63" invocations="93" avgMicrosecondsPerInvocation="681" maxMicrosecondsPerInvocation="40215" standardDeviationMicrosecondsPerInvocation="4234"/>
      <ClassProfile name="edu.umd.cs.findbugs.classfile.engine.bcel.TypeDataflowFactory" totalMilliseconds="60" invocations="48" avgMicrosecondsPerInvocation="1251" maxMicrosecondsPerInvocation="6927" standardDeviationMicrosecondsPerInvocation="1611"/>
      <ClassProfile name="edu.umd.cs.findbugs.classfile.engine.bcel.IsNullValueDataflowFactory" totalMilliseconds="58" invocations="39" avgMicrosecondsPerInvocation="1503" maxMicrosecondsPerInvocation="12035" standardDeviationMicrosecondsPerInvocation="2545"/>
      <ClassProfile name="edu.umd.cs.findbugs.detect.FieldItemSummary" totalMilliseconds="50" invocations="52" avgMicrosecondsPerInvocation="971" maxMicrosecondsPerInvocation="7523" standardDeviationMicrosecondsPerInvocation="1534"/>
      <ClassProfile name="edu.umd.cs.findbugs.OpcodeStack$JumpInfoFactory" totalMilliseconds="44" invocations="209" avgMicrosecondsPerInvocation="211" maxMicrosecondsPerInvocation="2067" standardDeviationMicrosecondsPerInvocation="305"/>
      <ClassProfile name="edu.umd.cs.findbugs.classfile.engine.bcel.UnconditionalValueDerefDataflowFactory" totalMilliseconds="42" invocations="39" avgMicrosecondsPerInvocation="1095" maxMicrosecondsPerInvocation="8436" standardDeviationMicrosecondsPerInvocation="1865"/>
      <ClassProfile name="edu.umd.cs.findbugs.ba.npe.NullDerefAndRedundantComparisonFinder" totalMilliseconds="40" invocations="39" avgMicrosecondsPerInvocation="1038" maxMicrosecondsPerInvocation="17469" standardDeviationMicrosecondsPerInvocation="2771"/>
      <ClassProfile name="edu.umd.cs.findbugs.detect.FindNoSideEffectMethods" totalMilliseconds="39" invocations="52" avgMicrosecondsPerInvocation="751" maxMicrosecondsPerInvocation="6990" standardDeviationMicrosecondsPerInvocation="1161"/>
      <ClassProfile name="edu.umd.cs.findbugs.classfile.engine.bcel.CFGFactory" totalMilliseconds="31" invocations="39" avgMicrosecondsPerInvocation="801" maxMicrosecondsPerInvocation="7740" standardDeviationMicrosecondsPerInvocation="1346"/>
      <ClassProfile name="edu.umd.cs.findbugs.classfile.engine.bcel.MethodGenFactory" totalMilliseconds="26" invocations="39" avgMicrosecondsPerInvocation="674" maxMicrosecondsPerInvocation="17225" standardDeviationMicrosecondsPerInvocation="2714"/>
      <ClassProfile name="edu.umd.cs.findbugs.detect.NoteDirectlyRelevantTypeQualifiers" totalMilliseconds="19" invocations="52" avgMicrosecondsPerInvocation="371" maxMicrosecondsPerInvocation="4548" standardDeviationMicrosecondsPerInvocation="711"/>
      <ClassProfile name="edu.umd.cs.findbugs.detect.FunctionsThatMightBeMistakenForProcedures" totalMilliseconds="17" invocations="52" avgMicrosecondsPerInvocation="336" maxMicrosecondsPerInvocation="3102" standardDeviationMicrosecondsPerInvocation="615"/>
      <ClassProfile name="edu.umd.cs.findbugs.util.TopologicalSort" totalMilliseconds="17" invocations="467" avgMicrosecondsPerInvocation="37" maxMicrosecondsPerInvocation="943" standardDeviationMicrosecondsPerInvocation="76"/>
      <ClassProfile name="edu.umd.cs.findbugs.detect.FindRefComparison$SpecialTypeAnalysis" totalMilliseconds="17" invocations="35" avgMicrosecondsPerInvocation="498" maxMicrosecondsPerInvocation="5330" standardDeviationMicrosecondsPerInvocation="968"/>
      <ClassProfile name="edu.umd.cs.findbugs.detect.FindOpenStream" totalMilliseconds="15" invocations="1" avgMicrosecondsPerInvocation="15616" maxMicrosecondsPerInvocation="15616" standardDeviationMicrosecondsPerInvocation="0"/>
      <ClassProfile name="edu.umd.cs.findbugs.classfile.engine.bcel.LiveLocalStoreDataflowFactory" totalMilliseconds="14" invocations="39" avgMicrosecondsPerInvocation="369" maxMicrosecondsPerInvocation="2648" standardDeviationMicrosecondsPerInvocation="606"/>
      <ClassProfile name="edu.umd.cs.findbugs.classfile.engine.bcel.ValueRangeAnalysisFactory" totalMilliseconds="14" invocations="39" avgMicrosecondsPerInvocation="368" maxMicrosecondsPerInvocation="7992" standardDeviationMicrosecondsPerInvocation="1339"/>
      <ClassProfile name="edu.umd.cs.findbugs.ba.obl.ObligationAnalysis" totalMilliseconds="14" invocations="39" avgMicrosecondsPerInvocation="362" maxMicrosecondsPerInvocation="2539" standardDeviationMicrosecondsPerInvocation="495"/>
      <ClassProfile name="edu.umd.cs.findbugs.detect.OverridingEqualsNotSymmetrical" totalMilliseconds="13" invocations="52" avgMicrosecondsPerInvocation="260" maxMicrosecondsPerInvocation="6210" standardDeviationMicrosecondsPerInvocation="850"/>
      <ClassProfile name="edu.umd.cs.findbugs.detect.StreamResourceTracker" totalMilliseconds="13" invocations="22" avgMicrosecondsPerInvocation="614" maxMicrosecondsPerInvocation="1334" standardDeviationMicrosecondsPerInvocation="347"/>
      <ClassProfile name="edu.umd.cs.findbugs.classfile.engine.ClassDataAnalysisEngine" totalMilliseconds="13" invocations="515" avgMicrosecondsPerInvocation="25" maxMicrosecondsPerInvocation="447" standardDeviationMicrosecondsPerInvocation="33"/>
      <ClassProfile name="edu.umd.cs.findbugs.detect.BuildObligationPolicyDatabase" totalMilliseconds="13" invocations="52" avgMicrosecondsPerInvocation="251" maxMicrosecondsPerInvocation="1458" standardDeviationMicrosecondsPerInvocation="303"/>
      <ClassProfile name="edu.umd.cs.findbugs.detect.CalledMethods" totalMilliseconds="12" invocations="52" avgMicrosecondsPerInvocation="247" maxMicrosecondsPerInvocation="1872" standardDeviationMicrosecondsPerInvocation="405"/>
      <ClassProfile name="edu.umd.cs.findbugs.classfile.engine.bcel.ConstantDataflowFactory" totalMilliseconds="11" invocations="39" avgMicrosecondsPerInvocation="305" maxMicrosecondsPerInvocation="2260" standardDeviationMicrosecondsPerInvocation="530"/>
    </FindBugsProfile>
  </FindBugsSummary>
  <ClassFeatures></ClassFeatures>
  <History></History>
</BugCollection>
