<?xml version="1.0" encoding="UTF-8"?>

<BugCollection version="4.7.3" sequence="0" timestamp="1698475215967" analysisTimestamp="1698515071892" release="">
  <Project projectName="">
    <Jar>/mnt/disk3/lty/JLeaks/data/classfile/bug-851-d506b2ba60123d2d2ee8549202f8646af1658a0575d9dd24ea9c9e8125ec168d.class</Jar>
  </Project>
  <Errors errors="0" missingClasses="6">
    <MissingClass>android.database.Cursor</MissingClass>
    <MissingClass>android.database.sqlite.SQLiteDatabase</MissingClass>
    <MissingClass>android.database.sqlite.SQLiteOpenHelper</MissingClass>
    <MissingClass>android.util.Log</MissingClass>
    <MissingClass>com.github.mobile.persistence.PersistableResource</MissingClass>
    <MissingClass>com.google.inject.Provider</MissingClass>
  </Errors>
  <FindBugsSummary timestamp="Sat, 28 Oct 2023 14:40:15 +0800" total_classes="1" referenced_classes="13" total_bugs="0" total_size="41" num_packages="1" java_version="1.8.0_382" vm_version="25.382-b05" cpu_seconds="5.32" clock_seconds="0.65" peak_mbytes="381.24" alloc_mbytes="1820.50" gc_seconds="0.04">
    <PackageStats package="com.github.mobile.persistence" total_bugs="0" total_types="1" total_size="41">
      <ClassStats class="com.github.mobile.persistence.DatabaseCache" sourceFile="DatabaseCache.java" interface="false" size="41" bugs="0"/>
    </PackageStats>
    <FindBugsProfile>
      <ClassProfile name="edu.umd.cs.findbugs.classfile.engine.ClassInfoAnalysisEngine" totalMilliseconds="106" invocations="334" avgMicrosecondsPerInvocation="320" maxMicrosecondsPerInvocation="9745" standardDeviationMicrosecondsPerInvocation="755"/>
      <ClassProfile name="edu.umd.cs.findbugs.detect.FunctionsThatMightBeMistakenForProcedures" totalMilliseconds="50" invocations="13" avgMicrosecondsPerInvocation="3870" maxMicrosecondsPerInvocation="45811" standardDeviationMicrosecondsPerInvocation="12116"/>
      <ClassProfile name="edu.umd.cs.findbugs.detect.FieldItemSummary" totalMilliseconds="20" invocations="13" avgMicrosecondsPerInvocation="1541" maxMicrosecondsPerInvocation="6412" standardDeviationMicrosecondsPerInvocation="1940"/>
      <ClassProfile name="edu.umd.cs.findbugs.classfile.engine.bcel.MethodGenFactory" totalMilliseconds="19" invocations="5" avgMicrosecondsPerInvocation="3919" maxMicrosecondsPerInvocation="18333" standardDeviationMicrosecondsPerInvocation="7211"/>
      <ClassProfile name="edu.umd.cs.findbugs.OpcodeStack$JumpInfoFactory" totalMilliseconds="17" invocations="76" avgMicrosecondsPerInvocation="230" maxMicrosecondsPerInvocation="1700" standardDeviationMicrosecondsPerInvocation="281"/>
      <ClassProfile name="edu.umd.cs.findbugs.classfile.engine.bcel.JavaClassAnalysisEngine" totalMilliseconds="14" invocations="35" avgMicrosecondsPerInvocation="422" maxMicrosecondsPerInvocation="8231" standardDeviationMicrosecondsPerInvocation="1384"/>
      <ClassProfile name="edu.umd.cs.findbugs.util.TopologicalSort" totalMilliseconds="13" invocations="295" avgMicrosecondsPerInvocation="47" maxMicrosecondsPerInvocation="605" standardDeviationMicrosecondsPerInvocation="81"/>
      <ClassProfile name="edu.umd.cs.findbugs.detect.FindNoSideEffectMethods" totalMilliseconds="13" invocations="13" avgMicrosecondsPerInvocation="1032" maxMicrosecondsPerInvocation="4723" standardDeviationMicrosecondsPerInvocation="1321"/>
      <ClassProfile name="edu.umd.cs.findbugs.classfile.engine.bcel.ValueNumberDataflowFactory" totalMilliseconds="11" invocations="5" avgMicrosecondsPerInvocation="2362" maxMicrosecondsPerInvocation="7183" standardDeviationMicrosecondsPerInvocation="2420"/>
      <ClassProfile name="edu.umd.cs.findbugs.classfile.engine.bcel.TypeDataflowFactory" totalMilliseconds="11" invocations="5" avgMicrosecondsPerInvocation="2253" maxMicrosecondsPerInvocation="4803" standardDeviationMicrosecondsPerInvocation="1376"/>
      <ClassProfile name="edu.umd.cs.findbugs.classfile.engine.bcel.IsNullValueDataflowFactory" totalMilliseconds="11" invocations="5" avgMicrosecondsPerInvocation="2251" maxMicrosecondsPerInvocation="7557" standardDeviationMicrosecondsPerInvocation="2727"/>
    </FindBugsProfile>
  </FindBugsSummary>
  <ClassFeatures></ClassFeatures>
  <History></History>
</BugCollection>
