<?xml version="1.0" encoding="UTF-8"?>

<BugCollection version="4.7.3" sequence="0" timestamp="1698475131507" analysisTimestamp="1698509533980" release="">
  <Project projectName="">
    <Jar>/mnt/disk3/lty/JLeaks/data/classfile/bug-201-5f796c29966b0a981786ec6e618f24b18fbc8cd980acebd140fda1612fe535e2.class</Jar>
  </Project>
  <Errors errors="0" missingClasses="15">
    <MissingClass>org.apache.kafka.common.config.AbstractConfig</MissingClass>
    <MissingClass>org.apache.kafka.common.config.ConfigDef</MissingClass>
    <MissingClass>org.apache.kafka.common.config.ConfigDef$Importance</MissingClass>
    <MissingClass>org.apache.kafka.common.config.ConfigDef$Type</MissingClass>
    <MissingClass>org.apache.kafka.connect.data.Struct</MissingClass>
    <MissingClass>org.apache.kafka.connect.sink.SinkRecord</MissingClass>
    <MissingClass>org.apache.kafka.connect.sink.SinkTask</MissingClass>
    <MissingClass>org.apache.plc4x.java.PlcDriverManager</MissingClass>
    <MissingClass>org.apache.plc4x.java.api.PlcConnection</MissingClass>
    <MissingClass>org.apache.plc4x.java.api.messages.PlcWriteRequest</MissingClass>
    <MissingClass>org.apache.plc4x.java.api.messages.PlcWriteRequest$Builder</MissingClass>
    <MissingClass>org.apache.plc4x.java.utils.connectionpool.PooledPlcDriverManager</MissingClass>
    <MissingClass>org.apache.plc4x.kafka.util.VersionUtil</MissingClass>
    <MissingClass>org.slf4j.Logger</MissingClass>
    <MissingClass>org.slf4j.LoggerFactory</MissingClass>
  </Errors>
  <FindBugsSummary timestamp="Sat, 28 Oct 2023 14:38:51 +0800" total_classes="1" referenced_classes="15" total_bugs="0" total_size="77" num_packages="1" java_version="1.8.0_382" vm_version="25.382-b05" cpu_seconds="37.89" clock_seconds="3.96" peak_mbytes="373.45" alloc_mbytes="1820.50" gc_seconds="0.20">
    <PackageStats package="org.apache.plc4x.kafka" total_bugs="0" total_types="1" total_size="77">
      <ClassStats class="org.apache.plc4x.kafka.Plc4xSinkTask" sourceFile="Plc4xSinkTask.java" interface="false" size="77" bugs="0"/>
    </PackageStats>
    <FindBugsProfile>
      <ClassProfile name="edu.umd.cs.findbugs.classfile.engine.ClassInfoAnalysisEngine" totalMilliseconds="713" invocations="411" avgMicrosecondsPerInvocation="1736" maxMicrosecondsPerInvocation="202941" standardDeviationMicrosecondsPerInvocation="10547"/>
      <ClassProfile name="edu.umd.cs.findbugs.OpcodeStack$JumpInfoFactory" totalMilliseconds="159" invocations="93" avgMicrosecondsPerInvocation="1716" maxMicrosecondsPerInvocation="23621" standardDeviationMicrosecondsPerInvocation="3503"/>
      <ClassProfile name="edu.umd.cs.findbugs.detect.FieldItemSummary" totalMilliseconds="117" invocations="15" avgMicrosecondsPerInvocation="7800" maxMicrosecondsPerInvocation="32618" standardDeviationMicrosecondsPerInvocation="9816"/>
      <ClassProfile name="edu.umd.cs.findbugs.classfile.engine.bcel.MethodGenFactory" totalMilliseconds="113" invocations="6" avgMicrosecondsPerInvocation="18848" maxMicrosecondsPerInvocation="103627" standardDeviationMicrosecondsPerInvocation="37924"/>
      <ClassProfile name="edu.umd.cs.findbugs.classfile.engine.bcel.ValueNumberDataflowFactory" totalMilliseconds="107" invocations="7" avgMicrosecondsPerInvocation="15310" maxMicrosecondsPerInvocation="38533" standardDeviationMicrosecondsPerInvocation="14979"/>
      <ClassProfile name="edu.umd.cs.findbugs.detect.FindNoSideEffectMethods" totalMilliseconds="102" invocations="15" avgMicrosecondsPerInvocation="6809" maxMicrosecondsPerInvocation="33978" standardDeviationMicrosecondsPerInvocation="9148"/>
      <ClassProfile name="edu.umd.cs.findbugs.classfile.engine.bcel.JavaClassAnalysisEngine" totalMilliseconds="92" invocations="59" avgMicrosecondsPerInvocation="1566" maxMicrosecondsPerInvocation="53843" standardDeviationMicrosecondsPerInvocation="7067"/>
      <ClassProfile name="edu.umd.cs.findbugs.classfile.engine.bcel.TypeDataflowFactory" totalMilliseconds="89" invocations="7" avgMicrosecondsPerInvocation="12763" maxMicrosecondsPerInvocation="29428" standardDeviationMicrosecondsPerInvocation="10813"/>
      <ClassProfile name="edu.umd.cs.findbugs.classfile.engine.bcel.IsNullValueDataflowFactory" totalMilliseconds="87" invocations="6" avgMicrosecondsPerInvocation="14522" maxMicrosecondsPerInvocation="46186" standardDeviationMicrosecondsPerInvocation="16086"/>
      <ClassProfile name="edu.umd.cs.findbugs.classfile.engine.ClassDataAnalysisEngine" totalMilliseconds="83" invocations="416" avgMicrosecondsPerInvocation="201" maxMicrosecondsPerInvocation="3830" standardDeviationMicrosecondsPerInvocation="270"/>
      <ClassProfile name="edu.umd.cs.findbugs.util.TopologicalSort" totalMilliseconds="74" invocations="363" avgMicrosecondsPerInvocation="206" maxMicrosecondsPerInvocation="3077" standardDeviationMicrosecondsPerInvocation="364"/>
      <ClassProfile name="edu.umd.cs.findbugs.classfile.engine.bcel.CFGFactory" totalMilliseconds="70" invocations="6" avgMicrosecondsPerInvocation="11719" maxMicrosecondsPerInvocation="41918" standardDeviationMicrosecondsPerInvocation="14008"/>
      <ClassProfile name="edu.umd.cs.findbugs.ba.npe.NullDerefAndRedundantComparisonFinder" totalMilliseconds="64" invocations="6" avgMicrosecondsPerInvocation="10685" maxMicrosecondsPerInvocation="53192" standardDeviationMicrosecondsPerInvocation="19071"/>
      <ClassProfile name="edu.umd.cs.findbugs.detect.OverridingEqualsNotSymmetrical" totalMilliseconds="52" invocations="15" avgMicrosecondsPerInvocation="3520" maxMicrosecondsPerInvocation="25130" standardDeviationMicrosecondsPerInvocation="6192"/>
      <ClassProfile name="edu.umd.cs.findbugs.classfile.engine.bcel.UnconditionalValueDerefDataflowFactory" totalMilliseconds="52" invocations="6" avgMicrosecondsPerInvocation="8767" maxMicrosecondsPerInvocation="33191" standardDeviationMicrosecondsPerInvocation="11735"/>
      <ClassProfile name="edu.umd.cs.findbugs.detect.FunctionsThatMightBeMistakenForProcedures" totalMilliseconds="51" invocations="15" avgMicrosecondsPerInvocation="3447" maxMicrosecondsPerInvocation="33146" standardDeviationMicrosecondsPerInvocation="8048"/>
      <ClassProfile name="edu.umd.cs.findbugs.detect.NoteDirectlyRelevantTypeQualifiers" totalMilliseconds="49" invocations="15" avgMicrosecondsPerInvocation="3320" maxMicrosecondsPerInvocation="12411" standardDeviationMicrosecondsPerInvocation="3716"/>
      <ClassProfile name="edu.umd.cs.findbugs.detect.BuildObligationPolicyDatabase" totalMilliseconds="31" invocations="15" avgMicrosecondsPerInvocation="2086" maxMicrosecondsPerInvocation="11764" standardDeviationMicrosecondsPerInvocation="2981"/>
      <ClassProfile name="edu.umd.cs.findbugs.detect.CheckRelaxingNullnessAnnotation" totalMilliseconds="30" invocations="1" avgMicrosecondsPerInvocation="30413" maxMicrosecondsPerInvocation="30413" standardDeviationMicrosecondsPerInvocation="0"/>
    </FindBugsProfile>
  </FindBugsSummary>
  <ClassFeatures></ClassFeatures>
  <History></History>
</BugCollection>
