<?xml version="1.0" encoding="UTF-8"?>

<BugCollection version="4.7.3" sequence="0" timestamp="1698475181320" analysisTimestamp="1698513083028" release="">
  <Project projectName="">
    <Jar>/mnt/disk3/lty/JLeaks/data/classfile/bug-604-1381ff3fc0c346266b31802b54dfd1fc3d208ec9653f1392d7c01907a346e601.class</Jar>
  </Project>
  <Errors errors="0" missingClasses="21">
    <MissingClass>com.cloudbees.plugins.credentials.CredentialsMatchers</MissingClass>
    <MissingClass>com.cloudbees.plugins.credentials.CredentialsProvider</MissingClass>
    <MissingClass>com.cloudbees.plugins.credentials.common.StandardCertificateCredentials</MissingClass>
    <MissingClass>com.cloudbees.plugins.credentials.common.StandardCredentials</MissingClass>
    <MissingClass>com.cloudbees.plugins.credentials.common.UsernamePasswordCredentials</MissingClass>
    <MissingClass>com.google.common.collect.Sets</MissingClass>
    <MissingClass>hudson.AbortException</MissingClass>
    <MissingClass>hudson.FilePath</MissingClass>
    <MissingClass>hudson.Launcher</MissingClass>
    <MissingClass>hudson.Launcher$ProcStarter</MissingClass>
    <MissingClass>hudson.security.ACL</MissingClass>
    <MissingClass>hudson.util.Secret</MissingClass>
    <MissingClass>jenkins.model.Jenkins</MissingClass>
    <MissingClass>jenkins.tasks.SimpleBuildWrapper</MissingClass>
    <MissingClass>jenkins.tasks.SimpleBuildWrapper$Context</MissingClass>
    <MissingClass>org.apache.commons.codec.binary.Base64</MissingClass>
    <MissingClass>org.apache.commons.lang.StringUtils</MissingClass>
    <MissingClass>org.csanchez.jenkins.plugins.kubernetes.KubectlBuildWrapper$CleanupDisposer</MissingClass>
    <MissingClass>org.jenkinsci.plugins.kubernetes.credentials.TokenProducer</MissingClass>
    <MissingClass>org.jenkinsci.plugins.plaincredentials.FileCredentials</MissingClass>
    <MissingClass>org.jenkinsci.plugins.plaincredentials.StringCredentials</MissingClass>
  </Errors>
  <FindBugsSummary timestamp="Sat, 28 Oct 2023 14:39:41 +0800" total_classes="1" referenced_classes="33" total_bugs="0" total_size="115" num_packages="1" java_version="1.8.0_382" vm_version="25.382-b05" cpu_seconds="8.49" clock_seconds="0.84" peak_mbytes="396.34" alloc_mbytes="1820.50" gc_seconds="0.04">
    <PackageStats package="org.csanchez.jenkins.plugins.kubernetes" total_bugs="0" total_types="1" total_size="115">
      <ClassStats class="org.csanchez.jenkins.plugins.kubernetes.KubectlBuildWrapper" sourceFile="KubectlBuildWrapper.java" interface="false" size="115" bugs="0"/>
    </PackageStats>
    <FindBugsProfile>
      <ClassProfile name="edu.umd.cs.findbugs.classfile.engine.ClassInfoAnalysisEngine" totalMilliseconds="118" invocations="505" avgMicrosecondsPerInvocation="234" maxMicrosecondsPerInvocation="13371" standardDeviationMicrosecondsPerInvocation="738"/>
      <ClassProfile name="edu.umd.cs.findbugs.detect.FindNoSideEffectMethods" totalMilliseconds="65" invocations="33" avgMicrosecondsPerInvocation="1978" maxMicrosecondsPerInvocation="44036" standardDeviationMicrosecondsPerInvocation="7491"/>
      <ClassProfile name="edu.umd.cs.findbugs.detect.FieldItemSummary" totalMilliseconds="30" invocations="33" avgMicrosecondsPerInvocation="922" maxMicrosecondsPerInvocation="5575" standardDeviationMicrosecondsPerInvocation="1437"/>
      <ClassProfile name="edu.umd.cs.findbugs.classfile.engine.bcel.IsNullValueDataflowFactory" totalMilliseconds="23" invocations="7" avgMicrosecondsPerInvocation="3332" maxMicrosecondsPerInvocation="13738" standardDeviationMicrosecondsPerInvocation="4563"/>
      <ClassProfile name="edu.umd.cs.findbugs.classfile.engine.bcel.MethodGenFactory" totalMilliseconds="20" invocations="7" avgMicrosecondsPerInvocation="2996" maxMicrosecondsPerInvocation="18403" standardDeviationMicrosecondsPerInvocation="6336"/>
      <ClassProfile name="edu.umd.cs.findbugs.classfile.engine.bcel.JavaClassAnalysisEngine" totalMilliseconds="19" invocations="85" avgMicrosecondsPerInvocation="227" maxMicrosecondsPerInvocation="8630" standardDeviationMicrosecondsPerInvocation="970"/>
      <ClassProfile name="edu.umd.cs.findbugs.classfile.engine.bcel.TypeDataflowFactory" totalMilliseconds="19" invocations="7" avgMicrosecondsPerInvocation="2767" maxMicrosecondsPerInvocation="11627" standardDeviationMicrosecondsPerInvocation="3954"/>
      <ClassProfile name="edu.umd.cs.findbugs.classfile.engine.bcel.ValueNumberDataflowFactory" totalMilliseconds="18" invocations="7" avgMicrosecondsPerInvocation="2707" maxMicrosecondsPerInvocation="9905" standardDeviationMicrosecondsPerInvocation="3633"/>
      <ClassProfile name="edu.umd.cs.findbugs.OpcodeStack$JumpInfoFactory" totalMilliseconds="18" invocations="98" avgMicrosecondsPerInvocation="186" maxMicrosecondsPerInvocation="1390" standardDeviationMicrosecondsPerInvocation="209"/>
      <ClassProfile name="edu.umd.cs.findbugs.classfile.engine.bcel.CFGFactory" totalMilliseconds="15" invocations="7" avgMicrosecondsPerInvocation="2214" maxMicrosecondsPerInvocation="6879" standardDeviationMicrosecondsPerInvocation="2851"/>
      <ClassProfile name="edu.umd.cs.findbugs.classfile.engine.bcel.UnconditionalValueDerefDataflowFactory" totalMilliseconds="15" invocations="7" avgMicrosecondsPerInvocation="2206" maxMicrosecondsPerInvocation="12249" standardDeviationMicrosecondsPerInvocation="4128"/>
      <ClassProfile name="edu.umd.cs.findbugs.util.TopologicalSort" totalMilliseconds="15" invocations="439" avgMicrosecondsPerInvocation="35" maxMicrosecondsPerInvocation="762" standardDeviationMicrosecondsPerInvocation="71"/>
      <ClassProfile name="edu.umd.cs.findbugs.detect.FindOpenStream" totalMilliseconds="13" invocations="1" avgMicrosecondsPerInvocation="13822" maxMicrosecondsPerInvocation="13822" standardDeviationMicrosecondsPerInvocation="0"/>
      <ClassProfile name="edu.umd.cs.findbugs.detect.NoteDirectlyRelevantTypeQualifiers" totalMilliseconds="12" invocations="33" avgMicrosecondsPerInvocation="377" maxMicrosecondsPerInvocation="3262" standardDeviationMicrosecondsPerInvocation="693"/>
      <ClassProfile name="edu.umd.cs.findbugs.classfile.engine.ClassDataAnalysisEngine" totalMilliseconds="12" invocations="510" avgMicrosecondsPerInvocation="23" maxMicrosecondsPerInvocation="641" standardDeviationMicrosecondsPerInvocation="40"/>
      <ClassProfile name="edu.umd.cs.findbugs.ba.npe.NullDerefAndRedundantComparisonFinder" totalMilliseconds="11" invocations="7" avgMicrosecondsPerInvocation="1647" maxMicrosecondsPerInvocation="9676" standardDeviationMicrosecondsPerInvocation="3287"/>
      <ClassProfile name="edu.umd.cs.findbugs.detect.OverridingEqualsNotSymmetrical" totalMilliseconds="11" invocations="33" avgMicrosecondsPerInvocation="349" maxMicrosecondsPerInvocation="7096" standardDeviationMicrosecondsPerInvocation="1207"/>
    </FindBugsProfile>
  </FindBugsSummary>
  <ClassFeatures></ClassFeatures>
  <History></History>
</BugCollection>
