<?xml version="1.0" encoding="UTF-8"?>

<BugCollection version="4.7.3" sequence="0" timestamp="1698475156134" analysisTimestamp="1698512028590" release="">
  <Project projectName="">
    <Jar>/mnt/disk3/lty/JLeaks/data/classfile/bug-408-ab1e3cd5c2c41ee1bdc27a48b9788b4021210bc8748a30aa626bf7640e13787e.class</Jar>
  </Project>
  <Errors errors="0" missingClasses="31">
    <MissingClass>com.google.common.collect.Lists</MissingClass>
    <MissingClass>org.elasticsearch.ElasticSearchException</MissingClass>
    <MissingClass>org.elasticsearch.ElasticSearchIllegalArgumentException</MissingClass>
    <MissingClass>org.elasticsearch.action.suggest.ShardSuggestRequest</MissingClass>
    <MissingClass>org.elasticsearch.action.suggest.ShardSuggestResponse</MissingClass>
    <MissingClass>org.elasticsearch.action.suggest.SuggestRequest</MissingClass>
    <MissingClass>org.elasticsearch.action.suggest.SuggestResponse</MissingClass>
    <MissingClass>org.elasticsearch.action.support.DefaultShardOperationFailedException</MissingClass>
    <MissingClass>org.elasticsearch.action.support.broadcast.BroadcastOperationRequest</MissingClass>
    <MissingClass>org.elasticsearch.action.support.broadcast.BroadcastShardOperationFailedException</MissingClass>
    <MissingClass>org.elasticsearch.action.support.broadcast.BroadcastShardOperationRequest</MissingClass>
    <MissingClass>org.elasticsearch.action.support.broadcast.TransportBroadcastOperationAction</MissingClass>
    <MissingClass>org.elasticsearch.cluster.ClusterService</MissingClass>
    <MissingClass>org.elasticsearch.cluster.ClusterState</MissingClass>
    <MissingClass>org.elasticsearch.cluster.block.ClusterBlockLevel</MissingClass>
    <MissingClass>org.elasticsearch.cluster.block.ClusterBlocks</MissingClass>
    <MissingClass>org.elasticsearch.cluster.metadata.MetaData</MissingClass>
    <MissingClass>org.elasticsearch.cluster.routing.ShardRouting</MissingClass>
    <MissingClass>org.elasticsearch.cluster.routing.operation.OperationRouting</MissingClass>
    <MissingClass>org.elasticsearch.common.bytes.BytesReference</MissingClass>
    <MissingClass>org.elasticsearch.common.xcontent.XContent</MissingClass>
    <MissingClass>org.elasticsearch.common.xcontent.XContentFactory</MissingClass>
    <MissingClass>org.elasticsearch.common.xcontent.XContentParser</MissingClass>
    <MissingClass>org.elasticsearch.common.xcontent.XContentParser$Token</MissingClass>
    <MissingClass>org.elasticsearch.index.engine.Engine$Searcher</MissingClass>
    <MissingClass>org.elasticsearch.index.service.IndexService</MissingClass>
    <MissingClass>org.elasticsearch.index.shard.service.IndexShard</MissingClass>
    <MissingClass>org.elasticsearch.indices.IndicesService</MissingClass>
    <MissingClass>org.elasticsearch.search.suggest.Suggest</MissingClass>
    <MissingClass>org.elasticsearch.search.suggest.SuggestParseElement</MissingClass>
    <MissingClass>org.elasticsearch.search.suggest.SuggestPhase</MissingClass>
  </Errors>
  <FindBugsSummary timestamp="Sat, 28 Oct 2023 14:39:16 +0800" total_classes="1" referenced_classes="9" total_bugs="0" total_size="73" num_packages="1" java_version="1.8.0_382" vm_version="25.382-b05" cpu_seconds="5.53" clock_seconds="0.68" peak_mbytes="406.54" alloc_mbytes="1820.50" gc_seconds="0.04">
    <PackageStats package="org.elasticsearch.action.suggest" total_bugs="0" total_types="1" total_size="73">
      <ClassStats class="org.elasticsearch.action.suggest.TransportSuggestAction" sourceFile="TransportSuggestAction.java" interface="false" size="73" bugs="0"/>
    </PackageStats>
    <FindBugsProfile>
      <ClassProfile name="edu.umd.cs.findbugs.classfile.engine.ClassInfoAnalysisEngine" totalMilliseconds="97" invocations="321" avgMicrosecondsPerInvocation="303" maxMicrosecondsPerInvocation="11680" standardDeviationMicrosecondsPerInvocation="843"/>
      <ClassProfile name="edu.umd.cs.findbugs.classfile.engine.ClassDataAnalysisEngine" totalMilliseconds="48" invocations="327" avgMicrosecondsPerInvocation="148" maxMicrosecondsPerInvocation="40263" standardDeviationMicrosecondsPerInvocation="2222"/>
      <ClassProfile name="edu.umd.cs.findbugs.OpcodeStack$JumpInfoFactory" totalMilliseconds="22" invocations="87" avgMicrosecondsPerInvocation="261" maxMicrosecondsPerInvocation="1871" standardDeviationMicrosecondsPerInvocation="349"/>
      <ClassProfile name="edu.umd.cs.findbugs.classfile.engine.bcel.MethodGenFactory" totalMilliseconds="19" invocations="21" avgMicrosecondsPerInvocation="945" maxMicrosecondsPerInvocation="17531" standardDeviationMicrosecondsPerInvocation="3711"/>
      <ClassProfile name="edu.umd.cs.findbugs.detect.FieldItemSummary" totalMilliseconds="18" invocations="9" avgMicrosecondsPerInvocation="2003" maxMicrosecondsPerInvocation="6950" standardDeviationMicrosecondsPerInvocation="2020"/>
      <ClassProfile name="edu.umd.cs.findbugs.classfile.engine.bcel.IsNullValueDataflowFactory" totalMilliseconds="17" invocations="21" avgMicrosecondsPerInvocation="826" maxMicrosecondsPerInvocation="4968" standardDeviationMicrosecondsPerInvocation="1427"/>
      <ClassProfile name="edu.umd.cs.findbugs.classfile.engine.bcel.ValueNumberDataflowFactory" totalMilliseconds="14" invocations="21" avgMicrosecondsPerInvocation="713" maxMicrosecondsPerInvocation="6829" standardDeviationMicrosecondsPerInvocation="1528"/>
      <ClassProfile name="edu.umd.cs.findbugs.classfile.engine.bcel.TypeDataflowFactory" totalMilliseconds="14" invocations="21" avgMicrosecondsPerInvocation="704" maxMicrosecondsPerInvocation="5044" standardDeviationMicrosecondsPerInvocation="1278"/>
      <ClassProfile name="edu.umd.cs.findbugs.classfile.engine.bcel.CFGFactory" totalMilliseconds="13" invocations="21" avgMicrosecondsPerInvocation="665" maxMicrosecondsPerInvocation="7379" standardDeviationMicrosecondsPerInvocation="1557"/>
      <ClassProfile name="edu.umd.cs.findbugs.classfile.engine.bcel.JavaClassAnalysisEngine" totalMilliseconds="13" invocations="35" avgMicrosecondsPerInvocation="395" maxMicrosecondsPerInvocation="8380" standardDeviationMicrosecondsPerInvocation="1410"/>
      <ClassProfile name="edu.umd.cs.findbugs.util.TopologicalSort" totalMilliseconds="12" invocations="249" avgMicrosecondsPerInvocation="51" maxMicrosecondsPerInvocation="1047" standardDeviationMicrosecondsPerInvocation="98"/>
      <ClassProfile name="edu.umd.cs.findbugs.classfile.engine.bcel.UnconditionalValueDerefDataflowFactory" totalMilliseconds="11" invocations="18" avgMicrosecondsPerInvocation="631" maxMicrosecondsPerInvocation="3176" standardDeviationMicrosecondsPerInvocation="944"/>
    </FindBugsProfile>
  </FindBugsSummary>
  <ClassFeatures></ClassFeatures>
  <History></History>
</BugCollection>
