<?xml version="1.0" encoding="UTF-8"?>

<BugCollection version="4.7.3" sequence="0" timestamp="1698475249478" analysisTimestamp="1698520648925" release="">
  <Project projectName="">
    <Jar>/mnt/disk3/lty/JLeaks/data/classfile/bug-1072-14f3a2050ec64be37f1a184e82617bda9430bc688ad8ecd805f6e4ecd36a17cc.class</Jar>
  </Project>
  <Errors errors="0" missingClasses="23">
    <MissingClass>com.github.wvengen.maven.proguard.Assembly</MissingClass>
    <MissingClass>com.github.wvengen.maven.proguard.Exclusion</MissingClass>
    <MissingClass>com.github.wvengen.maven.proguard.Inclusion</MissingClass>
    <MissingClass>org.apache.commons.io.FileUtils</MissingClass>
    <MissingClass>org.apache.commons.io.IOUtils</MissingClass>
    <MissingClass>org.apache.maven.archiver.MavenArchiveConfiguration</MissingClass>
    <MissingClass>org.apache.maven.archiver.MavenArchiver</MissingClass>
    <MissingClass>org.apache.maven.artifact.Artifact</MissingClass>
    <MissingClass>org.apache.maven.model.Build</MissingClass>
    <MissingClass>org.apache.maven.model.Dependency</MissingClass>
    <MissingClass>org.apache.maven.plugin.AbstractMojo</MissingClass>
    <MissingClass>org.apache.maven.plugin.MojoExecutionException</MissingClass>
    <MissingClass>org.apache.maven.plugin.MojoFailureException</MissingClass>
    <MissingClass>org.apache.maven.plugin.logging.Log</MissingClass>
    <MissingClass>org.apache.maven.project.MavenProject</MissingClass>
    <MissingClass>org.apache.maven.project.MavenProjectHelper</MissingClass>
    <MissingClass>org.apache.tools.ant.DefaultLogger</MissingClass>
    <MissingClass>org.apache.tools.ant.Project</MissingClass>
    <MissingClass>org.apache.tools.ant.taskdefs.Java</MissingClass>
    <MissingClass>org.apache.tools.ant.types.Commandline$Argument</MissingClass>
    <MissingClass>org.apache.tools.ant.types.Path</MissingClass>
    <MissingClass>org.apache.tools.ant.types.Path$PathElement</MissingClass>
    <MissingClass>org.codehaus.plexus.archiver.jar.JarArchiver</MissingClass>
  </Errors>
  <FindBugsSummary timestamp="Sat, 28 Oct 2023 14:40:49 +0800" total_classes="1" referenced_classes="30" total_bugs="0" total_size="495" num_packages="1" java_version="1.8.0_382" vm_version="25.382-b05" cpu_seconds="13.43" clock_seconds="1.32" peak_mbytes="412.25" alloc_mbytes="1820.50" gc_seconds="0.04">
    <PackageStats package="com.github.wvengen.maven.proguard" total_bugs="0" total_types="1" total_size="495">
      <ClassStats class="com.github.wvengen.maven.proguard.ProGuardMojo" sourceFile="ProGuardMojo.java" interface="false" size="495" bugs="0"/>
    </PackageStats>
    <FindBugsProfile>
      <ClassProfile name="edu.umd.cs.findbugs.classfile.engine.ClassInfoAnalysisEngine" totalMilliseconds="128" invocations="517" avgMicrosecondsPerInvocation="249" maxMicrosecondsPerInvocation="13262" standardDeviationMicrosecondsPerInvocation="725"/>
      <ClassProfile name="edu.umd.cs.findbugs.classfile.engine.bcel.ValueNumberDataflowFactory" totalMilliseconds="74" invocations="15" avgMicrosecondsPerInvocation="4946" maxMicrosecondsPerInvocation="42561" standardDeviationMicrosecondsPerInvocation="10459"/>
      <ClassProfile name="edu.umd.cs.findbugs.detect.FieldItemSummary" totalMilliseconds="73" invocations="30" avgMicrosecondsPerInvocation="2463" maxMicrosecondsPerInvocation="43532" standardDeviationMicrosecondsPerInvocation="7720"/>
      <ClassProfile name="edu.umd.cs.findbugs.classfile.engine.bcel.UnconditionalValueDerefDataflowFactory" totalMilliseconds="67" invocations="15" avgMicrosecondsPerInvocation="4523" maxMicrosecondsPerInvocation="40626" standardDeviationMicrosecondsPerInvocation="10103"/>
      <ClassProfile name="edu.umd.cs.findbugs.classfile.engine.bcel.IsNullValueDataflowFactory" totalMilliseconds="67" invocations="15" avgMicrosecondsPerInvocation="4490" maxMicrosecondsPerInvocation="34449" standardDeviationMicrosecondsPerInvocation="8768"/>
      <ClassProfile name="edu.umd.cs.findbugs.OpcodeStack$JumpInfoFactory" totalMilliseconds="55" invocations="152" avgMicrosecondsPerInvocation="364" maxMicrosecondsPerInvocation="21163" standardDeviationMicrosecondsPerInvocation="1758"/>
      <ClassProfile name="edu.umd.cs.findbugs.classfile.engine.bcel.TypeDataflowFactory" totalMilliseconds="50" invocations="15" avgMicrosecondsPerInvocation="3388" maxMicrosecondsPerInvocation="23081" standardDeviationMicrosecondsPerInvocation="5797"/>
      <ClassProfile name="edu.umd.cs.findbugs.ba.npe.NullDerefAndRedundantComparisonFinder" totalMilliseconds="43" invocations="15" avgMicrosecondsPerInvocation="2880" maxMicrosecondsPerInvocation="21132" standardDeviationMicrosecondsPerInvocation="5624"/>
      <ClassProfile name="edu.umd.cs.findbugs.detect.FindNoSideEffectMethods" totalMilliseconds="29" invocations="30" avgMicrosecondsPerInvocation="988" maxMicrosecondsPerInvocation="8298" standardDeviationMicrosecondsPerInvocation="1547"/>
      <ClassProfile name="edu.umd.cs.findbugs.classfile.engine.bcel.CFGFactory" totalMilliseconds="25" invocations="15" avgMicrosecondsPerInvocation="1726" maxMicrosecondsPerInvocation="7809" standardDeviationMicrosecondsPerInvocation="2405"/>
      <ClassProfile name="edu.umd.cs.findbugs.classfile.engine.bcel.MethodGenFactory" totalMilliseconds="25" invocations="15" avgMicrosecondsPerInvocation="1669" maxMicrosecondsPerInvocation="17205" standardDeviationMicrosecondsPerInvocation="4361"/>
      <ClassProfile name="edu.umd.cs.findbugs.detect.FindOpenStream" totalMilliseconds="23" invocations="1" avgMicrosecondsPerInvocation="23103" maxMicrosecondsPerInvocation="23103" standardDeviationMicrosecondsPerInvocation="0"/>
      <ClassProfile name="edu.umd.cs.findbugs.detect.FindRefComparison$SpecialTypeAnalysis" totalMilliseconds="22" invocations="15" avgMicrosecondsPerInvocation="1479" maxMicrosecondsPerInvocation="16947" standardDeviationMicrosecondsPerInvocation="4173"/>
      <ClassProfile name="edu.umd.cs.findbugs.classfile.engine.bcel.ValueRangeAnalysisFactory" totalMilliseconds="19" invocations="15" avgMicrosecondsPerInvocation="1291" maxMicrosecondsPerInvocation="14789" standardDeviationMicrosecondsPerInvocation="3637"/>
      <ClassProfile name="edu.umd.cs.findbugs.classfile.engine.bcel.JavaClassAnalysisEngine" totalMilliseconds="19" invocations="82" avgMicrosecondsPerInvocation="234" maxMicrosecondsPerInvocation="8322" standardDeviationMicrosecondsPerInvocation="943"/>
      <ClassProfile name="edu.umd.cs.findbugs.util.TopologicalSort" totalMilliseconds="17" invocations="459" avgMicrosecondsPerInvocation="37" maxMicrosecondsPerInvocation="1431" standardDeviationMicrosecondsPerInvocation="94"/>
      <ClassProfile name="edu.umd.cs.findbugs.detect.NoteDirectlyRelevantTypeQualifiers" totalMilliseconds="15" invocations="30" avgMicrosecondsPerInvocation="509" maxMicrosecondsPerInvocation="5338" standardDeviationMicrosecondsPerInvocation="976"/>
      <ClassProfile name="edu.umd.cs.findbugs.detect.StreamResourceTracker" totalMilliseconds="15" invocations="5" avgMicrosecondsPerInvocation="3024" maxMicrosecondsPerInvocation="7162" standardDeviationMicrosecondsPerInvocation="2557"/>
      <ClassProfile name="edu.umd.cs.findbugs.detect.FindUselessObjects" totalMilliseconds="13" invocations="1" avgMicrosecondsPerInvocation="13281" maxMicrosecondsPerInvocation="13281" standardDeviationMicrosecondsPerInvocation="0"/>
      <ClassProfile name="edu.umd.cs.findbugs.detect.CalledMethods" totalMilliseconds="12" invocations="30" avgMicrosecondsPerInvocation="422" maxMicrosecondsPerInvocation="5939" standardDeviationMicrosecondsPerInvocation="1062"/>
      <ClassProfile name="edu.umd.cs.findbugs.classfile.engine.bcel.ConstantDataflowFactory" totalMilliseconds="12" invocations="15" avgMicrosecondsPerInvocation="816" maxMicrosecondsPerInvocation="7678" standardDeviationMicrosecondsPerInvocation="1889"/>
      <ClassProfile name="edu.umd.cs.findbugs.classfile.engine.ClassDataAnalysisEngine" totalMilliseconds="11" invocations="522" avgMicrosecondsPerInvocation="22" maxMicrosecondsPerInvocation="453" standardDeviationMicrosecondsPerInvocation="29"/>
      <ClassProfile name="edu.umd.cs.findbugs.detect.OverridingEqualsNotSymmetrical" totalMilliseconds="11" invocations="30" avgMicrosecondsPerInvocation="389" maxMicrosecondsPerInvocation="5636" standardDeviationMicrosecondsPerInvocation="1015"/>
    </FindBugsProfile>
  </FindBugsSummary>
  <ClassFeatures></ClassFeatures>
  <History></History>
</BugCollection>
