<?xml version="1.0" encoding="UTF-8"?>

<BugCollection version="4.7.3" sequence="0" timestamp="1698475157130" analysisTimestamp="1698512054803" release="">
  <Project projectName="">
    <Jar>/mnt/disk3/lty/JLeaks/data/classfile/bug-416-eb4713a9c163da4e14bff9ba5c9b665f488ffe9e03adaa47ade175d679eef838.class</Jar>
  </Project>
  <BugInstance type="OS_OPEN_STREAM" priority="2" rank="16" abbrev="OS" category="BAD_PRACTICE">
    <Class classname="com.esri.core.geometry.OperatorFactoryLocal">
      <SourceLine classname="com.esri.core.geometry.OperatorFactoryLocal" start="44" end="294" sourcefile="OperatorFactoryLocal.java" sourcepath="com/esri/core/geometry/OperatorFactoryLocal.java"/>
    </Class>
    <Method classname="com.esri.core.geometry.OperatorFactoryLocal" name="loadGeometryFromJSONFileDbg" signature="(Ljava/lang/String;)Lcom/esri/core/geometry/MapGeometry;" isStatic="true">
      <SourceLine classname="com.esri.core.geometry.OperatorFactoryLocal" start="180" end="201" startBytecode="0" endBytecode="57" sourcefile="OperatorFactoryLocal.java" sourcepath="com/esri/core/geometry/OperatorFactoryLocal.java"/>
    </Method>
    <Type descriptor="Ljava/io/Reader;" role="TYPE_CLOSEIT">
      <SourceLine classname="java.io.Reader" start="66" end="249" sourcefile="Reader.java" sourcepath="java/io/Reader.java"/>
    </Type>
    <SourceLine classname="com.esri.core.geometry.OperatorFactoryLocal" start="187" end="187" startBytecode="23" endBytecode="23" sourcefile="OperatorFactoryLocal.java" sourcepath="com/esri/core/geometry/OperatorFactoryLocal.java"/>
  </BugInstance>
  <BugInstance type="OS_OPEN_STREAM" priority="2" rank="16" abbrev="OS" category="BAD_PRACTICE">
    <Class classname="com.esri.core.geometry.OperatorFactoryLocal">
      <SourceLine classname="com.esri.core.geometry.OperatorFactoryLocal" start="44" end="294" sourcefile="OperatorFactoryLocal.java" sourcepath="com/esri/core/geometry/OperatorFactoryLocal.java"/>
    </Class>
    <Method classname="com.esri.core.geometry.OperatorFactoryLocal" name="loadGeometryFromWKTFileDbg" signature="(Ljava/lang/String;)Lcom/esri/core/geometry/Geometry;" isStatic="true">
      <SourceLine classname="com.esri.core.geometry.OperatorFactoryLocal" start="274" end="294" startBytecode="0" endBytecode="57" sourcefile="OperatorFactoryLocal.java" sourcepath="com/esri/core/geometry/OperatorFactoryLocal.java"/>
    </Method>
    <Type descriptor="Ljava/io/Reader;" role="TYPE_CLOSEIT">
      <SourceLine classname="java.io.Reader" start="66" end="249" sourcefile="Reader.java" sourcepath="java/io/Reader.java"/>
    </Type>
    <SourceLine classname="com.esri.core.geometry.OperatorFactoryLocal" start="281" end="281" startBytecode="23" endBytecode="23" sourcefile="OperatorFactoryLocal.java" sourcepath="com/esri/core/geometry/OperatorFactoryLocal.java"/>
  </BugInstance>
  <Errors errors="0" missingClasses="51">
    <MissingClass>com.esri.core.geometry.Geometry$Type</MissingClass>
    <MissingClass>com.esri.core.geometry.Operator$Type</MissingClass>
    <MissingClass>com.esri.core.geometry.OperatorBoundaryLocal</MissingClass>
    <MissingClass>com.esri.core.geometry.OperatorBufferLocal</MissingClass>
    <MissingClass>com.esri.core.geometry.OperatorCentroid2DLocal</MissingClass>
    <MissingClass>com.esri.core.geometry.OperatorClipLocal</MissingClass>
    <MissingClass>com.esri.core.geometry.OperatorContainsLocal</MissingClass>
    <MissingClass>com.esri.core.geometry.OperatorConvexHullLocal</MissingClass>
    <MissingClass>com.esri.core.geometry.OperatorCrossesLocal</MissingClass>
    <MissingClass>com.esri.core.geometry.OperatorCutLocal</MissingClass>
    <MissingClass>com.esri.core.geometry.OperatorDensifyByLengthLocal</MissingClass>
    <MissingClass>com.esri.core.geometry.OperatorDifferenceLocal</MissingClass>
    <MissingClass>com.esri.core.geometry.OperatorDisjointLocal</MissingClass>
    <MissingClass>com.esri.core.geometry.OperatorDistanceLocal</MissingClass>
    <MissingClass>com.esri.core.geometry.OperatorEqualsLocal</MissingClass>
    <MissingClass>com.esri.core.geometry.OperatorExportToESRIShape</MissingClass>
    <MissingClass>com.esri.core.geometry.OperatorExportToESRIShapeLocal</MissingClass>
    <MissingClass>com.esri.core.geometry.OperatorExportToGeoJsonLocal</MissingClass>
    <MissingClass>com.esri.core.geometry.OperatorExportToJson</MissingClass>
    <MissingClass>com.esri.core.geometry.OperatorExportToJsonLocal</MissingClass>
    <MissingClass>com.esri.core.geometry.OperatorExportToWkbLocal</MissingClass>
    <MissingClass>com.esri.core.geometry.OperatorExportToWkt</MissingClass>
    <MissingClass>com.esri.core.geometry.OperatorExportToWktLocal</MissingClass>
    <MissingClass>com.esri.core.geometry.OperatorFactory</MissingClass>
    <MissingClass>com.esri.core.geometry.OperatorGeneralizeLocal</MissingClass>
    <MissingClass>com.esri.core.geometry.OperatorGeodesicBufferLocal</MissingClass>
    <MissingClass>com.esri.core.geometry.OperatorGeodeticAreaLocal</MissingClass>
    <MissingClass>com.esri.core.geometry.OperatorGeodeticDensifyLocal</MissingClass>
    <MissingClass>com.esri.core.geometry.OperatorGeodeticLengthLocal</MissingClass>
    <MissingClass>com.esri.core.geometry.OperatorImportFromESRIShape</MissingClass>
    <MissingClass>com.esri.core.geometry.OperatorImportFromESRIShapeLocal</MissingClass>
    <MissingClass>com.esri.core.geometry.OperatorImportFromGeoJsonLocal</MissingClass>
    <MissingClass>com.esri.core.geometry.OperatorImportFromJson</MissingClass>
    <MissingClass>com.esri.core.geometry.OperatorImportFromJsonLocal</MissingClass>
    <MissingClass>com.esri.core.geometry.OperatorImportFromWkbLocal</MissingClass>
    <MissingClass>com.esri.core.geometry.OperatorImportFromWkt</MissingClass>
    <MissingClass>com.esri.core.geometry.OperatorImportFromWktLocal</MissingClass>
    <MissingClass>com.esri.core.geometry.OperatorIntersectionLocal</MissingClass>
    <MissingClass>com.esri.core.geometry.OperatorIntersectsLocal</MissingClass>
    <MissingClass>com.esri.core.geometry.OperatorOffsetLocal</MissingClass>
    <MissingClass>com.esri.core.geometry.OperatorOverlapsLocal</MissingClass>
    <MissingClass>com.esri.core.geometry.OperatorProjectLocal</MissingClass>
    <MissingClass>com.esri.core.geometry.OperatorProximity2DLocal</MissingClass>
    <MissingClass>com.esri.core.geometry.OperatorRelateLocal</MissingClass>
    <MissingClass>com.esri.core.geometry.OperatorShapePreservingDensifyLocal</MissingClass>
    <MissingClass>com.esri.core.geometry.OperatorSimplifyLocal</MissingClass>
    <MissingClass>com.esri.core.geometry.OperatorSimplifyLocalOGC</MissingClass>
    <MissingClass>com.esri.core.geometry.OperatorSymmetricDifferenceLocal</MissingClass>
    <MissingClass>com.esri.core.geometry.OperatorTouchesLocal</MissingClass>
    <MissingClass>com.esri.core.geometry.OperatorUnionLocal</MissingClass>
    <MissingClass>com.esri.core.geometry.OperatorWithinLocal</MissingClass>
  </Errors>
  <FindBugsSummary timestamp="Sat, 28 Oct 2023 14:39:17 +0800" total_classes="1" referenced_classes="18" total_bugs="2" total_size="152" num_packages="1" java_version="1.8.0_382" vm_version="25.382-b05" cpu_seconds="6.62" clock_seconds="0.78" peak_mbytes="397.53" alloc_mbytes="1820.50" gc_seconds="0.04" priority_2="2">
    <PackageStats package="com.esri.core.geometry" total_bugs="2" total_types="1" total_size="152" priority_2="2">
      <ClassStats class="com.esri.core.geometry.OperatorFactoryLocal" sourceFile="OperatorFactoryLocal.java" interface="false" size="152" bugs="2" priority_2="2"/>
    </PackageStats>
    <FindBugsProfile>
      <ClassProfile name="edu.umd.cs.findbugs.classfile.engine.ClassInfoAnalysisEngine" totalMilliseconds="153" invocations="354" avgMicrosecondsPerInvocation="434" maxMicrosecondsPerInvocation="47335" standardDeviationMicrosecondsPerInvocation="2621"/>
      <ClassProfile name="edu.umd.cs.findbugs.detect.FieldItemSummary" totalMilliseconds="23" invocations="18" avgMicrosecondsPerInvocation="1282" maxMicrosecondsPerInvocation="5514" standardDeviationMicrosecondsPerInvocation="1562"/>
      <ClassProfile name="edu.umd.cs.findbugs.classfile.engine.bcel.TypeDataflowFactory" totalMilliseconds="21" invocations="12" avgMicrosecondsPerInvocation="1818" maxMicrosecondsPerInvocation="5130" standardDeviationMicrosecondsPerInvocation="1791"/>
      <ClassProfile name="edu.umd.cs.findbugs.classfile.engine.bcel.IsNullValueDataflowFactory" totalMilliseconds="18" invocations="12" avgMicrosecondsPerInvocation="1574" maxMicrosecondsPerInvocation="3969" standardDeviationMicrosecondsPerInvocation="1278"/>
      <ClassProfile name="edu.umd.cs.findbugs.classfile.engine.bcel.ValueNumberDataflowFactory" totalMilliseconds="18" invocations="12" avgMicrosecondsPerInvocation="1545" maxMicrosecondsPerInvocation="6647" standardDeviationMicrosecondsPerInvocation="1867"/>
      <ClassProfile name="edu.umd.cs.findbugs.classfile.engine.bcel.MethodGenFactory" totalMilliseconds="18" invocations="12" avgMicrosecondsPerInvocation="1534" maxMicrosecondsPerInvocation="15916" standardDeviationMicrosecondsPerInvocation="4338"/>
      <ClassProfile name="edu.umd.cs.findbugs.classfile.engine.bcel.CFGFactory" totalMilliseconds="17" invocations="12" avgMicrosecondsPerInvocation="1425" maxMicrosecondsPerInvocation="7509" standardDeviationMicrosecondsPerInvocation="1970"/>
      <ClassProfile name="edu.umd.cs.findbugs.OpcodeStack$JumpInfoFactory" totalMilliseconds="16" invocations="70" avgMicrosecondsPerInvocation="231" maxMicrosecondsPerInvocation="1053" standardDeviationMicrosecondsPerInvocation="218"/>
      <ClassProfile name="edu.umd.cs.findbugs.classfile.engine.bcel.JavaClassAnalysisEngine" totalMilliseconds="14" invocations="86" avgMicrosecondsPerInvocation="168" maxMicrosecondsPerInvocation="8469" standardDeviationMicrosecondsPerInvocation="927"/>
      <ClassProfile name="edu.umd.cs.findbugs.util.TopologicalSort" totalMilliseconds="13" invocations="270" avgMicrosecondsPerInvocation="49" maxMicrosecondsPerInvocation="677" standardDeviationMicrosecondsPerInvocation="88"/>
      <ClassProfile name="edu.umd.cs.findbugs.detect.FindNoSideEffectMethods" totalMilliseconds="13" invocations="18" avgMicrosecondsPerInvocation="747" maxMicrosecondsPerInvocation="2810" standardDeviationMicrosecondsPerInvocation="670"/>
      <ClassProfile name="edu.umd.cs.findbugs.ba.npe.NullDerefAndRedundantComparisonFinder" totalMilliseconds="13" invocations="12" avgMicrosecondsPerInvocation="1101" maxMicrosecondsPerInvocation="6949" standardDeviationMicrosecondsPerInvocation="1810"/>
      <ClassProfile name="edu.umd.cs.findbugs.classfile.engine.bcel.UnconditionalValueDerefDataflowFactory" totalMilliseconds="13" invocations="12" avgMicrosecondsPerInvocation="1099" maxMicrosecondsPerInvocation="2981" standardDeviationMicrosecondsPerInvocation="939"/>
    </FindBugsProfile>
  </FindBugsSummary>
  <ClassFeatures></ClassFeatures>
  <History></History>
</BugCollection>
