<?xml version="1.0" encoding="UTF-8"?>

<BugCollection version="4.7.3" sequence="0" timestamp="1698475130591" analysisTimestamp="1698509409382" release="">
  <Project projectName="">
    <Jar>/mnt/disk3/lty/JLeaks/data/classfile/bug-193-dea04df15ed26b2af965aedf9bc11416d5f82d93db5c5c98433892553f6a2b54.class</Jar>
  </Project>
  <Errors errors="0" missingClasses="47">
    <MissingClass>org.apache.commons.cli.CommandLine</MissingClass>
    <MissingClass>org.apache.commons.cli.CommandLineParser</MissingClass>
    <MissingClass>org.apache.commons.cli.DefaultParser</MissingClass>
    <MissingClass>org.apache.commons.cli.HelpFormatter</MissingClass>
    <MissingClass>org.apache.commons.cli.Option</MissingClass>
    <MissingClass>org.apache.commons.cli.Options</MissingClass>
    <MissingClass>org.apache.commons.cli.ParseException</MissingClass>
    <MissingClass>org.apache.commons.lang3.exception.ExceptionUtils</MissingClass>
    <MissingClass>org.apache.hadoop.conf.Configuration</MissingClass>
    <MissingClass>org.apache.hadoop.conf.Configured</MissingClass>
    <MissingClass>org.apache.hadoop.fs.FileSystem</MissingClass>
    <MissingClass>org.apache.hadoop.fs.Path</MissingClass>
    <MissingClass>org.apache.hadoop.hbase.HBaseConfiguration</MissingClass>
    <MissingClass>org.apache.hadoop.hbase.TableName</MissingClass>
    <MissingClass>org.apache.hadoop.hbase.client.Admin</MissingClass>
    <MissingClass>org.apache.hadoop.hbase.client.Connection</MissingClass>
    <MissingClass>org.apache.hadoop.hbase.client.ConnectionFactory</MissingClass>
    <MissingClass>org.apache.hadoop.hbase.client.RegionLocator</MissingClass>
    <MissingClass>org.apache.hadoop.hbase.client.Table</MissingClass>
    <MissingClass>org.apache.hadoop.hbase.io.ImmutableBytesWritable</MissingClass>
    <MissingClass>org.apache.hadoop.hbase.tool.LoadIncrementalHFiles</MissingClass>
    <MissingClass>org.apache.hadoop.mapreduce.Job</MissingClass>
    <MissingClass>org.apache.hadoop.util.ToolRunner</MissingClass>
    <MissingClass>org.apache.phoenix.index.IndexMaintainer</MissingClass>
    <MissingClass>org.apache.phoenix.jdbc.PhoenixConnection</MissingClass>
    <MissingClass>org.apache.phoenix.jdbc.PhoenixResultSet</MissingClass>
    <MissingClass>org.apache.phoenix.mapreduce.CsvBulkImportUtil</MissingClass>
    <MissingClass>org.apache.phoenix.mapreduce.index.IndexTool$1</MissingClass>
    <MissingClass>org.apache.phoenix.mapreduce.index.IndexTool$JobFactory</MissingClass>
    <MissingClass>org.apache.phoenix.mapreduce.index.IndexToolUtil</MissingClass>
    <MissingClass>org.apache.phoenix.mapreduce.index.SourceTargetColumnNames$DataSourceColNames</MissingClass>
    <MissingClass>org.apache.phoenix.mapreduce.util.ConnectionUtil</MissingClass>
    <MissingClass>org.apache.phoenix.parse.HintNode$Hint</MissingClass>
    <MissingClass>org.apache.phoenix.query.ConnectionQueryServices</MissingClass>
    <MissingClass>org.apache.phoenix.schema.PIndexState</MissingClass>
    <MissingClass>org.apache.phoenix.schema.PName</MissingClass>
    <MissingClass>org.apache.phoenix.schema.PTable</MissingClass>
    <MissingClass>org.apache.phoenix.schema.PTable$IndexType</MissingClass>
    <MissingClass>org.apache.phoenix.schema.tuple.Tuple</MissingClass>
    <MissingClass>org.apache.phoenix.util.EquiDepthStreamHistogram</MissingClass>
    <MissingClass>org.apache.phoenix.util.EquiDepthStreamHistogram$Bucket</MissingClass>
    <MissingClass>org.apache.phoenix.util.IndexUtil</MissingClass>
    <MissingClass>org.apache.phoenix.util.PhoenixRuntime</MissingClass>
    <MissingClass>org.apache.phoenix.util.QueryUtil</MissingClass>
    <MissingClass>org.apache.phoenix.util.SchemaUtil</MissingClass>
    <MissingClass>org.slf4j.Logger</MissingClass>
    <MissingClass>org.slf4j.LoggerFactory</MissingClass>
  </Errors>
  <FindBugsSummary timestamp="Sat, 28 Oct 2023 14:38:50 +0800" total_classes="1" referenced_classes="26" total_bugs="0" total_size="292" num_packages="1" java_version="1.8.0_382" vm_version="25.382-b05" cpu_seconds="60.55" clock_seconds="5.69" peak_mbytes="397.93" alloc_mbytes="1820.50" gc_seconds="0.23">
    <PackageStats package="org.apache.phoenix.mapreduce.index" total_bugs="0" total_types="1" total_size="292">
      <ClassStats class="org.apache.phoenix.mapreduce.index.IndexTool" sourceFile="IndexTool.java" interface="false" size="292" bugs="0"/>
    </PackageStats>
    <FindBugsProfile>
      <ClassProfile name="edu.umd.cs.findbugs.classfile.engine.ClassInfoAnalysisEngine" totalMilliseconds="778" invocations="442" avgMicrosecondsPerInvocation="1761" maxMicrosecondsPerInvocation="233132" standardDeviationMicrosecondsPerInvocation="11797"/>
      <ClassProfile name="edu.umd.cs.findbugs.classfile.engine.bcel.IsNullValueDataflowFactory" totalMilliseconds="262" invocations="25" avgMicrosecondsPerInvocation="10509" maxMicrosecondsPerInvocation="71617" standardDeviationMicrosecondsPerInvocation="18583"/>
      <ClassProfile name="edu.umd.cs.findbugs.ba.npe.NullDerefAndRedundantComparisonFinder" totalMilliseconds="249" invocations="25" avgMicrosecondsPerInvocation="9973" maxMicrosecondsPerInvocation="88739" standardDeviationMicrosecondsPerInvocation="21472"/>
      <ClassProfile name="edu.umd.cs.findbugs.classfile.engine.bcel.TypeDataflowFactory" totalMilliseconds="229" invocations="28" avgMicrosecondsPerInvocation="8200" maxMicrosecondsPerInvocation="49044" standardDeviationMicrosecondsPerInvocation="13686"/>
      <ClassProfile name="edu.umd.cs.findbugs.classfile.engine.bcel.ValueNumberDataflowFactory" totalMilliseconds="198" invocations="28" avgMicrosecondsPerInvocation="7079" maxMicrosecondsPerInvocation="43620" standardDeviationMicrosecondsPerInvocation="11735"/>
      <ClassProfile name="edu.umd.cs.findbugs.detect.FieldItemSummary" totalMilliseconds="178" invocations="26" avgMicrosecondsPerInvocation="6847" maxMicrosecondsPerInvocation="31619" standardDeviationMicrosecondsPerInvocation="8985"/>
      <ClassProfile name="edu.umd.cs.findbugs.classfile.engine.bcel.UnconditionalValueDerefDataflowFactory" totalMilliseconds="156" invocations="25" avgMicrosecondsPerInvocation="6273" maxMicrosecondsPerInvocation="44825" standardDeviationMicrosecondsPerInvocation="11509"/>
      <ClassProfile name="edu.umd.cs.findbugs.OpcodeStack$JumpInfoFactory" totalMilliseconds="146" invocations="108" avgMicrosecondsPerInvocation="1358" maxMicrosecondsPerInvocation="21747" standardDeviationMicrosecondsPerInvocation="2415"/>
      <ClassProfile name="edu.umd.cs.findbugs.classfile.engine.bcel.MethodGenFactory" totalMilliseconds="130" invocations="25" avgMicrosecondsPerInvocation="5220" maxMicrosecondsPerInvocation="105964" standardDeviationMicrosecondsPerInvocation="20622"/>
      <ClassProfile name="edu.umd.cs.findbugs.classfile.engine.bcel.CFGFactory" totalMilliseconds="125" invocations="25" avgMicrosecondsPerInvocation="5033" maxMicrosecondsPerInvocation="42149" standardDeviationMicrosecondsPerInvocation="9493"/>
      <ClassProfile name="edu.umd.cs.findbugs.detect.FindNoSideEffectMethods" totalMilliseconds="120" invocations="26" avgMicrosecondsPerInvocation="4630" maxMicrosecondsPerInvocation="19877" standardDeviationMicrosecondsPerInvocation="5512"/>
      <ClassProfile name="edu.umd.cs.findbugs.classfile.engine.bcel.JavaClassAnalysisEngine" totalMilliseconds="101" invocations="93" avgMicrosecondsPerInvocation="1096" maxMicrosecondsPerInvocation="54054" standardDeviationMicrosecondsPerInvocation="5759"/>
      <ClassProfile name="edu.umd.cs.findbugs.classfile.engine.ClassDataAnalysisEngine" totalMilliseconds="94" invocations="449" avgMicrosecondsPerInvocation="209" maxMicrosecondsPerInvocation="3966" standardDeviationMicrosecondsPerInvocation="263"/>
      <ClassProfile name="edu.umd.cs.findbugs.util.TopologicalSort" totalMilliseconds="81" invocations="355" avgMicrosecondsPerInvocation="229" maxMicrosecondsPerInvocation="2674" standardDeviationMicrosecondsPerInvocation="343"/>
      <ClassProfile name="edu.umd.cs.findbugs.detect.NoteDirectlyRelevantTypeQualifiers" totalMilliseconds="67" invocations="26" avgMicrosecondsPerInvocation="2611" maxMicrosecondsPerInvocation="27058" standardDeviationMicrosecondsPerInvocation="5386"/>
      <ClassProfile name="edu.umd.cs.findbugs.detect.FindOpenStream" totalMilliseconds="65" invocations="1" avgMicrosecondsPerInvocation="65050" maxMicrosecondsPerInvocation="65050" standardDeviationMicrosecondsPerInvocation="0"/>
      <ClassProfile name="edu.umd.cs.findbugs.detect.OverridingEqualsNotSymmetrical" totalMilliseconds="63" invocations="26" avgMicrosecondsPerInvocation="2444" maxMicrosecondsPerInvocation="32642" standardDeviationMicrosecondsPerInvocation="6178"/>
      <ClassProfile name="edu.umd.cs.findbugs.detect.FunctionsThatMightBeMistakenForProcedures" totalMilliseconds="63" invocations="26" avgMicrosecondsPerInvocation="2431" maxMicrosecondsPerInvocation="23505" standardDeviationMicrosecondsPerInvocation="4717"/>
      <ClassProfile name="edu.umd.cs.findbugs.detect.FindRefComparison$SpecialTypeAnalysis" totalMilliseconds="58" invocations="12" avgMicrosecondsPerInvocation="4888" maxMicrosecondsPerInvocation="25217" standardDeviationMicrosecondsPerInvocation="7264"/>
      <ClassProfile name="edu.umd.cs.findbugs.ba.npe.TypeQualifierNullnessAnnotationDatabase" totalMilliseconds="48" invocations="886" avgMicrosecondsPerInvocation="54" maxMicrosecondsPerInvocation="6654" standardDeviationMicrosecondsPerInvocation="362"/>
      <ClassProfile name="edu.umd.cs.findbugs.detect.BuildObligationPolicyDatabase" totalMilliseconds="45" invocations="26" avgMicrosecondsPerInvocation="1749" maxMicrosecondsPerInvocation="5977" standardDeviationMicrosecondsPerInvocation="1607"/>
      <ClassProfile name="edu.umd.cs.findbugs.classfile.engine.bcel.UsagesRequiringNonNullValuesFactory" totalMilliseconds="45" invocations="2" avgMicrosecondsPerInvocation="22541" maxMicrosecondsPerInvocation="25991" standardDeviationMicrosecondsPerInvocation="3450"/>
      <ClassProfile name="edu.umd.cs.findbugs.detect.BuildStringPassthruGraph" totalMilliseconds="42" invocations="26" avgMicrosecondsPerInvocation="1643" maxMicrosecondsPerInvocation="17128" standardDeviationMicrosecondsPerInvocation="3282"/>
    </FindBugsProfile>
  </FindBugsSummary>
  <ClassFeatures></ClassFeatures>
  <History></History>
</BugCollection>
