<?xml version="1.0" encoding="UTF-8"?>

<BugCollection version="4.7.3" sequence="0" timestamp="1698475174577" analysisTimestamp="1698512982076" release="">
  <Project projectName="">
    <Jar>/mnt/disk3/lty/JLeaks/data/classfile/bug-553-d1e5fc195f880e4380f7d56ce3b90c8c48d977afe0d84a96c20989b62b4a3b43.class</Jar>
  </Project>
  <Errors errors="0" missingClasses="0"></Errors>
  <FindBugsSummary timestamp="Sat, 28 Oct 2023 14:39:34 +0800" total_classes="1" referenced_classes="35" total_bugs="0" total_size="181" num_packages="1" java_version="1.8.0_382" vm_version="25.382-b05" cpu_seconds="8.07" clock_seconds="0.81" peak_mbytes="396.21" alloc_mbytes="1820.50" gc_seconds="0.04">
    <PackageStats package="org.javalite.common" total_bugs="0" total_types="1" total_size="181">
      <ClassStats class="org.javalite.common.Util" sourceFile="Util.java" interface="false" size="181" bugs="0"/>
    </PackageStats>
    <FindBugsProfile>
      <ClassProfile name="edu.umd.cs.findbugs.classfile.engine.ClassInfoAnalysisEngine" totalMilliseconds="157" invocations="394" avgMicrosecondsPerInvocation="400" maxMicrosecondsPerInvocation="42600" standardDeviationMicrosecondsPerInvocation="2267"/>
      <ClassProfile name="edu.umd.cs.findbugs.detect.FieldItemSummary" totalMilliseconds="29" invocations="35" avgMicrosecondsPerInvocation="839" maxMicrosecondsPerInvocation="6399" standardDeviationMicrosecondsPerInvocation="1337"/>
      <ClassProfile name="edu.umd.cs.findbugs.classfile.engine.bcel.IsNullValueDataflowFactory" totalMilliseconds="22" invocations="28" avgMicrosecondsPerInvocation="813" maxMicrosecondsPerInvocation="6161" standardDeviationMicrosecondsPerInvocation="1194"/>
      <ClassProfile name="edu.umd.cs.findbugs.classfile.engine.bcel.TypeDataflowFactory" totalMilliseconds="21" invocations="29" avgMicrosecondsPerInvocation="746" maxMicrosecondsPerInvocation="4688" standardDeviationMicrosecondsPerInvocation="894"/>
      <ClassProfile name="edu.umd.cs.findbugs.detect.FindNoSideEffectMethods" totalMilliseconds="21" invocations="35" avgMicrosecondsPerInvocation="615" maxMicrosecondsPerInvocation="2928" standardDeviationMicrosecondsPerInvocation="705"/>
      <ClassProfile name="edu.umd.cs.findbugs.OpcodeStack$JumpInfoFactory" totalMilliseconds="20" invocations="139" avgMicrosecondsPerInvocation="144" maxMicrosecondsPerInvocation="1614" standardDeviationMicrosecondsPerInvocation="211"/>
      <ClassProfile name="edu.umd.cs.findbugs.classfile.engine.bcel.MethodGenFactory" totalMilliseconds="19" invocations="28" avgMicrosecondsPerInvocation="708" maxMicrosecondsPerInvocation="16330" standardDeviationMicrosecondsPerInvocation="3008"/>
      <ClassProfile name="edu.umd.cs.findbugs.classfile.engine.bcel.ValueNumberDataflowFactory" totalMilliseconds="18" invocations="29" avgMicrosecondsPerInvocation="624" maxMicrosecondsPerInvocation="6362" standardDeviationMicrosecondsPerInvocation="1128"/>
      <ClassProfile name="edu.umd.cs.findbugs.classfile.engine.bcel.JavaClassAnalysisEngine" totalMilliseconds="17" invocations="58" avgMicrosecondsPerInvocation="301" maxMicrosecondsPerInvocation="8570" standardDeviationMicrosecondsPerInvocation="1137"/>
      <ClassProfile name="edu.umd.cs.findbugs.classfile.engine.bcel.CFGFactory" totalMilliseconds="15" invocations="28" avgMicrosecondsPerInvocation="563" maxMicrosecondsPerInvocation="6509" standardDeviationMicrosecondsPerInvocation="1171"/>
      <ClassProfile name="edu.umd.cs.findbugs.classfile.engine.bcel.UnconditionalValueDerefDataflowFactory" totalMilliseconds="14" invocations="28" avgMicrosecondsPerInvocation="529" maxMicrosecondsPerInvocation="2368" standardDeviationMicrosecondsPerInvocation="579"/>
      <ClassProfile name="edu.umd.cs.findbugs.util.TopologicalSort" totalMilliseconds="14" invocations="361" avgMicrosecondsPerInvocation="40" maxMicrosecondsPerInvocation="873" standardDeviationMicrosecondsPerInvocation="80"/>
      <ClassProfile name="edu.umd.cs.findbugs.detect.NoteDirectlyRelevantTypeQualifiers" totalMilliseconds="11" invocations="35" avgMicrosecondsPerInvocation="336" maxMicrosecondsPerInvocation="4512" standardDeviationMicrosecondsPerInvocation="759"/>
      <ClassProfile name="edu.umd.cs.findbugs.detect.DefaultEncodingDetector" totalMilliseconds="11" invocations="1" avgMicrosecondsPerInvocation="11083" maxMicrosecondsPerInvocation="11083" standardDeviationMicrosecondsPerInvocation="0"/>
    </FindBugsProfile>
  </FindBugsSummary>
  <ClassFeatures></ClassFeatures>
  <History></History>
</BugCollection>
