<?xml version="1.0" encoding="UTF-8"?>

<BugCollection version="4.7.3" sequence="0" timestamp="1698475116311" analysisTimestamp="1698508257286" release="">
  <Project projectName="">
    <Jar>/mnt/disk3/lty/JLeaks/data/classfile/bug-63-735f23cb2f38080c35e3235d5ec4da74075eff6a8d2685af83d7351255f6f8cb.class</Jar>
  </Project>
  <Errors errors="0" missingClasses="3">
    <MissingClass>streamer.debug.MockServer$1</MissingClass>
    <MissingClass>streamer.debug.MockServer$Packet</MissingClass>
    <MissingClass>streamer.debug.MockServer$Packet$PacketType</MissingClass>
  </Errors>
  <FindBugsSummary timestamp="Sat, 28 Oct 2023 14:38:36 +0800" total_classes="1" referenced_classes="28" total_bugs="0" total_size="90" num_packages="1" java_version="1.8.0_382" vm_version="25.382-b05" cpu_seconds="8.54" clock_seconds="0.90" peak_mbytes="397.80" alloc_mbytes="1820.50" gc_seconds="0.04">
    <PackageStats package="streamer.debug" total_bugs="0" total_types="1" total_size="90">
      <ClassStats class="streamer.debug.MockServer" sourceFile="MockServer.java" interface="false" size="90" bugs="0"/>
    </PackageStats>
    <FindBugsProfile>
      <ClassProfile name="edu.umd.cs.findbugs.classfile.engine.ClassInfoAnalysisEngine" totalMilliseconds="122" invocations="435" avgMicrosecondsPerInvocation="281" maxMicrosecondsPerInvocation="10507" standardDeviationMicrosecondsPerInvocation="693"/>
      <ClassProfile name="edu.umd.cs.findbugs.detect.FunctionsThatMightBeMistakenForProcedures" totalMilliseconds="54" invocations="28" avgMicrosecondsPerInvocation="1952" maxMicrosecondsPerInvocation="48115" standardDeviationMicrosecondsPerInvocation="8893"/>
      <ClassProfile name="edu.umd.cs.findbugs.detect.FieldItemSummary" totalMilliseconds="31" invocations="28" avgMicrosecondsPerInvocation="1137" maxMicrosecondsPerInvocation="7077" standardDeviationMicrosecondsPerInvocation="1682"/>
      <ClassProfile name="edu.umd.cs.findbugs.classfile.engine.bcel.ValueNumberDataflowFactory" totalMilliseconds="26" invocations="8" avgMicrosecondsPerInvocation="3351" maxMicrosecondsPerInvocation="16611" standardDeviationMicrosecondsPerInvocation="5485"/>
      <ClassProfile name="edu.umd.cs.findbugs.detect.FindNoSideEffectMethods" totalMilliseconds="25" invocations="28" avgMicrosecondsPerInvocation="915" maxMicrosecondsPerInvocation="4735" standardDeviationMicrosecondsPerInvocation="1280"/>
      <ClassProfile name="edu.umd.cs.findbugs.classfile.engine.bcel.IsNullValueDataflowFactory" totalMilliseconds="23" invocations="8" avgMicrosecondsPerInvocation="2982" maxMicrosecondsPerInvocation="16881" standardDeviationMicrosecondsPerInvocation="5393"/>
      <ClassProfile name="edu.umd.cs.findbugs.classfile.engine.bcel.MethodGenFactory" totalMilliseconds="21" invocations="8" avgMicrosecondsPerInvocation="2681" maxMicrosecondsPerInvocation="18686" standardDeviationMicrosecondsPerInvocation="6091"/>
      <ClassProfile name="edu.umd.cs.findbugs.OpcodeStack$JumpInfoFactory" totalMilliseconds="20" invocations="137" avgMicrosecondsPerInvocation="151" maxMicrosecondsPerInvocation="1837" standardDeviationMicrosecondsPerInvocation="268"/>
      <ClassProfile name="edu.umd.cs.findbugs.detect.StreamResourceTracker" totalMilliseconds="20" invocations="10" avgMicrosecondsPerInvocation="2045" maxMicrosecondsPerInvocation="3575" standardDeviationMicrosecondsPerInvocation="608"/>
      <ClassProfile name="edu.umd.cs.findbugs.classfile.engine.bcel.UnconditionalValueDerefDataflowFactory" totalMilliseconds="20" invocations="8" avgMicrosecondsPerInvocation="2517" maxMicrosecondsPerInvocation="16202" standardDeviationMicrosecondsPerInvocation="5208"/>
      <ClassProfile name="edu.umd.cs.findbugs.classfile.engine.bcel.TypeDataflowFactory" totalMilliseconds="19" invocations="8" avgMicrosecondsPerInvocation="2466" maxMicrosecondsPerInvocation="11785" standardDeviationMicrosecondsPerInvocation="3907"/>
      <ClassProfile name="edu.umd.cs.findbugs.classfile.engine.bcel.JavaClassAnalysisEngine" totalMilliseconds="19" invocations="60" avgMicrosecondsPerInvocation="317" maxMicrosecondsPerInvocation="9047" standardDeviationMicrosecondsPerInvocation="1181"/>
      <ClassProfile name="edu.umd.cs.findbugs.util.TopologicalSort" totalMilliseconds="15" invocations="400" avgMicrosecondsPerInvocation="39" maxMicrosecondsPerInvocation="657" standardDeviationMicrosecondsPerInvocation="77"/>
      <ClassProfile name="edu.umd.cs.findbugs.classfile.engine.bcel.CFGFactory" totalMilliseconds="14" invocations="8" avgMicrosecondsPerInvocation="1816" maxMicrosecondsPerInvocation="7205" standardDeviationMicrosecondsPerInvocation="2702"/>
      <ClassProfile name="edu.umd.cs.findbugs.detect.NoteDirectlyRelevantTypeQualifiers" totalMilliseconds="14" invocations="28" avgMicrosecondsPerInvocation="515" maxMicrosecondsPerInvocation="4928" standardDeviationMicrosecondsPerInvocation="1028"/>
      <ClassProfile name="edu.umd.cs.findbugs.detect.OverridingEqualsNotSymmetrical" totalMilliseconds="11" invocations="28" avgMicrosecondsPerInvocation="412" maxMicrosecondsPerInvocation="6613" standardDeviationMicrosecondsPerInvocation="1219"/>
      <ClassProfile name="edu.umd.cs.findbugs.classfile.engine.ClassDataAnalysisEngine" totalMilliseconds="11" invocations="437" avgMicrosecondsPerInvocation="26" maxMicrosecondsPerInvocation="545" standardDeviationMicrosecondsPerInvocation="39"/>
    </FindBugsProfile>
  </FindBugsSummary>
  <ClassFeatures></ClassFeatures>
  <History></History>
</BugCollection>
