<?xml version="1.0" encoding="UTF-8"?>

<BugCollection version="4.7.3" sequence="0" timestamp="1698475118139" analysisTimestamp="1698508423390" release="">
  <Project projectName="">
    <Jar>/mnt/disk3/lty/JLeaks/data/classfile/bug-80-581f5fff3472f1fefa47f3d29d3968999b597560132142dabc7651ed04b6f05a.class</Jar>
  </Project>
  <BugInstance type="OBL_UNSATISFIED_OBLIGATION_EXCEPTION_EDGE" priority="2" rank="20" abbrev="OBL" category="EXPERIMENTAL">
    <Class classname="org.apache.dolphinscheduler.common.utils.ScriptRunner">
      <SourceLine classname="org.apache.dolphinscheduler.common.utils.ScriptRunner" start="53" end="304" sourcefile="ScriptRunner.java" sourcepath="org/apache/dolphinscheduler/common/utils/ScriptRunner.java"/>
    </Class>
    <Method classname="org.apache.dolphinscheduler.common.utils.ScriptRunner" name="runScript" signature="(Ljava/sql/Connection;Ljava/io/Reader;)V" isStatic="false">
      <SourceLine classname="org.apache.dolphinscheduler.common.utils.ScriptRunner" start="140" end="217" startBytecode="0" endBytecode="1023" sourcefile="ScriptRunner.java" sourcepath="org/apache/dolphinscheduler/common/utils/ScriptRunner.java"/>
    </Method>
    <Class classname="java.sql.Statement" role="CLASS_REFTYPE">
      <SourceLine classname="java.sql.Statement" start="1092" end="1368" sourcefile="Statement.java" sourcepath="java/sql/Statement.java"/>
    </Class>
    <Int value="1" role="INT_OBLIGATIONS_REMAINING"/>
    <SourceLine classname="org.apache.dolphinscheduler.common.utils.ScriptRunner" start="164" end="164" startBytecode="212" endBytecode="212" sourcefile="ScriptRunner.java" sourcepath="org/apache/dolphinscheduler/common/utils/ScriptRunner.java" role="SOURCE_LINE_OBLIGATION_CREATED"/>
    <SourceLine classname="org.apache.dolphinscheduler.common.utils.ScriptRunner" start="165" end="165" startBytecode="219" endBytecode="219" sourcefile="ScriptRunner.java" sourcepath="org/apache/dolphinscheduler/common/utils/ScriptRunner.java" role="SOURCE_LINE_PATH_CONTINUES"/>
    <SourceLine classname="org.apache.dolphinscheduler.common.utils.ScriptRunner" start="166" end="166" startBytecode="222" endBytecode="222" sourcefile="ScriptRunner.java" sourcepath="org/apache/dolphinscheduler/common/utils/ScriptRunner.java" role="SOURCE_LINE_PATH_CONTINUES"/>
    <String value="{Statement x 1}" role="STRING_REMAINING_OBLIGATIONS"/>
  </BugInstance>
  <BugInstance type="OBL_UNSATISFIED_OBLIGATION_EXCEPTION_EDGE" priority="2" rank="20" abbrev="OBL" category="EXPERIMENTAL">
    <Class classname="org.apache.dolphinscheduler.common.utils.ScriptRunner">
      <SourceLine classname="org.apache.dolphinscheduler.common.utils.ScriptRunner" start="53" end="304" sourcefile="ScriptRunner.java" sourcepath="org/apache/dolphinscheduler/common/utils/ScriptRunner.java"/>
    </Class>
    <Method classname="org.apache.dolphinscheduler.common.utils.ScriptRunner" name="runScript" signature="(Ljava/sql/Connection;Ljava/io/Reader;Ljava/lang/String;)V" isStatic="false">
      <SourceLine classname="org.apache.dolphinscheduler.common.utils.ScriptRunner" start="220" end="301" startBytecode="0" endBytecode="1099" sourcefile="ScriptRunner.java" sourcepath="org/apache/dolphinscheduler/common/utils/ScriptRunner.java"/>
    </Method>
    <Class classname="java.sql.Statement" role="CLASS_REFTYPE">
      <SourceLine classname="java.sql.Statement" start="1092" end="1368" sourcefile="Statement.java" sourcepath="java/sql/Statement.java"/>
    </Class>
    <Int value="1" role="INT_OBLIGATIONS_REMAINING"/>
    <SourceLine classname="org.apache.dolphinscheduler.common.utils.ScriptRunner" start="246" end="246" startBytecode="239" endBytecode="239" sourcefile="ScriptRunner.java" sourcepath="org/apache/dolphinscheduler/common/utils/ScriptRunner.java" role="SOURCE_LINE_OBLIGATION_CREATED"/>
    <SourceLine classname="org.apache.dolphinscheduler.common.utils.ScriptRunner" start="248" end="248" startBytecode="246" endBytecode="246" sourcefile="ScriptRunner.java" sourcepath="org/apache/dolphinscheduler/common/utils/ScriptRunner.java" role="SOURCE_LINE_PATH_CONTINUES"/>
    <SourceLine classname="org.apache.dolphinscheduler.common.utils.ScriptRunner" start="249" end="249" startBytecode="259" endBytecode="259" sourcefile="ScriptRunner.java" sourcepath="org/apache/dolphinscheduler/common/utils/ScriptRunner.java" role="SOURCE_LINE_PATH_CONTINUES"/>
    <SourceLine classname="org.apache.dolphinscheduler.common.utils.ScriptRunner" start="250" end="250" startBytecode="262" endBytecode="262" sourcefile="ScriptRunner.java" sourcepath="org/apache/dolphinscheduler/common/utils/ScriptRunner.java" role="SOURCE_LINE_PATH_CONTINUES"/>
    <String value="{Statement x 1}" role="STRING_REMAINING_OBLIGATIONS"/>
  </BugInstance>
  <Errors errors="0" missingClasses="2">
    <MissingClass>org.slf4j.Logger</MissingClass>
    <MissingClass>org.slf4j.LoggerFactory</MissingClass>
  </Errors>
  <FindBugsSummary timestamp="Sat, 28 Oct 2023 14:38:38 +0800" total_classes="1" referenced_classes="22" total_bugs="2" total_size="177" num_packages="1" java_version="1.8.0_382" vm_version="25.382-b05" cpu_seconds="48.45" clock_seconds="4.79" peak_mbytes="389.35" alloc_mbytes="1820.50" gc_seconds="0.26" priority_2="2">
    <PackageStats package="org.apache.dolphinscheduler.common.utils" total_bugs="2" total_types="1" total_size="177" priority_2="2">
      <ClassStats class="org.apache.dolphinscheduler.common.utils.ScriptRunner" sourceFile="ScriptRunner.java" interface="false" size="177" bugs="2" priority_2="2"/>
    </PackageStats>
    <FindBugsProfile>
      <ClassProfile name="edu.umd.cs.findbugs.classfile.engine.ClassInfoAnalysisEngine" totalMilliseconds="528" invocations="361" avgMicrosecondsPerInvocation="1462" maxMicrosecondsPerInvocation="60628" standardDeviationMicrosecondsPerInvocation="3799"/>
      <ClassProfile name="edu.umd.cs.findbugs.detect.EqualsOperandShouldHaveClassCompatibleWithThis" totalMilliseconds="286" invocations="22" avgMicrosecondsPerInvocation="13014" maxMicrosecondsPerInvocation="270054" standardDeviationMicrosecondsPerInvocation="56104"/>
      <ClassProfile name="edu.umd.cs.findbugs.classfile.engine.bcel.ValueNumberDataflowFactory" totalMilliseconds="226" invocations="12" avgMicrosecondsPerInvocation="18834" maxMicrosecondsPerInvocation="65129" standardDeviationMicrosecondsPerInvocation="19292"/>
      <ClassProfile name="edu.umd.cs.findbugs.classfile.engine.bcel.TypeDataflowFactory" totalMilliseconds="202" invocations="12" avgMicrosecondsPerInvocation="16864" maxMicrosecondsPerInvocation="51985" standardDeviationMicrosecondsPerInvocation="15989"/>
      <ClassProfile name="edu.umd.cs.findbugs.detect.FieldItemSummary" totalMilliseconds="157" invocations="22" avgMicrosecondsPerInvocation="7160" maxMicrosecondsPerInvocation="37383" standardDeviationMicrosecondsPerInvocation="10396"/>
      <ClassProfile name="edu.umd.cs.findbugs.classfile.engine.bcel.IsNullValueDataflowFactory" totalMilliseconds="155" invocations="8" avgMicrosecondsPerInvocation="19453" maxMicrosecondsPerInvocation="80416" standardDeviationMicrosecondsPerInvocation="26577"/>
      <ClassProfile name="edu.umd.cs.findbugs.classfile.engine.bcel.MethodGenFactory" totalMilliseconds="108" invocations="8" avgMicrosecondsPerInvocation="13516" maxMicrosecondsPerInvocation="93382" standardDeviationMicrosecondsPerInvocation="30225"/>
      <ClassProfile name="edu.umd.cs.findbugs.OpcodeStack$JumpInfoFactory" totalMilliseconds="99" invocations="74" avgMicrosecondsPerInvocation="1343" maxMicrosecondsPerInvocation="7045" standardDeviationMicrosecondsPerInvocation="1412"/>
      <ClassProfile name="edu.umd.cs.findbugs.detect.FindNoSideEffectMethods" totalMilliseconds="99" invocations="22" avgMicrosecondsPerInvocation="4501" maxMicrosecondsPerInvocation="24727" standardDeviationMicrosecondsPerInvocation="5607"/>
      <ClassProfile name="edu.umd.cs.findbugs.classfile.engine.bcel.UnconditionalValueDerefDataflowFactory" totalMilliseconds="97" invocations="8" avgMicrosecondsPerInvocation="12189" maxMicrosecondsPerInvocation="55129" standardDeviationMicrosecondsPerInvocation="18225"/>
      <ClassProfile name="edu.umd.cs.findbugs.classfile.engine.bcel.CFGFactory" totalMilliseconds="87" invocations="8" avgMicrosecondsPerInvocation="10890" maxMicrosecondsPerInvocation="44107" standardDeviationMicrosecondsPerInvocation="13594"/>
      <ClassProfile name="edu.umd.cs.findbugs.classfile.engine.bcel.JavaClassAnalysisEngine" totalMilliseconds="81" invocations="43" avgMicrosecondsPerInvocation="1899" maxMicrosecondsPerInvocation="40843" standardDeviationMicrosecondsPerInvocation="6293"/>
      <ClassProfile name="edu.umd.cs.findbugs.classfile.engine.ClassDataAnalysisEngine" totalMilliseconds="80" invocations="363" avgMicrosecondsPerInvocation="221" maxMicrosecondsPerInvocation="3443" standardDeviationMicrosecondsPerInvocation="256"/>
      <ClassProfile name="edu.umd.cs.findbugs.util.TopologicalSort" totalMilliseconds="78" invocations="326" avgMicrosecondsPerInvocation="239" maxMicrosecondsPerInvocation="3458" standardDeviationMicrosecondsPerInvocation="392"/>
      <ClassProfile name="edu.umd.cs.findbugs.detect.OverridingEqualsNotSymmetrical" totalMilliseconds="56" invocations="22" avgMicrosecondsPerInvocation="2562" maxMicrosecondsPerInvocation="24368" standardDeviationMicrosecondsPerInvocation="5109"/>
      <ClassProfile name="edu.umd.cs.findbugs.detect.FunctionsThatMightBeMistakenForProcedures" totalMilliseconds="54" invocations="22" avgMicrosecondsPerInvocation="2491" maxMicrosecondsPerInvocation="25152" standardDeviationMicrosecondsPerInvocation="5316"/>
      <ClassProfile name="edu.umd.cs.findbugs.ba.npe.NullDerefAndRedundantComparisonFinder" totalMilliseconds="54" invocations="8" avgMicrosecondsPerInvocation="6764" maxMicrosecondsPerInvocation="23839" standardDeviationMicrosecondsPerInvocation="8418"/>
      <ClassProfile name="edu.umd.cs.findbugs.detect.NoteDirectlyRelevantTypeQualifiers" totalMilliseconds="52" invocations="22" avgMicrosecondsPerInvocation="2381" maxMicrosecondsPerInvocation="13329" standardDeviationMicrosecondsPerInvocation="3440"/>
      <ClassProfile name="edu.umd.cs.findbugs.detect.FindOpenStream" totalMilliseconds="49" invocations="1" avgMicrosecondsPerInvocation="49771" maxMicrosecondsPerInvocation="49771" standardDeviationMicrosecondsPerInvocation="0"/>
      <ClassProfile name="edu.umd.cs.findbugs.detect.StreamResourceTracker" totalMilliseconds="49" invocations="8" avgMicrosecondsPerInvocation="6149" maxMicrosecondsPerInvocation="11949" standardDeviationMicrosecondsPerInvocation="2542"/>
      <ClassProfile name="edu.umd.cs.findbugs.detect.FindRefComparison$SpecialTypeAnalysis" totalMilliseconds="47" invocations="6" avgMicrosecondsPerInvocation="7907" maxMicrosecondsPerInvocation="22029" standardDeviationMicrosecondsPerInvocation="8633"/>
      <ClassProfile name="edu.umd.cs.findbugs.detect.BuildObligationPolicyDatabase" totalMilliseconds="44" invocations="22" avgMicrosecondsPerInvocation="2037" maxMicrosecondsPerInvocation="18586" standardDeviationMicrosecondsPerInvocation="3757"/>
      <ClassProfile name="edu.umd.cs.findbugs.detect.BuildStringPassthruGraph" totalMilliseconds="42" invocations="22" avgMicrosecondsPerInvocation="1937" maxMicrosecondsPerInvocation="9677" standardDeviationMicrosecondsPerInvocation="2358"/>
    </FindBugsProfile>
  </FindBugsSummary>
  <ClassFeatures></ClassFeatures>
  <History></History>
</BugCollection>
