<?xml version="1.0" encoding="UTF-8"?>

<BugCollection version="4.7.3" sequence="0" timestamp="1698475176037" analysisTimestamp="1698513008597" release="">
  <Project projectName="">
    <Jar>/mnt/disk3/lty/JLeaks/data/classfile/bug-564-5615835b7757300b8a90773421c351865bee8d4496ca677f5f4cfd6b2c6ab383.class</Jar>
  </Project>
  <Errors errors="0" missingClasses="23">
    <MissingClass>org.skife.jdbi.v2.BasicHandle$1</MissingClass>
    <MissingClass>org.skife.jdbi.v2.BasicHandle$2</MissingClass>
    <MissingClass>org.skife.jdbi.v2.Batch</MissingClass>
    <MissingClass>org.skife.jdbi.v2.Binding</MissingClass>
    <MissingClass>org.skife.jdbi.v2.Call</MissingClass>
    <MissingClass>org.skife.jdbi.v2.ConcreteStatementContext</MissingClass>
    <MissingClass>org.skife.jdbi.v2.ContainerFactoryRegistry</MissingClass>
    <MissingClass>org.skife.jdbi.v2.DefaultMapper</MissingClass>
    <MissingClass>org.skife.jdbi.v2.Foreman</MissingClass>
    <MissingClass>org.skife.jdbi.v2.Handle</MissingClass>
    <MissingClass>org.skife.jdbi.v2.MappingRegistry</MissingClass>
    <MissingClass>org.skife.jdbi.v2.PreparedBatch</MissingClass>
    <MissingClass>org.skife.jdbi.v2.Query</MissingClass>
    <MissingClass>org.skife.jdbi.v2.Script</MissingClass>
    <MissingClass>org.skife.jdbi.v2.TimingCollector</MissingClass>
    <MissingClass>org.skife.jdbi.v2.TransactionIsolationLevel</MissingClass>
    <MissingClass>org.skife.jdbi.v2.Update</MissingClass>
    <MissingClass>org.skife.jdbi.v2.exceptions.UnableToCloseResourceException</MissingClass>
    <MissingClass>org.skife.jdbi.v2.exceptions.UnableToManipulateTransactionIsolationLevelException</MissingClass>
    <MissingClass>org.skife.jdbi.v2.sqlobject.SqlObjectBuilder</MissingClass>
    <MissingClass>org.skife.jdbi.v2.tweak.SQLLog</MissingClass>
    <MissingClass>org.skife.jdbi.v2.tweak.StatementBuilder</MissingClass>
    <MissingClass>org.skife.jdbi.v2.tweak.TransactionHandler</MissingClass>
  </Errors>
  <FindBugsSummary timestamp="Sat, 28 Oct 2023 14:39:36 +0800" total_classes="1" referenced_classes="19" total_bugs="0" total_size="178" num_packages="1" java_version="1.8.0_382" vm_version="25.382-b05" cpu_seconds="6.88" clock_seconds="0.81" peak_mbytes="394.70" alloc_mbytes="1820.50" gc_seconds="0.04">
    <PackageStats package="org.skife.jdbi.v2" total_bugs="0" total_types="1" total_size="178">
      <ClassStats class="org.skife.jdbi.v2.BasicHandle" sourceFile="BasicHandle.java" interface="false" size="178" bugs="0"/>
    </PackageStats>
    <FindBugsProfile>
      <ClassProfile name="edu.umd.cs.findbugs.classfile.engine.ClassInfoAnalysisEngine" totalMilliseconds="158" invocations="446" avgMicrosecondsPerInvocation="355" maxMicrosecondsPerInvocation="41060" standardDeviationMicrosecondsPerInvocation="2066"/>
      <ClassProfile name="edu.umd.cs.findbugs.detect.FieldItemSummary" totalMilliseconds="28" invocations="19" avgMicrosecondsPerInvocation="1504" maxMicrosecondsPerInvocation="6326" standardDeviationMicrosecondsPerInvocation="1748"/>
      <ClassProfile name="edu.umd.cs.findbugs.OpcodeStack$JumpInfoFactory" totalMilliseconds="28" invocations="141" avgMicrosecondsPerInvocation="202" maxMicrosecondsPerInvocation="1728" standardDeviationMicrosecondsPerInvocation="257"/>
      <ClassProfile name="edu.umd.cs.findbugs.detect.FindNoSideEffectMethods" totalMilliseconds="20" invocations="19" avgMicrosecondsPerInvocation="1078" maxMicrosecondsPerInvocation="5389" standardDeviationMicrosecondsPerInvocation="1328"/>
      <ClassProfile name="edu.umd.cs.findbugs.classfile.engine.bcel.IsNullValueDataflowFactory" totalMilliseconds="19" invocations="39" avgMicrosecondsPerInvocation="491" maxMicrosecondsPerInvocation="4826" standardDeviationMicrosecondsPerInvocation="788"/>
      <ClassProfile name="edu.umd.cs.findbugs.classfile.engine.bcel.MethodGenFactory" totalMilliseconds="19" invocations="39" avgMicrosecondsPerInvocation="491" maxMicrosecondsPerInvocation="15599" standardDeviationMicrosecondsPerInvocation="2458"/>
      <ClassProfile name="edu.umd.cs.findbugs.classfile.engine.bcel.ValueNumberDataflowFactory" totalMilliseconds="18" invocations="39" avgMicrosecondsPerInvocation="480" maxMicrosecondsPerInvocation="7469" standardDeviationMicrosecondsPerInvocation="1206"/>
      <ClassProfile name="edu.umd.cs.findbugs.classfile.engine.bcel.TypeDataflowFactory" totalMilliseconds="17" invocations="39" avgMicrosecondsPerInvocation="460" maxMicrosecondsPerInvocation="5938" standardDeviationMicrosecondsPerInvocation="983"/>
      <ClassProfile name="edu.umd.cs.findbugs.classfile.engine.bcel.CFGFactory" totalMilliseconds="17" invocations="39" avgMicrosecondsPerInvocation="440" maxMicrosecondsPerInvocation="7521" standardDeviationMicrosecondsPerInvocation="1238"/>
      <ClassProfile name="edu.umd.cs.findbugs.classfile.engine.bcel.JavaClassAnalysisEngine" totalMilliseconds="16" invocations="44" avgMicrosecondsPerInvocation="368" maxMicrosecondsPerInvocation="8691" standardDeviationMicrosecondsPerInvocation="1308"/>
      <ClassProfile name="edu.umd.cs.findbugs.util.TopologicalSort" totalMilliseconds="15" invocations="382" avgMicrosecondsPerInvocation="39" maxMicrosecondsPerInvocation="896" standardDeviationMicrosecondsPerInvocation="80"/>
      <ClassProfile name="edu.umd.cs.findbugs.ba.npe.NullDerefAndRedundantComparisonFinder" totalMilliseconds="13" invocations="39" avgMicrosecondsPerInvocation="333" maxMicrosecondsPerInvocation="1766" standardDeviationMicrosecondsPerInvocation="349"/>
      <ClassProfile name="edu.umd.cs.findbugs.detect.NoteDirectlyRelevantTypeQualifiers" totalMilliseconds="11" invocations="19" avgMicrosecondsPerInvocation="599" maxMicrosecondsPerInvocation="4409" standardDeviationMicrosecondsPerInvocation="974"/>
      <ClassProfile name="edu.umd.cs.findbugs.classfile.engine.ClassDataAnalysisEngine" totalMilliseconds="11" invocations="449" avgMicrosecondsPerInvocation="25" maxMicrosecondsPerInvocation="928" standardDeviationMicrosecondsPerInvocation="51"/>
      <ClassProfile name="edu.umd.cs.findbugs.classfile.engine.bcel.UnconditionalValueDerefDataflowFactory" totalMilliseconds="11" invocations="39" avgMicrosecondsPerInvocation="289" maxMicrosecondsPerInvocation="1200" standardDeviationMicrosecondsPerInvocation="258"/>
    </FindBugsProfile>
  </FindBugsSummary>
  <ClassFeatures></ClassFeatures>
  <History></History>
</BugCollection>
