<?xml version="1.0" encoding="UTF-8"?>

<BugCollection version="4.7.3" sequence="0" timestamp="1698475214639" analysisTimestamp="1698515053940" release="">
  <Project projectName="">
    <Jar>/mnt/disk3/lty/JLeaks/data/classfile/bug-842-5dbbd1fc1bae455d044b8bed80ff2f9190d1e5bcf184478d419e6da796a458e2.class</Jar>
  </Project>
  <Errors errors="0" missingClasses="0"></Errors>
  <FindBugsSummary timestamp="Sat, 28 Oct 2023 14:40:14 +0800" total_classes="1" referenced_classes="14" total_bugs="0" total_size="24" num_packages="1" java_version="1.8.0_382" vm_version="25.382-b05" cpu_seconds="5.65" clock_seconds="0.65" peak_mbytes="402.21" alloc_mbytes="1820.50" gc_seconds="0.04">
    <PackageStats package="com.navercorp.pinpoint.bootstrap" total_bugs="0" total_types="1" total_size="24">
      <ClassStats class="com.navercorp.pinpoint.bootstrap.ArgsParser" sourceFile="ArgsParser.java" interface="false" size="24" bugs="0"/>
    </PackageStats>
    <FindBugsProfile>
      <ClassProfile name="edu.umd.cs.findbugs.classfile.engine.ClassInfoAnalysisEngine" totalMilliseconds="117" invocations="398" avgMicrosecondsPerInvocation="294" maxMicrosecondsPerInvocation="12190" standardDeviationMicrosecondsPerInvocation="821"/>
      <ClassProfile name="edu.umd.cs.findbugs.detect.FindBugsSummaryStats" totalMilliseconds="43" invocations="14" avgMicrosecondsPerInvocation="3131" maxMicrosecondsPerInvocation="43742" standardDeviationMicrosecondsPerInvocation="11263"/>
      <ClassProfile name="edu.umd.cs.findbugs.detect.FieldItemSummary" totalMilliseconds="26" invocations="14" avgMicrosecondsPerInvocation="1900" maxMicrosecondsPerInvocation="7399" standardDeviationMicrosecondsPerInvocation="2306"/>
      <ClassProfile name="edu.umd.cs.findbugs.OpcodeStack$JumpInfoFactory" totalMilliseconds="25" invocations="108" avgMicrosecondsPerInvocation="235" maxMicrosecondsPerInvocation="3029" standardDeviationMicrosecondsPerInvocation="386"/>
      <ClassProfile name="edu.umd.cs.findbugs.detect.FindNoSideEffectMethods" totalMilliseconds="18" invocations="14" avgMicrosecondsPerInvocation="1306" maxMicrosecondsPerInvocation="6605" standardDeviationMicrosecondsPerInvocation="1760"/>
      <ClassProfile name="edu.umd.cs.findbugs.classfile.engine.bcel.MethodGenFactory" totalMilliseconds="17" invocations="3" avgMicrosecondsPerInvocation="5926" maxMicrosecondsPerInvocation="16904" standardDeviationMicrosecondsPerInvocation="7767"/>
      <ClassProfile name="edu.umd.cs.findbugs.classfile.engine.bcel.JavaClassAnalysisEngine" totalMilliseconds="15" invocations="33" avgMicrosecondsPerInvocation="483" maxMicrosecondsPerInvocation="8389" standardDeviationMicrosecondsPerInvocation="1472"/>
      <ClassProfile name="edu.umd.cs.findbugs.util.TopologicalSort" totalMilliseconds="15" invocations="365" avgMicrosecondsPerInvocation="42" maxMicrosecondsPerInvocation="855" standardDeviationMicrosecondsPerInvocation="90"/>
      <ClassProfile name="edu.umd.cs.findbugs.detect.NoteDirectlyRelevantTypeQualifiers" totalMilliseconds="11" invocations="14" avgMicrosecondsPerInvocation="848" maxMicrosecondsPerInvocation="5071" standardDeviationMicrosecondsPerInvocation="1284"/>
    </FindBugsProfile>
  </FindBugsSummary>
  <ClassFeatures></ClassFeatures>
  <History></History>
</BugCollection>
