<?xml version="1.0" encoding="UTF-8"?>

<BugCollection version="4.7.3" sequence="0" timestamp="1698475221023" analysisTimestamp="1698515714019" release="">
  <Project projectName="">
    <Jar>/mnt/disk3/lty/JLeaks/data/classfile/bug-885-f63ad25dfb7c0156809505f66327b6731d72905003a96cb596ad79f1dbe8df65.class</Jar>
  </Project>
  <BugInstance type="OBL_UNSATISFIED_OBLIGATION" priority="2" rank="20" abbrev="OBL" category="EXPERIMENTAL">
    <Class classname="io.seata.rm.datasource.undo.UndoLogManager">
      <SourceLine classname="io.seata.rm.datasource.undo.UndoLogManager" start="71" end="334" sourcefile="UndoLogManager.java" sourcepath="io/seata/rm/datasource/undo/UndoLogManager.java"/>
    </Class>
    <Method classname="io.seata.rm.datasource.undo.UndoLogManager" name="batchDeleteUndoLog" signature="(Ljava/util/Set;Ljava/util/Set;ILjava/sql/Connection;)V" isStatic="true">
      <SourceLine classname="io.seata.rm.datasource.undo.UndoLogManager" start="242" end="260" startBytecode="0" endBytecode="498" sourcefile="UndoLogManager.java" sourcepath="io/seata/rm/datasource/undo/UndoLogManager.java"/>
    </Method>
    <Class classname="java.sql.Statement" role="CLASS_REFTYPE">
      <SourceLine classname="java.sql.Statement" start="1092" end="1368" sourcefile="Statement.java" sourcepath="java/sql/Statement.java"/>
    </Class>
    <Int value="1" role="INT_OBLIGATIONS_REMAINING"/>
    <SourceLine classname="io.seata.rm.datasource.undo.UndoLogManager" start="248" end="248" startBytecode="44" endBytecode="44" sourcefile="UndoLogManager.java" sourcepath="io/seata/rm/datasource/undo/UndoLogManager.java" role="SOURCE_LINE_OBLIGATION_CREATED"/>
    <SourceLine classname="io.seata.rm.datasource.undo.UndoLogManager" start="249" end="249" startBytecode="51" endBytecode="51" sourcefile="UndoLogManager.java" sourcepath="io/seata/rm/datasource/undo/UndoLogManager.java" role="SOURCE_LINE_PATH_CONTINUES"/>
    <SourceLine classname="io.seata.rm.datasource.undo.UndoLogManager" start="250" end="250" startBytecode="54" endBytecode="54" sourcefile="UndoLogManager.java" sourcepath="io/seata/rm/datasource/undo/UndoLogManager.java" role="SOURCE_LINE_PATH_CONTINUES"/>
    <SourceLine classname="io.seata.rm.datasource.undo.UndoLogManager" start="253" end="253" startBytecode="104" endBytecode="104" sourcefile="UndoLogManager.java" sourcepath="io/seata/rm/datasource/undo/UndoLogManager.java" role="SOURCE_LINE_PATH_CONTINUES"/>
    <SourceLine classname="io.seata.rm.datasource.undo.UndoLogManager" start="256" end="256" startBytecode="151" endBytecode="151" sourcefile="UndoLogManager.java" sourcepath="io/seata/rm/datasource/undo/UndoLogManager.java" role="SOURCE_LINE_PATH_CONTINUES"/>
    <SourceLine classname="io.seata.rm.datasource.undo.UndoLogManager" start="257" end="257" startBytecode="160" endBytecode="160" sourcefile="UndoLogManager.java" sourcepath="io/seata/rm/datasource/undo/UndoLogManager.java" role="SOURCE_LINE_PATH_CONTINUES"/>
    <SourceLine classname="io.seata.rm.datasource.undo.UndoLogManager" start="260" end="260" startBytecode="199" endBytecode="199" sourcefile="UndoLogManager.java" sourcepath="io/seata/rm/datasource/undo/UndoLogManager.java" role="SOURCE_LINE_PATH_CONTINUES"/>
    <String value="{Statement x 1}" role="STRING_REMAINING_OBLIGATIONS"/>
  </BugInstance>
  <BugInstance type="OBL_UNSATISFIED_OBLIGATION" priority="2" rank="20" abbrev="OBL" category="EXPERIMENTAL">
    <Class classname="io.seata.rm.datasource.undo.UndoLogManager">
      <SourceLine classname="io.seata.rm.datasource.undo.UndoLogManager" start="71" end="334" sourcefile="UndoLogManager.java" sourcepath="io/seata/rm/datasource/undo/UndoLogManager.java"/>
    </Class>
    <Method classname="io.seata.rm.datasource.undo.UndoLogManager" name="deleteUndoLog" signature="(Ljava/lang/String;JLjava/sql/Connection;)V" isStatic="true">
      <SourceLine classname="io.seata.rm.datasource.undo.UndoLogManager" start="294" end="298" startBytecode="0" endBytecode="125" sourcefile="UndoLogManager.java" sourcepath="io/seata/rm/datasource/undo/UndoLogManager.java"/>
    </Method>
    <Class classname="java.sql.Statement" role="CLASS_REFTYPE">
      <SourceLine classname="java.sql.Statement" start="1092" end="1368" sourcefile="Statement.java" sourcepath="java/sql/Statement.java"/>
    </Class>
    <Int value="1" role="INT_OBLIGATIONS_REMAINING"/>
    <SourceLine classname="io.seata.rm.datasource.undo.UndoLogManager" start="294" end="294" startBytecode="4" endBytecode="4" sourcefile="UndoLogManager.java" sourcepath="io/seata/rm/datasource/undo/UndoLogManager.java" role="SOURCE_LINE_OBLIGATION_CREATED"/>
    <SourceLine classname="io.seata.rm.datasource.undo.UndoLogManager" start="295" end="295" startBytecode="11" endBytecode="11" sourcefile="UndoLogManager.java" sourcepath="io/seata/rm/datasource/undo/UndoLogManager.java" role="SOURCE_LINE_PATH_CONTINUES"/>
    <SourceLine classname="io.seata.rm.datasource.undo.UndoLogManager" start="296" end="296" startBytecode="20" endBytecode="20" sourcefile="UndoLogManager.java" sourcepath="io/seata/rm/datasource/undo/UndoLogManager.java" role="SOURCE_LINE_PATH_CONTINUES"/>
    <SourceLine classname="io.seata.rm.datasource.undo.UndoLogManager" start="297" end="297" startBytecode="29" endBytecode="29" sourcefile="UndoLogManager.java" sourcepath="io/seata/rm/datasource/undo/UndoLogManager.java" role="SOURCE_LINE_PATH_CONTINUES"/>
    <SourceLine classname="io.seata.rm.datasource.undo.UndoLogManager" start="298" end="298" startBytecode="37" endBytecode="37" sourcefile="UndoLogManager.java" sourcepath="io/seata/rm/datasource/undo/UndoLogManager.java" role="SOURCE_LINE_PATH_CONTINUES"/>
    <String value="{Statement x 1}" role="STRING_REMAINING_OBLIGATIONS"/>
  </BugInstance>
  <Errors errors="0" missingClasses="19">
    <MissingClass>io.seata.common.exception.NotSupportYetException</MissingClass>
    <MissingClass>io.seata.common.util.BlobUtils</MissingClass>
    <MissingClass>io.seata.common.util.CollectionUtils</MissingClass>
    <MissingClass>io.seata.common.util.StringUtils</MissingClass>
    <MissingClass>io.seata.core.exception.TransactionException</MissingClass>
    <MissingClass>io.seata.core.exception.TransactionExceptionCode</MissingClass>
    <MissingClass>io.seata.rm.datasource.ConnectionContext</MissingClass>
    <MissingClass>io.seata.rm.datasource.ConnectionProxy</MissingClass>
    <MissingClass>io.seata.rm.datasource.DataSourceProxy</MissingClass>
    <MissingClass>io.seata.rm.datasource.sql.struct.TableMetaCache</MissingClass>
    <MissingClass>io.seata.rm.datasource.undo.AbstractUndoExecutor</MissingClass>
    <MissingClass>io.seata.rm.datasource.undo.BranchUndoLog</MissingClass>
    <MissingClass>io.seata.rm.datasource.undo.SQLUndoLog</MissingClass>
    <MissingClass>io.seata.rm.datasource.undo.UndoExecutorFactory</MissingClass>
    <MissingClass>io.seata.rm.datasource.undo.UndoLogManager$State</MissingClass>
    <MissingClass>io.seata.rm.datasource.undo.UndoLogParser</MissingClass>
    <MissingClass>io.seata.rm.datasource.undo.UndoLogParserFactory</MissingClass>
    <MissingClass>org.slf4j.Logger</MissingClass>
    <MissingClass>org.slf4j.LoggerFactory</MissingClass>
  </Errors>
  <FindBugsSummary timestamp="Sat, 28 Oct 2023 14:40:21 +0800" total_classes="1" referenced_classes="22" total_bugs="2" total_size="160" num_packages="1" java_version="1.8.0_382" vm_version="25.382-b05" cpu_seconds="6.63" clock_seconds="0.81" peak_mbytes="386.23" alloc_mbytes="1820.50" gc_seconds="0.04" priority_2="2">
    <PackageStats package="io.seata.rm.datasource.undo" total_bugs="2" total_types="1" total_size="160" priority_2="2">
      <ClassStats class="io.seata.rm.datasource.undo.UndoLogManager" sourceFile="UndoLogManager.java" interface="false" size="160" bugs="2" priority_2="2"/>
    </PackageStats>
    <FindBugsProfile>
      <ClassProfile name="edu.umd.cs.findbugs.classfile.engine.ClassInfoAnalysisEngine" totalMilliseconds="146" invocations="370" avgMicrosecondsPerInvocation="395" maxMicrosecondsPerInvocation="39568" standardDeviationMicrosecondsPerInvocation="2196"/>
      <ClassProfile name="edu.umd.cs.findbugs.classfile.engine.bcel.IsNullValueDataflowFactory" totalMilliseconds="27" invocations="13" avgMicrosecondsPerInvocation="2089" maxMicrosecondsPerInvocation="10267" standardDeviationMicrosecondsPerInvocation="2921"/>
      <ClassProfile name="edu.umd.cs.findbugs.classfile.engine.bcel.TypeDataflowFactory" totalMilliseconds="25" invocations="13" avgMicrosecondsPerInvocation="1959" maxMicrosecondsPerInvocation="10020" standardDeviationMicrosecondsPerInvocation="2706"/>
      <ClassProfile name="edu.umd.cs.findbugs.classfile.engine.bcel.ValueNumberDataflowFactory" totalMilliseconds="23" invocations="13" avgMicrosecondsPerInvocation="1826" maxMicrosecondsPerInvocation="7666" standardDeviationMicrosecondsPerInvocation="2369"/>
      <ClassProfile name="edu.umd.cs.findbugs.detect.FieldItemSummary" totalMilliseconds="21" invocations="22" avgMicrosecondsPerInvocation="963" maxMicrosecondsPerInvocation="6293" standardDeviationMicrosecondsPerInvocation="1530"/>
      <ClassProfile name="edu.umd.cs.findbugs.OpcodeStack$JumpInfoFactory" totalMilliseconds="20" invocations="83" avgMicrosecondsPerInvocation="242" maxMicrosecondsPerInvocation="1906" standardDeviationMicrosecondsPerInvocation="335"/>
      <ClassProfile name="edu.umd.cs.findbugs.classfile.engine.bcel.MethodGenFactory" totalMilliseconds="19" invocations="13" avgMicrosecondsPerInvocation="1510" maxMicrosecondsPerInvocation="16297" standardDeviationMicrosecondsPerInvocation="4286"/>
      <ClassProfile name="edu.umd.cs.findbugs.classfile.engine.bcel.UnconditionalValueDerefDataflowFactory" totalMilliseconds="19" invocations="13" avgMicrosecondsPerInvocation="1463" maxMicrosecondsPerInvocation="7581" standardDeviationMicrosecondsPerInvocation="2039"/>
      <ClassProfile name="edu.umd.cs.findbugs.classfile.engine.bcel.JavaClassAnalysisEngine" totalMilliseconds="17" invocations="62" avgMicrosecondsPerInvocation="276" maxMicrosecondsPerInvocation="8519" standardDeviationMicrosecondsPerInvocation="1096"/>
      <ClassProfile name="edu.umd.cs.findbugs.classfile.engine.bcel.CFGFactory" totalMilliseconds="15" invocations="13" avgMicrosecondsPerInvocation="1185" maxMicrosecondsPerInvocation="6730" standardDeviationMicrosecondsPerInvocation="1737"/>
      <ClassProfile name="edu.umd.cs.findbugs.detect.FindNoSideEffectMethods" totalMilliseconds="14" invocations="22" avgMicrosecondsPerInvocation="673" maxMicrosecondsPerInvocation="3459" standardDeviationMicrosecondsPerInvocation="944"/>
      <ClassProfile name="edu.umd.cs.findbugs.util.TopologicalSort" totalMilliseconds="13" invocations="316" avgMicrosecondsPerInvocation="44" maxMicrosecondsPerInvocation="598" standardDeviationMicrosecondsPerInvocation="78"/>
    </FindBugsProfile>
  </FindBugsSummary>
  <ClassFeatures></ClassFeatures>
  <History></History>
</BugCollection>
