<?xml version="1.0" encoding="UTF-8"?>

<BugCollection version="4.7.3" sequence="0" timestamp="1698475130931" analysisTimestamp="1698509453972" release="">
  <Project projectName="">
    <Jar>/mnt/disk3/lty/JLeaks/data/classfile/bug-196-7d93e31289227d931e4f9aa158ed9feeddd56f540338c696cbacae9bf4aa357d.class</Jar>
  </Project>
  <Errors errors="0" missingClasses="43">
    <MissingClass>com.google.common.base.Function</MissingClass>
    <MissingClass>com.google.common.base.Preconditions</MissingClass>
    <MissingClass>com.google.common.base.Splitter</MissingClass>
    <MissingClass>com.google.common.collect.Lists</MissingClass>
    <MissingClass>org.apache.commons.cli.CommandLine</MissingClass>
    <MissingClass>org.apache.commons.cli.CommandLineParser</MissingClass>
    <MissingClass>org.apache.commons.cli.DefaultParser</MissingClass>
    <MissingClass>org.apache.commons.cli.HelpFormatter</MissingClass>
    <MissingClass>org.apache.commons.cli.Option</MissingClass>
    <MissingClass>org.apache.commons.cli.Options</MissingClass>
    <MissingClass>org.apache.commons.cli.ParseException</MissingClass>
    <MissingClass>org.apache.hadoop.conf.Configuration</MissingClass>
    <MissingClass>org.apache.hadoop.conf.Configured</MissingClass>
    <MissingClass>org.apache.hadoop.fs.FileSystem</MissingClass>
    <MissingClass>org.apache.hadoop.fs.Path</MissingClass>
    <MissingClass>org.apache.hadoop.hbase.HBaseConfiguration</MissingClass>
    <MissingClass>org.apache.hadoop.hbase.TableName</MissingClass>
    <MissingClass>org.apache.hadoop.hbase.client.Connection</MissingClass>
    <MissingClass>org.apache.hadoop.hbase.client.ConnectionFactory</MissingClass>
    <MissingClass>org.apache.hadoop.hbase.client.RegionLocator</MissingClass>
    <MissingClass>org.apache.hadoop.hbase.tool.LoadIncrementalHFiles</MissingClass>
    <MissingClass>org.apache.hadoop.mapreduce.Job</MissingClass>
    <MissingClass>org.apache.hadoop.mapreduce.lib.input.FileInputFormat</MissingClass>
    <MissingClass>org.apache.hadoop.mapreduce.lib.output.FileOutputFormat</MissingClass>
    <MissingClass>org.apache.phoenix.jdbc.PhoenixConnection</MissingClass>
    <MissingClass>org.apache.phoenix.jdbc.PhoenixEmbeddedDriver$ConnectionInfo</MissingClass>
    <MissingClass>org.apache.phoenix.mapreduce.CsvBulkImportUtil</MissingClass>
    <MissingClass>org.apache.phoenix.mapreduce.FormatToBytesWritableMapper</MissingClass>
    <MissingClass>org.apache.phoenix.mapreduce.MultiHfileOutputFormat</MissingClass>
    <MissingClass>org.apache.phoenix.mapreduce.PhoenixTextInputFormat</MissingClass>
    <MissingClass>org.apache.phoenix.mapreduce.bulkload.TargetTableRef</MissingClass>
    <MissingClass>org.apache.phoenix.mapreduce.bulkload.TargetTableRefFunctions</MissingClass>
    <MissingClass>org.apache.phoenix.schema.PName</MissingClass>
    <MissingClass>org.apache.phoenix.schema.PTable</MissingClass>
    <MissingClass>org.apache.phoenix.schema.PTable$IndexType</MissingClass>
    <MissingClass>org.apache.phoenix.util.IndexUtil</MissingClass>
    <MissingClass>org.apache.phoenix.util.PhoenixRuntime</MissingClass>
    <MissingClass>org.apache.phoenix.util.QueryUtil</MissingClass>
    <MissingClass>org.apache.phoenix.util.ReadOnlyProps</MissingClass>
    <MissingClass>org.apache.phoenix.util.SchemaUtil</MissingClass>
    <MissingClass>org.apache.phoenix.util.StringUtil</MissingClass>
    <MissingClass>org.slf4j.Logger</MissingClass>
    <MissingClass>org.slf4j.LoggerFactory</MissingClass>
  </Errors>
  <FindBugsSummary timestamp="Sat, 28 Oct 2023 14:38:50 +0800" total_classes="1" referenced_classes="25" total_bugs="0" total_size="222" num_packages="1" java_version="1.8.0_382" vm_version="25.382-b05" cpu_seconds="53.46" clock_seconds="5.14" peak_mbytes="388.03" alloc_mbytes="1820.50" gc_seconds="0.23">
    <PackageStats package="org.apache.phoenix.mapreduce" total_bugs="0" total_types="1" total_size="222">
      <ClassStats class="org.apache.phoenix.mapreduce.AbstractBulkLoadTool" sourceFile="AbstractBulkLoadTool.java" interface="false" size="222" bugs="0"/>
    </PackageStats>
    <FindBugsProfile>
      <ClassProfile name="edu.umd.cs.findbugs.classfile.engine.ClassInfoAnalysisEngine" totalMilliseconds="561" invocations="445" avgMicrosecondsPerInvocation="1262" maxMicrosecondsPerInvocation="70055" standardDeviationMicrosecondsPerInvocation="3779"/>
      <ClassProfile name="edu.umd.cs.findbugs.classfile.engine.bcel.IsNullValueDataflowFactory" totalMilliseconds="196" invocations="13" avgMicrosecondsPerInvocation="15123" maxMicrosecondsPerInvocation="52556" standardDeviationMicrosecondsPerInvocation="15613"/>
      <ClassProfile name="edu.umd.cs.findbugs.detect.FieldItemSummary" totalMilliseconds="171" invocations="25" avgMicrosecondsPerInvocation="6843" maxMicrosecondsPerInvocation="31512" standardDeviationMicrosecondsPerInvocation="8421"/>
      <ClassProfile name="edu.umd.cs.findbugs.classfile.engine.bcel.TypeDataflowFactory" totalMilliseconds="145" invocations="15" avgMicrosecondsPerInvocation="9674" maxMicrosecondsPerInvocation="31014" standardDeviationMicrosecondsPerInvocation="9219"/>
      <ClassProfile name="edu.umd.cs.findbugs.ba.npe.NullDerefAndRedundantComparisonFinder" totalMilliseconds="140" invocations="13" avgMicrosecondsPerInvocation="10812" maxMicrosecondsPerInvocation="45267" standardDeviationMicrosecondsPerInvocation="12365"/>
      <ClassProfile name="edu.umd.cs.findbugs.detect.FindNoSideEffectMethods" totalMilliseconds="136" invocations="25" avgMicrosecondsPerInvocation="5476" maxMicrosecondsPerInvocation="20353" standardDeviationMicrosecondsPerInvocation="5443"/>
      <ClassProfile name="edu.umd.cs.findbugs.classfile.engine.bcel.ValueNumberDataflowFactory" totalMilliseconds="136" invocations="15" avgMicrosecondsPerInvocation="9075" maxMicrosecondsPerInvocation="40360" standardDeviationMicrosecondsPerInvocation="11380"/>
      <ClassProfile name="edu.umd.cs.findbugs.OpcodeStack$JumpInfoFactory" totalMilliseconds="134" invocations="93" avgMicrosecondsPerInvocation="1445" maxMicrosecondsPerInvocation="10892" standardDeviationMicrosecondsPerInvocation="1576"/>
      <ClassProfile name="edu.umd.cs.findbugs.classfile.engine.bcel.UnconditionalValueDerefDataflowFactory" totalMilliseconds="129" invocations="13" avgMicrosecondsPerInvocation="9936" maxMicrosecondsPerInvocation="39079" standardDeviationMicrosecondsPerInvocation="11716"/>
      <ClassProfile name="edu.umd.cs.findbugs.classfile.engine.bcel.JavaClassAnalysisEngine" totalMilliseconds="101" invocations="87" avgMicrosecondsPerInvocation="1167" maxMicrosecondsPerInvocation="49942" standardDeviationMicrosecondsPerInvocation="5446"/>
      <ClassProfile name="edu.umd.cs.findbugs.classfile.engine.bcel.MethodGenFactory" totalMilliseconds="101" invocations="15" avgMicrosecondsPerInvocation="6771" maxMicrosecondsPerInvocation="85397" standardDeviationMicrosecondsPerInvocation="21047"/>
      <ClassProfile name="edu.umd.cs.findbugs.classfile.engine.ClassDataAnalysisEngine" totalMilliseconds="97" invocations="451" avgMicrosecondsPerInvocation="216" maxMicrosecondsPerInvocation="4036" standardDeviationMicrosecondsPerInvocation="276"/>
      <ClassProfile name="edu.umd.cs.findbugs.classfile.engine.bcel.CFGFactory" totalMilliseconds="93" invocations="13" avgMicrosecondsPerInvocation="7173" maxMicrosecondsPerInvocation="36992" standardDeviationMicrosecondsPerInvocation="9302"/>
      <ClassProfile name="edu.umd.cs.findbugs.util.TopologicalSort" totalMilliseconds="85" invocations="360" avgMicrosecondsPerInvocation="237" maxMicrosecondsPerInvocation="4180" standardDeviationMicrosecondsPerInvocation="404"/>
      <ClassProfile name="edu.umd.cs.findbugs.detect.NoteDirectlyRelevantTypeQualifiers" totalMilliseconds="66" invocations="25" avgMicrosecondsPerInvocation="2651" maxMicrosecondsPerInvocation="20661" standardDeviationMicrosecondsPerInvocation="4334"/>
      <ClassProfile name="edu.umd.cs.findbugs.detect.FindOpenStream" totalMilliseconds="66" invocations="1" avgMicrosecondsPerInvocation="66003" maxMicrosecondsPerInvocation="66003" standardDeviationMicrosecondsPerInvocation="0"/>
      <ClassProfile name="edu.umd.cs.findbugs.detect.OverridingEqualsNotSymmetrical" totalMilliseconds="64" invocations="25" avgMicrosecondsPerInvocation="2581" maxMicrosecondsPerInvocation="33152" standardDeviationMicrosecondsPerInvocation="6370"/>
      <ClassProfile name="edu.umd.cs.findbugs.detect.FunctionsThatMightBeMistakenForProcedures" totalMilliseconds="62" invocations="25" avgMicrosecondsPerInvocation="2493" maxMicrosecondsPerInvocation="23763" standardDeviationMicrosecondsPerInvocation="4940"/>
      <ClassProfile name="edu.umd.cs.findbugs.detect.BuildObligationPolicyDatabase" totalMilliseconds="51" invocations="25" avgMicrosecondsPerInvocation="2078" maxMicrosecondsPerInvocation="11506" standardDeviationMicrosecondsPerInvocation="2767"/>
      <ClassProfile name="edu.umd.cs.findbugs.detect.BuildStringPassthruGraph" totalMilliseconds="51" invocations="25" avgMicrosecondsPerInvocation="2044" maxMicrosecondsPerInvocation="11431" standardDeviationMicrosecondsPerInvocation="2897"/>
      <ClassProfile name="edu.umd.cs.findbugs.detect.FindRefComparison$SpecialTypeAnalysis" totalMilliseconds="50" invocations="13" avgMicrosecondsPerInvocation="3867" maxMicrosecondsPerInvocation="20776" standardDeviationMicrosecondsPerInvocation="5166"/>
      <ClassProfile name="edu.umd.cs.findbugs.detect.CalledMethods" totalMilliseconds="36" invocations="25" avgMicrosecondsPerInvocation="1460" maxMicrosecondsPerInvocation="8129" standardDeviationMicrosecondsPerInvocation="1907"/>
      <ClassProfile name="edu.umd.cs.findbugs.ba.npe.TypeQualifierNullnessAnnotationDatabase" totalMilliseconds="32" invocations="686" avgMicrosecondsPerInvocation="47" maxMicrosecondsPerInvocation="4653" standardDeviationMicrosecondsPerInvocation="270"/>
      <ClassProfile name="edu.umd.cs.findbugs.classfile.engine.bcel.ConstantDataflowFactory" totalMilliseconds="30" invocations="13" avgMicrosecondsPerInvocation="2320" maxMicrosecondsPerInvocation="9884" standardDeviationMicrosecondsPerInvocation="3262"/>
      <ClassProfile name="edu.umd.cs.findbugs.detect.EqualsOperandShouldHaveClassCompatibleWithThis" totalMilliseconds="29" invocations="25" avgMicrosecondsPerInvocation="1189" maxMicrosecondsPerInvocation="13479" standardDeviationMicrosecondsPerInvocation="2595"/>
    </FindBugsProfile>
  </FindBugsSummary>
  <ClassFeatures></ClassFeatures>
  <History></History>
</BugCollection>
