<?xml version="1.0" encoding="UTF-8"?>

<BugCollection version="4.7.3" sequence="0" timestamp="1698475198456" analysisTimestamp="1698513840582" release="">
  <Project projectName="">
    <Jar>/mnt/disk3/lty/JLeaks/data/classfile/bug-729-c02ab96be968f08add8afd77a57f54cf51517d335a9233b3026954960a84d800.class</Jar>
  </Project>
  <Errors errors="0" missingClasses="14">
    <MissingClass>org.neo4j.helpers.Args</MissingClass>
    <MissingClass>org.neo4j.io.fs.DefaultFileSystemAbstraction</MissingClass>
    <MissingClass>org.neo4j.kernel.DefaultIdGeneratorFactory</MissingClass>
    <MissingClass>org.neo4j.kernel.configuration.Config</MissingClass>
    <MissingClass>org.neo4j.kernel.impl.pagecache.StandalonePageCacheFactory</MissingClass>
    <MissingClass>org.neo4j.kernel.impl.store.DumpStoreChain$1</MissingClass>
    <MissingClass>org.neo4j.kernel.impl.store.DumpStoreChain$2</MissingClass>
    <MissingClass>org.neo4j.kernel.impl.store.DumpStoreChain$DumpPropertyChain</MissingClass>
    <MissingClass>org.neo4j.kernel.impl.store.DumpStoreChain$DumpRelationshipChain</MissingClass>
    <MissingClass>org.neo4j.kernel.impl.store.NodeStore</MissingClass>
    <MissingClass>org.neo4j.kernel.impl.store.RecordStore</MissingClass>
    <MissingClass>org.neo4j.kernel.impl.store.StoreFactory</MissingClass>
    <MissingClass>org.neo4j.kernel.impl.util.StringLogger</MissingClass>
    <MissingClass>org.neo4j.kernel.lifecycle.LifeSupport</MissingClass>
  </Errors>
  <FindBugsSummary timestamp="Sat, 28 Oct 2023 14:39:58 +0800" total_classes="1" referenced_classes="22" total_bugs="0" total_size="99" num_packages="1" java_version="1.8.0_382" vm_version="25.382-b05" cpu_seconds="7.06" clock_seconds="0.79" peak_mbytes="405.87" alloc_mbytes="1820.50" gc_seconds="0.04">
    <PackageStats package="org.neo4j.kernel.impl.store" total_bugs="0" total_types="1" total_size="99">
      <ClassStats class="org.neo4j.kernel.impl.store.DumpStoreChain" sourceFile="DumpStoreChain.java" interface="false" size="99" bugs="0"/>
    </PackageStats>
    <FindBugsProfile>
      <ClassProfile name="edu.umd.cs.findbugs.classfile.engine.ClassInfoAnalysisEngine" totalMilliseconds="116" invocations="417" avgMicrosecondsPerInvocation="279" maxMicrosecondsPerInvocation="11308" standardDeviationMicrosecondsPerInvocation="733"/>
      <ClassProfile name="edu.umd.cs.findbugs.detect.FunctionsThatMightBeMistakenForProcedures" totalMilliseconds="52" invocations="22" avgMicrosecondsPerInvocation="2373" maxMicrosecondsPerInvocation="45197" standardDeviationMicrosecondsPerInvocation="9354"/>
      <ClassProfile name="edu.umd.cs.findbugs.detect.FieldItemSummary" totalMilliseconds="28" invocations="22" avgMicrosecondsPerInvocation="1307" maxMicrosecondsPerInvocation="6528" standardDeviationMicrosecondsPerInvocation="1610"/>
      <ClassProfile name="edu.umd.cs.findbugs.OpcodeStack$JumpInfoFactory" totalMilliseconds="21" invocations="153" avgMicrosecondsPerInvocation="138" maxMicrosecondsPerInvocation="1858" standardDeviationMicrosecondsPerInvocation="216"/>
      <ClassProfile name="edu.umd.cs.findbugs.detect.FindNoSideEffectMethods" totalMilliseconds="21" invocations="22" avgMicrosecondsPerInvocation="957" maxMicrosecondsPerInvocation="3805" standardDeviationMicrosecondsPerInvocation="1157"/>
      <ClassProfile name="edu.umd.cs.findbugs.classfile.engine.bcel.ValueNumberDataflowFactory" totalMilliseconds="19" invocations="18" avgMicrosecondsPerInvocation="1090" maxMicrosecondsPerInvocation="7117" standardDeviationMicrosecondsPerInvocation="1763"/>
      <ClassProfile name="edu.umd.cs.findbugs.classfile.engine.bcel.MethodGenFactory" totalMilliseconds="18" invocations="16" avgMicrosecondsPerInvocation="1168" maxMicrosecondsPerInvocation="16839" standardDeviationMicrosecondsPerInvocation="4047"/>
      <ClassProfile name="edu.umd.cs.findbugs.classfile.engine.bcel.TypeDataflowFactory" totalMilliseconds="18" invocations="18" avgMicrosecondsPerInvocation="1006" maxMicrosecondsPerInvocation="4843" standardDeviationMicrosecondsPerInvocation="1278"/>
      <ClassProfile name="edu.umd.cs.findbugs.classfile.engine.bcel.JavaClassAnalysisEngine" totalMilliseconds="17" invocations="53" avgMicrosecondsPerInvocation="321" maxMicrosecondsPerInvocation="8745" standardDeviationMicrosecondsPerInvocation="1216"/>
      <ClassProfile name="edu.umd.cs.findbugs.classfile.engine.bcel.IsNullValueDataflowFactory" totalMilliseconds="16" invocations="14" avgMicrosecondsPerInvocation="1199" maxMicrosecondsPerInvocation="5897" standardDeviationMicrosecondsPerInvocation="1486"/>
      <ClassProfile name="edu.umd.cs.findbugs.util.TopologicalSort" totalMilliseconds="14" invocations="363" avgMicrosecondsPerInvocation="40" maxMicrosecondsPerInvocation="810" standardDeviationMicrosecondsPerInvocation="80"/>
      <ClassProfile name="edu.umd.cs.findbugs.classfile.engine.bcel.CFGFactory" totalMilliseconds="14" invocations="14" avgMicrosecondsPerInvocation="1043" maxMicrosecondsPerInvocation="7601" standardDeviationMicrosecondsPerInvocation="1866"/>
      <ClassProfile name="edu.umd.cs.findbugs.detect.NoteDirectlyRelevantTypeQualifiers" totalMilliseconds="14" invocations="22" avgMicrosecondsPerInvocation="652" maxMicrosecondsPerInvocation="4963" standardDeviationMicrosecondsPerInvocation="1136"/>
      <ClassProfile name="edu.umd.cs.findbugs.classfile.engine.bcel.UnconditionalValueDerefDataflowFactory" totalMilliseconds="13" invocations="14" avgMicrosecondsPerInvocation="938" maxMicrosecondsPerInvocation="3666" standardDeviationMicrosecondsPerInvocation="919"/>
    </FindBugsProfile>
  </FindBugsSummary>
  <ClassFeatures></ClassFeatures>
  <History></History>
</BugCollection>
