<?xml version="1.0" encoding="UTF-8"?>

<BugCollection version="4.7.3" sequence="0" timestamp="1698475194132" analysisTimestamp="1698513777742" release="">
  <Project projectName="">
    <Jar>/mnt/disk3/lty/JLeaks/data/classfile/bug-698-d339f38b707d23e6c862164703be4375c118611e1c6f7d08aa0e18284c2fcd88.class</Jar>
  </Project>
  <Errors errors="0" missingClasses="53">
    <MissingClass>liquibase.CatalogAndSchema</MissingClass>
    <MissingClass>liquibase.CatalogAndSchema$CatalogAndSchemaCase</MissingClass>
    <MissingClass>liquibase.GlobalConfiguration</MissingClass>
    <MissingClass>liquibase.Scope</MissingClass>
    <MissingClass>liquibase.change.Change</MissingClass>
    <MissingClass>liquibase.change.core.DropTableChange</MissingClass>
    <MissingClass>liquibase.changelog.ChangeLogHistoryService</MissingClass>
    <MissingClass>liquibase.changelog.ChangeLogHistoryServiceFactory</MissingClass>
    <MissingClass>liquibase.changelog.ChangeSet</MissingClass>
    <MissingClass>liquibase.changelog.StandardChangeLogHistoryService</MissingClass>
    <MissingClass>liquibase.configuration.ConfigurationDefinition</MissingClass>
    <MissingClass>liquibase.configuration.ConfiguredValue</MissingClass>
    <MissingClass>liquibase.database.Database</MissingClass>
    <MissingClass>liquibase.database.DatabaseConnection</MissingClass>
    <MissingClass>liquibase.database.ObjectQuotingStrategy</MissingClass>
    <MissingClass>liquibase.database.OfflineConnection</MissingClass>
    <MissingClass>liquibase.database.jvm.JdbcConnection</MissingClass>
    <MissingClass>liquibase.diff.DiffGeneratorFactory</MissingClass>
    <MissingClass>liquibase.diff.compare.CompareControl</MissingClass>
    <MissingClass>liquibase.diff.compare.CompareControl$SchemaComparison</MissingClass>
    <MissingClass>liquibase.diff.compare.DatabaseObjectComparatorFactory</MissingClass>
    <MissingClass>liquibase.diff.output.DiffOutputControl</MissingClass>
    <MissingClass>liquibase.diff.output.changelog.DiffToChangeLog</MissingClass>
    <MissingClass>liquibase.exception.DatabaseException</MissingClass>
    <MissingClass>liquibase.exception.DateParseException</MissingClass>
    <MissingClass>liquibase.exception.UnexpectedLiquibaseException</MissingClass>
    <MissingClass>liquibase.exception.ValidationErrors</MissingClass>
    <MissingClass>liquibase.executor.Executor</MissingClass>
    <MissingClass>liquibase.executor.ExecutorService</MissingClass>
    <MissingClass>liquibase.lockservice.LockService</MissingClass>
    <MissingClass>liquibase.lockservice.LockServiceFactory</MissingClass>
    <MissingClass>liquibase.logging.Logger</MissingClass>
    <MissingClass>liquibase.snapshot.DatabaseSnapshot</MissingClass>
    <MissingClass>liquibase.snapshot.EmptyDatabaseSnapshot</MissingClass>
    <MissingClass>liquibase.snapshot.SnapshotControl</MissingClass>
    <MissingClass>liquibase.snapshot.SnapshotGeneratorFactory</MissingClass>
    <MissingClass>liquibase.sql.Sql</MissingClass>
    <MissingClass>liquibase.sql.visitor.SqlVisitor</MissingClass>
    <MissingClass>liquibase.sqlgenerator.SqlGeneratorFactory</MissingClass>
    <MissingClass>liquibase.statement.DatabaseFunction</MissingClass>
    <MissingClass>liquibase.statement.SqlStatement</MissingClass>
    <MissingClass>liquibase.statement.core.GetViewDefinitionStatement</MissingClass>
    <MissingClass>liquibase.statement.core.RawCallStatement</MissingClass>
    <MissingClass>liquibase.structure.DatabaseObject</MissingClass>
    <MissingClass>liquibase.structure.core.Column</MissingClass>
    <MissingClass>liquibase.structure.core.Index</MissingClass>
    <MissingClass>liquibase.structure.core.PrimaryKey</MissingClass>
    <MissingClass>liquibase.structure.core.Schema</MissingClass>
    <MissingClass>liquibase.structure.core.Table</MissingClass>
    <MissingClass>liquibase.util.ISODateFormat</MissingClass>
    <MissingClass>liquibase.util.NowAndTodayUtil</MissingClass>
    <MissingClass>liquibase.util.StreamUtil</MissingClass>
    <MissingClass>liquibase.util.StringUtil</MissingClass>
  </Errors>
  <FindBugsSummary timestamp="Sat, 28 Oct 2023 14:39:54 +0800" total_classes="1" referenced_classes="40" total_bugs="0" total_size="803" num_packages="1" java_version="1.8.0_382" vm_version="25.382-b05" cpu_seconds="14.28" clock_seconds="1.34" peak_mbytes="405.07" alloc_mbytes="1820.50" gc_seconds="0.04">
    <PackageStats package="liquibase.database" total_bugs="0" total_types="1" total_size="803">
      <ClassStats class="liquibase.database.AbstractJdbcDatabase" sourceFile="AbstractJdbcDatabase.java" interface="false" size="803" bugs="0"/>
    </PackageStats>
    <FindBugsProfile>
      <ClassProfile name="edu.umd.cs.findbugs.classfile.engine.ClassInfoAnalysisEngine" totalMilliseconds="133" invocations="613" avgMicrosecondsPerInvocation="217" maxMicrosecondsPerInvocation="17406" standardDeviationMicrosecondsPerInvocation="799"/>
      <ClassProfile name="edu.umd.cs.findbugs.OpcodeStack$JumpInfoFactory" totalMilliseconds="88" invocations="383" avgMicrosecondsPerInvocation="232" maxMicrosecondsPerInvocation="40421" standardDeviationMicrosecondsPerInvocation="2068"/>
      <ClassProfile name="edu.umd.cs.findbugs.detect.FieldItemSummary" totalMilliseconds="51" invocations="40" avgMicrosecondsPerInvocation="1280" maxMicrosecondsPerInvocation="6953" standardDeviationMicrosecondsPerInvocation="1605"/>
      <ClassProfile name="edu.umd.cs.findbugs.classfile.engine.bcel.TypeDataflowFactory" totalMilliseconds="50" invocations="164" avgMicrosecondsPerInvocation="309" maxMicrosecondsPerInvocation="5491" standardDeviationMicrosecondsPerInvocation="760"/>
      <ClassProfile name="edu.umd.cs.findbugs.classfile.engine.bcel.IsNullValueDataflowFactory" totalMilliseconds="48" invocations="163" avgMicrosecondsPerInvocation="296" maxMicrosecondsPerInvocation="5168" standardDeviationMicrosecondsPerInvocation="635"/>
      <ClassProfile name="edu.umd.cs.findbugs.classfile.engine.bcel.ValueNumberDataflowFactory" totalMilliseconds="39" invocations="168" avgMicrosecondsPerInvocation="236" maxMicrosecondsPerInvocation="7916" standardDeviationMicrosecondsPerInvocation="719"/>
      <ClassProfile name="edu.umd.cs.findbugs.classfile.engine.bcel.CFGFactory" totalMilliseconds="37" invocations="163" avgMicrosecondsPerInvocation="229" maxMicrosecondsPerInvocation="7740" standardDeviationMicrosecondsPerInvocation="682"/>
      <ClassProfile name="edu.umd.cs.findbugs.detect.FindOpenStream" totalMilliseconds="33" invocations="1" avgMicrosecondsPerInvocation="33845" maxMicrosecondsPerInvocation="33845" standardDeviationMicrosecondsPerInvocation="0"/>
      <ClassProfile name="edu.umd.cs.findbugs.classfile.engine.bcel.UnconditionalValueDerefDataflowFactory" totalMilliseconds="33" invocations="163" avgMicrosecondsPerInvocation="205" maxMicrosecondsPerInvocation="6156" standardDeviationMicrosecondsPerInvocation="576"/>
      <ClassProfile name="edu.umd.cs.findbugs.detect.FindNoSideEffectMethods" totalMilliseconds="30" invocations="40" avgMicrosecondsPerInvocation="770" maxMicrosecondsPerInvocation="5179" standardDeviationMicrosecondsPerInvocation="1001"/>
      <ClassProfile name="edu.umd.cs.findbugs.ba.npe.NullDerefAndRedundantComparisonFinder" totalMilliseconds="29" invocations="163" avgMicrosecondsPerInvocation="180" maxMicrosecondsPerInvocation="3518" standardDeviationMicrosecondsPerInvocation="349"/>
      <ClassProfile name="edu.umd.cs.findbugs.classfile.engine.bcel.MethodGenFactory" totalMilliseconds="27" invocations="164" avgMicrosecondsPerInvocation="165" maxMicrosecondsPerInvocation="18106" standardDeviationMicrosecondsPerInvocation="1407"/>
      <ClassProfile name="edu.umd.cs.findbugs.classfile.engine.bcel.JavaClassAnalysisEngine" totalMilliseconds="22" invocations="123" avgMicrosecondsPerInvocation="181" maxMicrosecondsPerInvocation="8596" standardDeviationMicrosecondsPerInvocation="801"/>
      <ClassProfile name="edu.umd.cs.findbugs.detect.FindRefComparison$SpecialTypeAnalysis" totalMilliseconds="18" invocations="114" avgMicrosecondsPerInvocation="165" maxMicrosecondsPerInvocation="4596" standardDeviationMicrosecondsPerInvocation="482"/>
      <ClassProfile name="edu.umd.cs.findbugs.detect.NoteDirectlyRelevantTypeQualifiers" totalMilliseconds="18" invocations="40" avgMicrosecondsPerInvocation="468" maxMicrosecondsPerInvocation="4379" standardDeviationMicrosecondsPerInvocation="772"/>
      <ClassProfile name="edu.umd.cs.findbugs.detect.CalledMethods" totalMilliseconds="18" invocations="40" avgMicrosecondsPerInvocation="462" maxMicrosecondsPerInvocation="4548" standardDeviationMicrosecondsPerInvocation="974"/>
      <ClassProfile name="edu.umd.cs.findbugs.util.TopologicalSort" totalMilliseconds="16" invocations="503" avgMicrosecondsPerInvocation="33" maxMicrosecondsPerInvocation="1695" standardDeviationMicrosecondsPerInvocation="91"/>
      <ClassProfile name="edu.umd.cs.findbugs.detect.FunctionsThatMightBeMistakenForProcedures" totalMilliseconds="15" invocations="40" avgMicrosecondsPerInvocation="383" maxMicrosecondsPerInvocation="3177" standardDeviationMicrosecondsPerInvocation="654"/>
      <ClassProfile name="edu.umd.cs.findbugs.detect.DumbMethods" totalMilliseconds="13" invocations="1" avgMicrosecondsPerInvocation="13740" maxMicrosecondsPerInvocation="13740" standardDeviationMicrosecondsPerInvocation="0"/>
      <ClassProfile name="edu.umd.cs.findbugs.detect.OverridingEqualsNotSymmetrical" totalMilliseconds="13" invocations="40" avgMicrosecondsPerInvocation="336" maxMicrosecondsPerInvocation="6132" standardDeviationMicrosecondsPerInvocation="951"/>
      <ClassProfile name="edu.umd.cs.findbugs.classfile.engine.ClassDataAnalysisEngine" totalMilliseconds="13" invocations="615" avgMicrosecondsPerInvocation="21" maxMicrosecondsPerInvocation="441" standardDeviationMicrosecondsPerInvocation="27"/>
      <ClassProfile name="edu.umd.cs.findbugs.detect.ExplicitSerialization" totalMilliseconds="13" invocations="40" avgMicrosecondsPerInvocation="330" maxMicrosecondsPerInvocation="7963" standardDeviationMicrosecondsPerInvocation="1277"/>
      <ClassProfile name="edu.umd.cs.findbugs.ba.npe.TypeQualifierNullnessAnnotationDatabase" totalMilliseconds="12" invocations="2293" avgMicrosecondsPerInvocation="5" maxMicrosecondsPerInvocation="1180" standardDeviationMicrosecondsPerInvocation="32"/>
      <ClassProfile name="edu.umd.cs.findbugs.detect.BuildStringPassthruGraph" totalMilliseconds="11" invocations="40" avgMicrosecondsPerInvocation="298" maxMicrosecondsPerInvocation="2532" standardDeviationMicrosecondsPerInvocation="472"/>
      <ClassProfile name="edu.umd.cs.findbugs.detect.BuildObligationPolicyDatabase" totalMilliseconds="11" invocations="40" avgMicrosecondsPerInvocation="287" maxMicrosecondsPerInvocation="1148" standardDeviationMicrosecondsPerInvocation="299"/>
    </FindBugsProfile>
  </FindBugsSummary>
  <ClassFeatures></ClassFeatures>
  <History></History>
</BugCollection>
