<?xml version="1.0" encoding="UTF-8"?>

<BugCollection version="4.7.3" sequence="0" timestamp="1698475252181" analysisTimestamp="1698520719753" release="">
  <Project projectName="">
    <Jar>/mnt/disk3/lty/JLeaks/data/classfile/bug-1089-d4b2a6fefcee26b2eea2b96257a345150f990fd1f03bb78d2a1bd70b14be107f.class</Jar>
  </Project>
  <BugInstance type="OBL_UNSATISFIED_OBLIGATION_EXCEPTION_EDGE" priority="2" rank="20" abbrev="OBL" category="EXPERIMENTAL">
    <Class classname="org.parosproxy.paros.db.TableAlert">
      <SourceLine classname="org.parosproxy.paros.db.TableAlert" start="52" end="277" sourcefile="TableAlert.java" sourcepath="org/parosproxy/paros/db/TableAlert.java"/>
    </Class>
    <Method classname="org.parosproxy.paros.db.TableAlert" name="getAlertList" signature="()Ljava/util/Vector;" isStatic="false">
      <SourceLine classname="org.parosproxy.paros.db.TableAlert" start="268" end="277" startBytecode="0" endBytecode="145" sourcefile="TableAlert.java" sourcepath="org/parosproxy/paros/db/TableAlert.java"/>
    </Method>
    <Class classname="java.sql.ResultSet" role="CLASS_REFTYPE">
      <SourceLine classname="java.sql.ResultSet" start="4188" end="4289" sourcefile="ResultSet.java" sourcepath="java/sql/ResultSet.java"/>
    </Class>
    <Int value="1" role="INT_OBLIGATIONS_REMAINING"/>
    <SourceLine classname="org.parosproxy.paros.db.TableAlert" start="271" end="271" startBytecode="21" endBytecode="21" sourcefile="TableAlert.java" sourcepath="org/parosproxy/paros/db/TableAlert.java" role="SOURCE_LINE_OBLIGATION_CREATED"/>
    <SourceLine classname="org.parosproxy.paros.db.TableAlert" start="272" end="272" startBytecode="27" endBytecode="27" sourcefile="TableAlert.java" sourcepath="org/parosproxy/paros/db/TableAlert.java" role="SOURCE_LINE_PATH_CONTINUES"/>
    <String value="{Statement x 1,ResultSet x 1}" role="STRING_REMAINING_OBLIGATIONS"/>
  </BugInstance>
  <BugInstance type="OBL_UNSATISFIED_OBLIGATION_EXCEPTION_EDGE" priority="2" rank="20" abbrev="OBL" category="EXPERIMENTAL">
    <Class classname="org.parosproxy.paros.db.TableAlert">
      <SourceLine classname="org.parosproxy.paros.db.TableAlert" start="52" end="277" sourcefile="TableAlert.java" sourcepath="org/parosproxy/paros/db/TableAlert.java"/>
    </Class>
    <Method classname="org.parosproxy.paros.db.TableAlert" name="getAlertList" signature="()Ljava/util/Vector;" isStatic="false">
      <SourceLine classname="org.parosproxy.paros.db.TableAlert" start="268" end="277" startBytecode="0" endBytecode="145" sourcefile="TableAlert.java" sourcepath="org/parosproxy/paros/db/TableAlert.java"/>
    </Method>
    <Class classname="java.sql.Statement" role="CLASS_REFTYPE">
      <SourceLine classname="java.sql.Statement" start="1092" end="1368" sourcefile="Statement.java" sourcepath="java/sql/Statement.java"/>
    </Class>
    <Int value="1" role="INT_OBLIGATIONS_REMAINING"/>
    <SourceLine classname="org.parosproxy.paros.db.TableAlert" start="268" end="268" startBytecode="6" endBytecode="6" sourcefile="TableAlert.java" sourcepath="org/parosproxy/paros/db/TableAlert.java" role="SOURCE_LINE_OBLIGATION_CREATED"/>
    <SourceLine classname="org.parosproxy.paros.db.TableAlert" start="270" end="270" startBytecode="12" endBytecode="12" sourcefile="TableAlert.java" sourcepath="org/parosproxy/paros/db/TableAlert.java" role="SOURCE_LINE_PATH_CONTINUES"/>
    <SourceLine classname="org.parosproxy.paros.db.TableAlert" start="271" end="271" startBytecode="20" endBytecode="20" sourcefile="TableAlert.java" sourcepath="org/parosproxy/paros/db/TableAlert.java" role="SOURCE_LINE_PATH_CONTINUES"/>
    <SourceLine classname="org.parosproxy.paros.db.TableAlert" start="272" end="272" startBytecode="27" endBytecode="27" sourcefile="TableAlert.java" sourcepath="org/parosproxy/paros/db/TableAlert.java" role="SOURCE_LINE_PATH_CONTINUES"/>
    <String value="{Statement x 1,ResultSet x 1}" role="STRING_REMAINING_OBLIGATIONS"/>
  </BugInstance>
  <BugInstance type="OBL_UNSATISFIED_OBLIGATION_EXCEPTION_EDGE" priority="2" rank="20" abbrev="OBL" category="EXPERIMENTAL">
    <Class classname="org.parosproxy.paros.db.TableAlert">
      <SourceLine classname="org.parosproxy.paros.db.TableAlert" start="52" end="277" sourcefile="TableAlert.java" sourcepath="org/parosproxy/paros/db/TableAlert.java"/>
    </Class>
    <Method classname="org.parosproxy.paros.db.TableAlert" name="getAlertListByScan" signature="(I)Ljava/util/Vector;" isStatic="false">
      <SourceLine classname="org.parosproxy.paros.db.TableAlert" start="172" end="182" startBytecode="0" endBytecode="161" sourcefile="TableAlert.java" sourcepath="org/parosproxy/paros/db/TableAlert.java"/>
    </Method>
    <Class classname="java.sql.ResultSet" role="CLASS_REFTYPE">
      <SourceLine classname="java.sql.ResultSet" start="4188" end="4289" sourcefile="ResultSet.java" sourcepath="java/sql/ResultSet.java"/>
    </Class>
    <Int value="1" role="INT_OBLIGATIONS_REMAINING"/>
    <SourceLine classname="org.parosproxy.paros.db.TableAlert" start="176" end="176" startBytecode="29" endBytecode="29" sourcefile="TableAlert.java" sourcepath="org/parosproxy/paros/db/TableAlert.java" role="SOURCE_LINE_OBLIGATION_CREATED"/>
    <SourceLine classname="org.parosproxy.paros.db.TableAlert" start="177" end="177" startBytecode="36" endBytecode="36" sourcefile="TableAlert.java" sourcepath="org/parosproxy/paros/db/TableAlert.java" role="SOURCE_LINE_PATH_CONTINUES"/>
    <String value="{Statement x 1,ResultSet x 1}" role="STRING_REMAINING_OBLIGATIONS"/>
  </BugInstance>
  <BugInstance type="OBL_UNSATISFIED_OBLIGATION_EXCEPTION_EDGE" priority="2" rank="20" abbrev="OBL" category="EXPERIMENTAL">
    <Class classname="org.parosproxy.paros.db.TableAlert">
      <SourceLine classname="org.parosproxy.paros.db.TableAlert" start="52" end="277" sourcefile="TableAlert.java" sourcepath="org/parosproxy/paros/db/TableAlert.java"/>
    </Class>
    <Method classname="org.parosproxy.paros.db.TableAlert" name="getAlertListByScan" signature="(I)Ljava/util/Vector;" isStatic="false">
      <SourceLine classname="org.parosproxy.paros.db.TableAlert" start="172" end="182" startBytecode="0" endBytecode="161" sourcefile="TableAlert.java" sourcepath="org/parosproxy/paros/db/TableAlert.java"/>
    </Method>
    <Class classname="java.sql.Statement" role="CLASS_REFTYPE">
      <SourceLine classname="java.sql.Statement" start="1092" end="1368" sourcefile="Statement.java" sourcepath="java/sql/Statement.java"/>
    </Class>
    <Int value="1" role="INT_OBLIGATIONS_REMAINING"/>
    <SourceLine classname="org.parosproxy.paros.db.TableAlert" start="172" end="172" startBytecode="6" endBytecode="6" sourcefile="TableAlert.java" sourcepath="org/parosproxy/paros/db/TableAlert.java" role="SOURCE_LINE_OBLIGATION_CREATED"/>
    <SourceLine classname="org.parosproxy.paros.db.TableAlert" start="174" end="174" startBytecode="12" endBytecode="12" sourcefile="TableAlert.java" sourcepath="org/parosproxy/paros/db/TableAlert.java" role="SOURCE_LINE_PATH_CONTINUES"/>
    <SourceLine classname="org.parosproxy.paros.db.TableAlert" start="175" end="175" startBytecode="20" endBytecode="20" sourcefile="TableAlert.java" sourcepath="org/parosproxy/paros/db/TableAlert.java" role="SOURCE_LINE_PATH_CONTINUES"/>
    <SourceLine classname="org.parosproxy.paros.db.TableAlert" start="176" end="176" startBytecode="28" endBytecode="28" sourcefile="TableAlert.java" sourcepath="org/parosproxy/paros/db/TableAlert.java" role="SOURCE_LINE_PATH_CONTINUES"/>
    <SourceLine classname="org.parosproxy.paros.db.TableAlert" start="177" end="177" startBytecode="36" endBytecode="36" sourcefile="TableAlert.java" sourcepath="org/parosproxy/paros/db/TableAlert.java" role="SOURCE_LINE_PATH_CONTINUES"/>
    <String value="{Statement x 1,ResultSet x 1}" role="STRING_REMAINING_OBLIGATIONS"/>
  </BugInstance>
  <BugInstance type="OBL_UNSATISFIED_OBLIGATION_EXCEPTION_EDGE" priority="2" rank="20" abbrev="OBL" category="EXPERIMENTAL">
    <Class classname="org.parosproxy.paros.db.TableAlert">
      <SourceLine classname="org.parosproxy.paros.db.TableAlert" start="52" end="277" sourcefile="TableAlert.java" sourcepath="org/parosproxy/paros/db/TableAlert.java"/>
    </Class>
    <Method classname="org.parosproxy.paros.db.TableAlert" name="getAlertListBySession" signature="(J)Ljava/util/Vector;" isStatic="false">
      <SourceLine classname="org.parosproxy.paros.db.TableAlert" start="187" end="198" startBytecode="0" endBytecode="176" sourcefile="TableAlert.java" sourcepath="org/parosproxy/paros/db/TableAlert.java"/>
    </Method>
    <Class classname="java.sql.ResultSet" role="CLASS_REFTYPE">
      <SourceLine classname="java.sql.ResultSet" start="4188" end="4289" sourcefile="ResultSet.java" sourcepath="java/sql/ResultSet.java"/>
    </Class>
    <Int value="1" role="INT_OBLIGATIONS_REMAINING"/>
    <SourceLine classname="org.parosproxy.paros.db.TableAlert" start="191" end="191" startBytecode="30" endBytecode="30" sourcefile="TableAlert.java" sourcepath="org/parosproxy/paros/db/TableAlert.java" role="SOURCE_LINE_OBLIGATION_CREATED"/>
    <SourceLine classname="org.parosproxy.paros.db.TableAlert" start="192" end="192" startBytecode="37" endBytecode="37" sourcefile="TableAlert.java" sourcepath="org/parosproxy/paros/db/TableAlert.java" role="SOURCE_LINE_PATH_CONTINUES"/>
    <String value="{Statement x 1,ResultSet x 1}" role="STRING_REMAINING_OBLIGATIONS"/>
  </BugInstance>
  <BugInstance type="OBL_UNSATISFIED_OBLIGATION_EXCEPTION_EDGE" priority="2" rank="20" abbrev="OBL" category="EXPERIMENTAL">
    <Class classname="org.parosproxy.paros.db.TableAlert">
      <SourceLine classname="org.parosproxy.paros.db.TableAlert" start="52" end="277" sourcefile="TableAlert.java" sourcepath="org/parosproxy/paros/db/TableAlert.java"/>
    </Class>
    <Method classname="org.parosproxy.paros.db.TableAlert" name="getAlertListBySession" signature="(J)Ljava/util/Vector;" isStatic="false">
      <SourceLine classname="org.parosproxy.paros.db.TableAlert" start="187" end="198" startBytecode="0" endBytecode="176" sourcefile="TableAlert.java" sourcepath="org/parosproxy/paros/db/TableAlert.java"/>
    </Method>
    <Class classname="java.sql.Statement" role="CLASS_REFTYPE">
      <SourceLine classname="java.sql.Statement" start="1092" end="1368" sourcefile="Statement.java" sourcepath="java/sql/Statement.java"/>
    </Class>
    <Int value="1" role="INT_OBLIGATIONS_REMAINING"/>
    <SourceLine classname="org.parosproxy.paros.db.TableAlert" start="187" end="187" startBytecode="6" endBytecode="6" sourcefile="TableAlert.java" sourcepath="org/parosproxy/paros/db/TableAlert.java" role="SOURCE_LINE_OBLIGATION_CREATED"/>
    <SourceLine classname="org.parosproxy.paros.db.TableAlert" start="189" end="189" startBytecode="12" endBytecode="12" sourcefile="TableAlert.java" sourcepath="org/parosproxy/paros/db/TableAlert.java" role="SOURCE_LINE_PATH_CONTINUES"/>
    <SourceLine classname="org.parosproxy.paros.db.TableAlert" start="190" end="190" startBytecode="21" endBytecode="21" sourcefile="TableAlert.java" sourcepath="org/parosproxy/paros/db/TableAlert.java" role="SOURCE_LINE_PATH_CONTINUES"/>
    <SourceLine classname="org.parosproxy.paros.db.TableAlert" start="191" end="191" startBytecode="29" endBytecode="29" sourcefile="TableAlert.java" sourcepath="org/parosproxy/paros/db/TableAlert.java" role="SOURCE_LINE_PATH_CONTINUES"/>
    <SourceLine classname="org.parosproxy.paros.db.TableAlert" start="192" end="192" startBytecode="37" endBytecode="37" sourcefile="TableAlert.java" sourcepath="org/parosproxy/paros/db/TableAlert.java" role="SOURCE_LINE_PATH_CONTINUES"/>
    <String value="{Statement x 1,ResultSet x 1}" role="STRING_REMAINING_OBLIGATIONS"/>
  </BugInstance>
  <BugInstance type="OBL_UNSATISFIED_OBLIGATION_EXCEPTION_EDGE" priority="2" rank="20" abbrev="OBL" category="EXPERIMENTAL">
    <Class classname="org.parosproxy.paros.db.TableAlert">
      <SourceLine classname="org.parosproxy.paros.db.TableAlert" start="52" end="277" sourcefile="TableAlert.java" sourcepath="org/parosproxy/paros/db/TableAlert.java"/>
    </Class>
    <Method classname="org.parosproxy.paros.db.TableAlert" name="getAlertLists" signature="()Ljava/util/Vector;" isStatic="false">
      <SourceLine classname="org.parosproxy.paros.db.TableAlert" start="203" end="213" startBytecode="0" endBytecode="157" sourcefile="TableAlert.java" sourcepath="org/parosproxy/paros/db/TableAlert.java"/>
    </Method>
    <Class classname="java.sql.ResultSet" role="CLASS_REFTYPE">
      <SourceLine classname="java.sql.ResultSet" start="4188" end="4289" sourcefile="ResultSet.java" sourcepath="java/sql/ResultSet.java"/>
    </Class>
    <Int value="1" role="INT_OBLIGATIONS_REMAINING"/>
    <SourceLine classname="org.parosproxy.paros.db.TableAlert" start="206" end="206" startBytecode="21" endBytecode="21" sourcefile="TableAlert.java" sourcepath="org/parosproxy/paros/db/TableAlert.java" role="SOURCE_LINE_OBLIGATION_CREATED"/>
    <SourceLine classname="org.parosproxy.paros.db.TableAlert" start="207" end="207" startBytecode="27" endBytecode="27" sourcefile="TableAlert.java" sourcepath="org/parosproxy/paros/db/TableAlert.java" role="SOURCE_LINE_PATH_CONTINUES"/>
    <String value="{Statement x 1,ResultSet x 1}" role="STRING_REMAINING_OBLIGATIONS"/>
  </BugInstance>
  <BugInstance type="OBL_UNSATISFIED_OBLIGATION_EXCEPTION_EDGE" priority="2" rank="20" abbrev="OBL" category="EXPERIMENTAL">
    <Class classname="org.parosproxy.paros.db.TableAlert">
      <SourceLine classname="org.parosproxy.paros.db.TableAlert" start="52" end="277" sourcefile="TableAlert.java" sourcepath="org/parosproxy/paros/db/TableAlert.java"/>
    </Class>
    <Method classname="org.parosproxy.paros.db.TableAlert" name="getAlertLists" signature="()Ljava/util/Vector;" isStatic="false">
      <SourceLine classname="org.parosproxy.paros.db.TableAlert" start="203" end="213" startBytecode="0" endBytecode="157" sourcefile="TableAlert.java" sourcepath="org/parosproxy/paros/db/TableAlert.java"/>
    </Method>
    <Class classname="java.sql.Statement" role="CLASS_REFTYPE">
      <SourceLine classname="java.sql.Statement" start="1092" end="1368" sourcefile="Statement.java" sourcepath="java/sql/Statement.java"/>
    </Class>
    <Int value="1" role="INT_OBLIGATIONS_REMAINING"/>
    <SourceLine classname="org.parosproxy.paros.db.TableAlert" start="203" end="203" startBytecode="6" endBytecode="6" sourcefile="TableAlert.java" sourcepath="org/parosproxy/paros/db/TableAlert.java" role="SOURCE_LINE_OBLIGATION_CREATED"/>
    <SourceLine classname="org.parosproxy.paros.db.TableAlert" start="205" end="205" startBytecode="12" endBytecode="12" sourcefile="TableAlert.java" sourcepath="org/parosproxy/paros/db/TableAlert.java" role="SOURCE_LINE_PATH_CONTINUES"/>
    <SourceLine classname="org.parosproxy.paros.db.TableAlert" start="206" end="206" startBytecode="20" endBytecode="20" sourcefile="TableAlert.java" sourcepath="org/parosproxy/paros/db/TableAlert.java" role="SOURCE_LINE_PATH_CONTINUES"/>
    <SourceLine classname="org.parosproxy.paros.db.TableAlert" start="207" end="207" startBytecode="27" endBytecode="27" sourcefile="TableAlert.java" sourcepath="org/parosproxy/paros/db/TableAlert.java" role="SOURCE_LINE_PATH_CONTINUES"/>
    <String value="{Statement x 1,ResultSet x 1}" role="STRING_REMAINING_OBLIGATIONS"/>
  </BugInstance>
  <BugInstance type="OBL_UNSATISFIED_OBLIGATION_EXCEPTION_EDGE" priority="2" rank="20" abbrev="OBL" category="EXPERIMENTAL">
    <Class classname="org.parosproxy.paros.db.TableAlert">
      <SourceLine classname="org.parosproxy.paros.db.TableAlert" start="52" end="277" sourcefile="TableAlert.java" sourcepath="org/parosproxy/paros/db/TableAlert.java"/>
    </Class>
    <Method classname="org.parosproxy.paros.db.TableAlert" name="read" signature="(I)Lorg/parosproxy/paros/db/RecordAlert;" isStatic="false">
      <SourceLine classname="org.parosproxy.paros.db.TableAlert" start="111" end="115" startBytecode="0" endBytecode="74" sourcefile="TableAlert.java" sourcepath="org/parosproxy/paros/db/TableAlert.java"/>
    </Method>
    <Class classname="java.sql.ResultSet" role="CLASS_REFTYPE">
      <SourceLine classname="java.sql.ResultSet" start="4188" end="4289" sourcefile="ResultSet.java" sourcepath="java/sql/ResultSet.java"/>
    </Class>
    <Int value="1" role="INT_OBLIGATIONS_REMAINING"/>
    <SourceLine classname="org.parosproxy.paros.db.TableAlert" start="112" end="112" startBytecode="15" endBytecode="15" sourcefile="TableAlert.java" sourcepath="org/parosproxy/paros/db/TableAlert.java" role="SOURCE_LINE_OBLIGATION_CREATED"/>
    <SourceLine classname="org.parosproxy.paros.db.TableAlert" start="113" end="113" startBytecode="21" endBytecode="21" sourcefile="TableAlert.java" sourcepath="org/parosproxy/paros/db/TableAlert.java" role="SOURCE_LINE_PATH_CONTINUES"/>
    <String value="{ResultSet x 1}" role="STRING_REMAINING_OBLIGATIONS"/>
  </BugInstance>
  <BugInstance type="OBL_UNSATISFIED_OBLIGATION_EXCEPTION_EDGE" priority="2" rank="20" abbrev="OBL" category="EXPERIMENTAL">
    <Class classname="org.parosproxy.paros.db.TableAlert">
      <SourceLine classname="org.parosproxy.paros.db.TableAlert" start="52" end="277" sourcefile="TableAlert.java" sourcepath="org/parosproxy/paros/db/TableAlert.java"/>
    </Class>
    <Method classname="org.parosproxy.paros.db.TableAlert" name="reconnect" signature="(Ljava/sql/Connection;)V" isStatic="false">
      <SourceLine classname="org.parosproxy.paros.db.TableAlert" start="69" end="108" startBytecode="0" endBytecode="219" sourcefile="TableAlert.java" sourcepath="org/parosproxy/paros/db/TableAlert.java"/>
    </Method>
    <Class classname="java.sql.Statement" role="CLASS_REFTYPE">
      <SourceLine classname="java.sql.Statement" start="1092" end="1368" sourcefile="Statement.java" sourcepath="java/sql/Statement.java"/>
    </Class>
    <Int value="1" role="INT_OBLIGATIONS_REMAINING"/>
    <SourceLine classname="org.parosproxy.paros.db.TableAlert" start="71" end="71" startBytecode="30" endBytecode="30" sourcefile="TableAlert.java" sourcepath="org/parosproxy/paros/db/TableAlert.java" role="SOURCE_LINE_OBLIGATION_CREATED"/>
    <SourceLine classname="org.parosproxy.paros.db.TableAlert" start="72" end="72" startBytecode="36" endBytecode="36" sourcefile="TableAlert.java" sourcepath="org/parosproxy/paros/db/TableAlert.java" role="SOURCE_LINE_PATH_CONTINUES"/>
    <String value="{Statement x 1}" role="STRING_REMAINING_OBLIGATIONS"/>
  </BugInstance>
  <BugInstance type="OBL_UNSATISFIED_OBLIGATION_EXCEPTION_EDGE" priority="2" rank="20" abbrev="OBL" category="EXPERIMENTAL">
    <Class classname="org.parosproxy.paros.db.TableAlert">
      <SourceLine classname="org.parosproxy.paros.db.TableAlert" start="52" end="277" sourcefile="TableAlert.java" sourcepath="org/parosproxy/paros/db/TableAlert.java"/>
    </Class>
    <Method classname="org.parosproxy.paros.db.TableAlert" name="write" signature="(IILjava/lang/String;IILjava/lang/String;Ljava/lang/String;Ljava/lang/String;Ljava/lang/String;Ljava/lang/String;Ljava/lang/String;II)Lorg/parosproxy/paros/db/RecordAlert;" isStatic="false">
      <SourceLine classname="org.parosproxy.paros.db.TableAlert" start="124" end="143" startBytecode="0" endBytecode="309" sourcefile="TableAlert.java" sourcepath="org/parosproxy/paros/db/TableAlert.java"/>
    </Method>
    <Class classname="java.sql.ResultSet" role="CLASS_REFTYPE">
      <SourceLine classname="java.sql.ResultSet" start="4188" end="4289" sourcefile="ResultSet.java" sourcepath="java/sql/ResultSet.java"/>
    </Class>
    <Int value="1" role="INT_OBLIGATIONS_REMAINING"/>
    <SourceLine classname="org.parosproxy.paros.db.TableAlert" start="139" end="139" startBytecode="175" endBytecode="175" sourcefile="TableAlert.java" sourcepath="org/parosproxy/paros/db/TableAlert.java" role="SOURCE_LINE_OBLIGATION_CREATED"/>
    <SourceLine classname="org.parosproxy.paros.db.TableAlert" start="140" end="140" startBytecode="182" endBytecode="182" sourcefile="TableAlert.java" sourcepath="org/parosproxy/paros/db/TableAlert.java" role="SOURCE_LINE_PATH_CONTINUES"/>
    <String value="{ResultSet x 1}" role="STRING_REMAINING_OBLIGATIONS"/>
  </BugInstance>
  <BugInstance type="ODR_OPEN_DATABASE_RESOURCE_EXCEPTION_PATH" priority="3" rank="19" abbrev="ODR" category="BAD_PRACTICE">
    <Class classname="org.parosproxy.paros.db.TableAlert">
      <SourceLine classname="org.parosproxy.paros.db.TableAlert" start="52" end="277" sourcefile="TableAlert.java" sourcepath="org/parosproxy/paros/db/TableAlert.java"/>
    </Class>
    <Method classname="org.parosproxy.paros.db.TableAlert" name="getAlertList" signature="()Ljava/util/Vector;" isStatic="false">
      <SourceLine classname="org.parosproxy.paros.db.TableAlert" start="268" end="277" startBytecode="0" endBytecode="30" sourcefile="TableAlert.java" sourcepath="org/parosproxy/paros/db/TableAlert.java"/>
    </Method>
    <Type descriptor="Ljava/sql/PreparedStatement;" role="TYPE_CLOSEIT">
      <SourceLine classname="java.sql.PreparedStatement" start="1265" end="1318" sourcefile="PreparedStatement.java" sourcepath="java/sql/PreparedStatement.java"/>
    </Type>
    <SourceLine classname="org.parosproxy.paros.db.TableAlert" start="268" end="268" startBytecode="6" endBytecode="6" sourcefile="TableAlert.java" sourcepath="org/parosproxy/paros/db/TableAlert.java"/>
  </BugInstance>
  <BugInstance type="ODR_OPEN_DATABASE_RESOURCE_EXCEPTION_PATH" priority="3" rank="19" abbrev="ODR" category="BAD_PRACTICE">
    <Class classname="org.parosproxy.paros.db.TableAlert">
      <SourceLine classname="org.parosproxy.paros.db.TableAlert" start="52" end="277" sourcefile="TableAlert.java" sourcepath="org/parosproxy/paros/db/TableAlert.java"/>
    </Class>
    <Method classname="org.parosproxy.paros.db.TableAlert" name="getAlertListByScan" signature="(I)Ljava/util/Vector;" isStatic="false">
      <SourceLine classname="org.parosproxy.paros.db.TableAlert" start="172" end="182" startBytecode="0" endBytecode="34" sourcefile="TableAlert.java" sourcepath="org/parosproxy/paros/db/TableAlert.java"/>
    </Method>
    <Type descriptor="Ljava/sql/PreparedStatement;" role="TYPE_CLOSEIT">
      <SourceLine classname="java.sql.PreparedStatement" start="1265" end="1318" sourcefile="PreparedStatement.java" sourcepath="java/sql/PreparedStatement.java"/>
    </Type>
    <SourceLine classname="org.parosproxy.paros.db.TableAlert" start="172" end="172" startBytecode="6" endBytecode="6" sourcefile="TableAlert.java" sourcepath="org/parosproxy/paros/db/TableAlert.java"/>
  </BugInstance>
  <BugInstance type="ODR_OPEN_DATABASE_RESOURCE_EXCEPTION_PATH" priority="3" rank="19" abbrev="ODR" category="BAD_PRACTICE">
    <Class classname="org.parosproxy.paros.db.TableAlert">
      <SourceLine classname="org.parosproxy.paros.db.TableAlert" start="52" end="277" sourcefile="TableAlert.java" sourcepath="org/parosproxy/paros/db/TableAlert.java"/>
    </Class>
    <Method classname="org.parosproxy.paros.db.TableAlert" name="getAlertListBySession" signature="(J)Ljava/util/Vector;" isStatic="false">
      <SourceLine classname="org.parosproxy.paros.db.TableAlert" start="187" end="198" startBytecode="0" endBytecode="36" sourcefile="TableAlert.java" sourcepath="org/parosproxy/paros/db/TableAlert.java"/>
    </Method>
    <Type descriptor="Ljava/sql/PreparedStatement;" role="TYPE_CLOSEIT">
      <SourceLine classname="java.sql.PreparedStatement" start="1265" end="1318" sourcefile="PreparedStatement.java" sourcepath="java/sql/PreparedStatement.java"/>
    </Type>
    <SourceLine classname="org.parosproxy.paros.db.TableAlert" start="187" end="187" startBytecode="6" endBytecode="6" sourcefile="TableAlert.java" sourcepath="org/parosproxy/paros/db/TableAlert.java"/>
  </BugInstance>
  <BugInstance type="ODR_OPEN_DATABASE_RESOURCE_EXCEPTION_PATH" priority="3" rank="19" abbrev="ODR" category="BAD_PRACTICE">
    <Class classname="org.parosproxy.paros.db.TableAlert">
      <SourceLine classname="org.parosproxy.paros.db.TableAlert" start="52" end="277" sourcefile="TableAlert.java" sourcepath="org/parosproxy/paros/db/TableAlert.java"/>
    </Class>
    <Method classname="org.parosproxy.paros.db.TableAlert" name="getAlertLists" signature="()Ljava/util/Vector;" isStatic="false">
      <SourceLine classname="org.parosproxy.paros.db.TableAlert" start="203" end="213" startBytecode="0" endBytecode="32" sourcefile="TableAlert.java" sourcepath="org/parosproxy/paros/db/TableAlert.java"/>
    </Method>
    <Type descriptor="Ljava/sql/PreparedStatement;" role="TYPE_CLOSEIT">
      <SourceLine classname="java.sql.PreparedStatement" start="1265" end="1318" sourcefile="PreparedStatement.java" sourcepath="java/sql/PreparedStatement.java"/>
    </Type>
    <SourceLine classname="org.parosproxy.paros.db.TableAlert" start="203" end="203" startBytecode="6" endBytecode="6" sourcefile="TableAlert.java" sourcepath="org/parosproxy/paros/db/TableAlert.java"/>
  </BugInstance>
  <Errors errors="0" missingClasses="2">
    <MissingClass>org.parosproxy.paros.db.AbstractTable</MissingClass>
    <MissingClass>org.parosproxy.paros.db.RecordAlert</MissingClass>
  </Errors>
  <FindBugsSummary timestamp="Sat, 28 Oct 2023 14:40:52 +0800" total_classes="1" referenced_classes="13" total_bugs="15" total_size="169" num_packages="1" java_version="1.8.0_382" vm_version="25.382-b05" cpu_seconds="6.62" clock_seconds="0.74" peak_mbytes="399.38" alloc_mbytes="1820.50" gc_seconds="0.04" priority_3="4" priority_2="11">
    <PackageStats package="org.parosproxy.paros.db" total_bugs="15" total_types="1" total_size="169" priority_3="4" priority_2="11">
      <ClassStats class="org.parosproxy.paros.db.TableAlert" sourceFile="TableAlert.java" interface="false" size="169" bugs="15" priority_3="4" priority_2="11"/>
    </PackageStats>
    <FindBugsProfile>
      <ClassProfile name="edu.umd.cs.findbugs.classfile.engine.ClassInfoAnalysisEngine" totalMilliseconds="103" invocations="282" avgMicrosecondsPerInvocation="367" maxMicrosecondsPerInvocation="11088" standardDeviationMicrosecondsPerInvocation="873"/>
      <ClassProfile name="edu.umd.cs.findbugs.util.TopologicalSort" totalMilliseconds="53" invocations="251" avgMicrosecondsPerInvocation="213" maxMicrosecondsPerInvocation="40547" standardDeviationMicrosecondsPerInvocation="2552"/>
      <ClassProfile name="edu.umd.cs.findbugs.classfile.engine.bcel.MethodGenFactory" totalMilliseconds="19" invocations="13" avgMicrosecondsPerInvocation="1514" maxMicrosecondsPerInvocation="17282" standardDeviationMicrosecondsPerInvocation="4553"/>
      <ClassProfile name="edu.umd.cs.findbugs.detect.FieldItemSummary" totalMilliseconds="18" invocations="13" avgMicrosecondsPerInvocation="1411" maxMicrosecondsPerInvocation="5650" standardDeviationMicrosecondsPerInvocation="1881"/>
      <ClassProfile name="edu.umd.cs.findbugs.classfile.engine.bcel.IsNullValueDataflowFactory" totalMilliseconds="17" invocations="13" avgMicrosecondsPerInvocation="1337" maxMicrosecondsPerInvocation="6464" standardDeviationMicrosecondsPerInvocation="1571"/>
      <ClassProfile name="edu.umd.cs.findbugs.classfile.engine.bcel.ValueNumberDataflowFactory" totalMilliseconds="17" invocations="13" avgMicrosecondsPerInvocation="1323" maxMicrosecondsPerInvocation="7007" standardDeviationMicrosecondsPerInvocation="1695"/>
      <ClassProfile name="edu.umd.cs.findbugs.classfile.engine.bcel.TypeDataflowFactory" totalMilliseconds="16" invocations="13" avgMicrosecondsPerInvocation="1233" maxMicrosecondsPerInvocation="5297" standardDeviationMicrosecondsPerInvocation="1276"/>
      <ClassProfile name="edu.umd.cs.findbugs.OpcodeStack$JumpInfoFactory" totalMilliseconds="14" invocations="69" avgMicrosecondsPerInvocation="213" maxMicrosecondsPerInvocation="1474" standardDeviationMicrosecondsPerInvocation="278"/>
      <ClassProfile name="edu.umd.cs.findbugs.classfile.engine.bcel.JavaClassAnalysisEngine" totalMilliseconds="14" invocations="32" avgMicrosecondsPerInvocation="449" maxMicrosecondsPerInvocation="8276" standardDeviationMicrosecondsPerInvocation="1443"/>
      <ClassProfile name="edu.umd.cs.findbugs.classfile.engine.bcel.CFGFactory" totalMilliseconds="13" invocations="13" avgMicrosecondsPerInvocation="1049" maxMicrosecondsPerInvocation="7912" standardDeviationMicrosecondsPerInvocation="1998"/>
      <ClassProfile name="edu.umd.cs.findbugs.classfile.engine.bcel.UnconditionalValueDerefDataflowFactory" totalMilliseconds="12" invocations="13" avgMicrosecondsPerInvocation="929" maxMicrosecondsPerInvocation="2903" standardDeviationMicrosecondsPerInvocation="750"/>
    </FindBugsProfile>
  </FindBugsSummary>
  <ClassFeatures></ClassFeatures>
  <History></History>
</BugCollection>
