<?xml version="1.0" encoding="UTF-8"?>

<BugCollection version="4.7.3" sequence="0" timestamp="1698475131155" analysisTimestamp="1698509489870" release="">
  <Project projectName="">
    <Jar>/mnt/disk3/lty/JLeaks/data/classfile/bug-198-98e7e0502c2f8e7d7c4de2ebb621f79b2106301e05e897eb4145b24ca1262d5e.class</Jar>
  </Project>
  <Errors errors="0" missingClasses="16">
    <MissingClass>com.google.common.base.Preconditions</MissingClass>
    <MissingClass>com.linkedin.pinot.common.segment.ReadMode</MissingClass>
    <MissingClass>com.linkedin.pinot.core.indexsegment.generator.SegmentVersion</MissingClass>
    <MissingClass>com.linkedin.pinot.core.segment.index.SegmentMetadataImpl</MissingClass>
    <MissingClass>com.linkedin.pinot.core.segment.index.converter.SegmentFormatConverter</MissingClass>
    <MissingClass>com.linkedin.pinot.core.segment.index.converter.SegmentV1V2ToV3FormatConverter$1</MissingClass>
    <MissingClass>com.linkedin.pinot.core.segment.memory.PinotDataBuffer</MissingClass>
    <MissingClass>com.linkedin.pinot.core.segment.store.ColumnIndexType</MissingClass>
    <MissingClass>com.linkedin.pinot.core.segment.store.SegmentDirectory</MissingClass>
    <MissingClass>com.linkedin.pinot.core.segment.store.SegmentDirectory$Reader</MissingClass>
    <MissingClass>com.linkedin.pinot.core.segment.store.SegmentDirectory$Writer</MissingClass>
    <MissingClass>com.linkedin.pinot.core.segment.store.SegmentDirectoryPaths</MissingClass>
    <MissingClass>org.apache.commons.configuration.PropertiesConfiguration</MissingClass>
    <MissingClass>org.apache.commons.io.FileUtils</MissingClass>
    <MissingClass>org.slf4j.Logger</MissingClass>
    <MissingClass>org.slf4j.LoggerFactory</MissingClass>
  </Errors>
  <FindBugsSummary timestamp="Sat, 28 Oct 2023 14:38:51 +0800" total_classes="1" referenced_classes="26" total_bugs="0" total_size="111" num_packages="1" java_version="1.8.0_382" vm_version="25.382-b05" cpu_seconds="44.96" clock_seconds="4.51" peak_mbytes="395.43" alloc_mbytes="1820.50" gc_seconds="0.21">
    <PackageStats package="com.linkedin.pinot.core.segment.index.converter" total_bugs="0" total_types="1" total_size="111">
      <ClassStats class="com.linkedin.pinot.core.segment.index.converter.SegmentV1V2ToV3FormatConverter" sourceFile="SegmentV1V2ToV3FormatConverter.java" interface="false" size="111" bugs="0"/>
    </PackageStats>
    <FindBugsProfile>
      <ClassProfile name="edu.umd.cs.findbugs.classfile.engine.ClassInfoAnalysisEngine" totalMilliseconds="533" invocations="456" avgMicrosecondsPerInvocation="1170" maxMicrosecondsPerInvocation="58391" standardDeviationMicrosecondsPerInvocation="3195"/>
      <ClassProfile name="edu.umd.cs.findbugs.detect.FieldItemSummary" totalMilliseconds="180" invocations="26" avgMicrosecondsPerInvocation="6953" maxMicrosecondsPerInvocation="31960" standardDeviationMicrosecondsPerInvocation="9004"/>
      <ClassProfile name="edu.umd.cs.findbugs.detect.FindNoSideEffectMethods" totalMilliseconds="134" invocations="26" avgMicrosecondsPerInvocation="5186" maxMicrosecondsPerInvocation="26267" standardDeviationMicrosecondsPerInvocation="6484"/>
      <ClassProfile name="edu.umd.cs.findbugs.classfile.engine.bcel.MethodGenFactory" totalMilliseconds="131" invocations="14" avgMicrosecondsPerInvocation="9409" maxMicrosecondsPerInvocation="115157" standardDeviationMicrosecondsPerInvocation="29350"/>
      <ClassProfile name="edu.umd.cs.findbugs.classfile.engine.bcel.IsNullValueDataflowFactory" totalMilliseconds="121" invocations="14" avgMicrosecondsPerInvocation="8681" maxMicrosecondsPerInvocation="31501" standardDeviationMicrosecondsPerInvocation="8904"/>
      <ClassProfile name="edu.umd.cs.findbugs.OpcodeStack$JumpInfoFactory" totalMilliseconds="119" invocations="100" avgMicrosecondsPerInvocation="1190" maxMicrosecondsPerInvocation="12206" standardDeviationMicrosecondsPerInvocation="1567"/>
      <ClassProfile name="edu.umd.cs.findbugs.classfile.engine.ClassDataAnalysisEngine" totalMilliseconds="105" invocations="462" avgMicrosecondsPerInvocation="228" maxMicrosecondsPerInvocation="8655" standardDeviationMicrosecondsPerInvocation="471"/>
      <ClassProfile name="edu.umd.cs.findbugs.classfile.engine.bcel.ValueNumberDataflowFactory" totalMilliseconds="100" invocations="14" avgMicrosecondsPerInvocation="7201" maxMicrosecondsPerInvocation="39443" standardDeviationMicrosecondsPerInvocation="10386"/>
      <ClassProfile name="edu.umd.cs.findbugs.classfile.engine.bcel.JavaClassAnalysisEngine" totalMilliseconds="97" invocations="72" avgMicrosecondsPerInvocation="1356" maxMicrosecondsPerInvocation="49616" standardDeviationMicrosecondsPerInvocation="5926"/>
      <ClassProfile name="edu.umd.cs.findbugs.classfile.engine.bcel.TypeDataflowFactory" totalMilliseconds="96" invocations="14" avgMicrosecondsPerInvocation="6917" maxMicrosecondsPerInvocation="30924" standardDeviationMicrosecondsPerInvocation="8353"/>
      <ClassProfile name="edu.umd.cs.findbugs.classfile.engine.bcel.UnconditionalValueDerefDataflowFactory" totalMilliseconds="91" invocations="14" avgMicrosecondsPerInvocation="6560" maxMicrosecondsPerInvocation="26483" standardDeviationMicrosecondsPerInvocation="7866"/>
      <ClassProfile name="edu.umd.cs.findbugs.util.TopologicalSort" totalMilliseconds="87" invocations="401" avgMicrosecondsPerInvocation="217" maxMicrosecondsPerInvocation="2962" standardDeviationMicrosecondsPerInvocation="365"/>
      <ClassProfile name="edu.umd.cs.findbugs.classfile.engine.bcel.CFGFactory" totalMilliseconds="84" invocations="14" avgMicrosecondsPerInvocation="6033" maxMicrosecondsPerInvocation="42832" standardDeviationMicrosecondsPerInvocation="10594"/>
      <ClassProfile name="edu.umd.cs.findbugs.ba.npe.NullDerefAndRedundantComparisonFinder" totalMilliseconds="78" invocations="14" avgMicrosecondsPerInvocation="5620" maxMicrosecondsPerInvocation="32708" standardDeviationMicrosecondsPerInvocation="8170"/>
      <ClassProfile name="edu.umd.cs.findbugs.detect.FunctionsThatMightBeMistakenForProcedures" totalMilliseconds="63" invocations="26" avgMicrosecondsPerInvocation="2460" maxMicrosecondsPerInvocation="22410" standardDeviationMicrosecondsPerInvocation="4489"/>
      <ClassProfile name="edu.umd.cs.findbugs.detect.OverridingEqualsNotSymmetrical" totalMilliseconds="63" invocations="26" avgMicrosecondsPerInvocation="2448" maxMicrosecondsPerInvocation="33172" standardDeviationMicrosecondsPerInvocation="6318"/>
      <ClassProfile name="edu.umd.cs.findbugs.detect.NoteDirectlyRelevantTypeQualifiers" totalMilliseconds="59" invocations="26" avgMicrosecondsPerInvocation="2289" maxMicrosecondsPerInvocation="24472" standardDeviationMicrosecondsPerInvocation="4744"/>
      <ClassProfile name="edu.umd.cs.findbugs.detect.FindOpenStream" totalMilliseconds="47" invocations="1" avgMicrosecondsPerInvocation="47317" maxMicrosecondsPerInvocation="47317" standardDeviationMicrosecondsPerInvocation="0"/>
      <ClassProfile name="edu.umd.cs.findbugs.detect.BuildStringPassthruGraph" totalMilliseconds="42" invocations="26" avgMicrosecondsPerInvocation="1646" maxMicrosecondsPerInvocation="16447" standardDeviationMicrosecondsPerInvocation="3227"/>
      <ClassProfile name="edu.umd.cs.findbugs.detect.BuildObligationPolicyDatabase" totalMilliseconds="40" invocations="26" avgMicrosecondsPerInvocation="1541" maxMicrosecondsPerInvocation="6478" standardDeviationMicrosecondsPerInvocation="1635"/>
      <ClassProfile name="edu.umd.cs.findbugs.detect.MethodReturnCheck" totalMilliseconds="35" invocations="1" avgMicrosecondsPerInvocation="35129" maxMicrosecondsPerInvocation="35129" standardDeviationMicrosecondsPerInvocation="0"/>
      <ClassProfile name="edu.umd.cs.findbugs.detect.CalledMethods" totalMilliseconds="29" invocations="26" avgMicrosecondsPerInvocation="1144" maxMicrosecondsPerInvocation="4081" standardDeviationMicrosecondsPerInvocation="1345"/>
      <ClassProfile name="edu.umd.cs.findbugs.detect.CheckRelaxingNullnessAnnotation" totalMilliseconds="28" invocations="1" avgMicrosecondsPerInvocation="28622" maxMicrosecondsPerInvocation="28622" standardDeviationMicrosecondsPerInvocation="0"/>
    </FindBugsProfile>
  </FindBugsSummary>
  <ClassFeatures></ClassFeatures>
  <History></History>
</BugCollection>
