<?xml version="1.0" encoding="UTF-8"?>

<BugCollection version="4.7.3" sequence="0" timestamp="1698475243890" analysisTimestamp="1698520586801" release="">
  <Project projectName="">
    <Jar>/mnt/disk3/lty/JLeaks/data/classfile/bug-1036-2c1699504633b8414a07361977b8650e4b2404e96d17da7d0c8ed56871112c5a.class</Jar>
  </Project>
  <Errors errors="0" missingClasses="44">
    <MissingClass>com.vaadin.event.EventRouter</MissingClass>
    <MissingClass>com.vaadin.server.ConnectorResourceHandler</MissingClass>
    <MissingClass>com.vaadin.server.Constants</MissingClass>
    <MissingClass>com.vaadin.server.DefaultSystemMessagesProvider</MissingClass>
    <MissingClass>com.vaadin.server.DeploymentConfiguration</MissingClass>
    <MissingClass>com.vaadin.server.ErrorEvent</MissingClass>
    <MissingClass>com.vaadin.server.ErrorHandler</MissingClass>
    <MissingClass>com.vaadin.server.LegacyCommunicationManager</MissingClass>
    <MissingClass>com.vaadin.server.RequestHandler</MissingClass>
    <MissingClass>com.vaadin.server.ServiceDestroyEvent</MissingClass>
    <MissingClass>com.vaadin.server.ServiceException</MissingClass>
    <MissingClass>com.vaadin.server.ServletPortletHelper</MissingClass>
    <MissingClass>com.vaadin.server.SessionExpiredException</MissingClass>
    <MissingClass>com.vaadin.server.SessionExpiredHandler</MissingClass>
    <MissingClass>com.vaadin.server.SessionInitEvent</MissingClass>
    <MissingClass>com.vaadin.server.SystemMessages</MissingClass>
    <MissingClass>com.vaadin.server.SystemMessagesInfo</MissingClass>
    <MissingClass>com.vaadin.server.SystemMessagesProvider</MissingClass>
    <MissingClass>com.vaadin.server.UIProvider</MissingClass>
    <MissingClass>com.vaadin.server.UnsupportedBrowserHandler</MissingClass>
    <MissingClass>com.vaadin.server.VaadinRequest</MissingClass>
    <MissingClass>com.vaadin.server.VaadinResponse</MissingClass>
    <MissingClass>com.vaadin.server.VaadinService$1</MissingClass>
    <MissingClass>com.vaadin.server.VaadinService$2</MissingClass>
    <MissingClass>com.vaadin.server.VaadinService$3</MissingClass>
    <MissingClass>com.vaadin.server.VaadinServiceClassLoaderUtil</MissingClass>
    <MissingClass>com.vaadin.server.VaadinServletResponse</MissingClass>
    <MissingClass>com.vaadin.server.VaadinSession</MissingClass>
    <MissingClass>com.vaadin.server.VaadinSession$FutureAccess</MissingClass>
    <MissingClass>com.vaadin.server.VaadinSession$State</MissingClass>
    <MissingClass>com.vaadin.server.WebBrowser</MissingClass>
    <MissingClass>com.vaadin.server.WrappedSession</MissingClass>
    <MissingClass>com.vaadin.server.communication.AtmospherePushConnection</MissingClass>
    <MissingClass>com.vaadin.server.communication.FileUploadHandler</MissingClass>
    <MissingClass>com.vaadin.server.communication.HeartbeatHandler</MissingClass>
    <MissingClass>com.vaadin.server.communication.PublishedFileHandler</MissingClass>
    <MissingClass>com.vaadin.server.communication.SessionRequestHandler</MissingClass>
    <MissingClass>com.vaadin.server.communication.UidlRequestHandler</MissingClass>
    <MissingClass>com.vaadin.ui.UI</MissingClass>
    <MissingClass>com.vaadin.util.CurrentInstance</MissingClass>
    <MissingClass>com.vaadin.util.ReflectTools</MissingClass>
    <MissingClass>elemental.json.Json</MissingClass>
    <MissingClass>elemental.json.JsonObject</MissingClass>
    <MissingClass>elemental.json.impl.JsonUtil</MissingClass>
  </Errors>
  <FindBugsSummary timestamp="Sat, 28 Oct 2023 14:40:43 +0800" total_classes="1" referenced_classes="50" total_bugs="0" total_size="567" num_packages="1" java_version="1.8.0_382" vm_version="25.382-b05" cpu_seconds="10.33" clock_seconds="1.08" peak_mbytes="398.38" alloc_mbytes="1820.50" gc_seconds="0.04">
    <PackageStats package="com.vaadin.server" total_bugs="0" total_types="1" total_size="567">
      <ClassStats class="com.vaadin.server.VaadinService" sourceFile="VaadinService.java" interface="false" size="567" bugs="0"/>
    </PackageStats>
    <FindBugsProfile>
      <ClassProfile name="edu.umd.cs.findbugs.classfile.engine.ClassInfoAnalysisEngine" totalMilliseconds="126" invocations="580" avgMicrosecondsPerInvocation="217" maxMicrosecondsPerInvocation="17674" standardDeviationMicrosecondsPerInvocation="816"/>
      <ClassProfile name="edu.umd.cs.findbugs.detect.BuildStringPassthruGraph" totalMilliseconds="48" invocations="50" avgMicrosecondsPerInvocation="978" maxMicrosecondsPerInvocation="39423" standardDeviationMicrosecondsPerInvocation="5507"/>
      <ClassProfile name="edu.umd.cs.findbugs.detect.FieldItemSummary" totalMilliseconds="40" invocations="50" avgMicrosecondsPerInvocation="813" maxMicrosecondsPerInvocation="6216" standardDeviationMicrosecondsPerInvocation="1254"/>
      <ClassProfile name="edu.umd.cs.findbugs.classfile.engine.bcel.TypeDataflowFactory" totalMilliseconds="39" invocations="89" avgMicrosecondsPerInvocation="446" maxMicrosecondsPerInvocation="5595" standardDeviationMicrosecondsPerInvocation="712"/>
      <ClassProfile name="edu.umd.cs.findbugs.classfile.engine.bcel.IsNullValueDataflowFactory" totalMilliseconds="36" invocations="80" avgMicrosecondsPerInvocation="452" maxMicrosecondsPerInvocation="4499" standardDeviationMicrosecondsPerInvocation="595"/>
      <ClassProfile name="edu.umd.cs.findbugs.detect.FindNoSideEffectMethods" totalMilliseconds="33" invocations="50" avgMicrosecondsPerInvocation="667" maxMicrosecondsPerInvocation="5522" standardDeviationMicrosecondsPerInvocation="1041"/>
      <ClassProfile name="edu.umd.cs.findbugs.classfile.engine.bcel.ValueNumberDataflowFactory" totalMilliseconds="31" invocations="89" avgMicrosecondsPerInvocation="352" maxMicrosecondsPerInvocation="6914" standardDeviationMicrosecondsPerInvocation="748"/>
      <ClassProfile name="edu.umd.cs.findbugs.classfile.engine.bcel.CFGFactory" totalMilliseconds="28" invocations="80" avgMicrosecondsPerInvocation="350" maxMicrosecondsPerInvocation="6767" standardDeviationMicrosecondsPerInvocation="769"/>
      <ClassProfile name="edu.umd.cs.findbugs.OpcodeStack$JumpInfoFactory" totalMilliseconds="27" invocations="227" avgMicrosecondsPerInvocation="123" maxMicrosecondsPerInvocation="1616" standardDeviationMicrosecondsPerInvocation="174"/>
      <ClassProfile name="edu.umd.cs.findbugs.classfile.engine.bcel.MethodGenFactory" totalMilliseconds="25" invocations="90" avgMicrosecondsPerInvocation="286" maxMicrosecondsPerInvocation="19529" standardDeviationMicrosecondsPerInvocation="2040"/>
      <ClassProfile name="edu.umd.cs.findbugs.classfile.engine.bcel.JavaClassAnalysisEngine" totalMilliseconds="22" invocations="125" avgMicrosecondsPerInvocation="178" maxMicrosecondsPerInvocation="9015" standardDeviationMicrosecondsPerInvocation="831"/>
      <ClassProfile name="edu.umd.cs.findbugs.classfile.engine.bcel.UnconditionalValueDerefDataflowFactory" totalMilliseconds="20" invocations="80" avgMicrosecondsPerInvocation="260" maxMicrosecondsPerInvocation="1897" standardDeviationMicrosecondsPerInvocation="328"/>
      <ClassProfile name="edu.umd.cs.findbugs.ba.npe.NullDerefAndRedundantComparisonFinder" totalMilliseconds="18" invocations="80" avgMicrosecondsPerInvocation="234" maxMicrosecondsPerInvocation="1198" standardDeviationMicrosecondsPerInvocation="211"/>
      <ClassProfile name="edu.umd.cs.findbugs.detect.FindOpenStream" totalMilliseconds="16" invocations="1" avgMicrosecondsPerInvocation="16170" maxMicrosecondsPerInvocation="16170" standardDeviationMicrosecondsPerInvocation="0"/>
      <ClassProfile name="edu.umd.cs.findbugs.util.TopologicalSort" totalMilliseconds="16" invocations="489" avgMicrosecondsPerInvocation="32" maxMicrosecondsPerInvocation="1375" standardDeviationMicrosecondsPerInvocation="80"/>
      <ClassProfile name="edu.umd.cs.findbugs.detect.NoteDirectlyRelevantTypeQualifiers" totalMilliseconds="15" invocations="50" avgMicrosecondsPerInvocation="306" maxMicrosecondsPerInvocation="4554" standardDeviationMicrosecondsPerInvocation="663"/>
      <ClassProfile name="edu.umd.cs.findbugs.detect.OverridingEqualsNotSymmetrical" totalMilliseconds="13" invocations="50" avgMicrosecondsPerInvocation="265" maxMicrosecondsPerInvocation="6382" standardDeviationMicrosecondsPerInvocation="888"/>
      <ClassProfile name="edu.umd.cs.findbugs.detect.CalledMethods" totalMilliseconds="13" invocations="50" avgMicrosecondsPerInvocation="264" maxMicrosecondsPerInvocation="5284" standardDeviationMicrosecondsPerInvocation="756"/>
      <ClassProfile name="edu.umd.cs.findbugs.detect.FindRefComparison$SpecialTypeAnalysis" totalMilliseconds="13" invocations="73" avgMicrosecondsPerInvocation="178" maxMicrosecondsPerInvocation="2583" standardDeviationMicrosecondsPerInvocation="357"/>
      <ClassProfile name="edu.umd.cs.findbugs.classfile.engine.ClassDataAnalysisEngine" totalMilliseconds="13" invocations="584" avgMicrosecondsPerInvocation="22" maxMicrosecondsPerInvocation="456" standardDeviationMicrosecondsPerInvocation="29"/>
      <ClassProfile name="edu.umd.cs.findbugs.detect.FunctionsThatMightBeMistakenForProcedures" totalMilliseconds="12" invocations="50" avgMicrosecondsPerInvocation="254" maxMicrosecondsPerInvocation="2753" standardDeviationMicrosecondsPerInvocation="470"/>
      <ClassProfile name="edu.umd.cs.findbugs.detect.BuildObligationPolicyDatabase" totalMilliseconds="11" invocations="50" avgMicrosecondsPerInvocation="225" maxMicrosecondsPerInvocation="1284" standardDeviationMicrosecondsPerInvocation="300"/>
    </FindBugsProfile>
  </FindBugsSummary>
  <ClassFeatures></ClassFeatures>
  <History></History>
</BugCollection>
