<?xml version="1.0" encoding="UTF-8"?>

<BugCollection version="4.7.3" sequence="0" timestamp="1698475185624" analysisTimestamp="1698513142569" release="">
  <Project projectName="">
    <Jar>/mnt/disk3/lty/JLeaks/data/classfile/bug-636-bc6783863f4a2fee6166079cb4ace283bc4ba44b35c896bab64e3f77ca6cbeb3.class</Jar>
  </Project>
  <BugInstance type="OS_OPEN_STREAM_EXCEPTION_PATH" priority="3" rank="19" abbrev="OS" category="BAD_PRACTICE">
    <Class classname="org.jline.demo.Repl">
      <SourceLine classname="org.jline.demo.Repl" start="59" end="371" sourcefile="Repl.java" sourcepath="org/jline/demo/Repl.java"/>
    </Class>
    <Method classname="org.jline.demo.Repl" name="main" signature="([Ljava/lang/String;)V" isStatic="true">
      <SourceLine classname="org.jline.demo.Repl" start="241" end="371" startBytecode="0" endBytecode="448" sourcefile="Repl.java" sourcepath="org/jline/demo/Repl.java"/>
    </Method>
    <Type descriptor="Ljava/io/Writer;" role="TYPE_CLOSEIT">
      <SourceLine classname="java.io.Writer" start="50" end="294" sourcefile="Writer.java" sourcepath="java/io/Writer.java"/>
    </Type>
    <SourceLine classname="org.jline.demo.Repl" start="263" end="263" startBytecode="196" endBytecode="196" sourcefile="Repl.java" sourcepath="org/jline/demo/Repl.java"/>
  </BugInstance>
  <Errors errors="0" missingClasses="26">
    <MissingClass>org.jline.builtins.ConfigurationPath</MissingClass>
    <MissingClass>org.jline.builtins.Nano$SyntaxHighlighter</MissingClass>
    <MissingClass>org.jline.console.ConsoleEngine$WidgetCreator</MissingClass>
    <MissingClass>org.jline.console.impl.Builtins</MissingClass>
    <MissingClass>org.jline.console.impl.ConsoleEngineImpl</MissingClass>
    <MissingClass>org.jline.console.impl.DefaultPrinter</MissingClass>
    <MissingClass>org.jline.console.impl.SystemHighlighter</MissingClass>
    <MissingClass>org.jline.demo.Repl$MyCommands</MissingClass>
    <MissingClass>org.jline.demo.Repl$ReplSystemRegistry</MissingClass>
    <MissingClass>org.jline.keymap.KeyMap</MissingClass>
    <MissingClass>org.jline.reader.EndOfFileException</MissingClass>
    <MissingClass>org.jline.reader.LineReader</MissingClass>
    <MissingClass>org.jline.reader.LineReader$Option</MissingClass>
    <MissingClass>org.jline.reader.LineReaderBuilder</MissingClass>
    <MissingClass>org.jline.reader.Reference</MissingClass>
    <MissingClass>org.jline.reader.impl.DefaultParser</MissingClass>
    <MissingClass>org.jline.reader.impl.DefaultParser$Bracket</MissingClass>
    <MissingClass>org.jline.script.GroovyCommand</MissingClass>
    <MissingClass>org.jline.script.GroovyEngine</MissingClass>
    <MissingClass>org.jline.terminal.Size</MissingClass>
    <MissingClass>org.jline.terminal.Terminal</MissingClass>
    <MissingClass>org.jline.terminal.Terminal$Signal</MissingClass>
    <MissingClass>org.jline.terminal.TerminalBuilder</MissingClass>
    <MissingClass>org.jline.utils.OSUtils</MissingClass>
    <MissingClass>org.jline.widget.TailTipWidgets</MissingClass>
    <MissingClass>org.jline.widget.TailTipWidgets$TipType</MissingClass>
  </Errors>
  <FindBugsSummary timestamp="Sat, 28 Oct 2023 14:39:45 +0800" total_classes="1" referenced_classes="38" total_bugs="1" total_size="99" num_packages="1" java_version="1.8.0_382" vm_version="25.382-b05" cpu_seconds="9.01" clock_seconds="0.93" peak_mbytes="408.72" alloc_mbytes="1820.50" gc_seconds="0.04" priority_3="1">
    <PackageStats package="org.jline.demo" total_bugs="1" total_types="1" total_size="99" priority_3="1">
      <ClassStats class="org.jline.demo.Repl" sourceFile="Repl.java" interface="false" size="99" bugs="1" priority_3="1"/>
    </PackageStats>
    <FindBugsProfile>
      <ClassProfile name="edu.umd.cs.findbugs.classfile.engine.ClassInfoAnalysisEngine" totalMilliseconds="134" invocations="564" avgMicrosecondsPerInvocation="237" maxMicrosecondsPerInvocation="11148" standardDeviationMicrosecondsPerInvocation="634"/>
      <ClassProfile name="edu.umd.cs.findbugs.classfile.engine.bcel.JavaClassAnalysisEngine" totalMilliseconds="63" invocations="93" avgMicrosecondsPerInvocation="680" maxMicrosecondsPerInvocation="43323" standardDeviationMicrosecondsPerInvocation="4532"/>
      <ClassProfile name="edu.umd.cs.findbugs.detect.FieldItemSummary" totalMilliseconds="38" invocations="38" avgMicrosecondsPerInvocation="1007" maxMicrosecondsPerInvocation="6304" standardDeviationMicrosecondsPerInvocation="1274"/>
      <ClassProfile name="edu.umd.cs.findbugs.detect.FindNoSideEffectMethods" totalMilliseconds="34" invocations="38" avgMicrosecondsPerInvocation="904" maxMicrosecondsPerInvocation="4415" standardDeviationMicrosecondsPerInvocation="980"/>
      <ClassProfile name="edu.umd.cs.findbugs.classfile.engine.bcel.TypeDataflowFactory" totalMilliseconds="33" invocations="6" avgMicrosecondsPerInvocation="5633" maxMicrosecondsPerInvocation="17485" standardDeviationMicrosecondsPerInvocation="6365"/>
      <ClassProfile name="edu.umd.cs.findbugs.classfile.engine.bcel.ValueNumberDataflowFactory" totalMilliseconds="33" invocations="6" avgMicrosecondsPerInvocation="5549" maxMicrosecondsPerInvocation="17954" standardDeviationMicrosecondsPerInvocation="6394"/>
      <ClassProfile name="edu.umd.cs.findbugs.classfile.engine.bcel.IsNullValueDataflowFactory" totalMilliseconds="28" invocations="5" avgMicrosecondsPerInvocation="5751" maxMicrosecondsPerInvocation="22250" standardDeviationMicrosecondsPerInvocation="8489"/>
      <ClassProfile name="edu.umd.cs.findbugs.OpcodeStack$JumpInfoFactory" totalMilliseconds="28" invocations="190" avgMicrosecondsPerInvocation="148" maxMicrosecondsPerInvocation="1716" standardDeviationMicrosecondsPerInvocation="234"/>
      <ClassProfile name="edu.umd.cs.findbugs.classfile.engine.bcel.MethodGenFactory" totalMilliseconds="20" invocations="5" avgMicrosecondsPerInvocation="4195" maxMicrosecondsPerInvocation="17525" standardDeviationMicrosecondsPerInvocation="6781"/>
      <ClassProfile name="edu.umd.cs.findbugs.detect.NoteDirectlyRelevantTypeQualifiers" totalMilliseconds="17" invocations="38" avgMicrosecondsPerInvocation="452" maxMicrosecondsPerInvocation="4271" standardDeviationMicrosecondsPerInvocation="808"/>
      <ClassProfile name="edu.umd.cs.findbugs.util.TopologicalSort" totalMilliseconds="17" invocations="481" avgMicrosecondsPerInvocation="35" maxMicrosecondsPerInvocation="724" standardDeviationMicrosecondsPerInvocation="71"/>
      <ClassProfile name="edu.umd.cs.findbugs.detect.FindOpenStream" totalMilliseconds="15" invocations="1" avgMicrosecondsPerInvocation="15930" maxMicrosecondsPerInvocation="15930" standardDeviationMicrosecondsPerInvocation="0"/>
      <ClassProfile name="edu.umd.cs.findbugs.classfile.engine.bcel.CFGFactory" totalMilliseconds="15" invocations="5" avgMicrosecondsPerInvocation="3098" maxMicrosecondsPerInvocation="7680" standardDeviationMicrosecondsPerInvocation="3450"/>
      <ClassProfile name="edu.umd.cs.findbugs.classfile.engine.ClassDataAnalysisEngine" totalMilliseconds="13" invocations="568" avgMicrosecondsPerInvocation="22" maxMicrosecondsPerInvocation="435" standardDeviationMicrosecondsPerInvocation="27"/>
      <ClassProfile name="edu.umd.cs.findbugs.detect.FunctionsThatMightBeMistakenForProcedures" totalMilliseconds="12" invocations="38" avgMicrosecondsPerInvocation="339" maxMicrosecondsPerInvocation="2670" standardDeviationMicrosecondsPerInvocation="522"/>
      <ClassProfile name="edu.umd.cs.findbugs.detect.OverridingEqualsNotSymmetrical" totalMilliseconds="12" invocations="38" avgMicrosecondsPerInvocation="329" maxMicrosecondsPerInvocation="6135" standardDeviationMicrosecondsPerInvocation="988"/>
    </FindBugsProfile>
  </FindBugsSummary>
  <ClassFeatures></ClassFeatures>
  <History></History>
</BugCollection>
