<?xml version="1.0" encoding="UTF-8"?>

<BugCollection version="4.7.3" sequence="0" timestamp="1698475220719" analysisTimestamp="1698515615159" release="">
  <Project projectName="">
    <Jar>/mnt/disk3/lty/JLeaks/data/classfile/bug-883-412e6b202bf4f915e07ae4919e0e41f0230c1e5c075be8a1a2c1645f09d034d6.class</Jar>
  </Project>
  <BugInstance type="OBL_UNSATISFIED_OBLIGATION_EXCEPTION_EDGE" priority="2" rank="20" abbrev="OBL" category="EXPERIMENTAL">
    <Class classname="br.org.scadabr.vo.exporter.ZIPProjectManager">
      <SourceLine classname="br.org.scadabr.vo.exporter.ZIPProjectManager" start="42" end="376" sourcefile="ZIPProjectManager.java" sourcepath="br/org/scadabr/vo/exporter/ZIPProjectManager.java"/>
    </Class>
    <Method classname="br.org.scadabr.vo.exporter.ZIPProjectManager" name="extractImportParametersFromRequest" signature="(Ljavax/servlet/http/HttpServletRequest;)V" isStatic="false">
      <SourceLine classname="br.org.scadabr.vo.exporter.ZIPProjectManager" start="327" end="338" startBytecode="0" endBytecode="189" sourcefile="ZIPProjectManager.java" sourcepath="br/org/scadabr/vo/exporter/ZIPProjectManager.java"/>
    </Method>
    <Class classname="java.io.OutputStream" role="CLASS_REFTYPE">
      <SourceLine classname="java.io.OutputStream" start="46" end="152" sourcefile="OutputStream.java" sourcepath="java/io/OutputStream.java"/>
    </Class>
    <Int value="1" role="INT_OBLIGATIONS_REMAINING"/>
    <SourceLine classname="br.org.scadabr.vo.exporter.ZIPProjectManager" start="332" end="332" startBytecode="29" endBytecode="29" sourcefile="ZIPProjectManager.java" sourcepath="br/org/scadabr/vo/exporter/ZIPProjectManager.java" role="SOURCE_LINE_OBLIGATION_CREATED"/>
    <SourceLine classname="br.org.scadabr.vo.exporter.ZIPProjectManager" start="333" end="333" startBytecode="34" endBytecode="34" sourcefile="ZIPProjectManager.java" sourcepath="br/org/scadabr/vo/exporter/ZIPProjectManager.java" role="SOURCE_LINE_PATH_CONTINUES"/>
    <String value="{OutputStream x 1}" role="STRING_REMAINING_OBLIGATIONS"/>
  </BugInstance>
  <BugInstance type="OBL_UNSATISFIED_OBLIGATION_EXCEPTION_EDGE" priority="2" rank="20" abbrev="OBL" category="EXPERIMENTAL">
    <Class classname="br.org.scadabr.vo.exporter.ZIPProjectManager">
      <SourceLine classname="br.org.scadabr.vo.exporter.ZIPProjectManager" start="42" end="376" sourcefile="ZIPProjectManager.java" sourcepath="br/org/scadabr/vo/exporter/ZIPProjectManager.java"/>
    </Class>
    <Method classname="br.org.scadabr.vo.exporter.ZIPProjectManager" name="restoreFiles" signature="(Ljava/util/List;)V" isStatic="false">
      <SourceLine classname="br.org.scadabr.vo.exporter.ZIPProjectManager" start="165" end="207" startBytecode="0" endBytecode="665" sourcefile="ZIPProjectManager.java" sourcepath="br/org/scadabr/vo/exporter/ZIPProjectManager.java"/>
    </Method>
    <Class classname="java.io.OutputStream" role="CLASS_REFTYPE">
      <SourceLine classname="java.io.OutputStream" start="46" end="152" sourcefile="OutputStream.java" sourcepath="java/io/OutputStream.java"/>
    </Class>
    <Int value="1" role="INT_OBLIGATIONS_REMAINING"/>
    <SourceLine classname="br.org.scadabr.vo.exporter.ZIPProjectManager" start="195" end="195" startBytecode="156" endBytecode="156" sourcefile="ZIPProjectManager.java" sourcepath="br/org/scadabr/vo/exporter/ZIPProjectManager.java" role="SOURCE_LINE_OBLIGATION_CREATED"/>
    <SourceLine classname="br.org.scadabr.vo.exporter.ZIPProjectManager" start="197" end="197" startBytecode="161" endBytecode="161" sourcefile="ZIPProjectManager.java" sourcepath="br/org/scadabr/vo/exporter/ZIPProjectManager.java" role="SOURCE_LINE_PATH_CONTINUES"/>
    <SourceLine classname="br.org.scadabr.vo.exporter.ZIPProjectManager" start="204" end="204" startBytecode="206" endBytecode="206" sourcefile="ZIPProjectManager.java" sourcepath="br/org/scadabr/vo/exporter/ZIPProjectManager.java" role="SOURCE_LINE_PATH_CONTINUES"/>
    <SourceLine classname="br.org.scadabr.vo.exporter.ZIPProjectManager" start="205" end="205" startBytecode="208" endBytecode="208" sourcefile="ZIPProjectManager.java" sourcepath="br/org/scadabr/vo/exporter/ZIPProjectManager.java" role="SOURCE_LINE_PATH_CONTINUES"/>
    <String value="{OutputStream x 1}" role="STRING_REMAINING_OBLIGATIONS"/>
  </BugInstance>
  <BugInstance type="OS_OPEN_STREAM_EXCEPTION_PATH" priority="3" rank="19" abbrev="OS" category="BAD_PRACTICE">
    <Class classname="br.org.scadabr.vo.exporter.ZIPProjectManager">
      <SourceLine classname="br.org.scadabr.vo.exporter.ZIPProjectManager" start="42" end="376" sourcefile="ZIPProjectManager.java" sourcepath="br/org/scadabr/vo/exporter/ZIPProjectManager.java"/>
    </Class>
    <Method classname="br.org.scadabr.vo.exporter.ZIPProjectManager" name="extractImportParametersFromRequest" signature="(Ljavax/servlet/http/HttpServletRequest;)V" isStatic="false">
      <SourceLine classname="br.org.scadabr.vo.exporter.ZIPProjectManager" start="327" end="338" startBytecode="0" endBytecode="29" sourcefile="ZIPProjectManager.java" sourcepath="br/org/scadabr/vo/exporter/ZIPProjectManager.java"/>
    </Method>
    <Type descriptor="Ljava/io/OutputStream;" role="TYPE_CLOSEIT">
      <SourceLine classname="java.io.OutputStream" start="46" end="152" sourcefile="OutputStream.java" sourcepath="java/io/OutputStream.java"/>
    </Type>
    <SourceLine classname="br.org.scadabr.vo.exporter.ZIPProjectManager" start="332" end="332" startBytecode="23" endBytecode="23" sourcefile="ZIPProjectManager.java" sourcepath="br/org/scadabr/vo/exporter/ZIPProjectManager.java"/>
  </BugInstance>
  <BugInstance type="OS_OPEN_STREAM_EXCEPTION_PATH" priority="3" rank="19" abbrev="OS" category="BAD_PRACTICE">
    <Class classname="br.org.scadabr.vo.exporter.ZIPProjectManager">
      <SourceLine classname="br.org.scadabr.vo.exporter.ZIPProjectManager" start="42" end="376" sourcefile="ZIPProjectManager.java" sourcepath="br/org/scadabr/vo/exporter/ZIPProjectManager.java"/>
    </Class>
    <Method classname="br.org.scadabr.vo.exporter.ZIPProjectManager" name="getProjectDescription" signature="(Ljava/util/zip/ZipFile;Ljava/util/Map;)V" isStatic="false">
      <SourceLine classname="br.org.scadabr.vo.exporter.ZIPProjectManager" start="285" end="297" startBytecode="0" endBytecode="37" sourcefile="ZIPProjectManager.java" sourcepath="br/org/scadabr/vo/exporter/ZIPProjectManager.java"/>
    </Method>
    <Type descriptor="Ljava/io/InputStream;" role="TYPE_CLOSEIT">
      <SourceLine classname="java.io.InputStream" start="45" end="364" sourcefile="InputStream.java" sourcepath="java/io/InputStream.java"/>
    </Type>
    <SourceLine classname="br.org.scadabr.vo.exporter.ZIPProjectManager" start="288" end="288" startBytecode="7" endBytecode="7" sourcefile="ZIPProjectManager.java" sourcepath="br/org/scadabr/vo/exporter/ZIPProjectManager.java"/>
  </BugInstance>
  <BugInstance type="OS_OPEN_STREAM_EXCEPTION_PATH" priority="3" rank="19" abbrev="OS" category="BAD_PRACTICE">
    <Class classname="br.org.scadabr.vo.exporter.ZIPProjectManager">
      <SourceLine classname="br.org.scadabr.vo.exporter.ZIPProjectManager" start="42" end="376" sourcefile="ZIPProjectManager.java" sourcepath="br/org/scadabr/vo/exporter/ZIPProjectManager.java"/>
    </Class>
    <Method classname="br.org.scadabr.vo.exporter.ZIPProjectManager" name="restoreFiles" signature="(Ljava/util/List;)V" isStatic="false">
      <SourceLine classname="br.org.scadabr.vo.exporter.ZIPProjectManager" start="165" end="207" startBytecode="0" endBytecode="92" sourcefile="ZIPProjectManager.java" sourcepath="br/org/scadabr/vo/exporter/ZIPProjectManager.java"/>
    </Method>
    <Type descriptor="Ljava/io/OutputStream;" role="TYPE_CLOSEIT">
      <SourceLine classname="java.io.OutputStream" start="46" end="152" sourcefile="OutputStream.java" sourcepath="java/io/OutputStream.java"/>
    </Type>
    <SourceLine classname="br.org.scadabr.vo.exporter.ZIPProjectManager" start="195" end="195" startBytecode="150" endBytecode="150" sourcefile="ZIPProjectManager.java" sourcepath="br/org/scadabr/vo/exporter/ZIPProjectManager.java"/>
  </BugInstance>
  <Errors errors="0" missingClasses="17">
    <MissingClass>br.org.scadabr.vo.exporter.util.FileToPack</MissingClass>
    <MissingClass>br.org.scadabr.vo.exporter.util.FileUtil</MissingClass>
    <MissingClass>com.serotonin.mango.Common</MissingClass>
    <MissingClass>com.serotonin.mango.vo.User</MissingClass>
    <MissingClass>com.serotonin.mango.vo.permission.Permissions</MissingClass>
    <MissingClass>com.serotonin.mango.web.ContextWrapper</MissingClass>
    <MissingClass>com.serotonin.mango.web.dwr.EmportDwr</MissingClass>
    <MissingClass>javax.servlet.ServletContext</MissingClass>
    <MissingClass>javax.servlet.http.HttpServletRequest</MissingClass>
    <MissingClass>javax.servlet.http.HttpServletResponse</MissingClass>
    <MissingClass>org.apache.commons.logging.Log</MissingClass>
    <MissingClass>org.apache.commons.logging.LogFactory</MissingClass>
    <MissingClass>org.scada_lts.utils.HttpParameterUtils</MissingClass>
    <MissingClass>org.scada_lts.web.mvc.api.json.ExportConfig</MissingClass>
    <MissingClass>org.springframework.web.multipart.MultipartFile</MissingClass>
    <MissingClass>org.springframework.web.multipart.MultipartHttpServletRequest</MissingClass>
    <MissingClass>org.springframework.web.servlet.ModelAndView</MissingClass>
  </Errors>
  <FindBugsSummary timestamp="Sat, 28 Oct 2023 14:40:20 +0800" total_classes="1" referenced_classes="39" total_bugs="5" total_size="213" num_packages="1" java_version="1.8.0_382" vm_version="25.382-b05" cpu_seconds="8.91" clock_seconds="0.95" peak_mbytes="409.62" alloc_mbytes="1820.50" gc_seconds="0.04" priority_3="3" priority_2="2">
    <PackageStats package="br.org.scadabr.vo.exporter" total_bugs="5" total_types="1" total_size="213" priority_3="3" priority_2="2">
      <ClassStats class="br.org.scadabr.vo.exporter.ZIPProjectManager" sourceFile="ZIPProjectManager.java" interface="false" size="213" bugs="5" priority_3="3" priority_2="2"/>
    </PackageStats>
    <FindBugsProfile>
      <ClassProfile name="edu.umd.cs.findbugs.classfile.engine.ClassInfoAnalysisEngine" totalMilliseconds="137" invocations="514" avgMicrosecondsPerInvocation="268" maxMicrosecondsPerInvocation="16065" standardDeviationMicrosecondsPerInvocation="821"/>
      <ClassProfile name="edu.umd.cs.findbugs.detect.FieldItemSummary" totalMilliseconds="80" invocations="39" avgMicrosecondsPerInvocation="2062" maxMicrosecondsPerInvocation="42403" standardDeviationMicrosecondsPerInvocation="6655"/>
      <ClassProfile name="edu.umd.cs.findbugs.detect.FindNoSideEffectMethods" totalMilliseconds="33" invocations="39" avgMicrosecondsPerInvocation="846" maxMicrosecondsPerInvocation="2930" standardDeviationMicrosecondsPerInvocation="821"/>
      <ClassProfile name="edu.umd.cs.findbugs.OpcodeStack$JumpInfoFactory" totalMilliseconds="28" invocations="166" avgMicrosecondsPerInvocation="172" maxMicrosecondsPerInvocation="1716" standardDeviationMicrosecondsPerInvocation="227"/>
      <ClassProfile name="edu.umd.cs.findbugs.classfile.engine.bcel.IsNullValueDataflowFactory" totalMilliseconds="25" invocations="23" avgMicrosecondsPerInvocation="1108" maxMicrosecondsPerInvocation="7715" standardDeviationMicrosecondsPerInvocation="1608"/>
      <ClassProfile name="edu.umd.cs.findbugs.classfile.engine.bcel.ValueNumberDataflowFactory" totalMilliseconds="23" invocations="23" avgMicrosecondsPerInvocation="1020" maxMicrosecondsPerInvocation="6506" standardDeviationMicrosecondsPerInvocation="1438"/>
      <ClassProfile name="edu.umd.cs.findbugs.classfile.engine.bcel.TypeDataflowFactory" totalMilliseconds="23" invocations="23" avgMicrosecondsPerInvocation="1010" maxMicrosecondsPerInvocation="4817" standardDeviationMicrosecondsPerInvocation="1175"/>
      <ClassProfile name="edu.umd.cs.findbugs.classfile.engine.bcel.JavaClassAnalysisEngine" totalMilliseconds="22" invocations="85" avgMicrosecondsPerInvocation="261" maxMicrosecondsPerInvocation="8739" standardDeviationMicrosecondsPerInvocation="983"/>
      <ClassProfile name="edu.umd.cs.findbugs.classfile.engine.bcel.MethodGenFactory" totalMilliseconds="20" invocations="23" avgMicrosecondsPerInvocation="892" maxMicrosecondsPerInvocation="16710" standardDeviationMicrosecondsPerInvocation="3378"/>
      <ClassProfile name="edu.umd.cs.findbugs.detect.FindOpenStream" totalMilliseconds="17" invocations="1" avgMicrosecondsPerInvocation="17629" maxMicrosecondsPerInvocation="17629" standardDeviationMicrosecondsPerInvocation="0"/>
      <ClassProfile name="edu.umd.cs.findbugs.classfile.engine.bcel.CFGFactory" totalMilliseconds="17" invocations="23" avgMicrosecondsPerInvocation="751" maxMicrosecondsPerInvocation="7431" standardDeviationMicrosecondsPerInvocation="1489"/>
      <ClassProfile name="edu.umd.cs.findbugs.classfile.engine.bcel.UnconditionalValueDerefDataflowFactory" totalMilliseconds="17" invocations="23" avgMicrosecondsPerInvocation="741" maxMicrosecondsPerInvocation="4896" standardDeviationMicrosecondsPerInvocation="1138"/>
      <ClassProfile name="edu.umd.cs.findbugs.util.TopologicalSort" totalMilliseconds="16" invocations="456" avgMicrosecondsPerInvocation="36" maxMicrosecondsPerInvocation="809" standardDeviationMicrosecondsPerInvocation="68"/>
      <ClassProfile name="edu.umd.cs.findbugs.detect.NoteDirectlyRelevantTypeQualifiers" totalMilliseconds="15" invocations="39" avgMicrosecondsPerInvocation="408" maxMicrosecondsPerInvocation="4525" standardDeviationMicrosecondsPerInvocation="727"/>
      <ClassProfile name="edu.umd.cs.findbugs.detect.FunctionsThatMightBeMistakenForProcedures" totalMilliseconds="13" invocations="39" avgMicrosecondsPerInvocation="355" maxMicrosecondsPerInvocation="2529" standardDeviationMicrosecondsPerInvocation="508"/>
      <ClassProfile name="edu.umd.cs.findbugs.classfile.engine.ClassDataAnalysisEngine" totalMilliseconds="12" invocations="517" avgMicrosecondsPerInvocation="24" maxMicrosecondsPerInvocation="446" standardDeviationMicrosecondsPerInvocation="30"/>
      <ClassProfile name="edu.umd.cs.findbugs.detect.OverridingEqualsNotSymmetrical" totalMilliseconds="12" invocations="39" avgMicrosecondsPerInvocation="326" maxMicrosecondsPerInvocation="6292" standardDeviationMicrosecondsPerInvocation="983"/>
    </FindBugsProfile>
  </FindBugsSummary>
  <ClassFeatures></ClassFeatures>
  <History></History>
</BugCollection>
