<?xml version="1.0" encoding="UTF-8"?>

<BugCollection version="4.7.3" sequence="0" timestamp="1698475202416" analysisTimestamp="1698514901314" release="">
  <Project projectName="">
    <Jar>/mnt/disk3/lty/JLeaks/data/classfile/bug-757-9d69bfea89b190d6e15f5d3fa8f41b06f869ff5fb4daadf8ad78a4b232fff1a3.class</Jar>
  </Project>
  <Errors errors="0" missingClasses="18">
    <MissingClass>io.swagger.client.auth.OAuth$1</MissingClass>
    <MissingClass>io.swagger.client.auth.OAuth$AccessTokenListener</MissingClass>
    <MissingClass>io.swagger.client.auth.OAuthFlow</MissingClass>
    <MissingClass>io.swagger.client.auth.OAuthOkHttpClient</MissingClass>
    <MissingClass>okhttp3.HttpUrl</MissingClass>
    <MissingClass>okhttp3.Interceptor</MissingClass>
    <MissingClass>okhttp3.Interceptor$Chain</MissingClass>
    <MissingClass>okhttp3.OkHttpClient</MissingClass>
    <MissingClass>okhttp3.Request</MissingClass>
    <MissingClass>okhttp3.Request$Builder</MissingClass>
    <MissingClass>okhttp3.Response</MissingClass>
    <MissingClass>org.apache.oltu.oauth2.client.OAuthClient</MissingClass>
    <MissingClass>org.apache.oltu.oauth2.client.request.OAuthBearerClientRequest</MissingClass>
    <MissingClass>org.apache.oltu.oauth2.client.request.OAuthClientRequest</MissingClass>
    <MissingClass>org.apache.oltu.oauth2.client.request.OAuthClientRequest$AuthenticationRequestBuilder</MissingClass>
    <MissingClass>org.apache.oltu.oauth2.client.request.OAuthClientRequest$TokenRequestBuilder</MissingClass>
    <MissingClass>org.apache.oltu.oauth2.client.response.OAuthJSONAccessTokenResponse</MissingClass>
    <MissingClass>org.apache.oltu.oauth2.common.message.types.GrantType</MissingClass>
  </Errors>
  <FindBugsSummary timestamp="Sat, 28 Oct 2023 14:40:02 +0800" total_classes="1" referenced_classes="16" total_bugs="0" total_size="87" num_packages="1" java_version="1.8.0_382" vm_version="25.382-b05" cpu_seconds="5.37" clock_seconds="0.69" peak_mbytes="402.78" alloc_mbytes="1820.50" gc_seconds="0.04">
    <PackageStats package="io.swagger.client.auth" total_bugs="0" total_types="1" total_size="87">
      <ClassStats class="io.swagger.client.auth.OAuth" sourceFile="OAuth.java" interface="false" size="87" bugs="0"/>
    </PackageStats>
    <FindBugsProfile>
      <ClassProfile name="edu.umd.cs.findbugs.classfile.engine.ClassInfoAnalysisEngine" totalMilliseconds="106" invocations="357" avgMicrosecondsPerInvocation="298" maxMicrosecondsPerInvocation="10397" standardDeviationMicrosecondsPerInvocation="749"/>
      <ClassProfile name="edu.umd.cs.findbugs.detect.FindNoSideEffectMethods" totalMilliseconds="55" invocations="16" avgMicrosecondsPerInvocation="3480" maxMicrosecondsPerInvocation="44131" standardDeviationMicrosecondsPerInvocation="10549"/>
      <ClassProfile name="edu.umd.cs.findbugs.detect.FieldItemSummary" totalMilliseconds="21" invocations="16" avgMicrosecondsPerInvocation="1321" maxMicrosecondsPerInvocation="6125" standardDeviationMicrosecondsPerInvocation="1786"/>
      <ClassProfile name="edu.umd.cs.findbugs.classfile.engine.bcel.MethodGenFactory" totalMilliseconds="19" invocations="14" avgMicrosecondsPerInvocation="1404" maxMicrosecondsPerInvocation="17396" standardDeviationMicrosecondsPerInvocation="4440"/>
      <ClassProfile name="edu.umd.cs.findbugs.OpcodeStack$JumpInfoFactory" totalMilliseconds="19" invocations="76" avgMicrosecondsPerInvocation="255" maxMicrosecondsPerInvocation="2152" standardDeviationMicrosecondsPerInvocation="341"/>
      <ClassProfile name="edu.umd.cs.findbugs.classfile.engine.bcel.TypeDataflowFactory" totalMilliseconds="16" invocations="14" avgMicrosecondsPerInvocation="1181" maxMicrosecondsPerInvocation="6283" standardDeviationMicrosecondsPerInvocation="1993"/>
      <ClassProfile name="edu.umd.cs.findbugs.classfile.engine.bcel.IsNullValueDataflowFactory" totalMilliseconds="16" invocations="14" avgMicrosecondsPerInvocation="1161" maxMicrosecondsPerInvocation="7782" standardDeviationMicrosecondsPerInvocation="2097"/>
      <ClassProfile name="edu.umd.cs.findbugs.classfile.engine.bcel.JavaClassAnalysisEngine" totalMilliseconds="16" invocations="53" avgMicrosecondsPerInvocation="305" maxMicrosecondsPerInvocation="8539" standardDeviationMicrosecondsPerInvocation="1184"/>
      <ClassProfile name="edu.umd.cs.findbugs.classfile.engine.bcel.ValueNumberDataflowFactory" totalMilliseconds="14" invocations="14" avgMicrosecondsPerInvocation="1054" maxMicrosecondsPerInvocation="6944" standardDeviationMicrosecondsPerInvocation="1898"/>
      <ClassProfile name="edu.umd.cs.findbugs.util.TopologicalSort" totalMilliseconds="14" invocations="301" avgMicrosecondsPerInvocation="47" maxMicrosecondsPerInvocation="635" standardDeviationMicrosecondsPerInvocation="88"/>
      <ClassProfile name="edu.umd.cs.findbugs.classfile.engine.bcel.CFGFactory" totalMilliseconds="13" invocations="14" avgMicrosecondsPerInvocation="961" maxMicrosecondsPerInvocation="7384" standardDeviationMicrosecondsPerInvocation="1911"/>
      <ClassProfile name="edu.umd.cs.findbugs.classfile.engine.bcel.UnconditionalValueDerefDataflowFactory" totalMilliseconds="12" invocations="14" avgMicrosecondsPerInvocation="875" maxMicrosecondsPerInvocation="6286" standardDeviationMicrosecondsPerInvocation="1619"/>
    </FindBugsProfile>
  </FindBugsSummary>
  <ClassFeatures></ClassFeatures>
  <History></History>
</BugCollection>
