<?xml version="1.0" encoding="UTF-8"?>

<BugCollection version="4.7.3" sequence="0" timestamp="1698475249154" analysisTimestamp="1698520642855" release="">
  <Project projectName="">
    <Jar>/mnt/disk3/lty/JLeaks/data/classfile/bug-1070-7ba6a2c03f392ec8f14ee79f56d0fc8388d3941949a104d33826ac321ddd4ab6.class</Jar>
  </Project>
  <Errors errors="0" missingClasses="11">
    <MissingClass>io.undertow.UndertowMessages</MissingClass>
    <MissingClass>io.undertow.server.session.SessionConfig</MissingClass>
    <MissingClass>io.undertow.server.session.SessionListeners</MissingClass>
    <MissingClass>org.wildfly.clustering.ee.Batch</MissingClass>
    <MissingClass>org.wildfly.clustering.ee.Batcher</MissingClass>
    <MissingClass>org.wildfly.clustering.web.session.SessionManager</MissingClass>
    <MissingClass>org.wildfly.clustering.web.undertow.logging.UndertowClusteringLogger</MissingClass>
    <MissingClass>org.wildfly.clustering.web.undertow.session.DistributableImmutableSession</MissingClass>
    <MissingClass>org.wildfly.clustering.web.undertow.session.DistributableSession</MissingClass>
    <MissingClass>org.wildfly.clustering.web.undertow.session.RecordableSessionManagerStatistics</MissingClass>
    <MissingClass>org.wildfly.clustering.web.undertow.session.UndertowSessionManager</MissingClass>
  </Errors>
  <FindBugsSummary timestamp="Sat, 28 Oct 2023 14:40:49 +0800" total_classes="1" referenced_classes="18" total_bugs="0" total_size="103" num_packages="1" java_version="1.8.0_382" vm_version="25.382-b05" cpu_seconds="6.18" clock_seconds="0.71" peak_mbytes="384.24" alloc_mbytes="1820.50" gc_seconds="0.04">
    <PackageStats package="org.wildfly.clustering.web.undertow.session" total_bugs="0" total_types="1" total_size="103">
      <ClassStats class="org.wildfly.clustering.web.undertow.session.DistributableSessionManager" sourceFile="DistributableSessionManager.java" interface="false" size="103" bugs="0"/>
    </PackageStats>
    <FindBugsProfile>
      <ClassProfile name="edu.umd.cs.findbugs.classfile.engine.ClassInfoAnalysisEngine" totalMilliseconds="110" invocations="410" avgMicrosecondsPerInvocation="269" maxMicrosecondsPerInvocation="10009" standardDeviationMicrosecondsPerInvocation="703"/>
      <ClassProfile name="edu.umd.cs.findbugs.detect.NoteCheckReturnValueAnnotations" totalMilliseconds="41" invocations="18" avgMicrosecondsPerInvocation="2306" maxMicrosecondsPerInvocation="40995" standardDeviationMicrosecondsPerInvocation="9383"/>
      <ClassProfile name="edu.umd.cs.findbugs.detect.FieldItemSummary" totalMilliseconds="24" invocations="18" avgMicrosecondsPerInvocation="1360" maxMicrosecondsPerInvocation="6251" standardDeviationMicrosecondsPerInvocation="1740"/>
      <ClassProfile name="edu.umd.cs.findbugs.classfile.engine.bcel.MethodGenFactory" totalMilliseconds="19" invocations="19" avgMicrosecondsPerInvocation="1041" maxMicrosecondsPerInvocation="17584" standardDeviationMicrosecondsPerInvocation="3901"/>
      <ClassProfile name="edu.umd.cs.findbugs.OpcodeStack$JumpInfoFactory" totalMilliseconds="19" invocations="103" avgMicrosecondsPerInvocation="191" maxMicrosecondsPerInvocation="1544" standardDeviationMicrosecondsPerInvocation="255"/>
      <ClassProfile name="edu.umd.cs.findbugs.classfile.engine.bcel.TypeDataflowFactory" totalMilliseconds="17" invocations="22" avgMicrosecondsPerInvocation="813" maxMicrosecondsPerInvocation="5462" standardDeviationMicrosecondsPerInvocation="1217"/>
      <ClassProfile name="edu.umd.cs.findbugs.classfile.engine.bcel.ValueNumberDataflowFactory" totalMilliseconds="17" invocations="22" avgMicrosecondsPerInvocation="772" maxMicrosecondsPerInvocation="6754" standardDeviationMicrosecondsPerInvocation="1414"/>
      <ClassProfile name="edu.umd.cs.findbugs.detect.FindNoSideEffectMethods" totalMilliseconds="16" invocations="18" avgMicrosecondsPerInvocation="899" maxMicrosecondsPerInvocation="3408" standardDeviationMicrosecondsPerInvocation="1031"/>
      <ClassProfile name="edu.umd.cs.findbugs.classfile.engine.bcel.JavaClassAnalysisEngine" totalMilliseconds="15" invocations="44" avgMicrosecondsPerInvocation="345" maxMicrosecondsPerInvocation="8501" standardDeviationMicrosecondsPerInvocation="1284"/>
      <ClassProfile name="edu.umd.cs.findbugs.util.TopologicalSort" totalMilliseconds="14" invocations="361" avgMicrosecondsPerInvocation="39" maxMicrosecondsPerInvocation="657" standardDeviationMicrosecondsPerInvocation="75"/>
      <ClassProfile name="edu.umd.cs.findbugs.classfile.engine.bcel.CFGFactory" totalMilliseconds="13" invocations="19" avgMicrosecondsPerInvocation="689" maxMicrosecondsPerInvocation="7019" standardDeviationMicrosecondsPerInvocation="1567"/>
      <ClassProfile name="edu.umd.cs.findbugs.classfile.engine.bcel.IsNullValueDataflowFactory" totalMilliseconds="12" invocations="19" avgMicrosecondsPerInvocation="657" maxMicrosecondsPerInvocation="6960" standardDeviationMicrosecondsPerInvocation="1558"/>
    </FindBugsProfile>
  </FindBugsSummary>
  <ClassFeatures></ClassFeatures>
  <History></History>
</BugCollection>
