<?xml version="1.0" encoding="UTF-8"?>

<BugCollection version="4.7.3" sequence="0" timestamp="1698475146598" analysisTimestamp="1698511251294" release="">
  <Project projectName="">
    <Jar>/mnt/disk3/lty/JLeaks/data/classfile/bug-330-d8f18a4f33c0f357fe03625587a286dbd1962ad1504309e20337e137f74cae3a.class</Jar>
  </Project>
  <Errors errors="0" missingClasses="40">
    <MissingClass>github.scarsz.configuralize.DynamicConfig</MissingClass>
    <MissingClass>github.scarsz.discordsrv.Debug</MissingClass>
    <MissingClass>github.scarsz.discordsrv.DiscordSRV</MissingClass>
    <MissingClass>github.scarsz.discordsrv.objects.managers.AccountLinkManager</MissingClass>
    <MissingClass>github.scarsz.discordsrv.util.DiscordUtil</MissingClass>
    <MissingClass>github.scarsz.discordsrv.util.MessageUtil</MissingClass>
    <MissingClass>github.scarsz.discordsrv.util.PlaceholderUtil</MissingClass>
    <MissingClass>net.dv8tion.jda.api.JDA</MissingClass>
    <MissingClass>net.dv8tion.jda.api.Permission</MissingClass>
    <MissingClass>net.dv8tion.jda.api.entities.Guild</MissingClass>
    <MissingClass>net.dv8tion.jda.api.entities.Member</MissingClass>
    <MissingClass>net.dv8tion.jda.api.entities.MessageEmbed</MissingClass>
    <MissingClass>net.dv8tion.jda.api.entities.TextChannel</MissingClass>
    <MissingClass>net.dv8tion.jda.api.entities.User</MissingClass>
    <MissingClass>net.dv8tion.jda.api.entities.Webhook</MissingClass>
    <MissingClass>net.dv8tion.jda.api.interactions.components.ActionRow</MissingClass>
    <MissingClass>net.dv8tion.jda.api.requests.RestAction</MissingClass>
    <MissingClass>net.dv8tion.jda.api.requests.restaction.AuditableRestAction</MissingClass>
    <MissingClass>net.dv8tion.jda.api.requests.restaction.MessageAction</MissingClass>
    <MissingClass>net.dv8tion.jda.api.requests.restaction.WebhookAction</MissingClass>
    <MissingClass>net.dv8tion.jda.api.utils.data.DataObject</MissingClass>
    <MissingClass>net.dv8tion.jda.internal.utils.BufferedRequestBody</MissingClass>
    <MissingClass>okhttp3.Call</MissingClass>
    <MissingClass>okhttp3.MediaType</MissingClass>
    <MissingClass>okhttp3.MultipartBody</MissingClass>
    <MissingClass>okhttp3.MultipartBody$Builder</MissingClass>
    <MissingClass>okhttp3.OkHttpClient</MissingClass>
    <MissingClass>okhttp3.Request$Builder</MissingClass>
    <MissingClass>okhttp3.RequestBody</MissingClass>
    <MissingClass>okhttp3.Response</MissingClass>
    <MissingClass>okhttp3.ResponseBody</MissingClass>
    <MissingClass>okio.Okio</MissingClass>
    <MissingClass>org.apache.commons.lang3.StringUtils</MissingClass>
    <MissingClass>org.bukkit.Bukkit</MissingClass>
    <MissingClass>org.bukkit.OfflinePlayer</MissingClass>
    <MissingClass>org.bukkit.entity.Player</MissingClass>
    <MissingClass>org.bukkit.plugin.PluginDescriptionFile</MissingClass>
    <MissingClass>org.bukkit.scheduler.BukkitScheduler</MissingClass>
    <MissingClass>org.json.JSONArray</MissingClass>
    <MissingClass>org.json.JSONObject</MissingClass>
  </Errors>
  <FindBugsSummary timestamp="Sat, 28 Oct 2023 14:39:06 +0800" total_classes="1" referenced_classes="42" total_bugs="0" total_size="306" num_packages="1" java_version="1.8.0_382" vm_version="25.382-b05" cpu_seconds="10.81" clock_seconds="1.10" peak_mbytes="389.98" alloc_mbytes="1820.50" gc_seconds="0.04">
    <PackageStats package="github.scarsz.discordsrv.util" total_bugs="0" total_types="1" total_size="306">
      <ClassStats class="github.scarsz.discordsrv.util.WebhookUtil" sourceFile="WebhookUtil.java" interface="false" size="306" bugs="0"/>
    </PackageStats>
    <FindBugsProfile>
      <ClassProfile name="edu.umd.cs.findbugs.classfile.engine.ClassInfoAnalysisEngine" totalMilliseconds="146" invocations="660" avgMicrosecondsPerInvocation="222" maxMicrosecondsPerInvocation="14580" standardDeviationMicrosecondsPerInvocation="694"/>
      <ClassProfile name="edu.umd.cs.findbugs.detect.FieldItemSummary" totalMilliseconds="86" invocations="42" avgMicrosecondsPerInvocation="2060" maxMicrosecondsPerInvocation="49407" standardDeviationMicrosecondsPerInvocation="7525"/>
      <ClassProfile name="edu.umd.cs.findbugs.OpcodeStack$JumpInfoFactory" totalMilliseconds="45" invocations="232" avgMicrosecondsPerInvocation="196" maxMicrosecondsPerInvocation="2027" standardDeviationMicrosecondsPerInvocation="279"/>
      <ClassProfile name="edu.umd.cs.findbugs.classfile.engine.bcel.TypeDataflowFactory" totalMilliseconds="39" invocations="42" avgMicrosecondsPerInvocation="949" maxMicrosecondsPerInvocation="12533" standardDeviationMicrosecondsPerInvocation="2059"/>
      <ClassProfile name="edu.umd.cs.findbugs.classfile.engine.bcel.IsNullValueDataflowFactory" totalMilliseconds="39" invocations="42" avgMicrosecondsPerInvocation="946" maxMicrosecondsPerInvocation="12159" standardDeviationMicrosecondsPerInvocation="2310"/>
      <ClassProfile name="edu.umd.cs.findbugs.classfile.engine.bcel.UnconditionalValueDerefDataflowFactory" totalMilliseconds="30" invocations="42" avgMicrosecondsPerInvocation="730" maxMicrosecondsPerInvocation="9754" standardDeviationMicrosecondsPerInvocation="1773"/>
      <ClassProfile name="edu.umd.cs.findbugs.detect.FindNoSideEffectMethods" totalMilliseconds="29" invocations="42" avgMicrosecondsPerInvocation="699" maxMicrosecondsPerInvocation="2688" standardDeviationMicrosecondsPerInvocation="733"/>
      <ClassProfile name="edu.umd.cs.findbugs.classfile.engine.bcel.ValueNumberDataflowFactory" totalMilliseconds="27" invocations="43" avgMicrosecondsPerInvocation="647" maxMicrosecondsPerInvocation="7867" standardDeviationMicrosecondsPerInvocation="1500"/>
      <ClassProfile name="edu.umd.cs.findbugs.classfile.engine.bcel.JavaClassAnalysisEngine" totalMilliseconds="22" invocations="106" avgMicrosecondsPerInvocation="216" maxMicrosecondsPerInvocation="9825" standardDeviationMicrosecondsPerInvocation="975"/>
      <ClassProfile name="edu.umd.cs.findbugs.classfile.engine.bcel.CFGFactory" totalMilliseconds="22" invocations="42" avgMicrosecondsPerInvocation="540" maxMicrosecondsPerInvocation="6704" standardDeviationMicrosecondsPerInvocation="1187"/>
      <ClassProfile name="edu.umd.cs.findbugs.classfile.engine.bcel.MethodGenFactory" totalMilliseconds="22" invocations="42" avgMicrosecondsPerInvocation="528" maxMicrosecondsPerInvocation="16394" standardDeviationMicrosecondsPerInvocation="2482"/>
      <ClassProfile name="edu.umd.cs.findbugs.detect.NoteDirectlyRelevantTypeQualifiers" totalMilliseconds="19" invocations="42" avgMicrosecondsPerInvocation="456" maxMicrosecondsPerInvocation="4513" standardDeviationMicrosecondsPerInvocation="871"/>
      <ClassProfile name="edu.umd.cs.findbugs.ba.npe.NullDerefAndRedundantComparisonFinder" totalMilliseconds="19" invocations="42" avgMicrosecondsPerInvocation="454" maxMicrosecondsPerInvocation="6354" standardDeviationMicrosecondsPerInvocation="1029"/>
      <ClassProfile name="edu.umd.cs.findbugs.detect.FindOpenStream" totalMilliseconds="17" invocations="1" avgMicrosecondsPerInvocation="17371" maxMicrosecondsPerInvocation="17371" standardDeviationMicrosecondsPerInvocation="0"/>
      <ClassProfile name="edu.umd.cs.findbugs.util.TopologicalSort" totalMilliseconds="17" invocations="576" avgMicrosecondsPerInvocation="29" maxMicrosecondsPerInvocation="968" standardDeviationMicrosecondsPerInvocation="65"/>
      <ClassProfile name="edu.umd.cs.findbugs.classfile.engine.ClassDataAnalysisEngine" totalMilliseconds="15" invocations="665" avgMicrosecondsPerInvocation="23" maxMicrosecondsPerInvocation="1535" standardDeviationMicrosecondsPerInvocation="64"/>
      <ClassProfile name="edu.umd.cs.findbugs.detect.FindRefComparison$SpecialTypeAnalysis" totalMilliseconds="15" invocations="42" avgMicrosecondsPerInvocation="370" maxMicrosecondsPerInvocation="8407" standardDeviationMicrosecondsPerInvocation="1298"/>
      <ClassProfile name="edu.umd.cs.findbugs.detect.CalledMethods" totalMilliseconds="15" invocations="42" avgMicrosecondsPerInvocation="366" maxMicrosecondsPerInvocation="3697" standardDeviationMicrosecondsPerInvocation="743"/>
      <ClassProfile name="edu.umd.cs.findbugs.detect.FunctionsThatMightBeMistakenForProcedures" totalMilliseconds="13" invocations="42" avgMicrosecondsPerInvocation="326" maxMicrosecondsPerInvocation="2318" standardDeviationMicrosecondsPerInvocation="450"/>
      <ClassProfile name="edu.umd.cs.findbugs.detect.OverridingEqualsNotSymmetrical" totalMilliseconds="13" invocations="42" avgMicrosecondsPerInvocation="314" maxMicrosecondsPerInvocation="6361" standardDeviationMicrosecondsPerInvocation="967"/>
    </FindBugsProfile>
  </FindBugsSummary>
  <ClassFeatures></ClassFeatures>
  <History></History>
</BugCollection>
