<?xml version="1.0" encoding="UTF-8"?>

<BugCollection version="4.7.3" sequence="0" timestamp="1698475185048" analysisTimestamp="1698513124434" release="">
  <Project projectName="">
    <Jar>/mnt/disk3/lty/JLeaks/data/classfile/bug-632-79c9ad1fa42622f46cd7bd303bca236b16e5b3bc8c00d07c73adb24a6d74c8c6.class</Jar>
  </Project>
  <Errors errors="0" missingClasses="14">
    <MissingClass>org.jsoup.UncheckedIOException</MissingClass>
    <MissingClass>org.jsoup.helper.DataUtil$BomCharset</MissingClass>
    <MissingClass>org.jsoup.helper.Validate</MissingClass>
    <MissingClass>org.jsoup.internal.ConstrainableInputStream</MissingClass>
    <MissingClass>org.jsoup.internal.Normalizer</MissingClass>
    <MissingClass>org.jsoup.internal.StringUtil</MissingClass>
    <MissingClass>org.jsoup.nodes.Comment</MissingClass>
    <MissingClass>org.jsoup.nodes.Document</MissingClass>
    <MissingClass>org.jsoup.nodes.Document$OutputSettings</MissingClass>
    <MissingClass>org.jsoup.nodes.Element</MissingClass>
    <MissingClass>org.jsoup.nodes.Node</MissingClass>
    <MissingClass>org.jsoup.nodes.XmlDeclaration</MissingClass>
    <MissingClass>org.jsoup.parser.Parser</MissingClass>
    <MissingClass>org.jsoup.select.Elements</MissingClass>
  </Errors>
  <FindBugsSummary timestamp="Sat, 28 Oct 2023 14:39:45 +0800" total_classes="1" referenced_classes="32" total_bugs="0" total_size="144" num_packages="1" java_version="1.8.0_382" vm_version="25.382-b05" cpu_seconds="8.25" clock_seconds="0.87" peak_mbytes="397.66" alloc_mbytes="1820.50" gc_seconds="0.04">
    <PackageStats package="org.jsoup.helper" total_bugs="0" total_types="1" total_size="144">
      <ClassStats class="org.jsoup.helper.DataUtil" sourceFile="DataUtil.java" interface="false" size="144" bugs="0"/>
    </PackageStats>
    <FindBugsProfile>
      <ClassProfile name="edu.umd.cs.findbugs.classfile.engine.ClassInfoAnalysisEngine" totalMilliseconds="123" invocations="540" avgMicrosecondsPerInvocation="228" maxMicrosecondsPerInvocation="13469" standardDeviationMicrosecondsPerInvocation="713"/>
      <ClassProfile name="edu.umd.cs.findbugs.detect.BuildStringPassthruGraph" totalMilliseconds="48" invocations="32" avgMicrosecondsPerInvocation="1509" maxMicrosecondsPerInvocation="40733" standardDeviationMicrosecondsPerInvocation="7061"/>
      <ClassProfile name="edu.umd.cs.findbugs.detect.FieldItemSummary" totalMilliseconds="35" invocations="32" avgMicrosecondsPerInvocation="1098" maxMicrosecondsPerInvocation="6218" standardDeviationMicrosecondsPerInvocation="1523"/>
      <ClassProfile name="edu.umd.cs.findbugs.OpcodeStack$JumpInfoFactory" totalMilliseconds="30" invocations="158" avgMicrosecondsPerInvocation="191" maxMicrosecondsPerInvocation="1719" standardDeviationMicrosecondsPerInvocation="244"/>
      <ClassProfile name="edu.umd.cs.findbugs.detect.FindNoSideEffectMethods" totalMilliseconds="24" invocations="32" avgMicrosecondsPerInvocation="758" maxMicrosecondsPerInvocation="2884" standardDeviationMicrosecondsPerInvocation="815"/>
      <ClassProfile name="edu.umd.cs.findbugs.classfile.engine.bcel.IsNullValueDataflowFactory" totalMilliseconds="21" invocations="13" avgMicrosecondsPerInvocation="1663" maxMicrosecondsPerInvocation="9048" standardDeviationMicrosecondsPerInvocation="2846"/>
      <ClassProfile name="edu.umd.cs.findbugs.classfile.engine.bcel.MethodGenFactory" totalMilliseconds="19" invocations="13" avgMicrosecondsPerInvocation="1515" maxMicrosecondsPerInvocation="16096" standardDeviationMicrosecondsPerInvocation="4224"/>
      <ClassProfile name="edu.umd.cs.findbugs.classfile.engine.bcel.ValueNumberDataflowFactory" totalMilliseconds="19" invocations="13" avgMicrosecondsPerInvocation="1493" maxMicrosecondsPerInvocation="6310" standardDeviationMicrosecondsPerInvocation="1973"/>
      <ClassProfile name="edu.umd.cs.findbugs.classfile.engine.bcel.JavaClassAnalysisEngine" totalMilliseconds="19" invocations="85" avgMicrosecondsPerInvocation="226" maxMicrosecondsPerInvocation="8527" standardDeviationMicrosecondsPerInvocation="940"/>
      <ClassProfile name="edu.umd.cs.findbugs.classfile.engine.bcel.TypeDataflowFactory" totalMilliseconds="19" invocations="13" avgMicrosecondsPerInvocation="1468" maxMicrosecondsPerInvocation="7350" standardDeviationMicrosecondsPerInvocation="2057"/>
      <ClassProfile name="edu.umd.cs.findbugs.classfile.engine.bcel.UnconditionalValueDerefDataflowFactory" totalMilliseconds="16" invocations="13" avgMicrosecondsPerInvocation="1258" maxMicrosecondsPerInvocation="8668" standardDeviationMicrosecondsPerInvocation="2271"/>
      <ClassProfile name="edu.umd.cs.findbugs.util.TopologicalSort" totalMilliseconds="15" invocations="492" avgMicrosecondsPerInvocation="31" maxMicrosecondsPerInvocation="598" standardDeviationMicrosecondsPerInvocation="65"/>
      <ClassProfile name="edu.umd.cs.findbugs.classfile.engine.bcel.CFGFactory" totalMilliseconds="14" invocations="13" avgMicrosecondsPerInvocation="1108" maxMicrosecondsPerInvocation="6419" standardDeviationMicrosecondsPerInvocation="1712"/>
      <ClassProfile name="edu.umd.cs.findbugs.detect.NoteDirectlyRelevantTypeQualifiers" totalMilliseconds="13" invocations="32" avgMicrosecondsPerInvocation="420" maxMicrosecondsPerInvocation="4567" standardDeviationMicrosecondsPerInvocation="810"/>
      <ClassProfile name="edu.umd.cs.findbugs.classfile.engine.ClassDataAnalysisEngine" totalMilliseconds="12" invocations="546" avgMicrosecondsPerInvocation="22" maxMicrosecondsPerInvocation="636" standardDeviationMicrosecondsPerInvocation="36"/>
      <ClassProfile name="edu.umd.cs.findbugs.detect.FunctionsThatMightBeMistakenForProcedures" totalMilliseconds="11" invocations="32" avgMicrosecondsPerInvocation="366" maxMicrosecondsPerInvocation="3403" standardDeviationMicrosecondsPerInvocation="658"/>
      <ClassProfile name="edu.umd.cs.findbugs.detect.OverridingEqualsNotSymmetrical" totalMilliseconds="11" invocations="32" avgMicrosecondsPerInvocation="356" maxMicrosecondsPerInvocation="6180" standardDeviationMicrosecondsPerInvocation="1060"/>
    </FindBugsProfile>
  </FindBugsSummary>
  <ClassFeatures></ClassFeatures>
  <History></History>
</BugCollection>
