<?xml version="1.0" encoding="UTF-8"?>

<BugCollection version="4.7.3" sequence="0" timestamp="1698475176309" analysisTimestamp="1698513014724" release="">
  <Project projectName="">
    <Jar>/mnt/disk3/lty/JLeaks/data/classfile/bug-566-cbaec084a64503506a79c525900286f07470faec945b08e0a6e1115105d2e656.class</Jar>
  </Project>
  <Errors errors="0" missingClasses="2">
    <MissingClass>org.skife.jdbi.v2.exceptions.UnableToCreateStatementException</MissingClass>
    <MissingClass>org.skife.jdbi.v2.tweak.StatementLocator</MissingClass>
  </Errors>
  <FindBugsSummary timestamp="Sat, 28 Oct 2023 14:39:36 +0800" total_classes="1" referenced_classes="19" total_bugs="0" total_size="40" num_packages="1" java_version="1.8.0_382" vm_version="25.382-b05" cpu_seconds="5.84" clock_seconds="0.67" peak_mbytes="380.94" alloc_mbytes="1820.50" gc_seconds="0.04">
    <PackageStats package="org.skife.jdbi.v2" total_bugs="0" total_types="1" total_size="40">
      <ClassStats class="org.skife.jdbi.v2.ClasspathStatementLocator" sourceFile="ClasspathStatementLocator.java" interface="false" size="40" bugs="0"/>
    </PackageStats>
    <FindBugsProfile>
      <ClassProfile name="edu.umd.cs.findbugs.classfile.engine.ClassInfoAnalysisEngine" totalMilliseconds="111" invocations="366" avgMicrosecondsPerInvocation="303" maxMicrosecondsPerInvocation="9735" standardDeviationMicrosecondsPerInvocation="710"/>
      <ClassProfile name="edu.umd.cs.findbugs.detect.BuildStringPassthruGraph" totalMilliseconds="45" invocations="19" avgMicrosecondsPerInvocation="2392" maxMicrosecondsPerInvocation="38751" standardDeviationMicrosecondsPerInvocation="8581"/>
      <ClassProfile name="edu.umd.cs.findbugs.detect.FieldItemSummary" totalMilliseconds="23" invocations="19" avgMicrosecondsPerInvocation="1262" maxMicrosecondsPerInvocation="5634" standardDeviationMicrosecondsPerInvocation="1447"/>
      <ClassProfile name="edu.umd.cs.findbugs.detect.FindNoSideEffectMethods" totalMilliseconds="18" invocations="19" avgMicrosecondsPerInvocation="972" maxMicrosecondsPerInvocation="4099" standardDeviationMicrosecondsPerInvocation="1031"/>
      <ClassProfile name="edu.umd.cs.findbugs.classfile.engine.bcel.MethodGenFactory" totalMilliseconds="18" invocations="5" avgMicrosecondsPerInvocation="3602" maxMicrosecondsPerInvocation="16836" standardDeviationMicrosecondsPerInvocation="6619"/>
      <ClassProfile name="edu.umd.cs.findbugs.OpcodeStack$JumpInfoFactory" totalMilliseconds="17" invocations="84" avgMicrosecondsPerInvocation="205" maxMicrosecondsPerInvocation="1451" standardDeviationMicrosecondsPerInvocation="235"/>
      <ClassProfile name="edu.umd.cs.findbugs.classfile.engine.bcel.JavaClassAnalysisEngine" totalMilliseconds="16" invocations="42" avgMicrosecondsPerInvocation="383" maxMicrosecondsPerInvocation="8554" standardDeviationMicrosecondsPerInvocation="1316"/>
      <ClassProfile name="edu.umd.cs.findbugs.util.TopologicalSort" totalMilliseconds="14" invocations="330" avgMicrosecondsPerInvocation="44" maxMicrosecondsPerInvocation="632" standardDeviationMicrosecondsPerInvocation="80"/>
      <ClassProfile name="edu.umd.cs.findbugs.classfile.engine.bcel.ValueNumberDataflowFactory" totalMilliseconds="11" invocations="5" avgMicrosecondsPerInvocation="2355" maxMicrosecondsPerInvocation="6964" standardDeviationMicrosecondsPerInvocation="2522"/>
    </FindBugsProfile>
  </FindBugsSummary>
  <ClassFeatures></ClassFeatures>
  <History></History>
</BugCollection>
