<?xml version="1.0" encoding="UTF-8"?>

<BugCollection version="4.7.3" sequence="0" timestamp="1698475119539" analysisTimestamp="1698508566905" release="">
  <Project projectName="">
    <Jar>/mnt/disk3/lty/JLeaks/data/classfile/bug-93-ef9dbac321463ac2b169791693a680787ab223c2ca4e268c06101eb11ae8c56a.class</Jar>
  </Project>
  <Errors errors="0" missingClasses="10">
    <MissingClass>io.cloudevents.CloudEvent</MissingClass>
    <MissingClass>io.cloudevents.core.format.EventFormat</MissingClass>
    <MissingClass>io.cloudevents.core.provider.EventFormatProvider</MissingClass>
    <MissingClass>org.apache.eventmesh.common.utils.JsonUtils</MissingClass>
    <MissingClass>org.apache.eventmesh.runtime.admin.handler.AbstractHttpHandler</MissingClass>
    <MissingClass>org.apache.eventmesh.runtime.admin.response.Error</MissingClass>
    <MissingClass>org.apache.eventmesh.runtime.admin.utils.HttpExchangeUtils</MissingClass>
    <MissingClass>org.apache.eventmesh.runtime.core.plugin.MQAdminWrapper</MissingClass>
    <MissingClass>org.slf4j.Logger</MissingClass>
    <MissingClass>org.slf4j.LoggerFactory</MissingClass>
  </Errors>
  <FindBugsSummary timestamp="Sat, 28 Oct 2023 14:38:39 +0800" total_classes="1" referenced_classes="25" total_bugs="0" total_size="110" num_packages="1" java_version="1.8.0_382" vm_version="25.382-b05" cpu_seconds="47.43" clock_seconds="4.46" peak_mbytes="388.42" alloc_mbytes="1820.50" gc_seconds="0.22">
    <PackageStats package="org.apache.eventmesh.runtime.admin.handler" total_bugs="0" total_types="1" total_size="110">
      <ClassStats class="org.apache.eventmesh.runtime.admin.handler.EventHandler" sourceFile="EventHandler.java" interface="false" size="110" bugs="0"/>
    </PackageStats>
    <FindBugsProfile>
      <ClassProfile name="edu.umd.cs.findbugs.classfile.engine.ClassInfoAnalysisEngine" totalMilliseconds="557" invocations="398" avgMicrosecondsPerInvocation="1401" maxMicrosecondsPerInvocation="69279" standardDeviationMicrosecondsPerInvocation="3908"/>
      <ClassProfile name="edu.umd.cs.findbugs.detect.EqualsOperandShouldHaveClassCompatibleWithThis" totalMilliseconds="332" invocations="25" avgMicrosecondsPerInvocation="13295" maxMicrosecondsPerInvocation="311211" standardDeviationMicrosecondsPerInvocation="60819"/>
      <ClassProfile name="edu.umd.cs.findbugs.detect.FieldItemSummary" totalMilliseconds="164" invocations="25" avgMicrosecondsPerInvocation="6575" maxMicrosecondsPerInvocation="28537" standardDeviationMicrosecondsPerInvocation="7945"/>
      <ClassProfile name="edu.umd.cs.findbugs.OpcodeStack$JumpInfoFactory" totalMilliseconds="145" invocations="135" avgMicrosecondsPerInvocation="1077" maxMicrosecondsPerInvocation="9409" standardDeviationMicrosecondsPerInvocation="1335"/>
      <ClassProfile name="edu.umd.cs.findbugs.detect.FindNoSideEffectMethods" totalMilliseconds="140" invocations="25" avgMicrosecondsPerInvocation="5622" maxMicrosecondsPerInvocation="18227" standardDeviationMicrosecondsPerInvocation="5266"/>
      <ClassProfile name="edu.umd.cs.findbugs.classfile.engine.bcel.IsNullValueDataflowFactory" totalMilliseconds="123" invocations="7" avgMicrosecondsPerInvocation="17641" maxMicrosecondsPerInvocation="47225" standardDeviationMicrosecondsPerInvocation="17056"/>
      <ClassProfile name="edu.umd.cs.findbugs.classfile.engine.bcel.TypeDataflowFactory" totalMilliseconds="111" invocations="7" avgMicrosecondsPerInvocation="15918" maxMicrosecondsPerInvocation="38537" standardDeviationMicrosecondsPerInvocation="12861"/>
      <ClassProfile name="edu.umd.cs.findbugs.classfile.engine.bcel.MethodGenFactory" totalMilliseconds="92" invocations="7" avgMicrosecondsPerInvocation="13201" maxMicrosecondsPerInvocation="82143" standardDeviationMicrosecondsPerInvocation="28170"/>
      <ClassProfile name="edu.umd.cs.findbugs.classfile.engine.bcel.JavaClassAnalysisEngine" totalMilliseconds="91" invocations="61" avgMicrosecondsPerInvocation="1500" maxMicrosecondsPerInvocation="47608" standardDeviationMicrosecondsPerInvocation="6148"/>
      <ClassProfile name="edu.umd.cs.findbugs.classfile.engine.ClassDataAnalysisEngine" totalMilliseconds="90" invocations="402" avgMicrosecondsPerInvocation="224" maxMicrosecondsPerInvocation="3601" standardDeviationMicrosecondsPerInvocation="264"/>
      <ClassProfile name="edu.umd.cs.findbugs.classfile.engine.bcel.ValueNumberDataflowFactory" totalMilliseconds="84" invocations="7" avgMicrosecondsPerInvocation="12098" maxMicrosecondsPerInvocation="41679" standardDeviationMicrosecondsPerInvocation="13455"/>
      <ClassProfile name="edu.umd.cs.findbugs.classfile.engine.bcel.UnconditionalValueDerefDataflowFactory" totalMilliseconds="81" invocations="7" avgMicrosecondsPerInvocation="11635" maxMicrosecondsPerInvocation="38537" standardDeviationMicrosecondsPerInvocation="12515"/>
      <ClassProfile name="edu.umd.cs.findbugs.classfile.engine.bcel.CFGFactory" totalMilliseconds="80" invocations="7" avgMicrosecondsPerInvocation="11489" maxMicrosecondsPerInvocation="50140" standardDeviationMicrosecondsPerInvocation="16120"/>
      <ClassProfile name="edu.umd.cs.findbugs.util.TopologicalSort" totalMilliseconds="78" invocations="352" avgMicrosecondsPerInvocation="223" maxMicrosecondsPerInvocation="3014" standardDeviationMicrosecondsPerInvocation="336"/>
      <ClassProfile name="edu.umd.cs.findbugs.detect.NoteDirectlyRelevantTypeQualifiers" totalMilliseconds="63" invocations="25" avgMicrosecondsPerInvocation="2534" maxMicrosecondsPerInvocation="23904" standardDeviationMicrosecondsPerInvocation="4624"/>
      <ClassProfile name="edu.umd.cs.findbugs.detect.OverridingEqualsNotSymmetrical" totalMilliseconds="63" invocations="25" avgMicrosecondsPerInvocation="2526" maxMicrosecondsPerInvocation="30753" standardDeviationMicrosecondsPerInvocation="5907"/>
      <ClassProfile name="edu.umd.cs.findbugs.detect.FunctionsThatMightBeMistakenForProcedures" totalMilliseconds="61" invocations="25" avgMicrosecondsPerInvocation="2469" maxMicrosecondsPerInvocation="23220" standardDeviationMicrosecondsPerInvocation="4676"/>
      <ClassProfile name="edu.umd.cs.findbugs.ba.npe.NullDerefAndRedundantComparisonFinder" totalMilliseconds="59" invocations="7" avgMicrosecondsPerInvocation="8470" maxMicrosecondsPerInvocation="24245" standardDeviationMicrosecondsPerInvocation="8231"/>
      <ClassProfile name="edu.umd.cs.findbugs.detect.BuildStringPassthruGraph" totalMilliseconds="45" invocations="25" avgMicrosecondsPerInvocation="1830" maxMicrosecondsPerInvocation="14119" standardDeviationMicrosecondsPerInvocation="3045"/>
      <ClassProfile name="edu.umd.cs.findbugs.detect.FindOpenStream" totalMilliseconds="44" invocations="1" avgMicrosecondsPerInvocation="44185" maxMicrosecondsPerInvocation="44185" standardDeviationMicrosecondsPerInvocation="0"/>
    </FindBugsProfile>
  </FindBugsSummary>
  <ClassFeatures></ClassFeatures>
  <History></History>
</BugCollection>
