<?xml version="1.0" encoding="UTF-8"?>

<BugCollection version="4.7.3" sequence="0" timestamp="1698475132087" analysisTimestamp="1698509805242" release="">
  <Project projectName="">
    <Jar>/mnt/disk3/lty/JLeaks/data/classfile/bug-206-2c40ad473018a16ff3d86300b172a43073693716246584562c6c49072d2f09e6.class</Jar>
  </Project>
  <BugInstance type="OS_OPEN_STREAM_EXCEPTION_PATH" priority="3" rank="19" abbrev="OS" category="BAD_PRACTICE">
    <Class classname="org.apache.rocketmq.common.utils.ServiceProvider">
      <SourceLine classname="org.apache.rocketmq.common.utils.ServiceProvider" start="31" end="198" sourcefile="ServiceProvider.java" sourcepath="org/apache/rocketmq/common/utils/ServiceProvider.java"/>
    </Class>
    <Method classname="org.apache.rocketmq.common.utils.ServiceProvider" name="load" signature="(Ljava/lang/String;Ljava/lang/Class;)Ljava/util/List;" isStatic="true">
      <SourceLine classname="org.apache.rocketmq.common.utils.ServiceProvider" start="107" end="134" startBytecode="0" endBytecode="80" sourcefile="ServiceProvider.java" sourcepath="org/apache/rocketmq/common/utils/ServiceProvider.java"/>
    </Method>
    <Type descriptor="Ljava/io/Reader;" role="TYPE_CLOSEIT">
      <SourceLine classname="java.io.Reader" start="66" end="249" sourcefile="Reader.java" sourcepath="java/io/Reader.java"/>
    </Type>
    <SourceLine classname="org.apache.rocketmq.common.utils.ServiceProvider" start="113" end="113" startBytecode="31" endBytecode="31" sourcefile="ServiceProvider.java" sourcepath="org/apache/rocketmq/common/utils/ServiceProvider.java"/>
  </BugInstance>
  <BugInstance type="OS_OPEN_STREAM_EXCEPTION_PATH" priority="3" rank="19" abbrev="OS" category="BAD_PRACTICE">
    <Class classname="org.apache.rocketmq.common.utils.ServiceProvider">
      <SourceLine classname="org.apache.rocketmq.common.utils.ServiceProvider" start="31" end="198" sourcefile="ServiceProvider.java" sourcepath="org/apache/rocketmq/common/utils/ServiceProvider.java"/>
    </Class>
    <Method classname="org.apache.rocketmq.common.utils.ServiceProvider" name="loadClass" signature="(Ljava/lang/String;Ljava/lang/Class;)Ljava/lang/Object;" isStatic="true">
      <SourceLine classname="org.apache.rocketmq.common.utils.ServiceProvider" start="138" end="155" startBytecode="0" endBytecode="49" sourcefile="ServiceProvider.java" sourcepath="org/apache/rocketmq/common/utils/ServiceProvider.java"/>
    </Method>
    <Type descriptor="Ljava/io/Reader;" role="TYPE_CLOSEIT">
      <SourceLine classname="java.io.Reader" start="66" end="249" sourcefile="Reader.java" sourcepath="java/io/Reader.java"/>
    </Type>
    <SourceLine classname="org.apache.rocketmq.common.utils.ServiceProvider" start="142" end="142" startBytecode="12" endBytecode="12" sourcefile="ServiceProvider.java" sourcepath="org/apache/rocketmq/common/utils/ServiceProvider.java"/>
  </BugInstance>
  <Errors errors="0" missingClasses="2">
    <MissingClass>org.apache.rocketmq.logging.InternalLogger</MissingClass>
    <MissingClass>org.apache.rocketmq.logging.InternalLoggerFactory</MissingClass>
  </Errors>
  <FindBugsSummary timestamp="Sat, 28 Oct 2023 14:38:52 +0800" total_classes="1" referenced_classes="26" total_bugs="2" total_size="94" num_packages="1" java_version="1.8.0_382" vm_version="25.382-b05" cpu_seconds="7.43" clock_seconds="0.80" peak_mbytes="405.59" alloc_mbytes="1820.50" gc_seconds="0.04" priority_3="2">
    <PackageStats package="org.apache.rocketmq.common.utils" total_bugs="2" total_types="1" total_size="94" priority_3="2">
      <ClassStats class="org.apache.rocketmq.common.utils.ServiceProvider" sourceFile="ServiceProvider.java" interface="false" size="94" bugs="2" priority_3="2"/>
    </PackageStats>
    <FindBugsProfile>
      <ClassProfile name="edu.umd.cs.findbugs.classfile.engine.ClassInfoAnalysisEngine" totalMilliseconds="117" invocations="420" avgMicrosecondsPerInvocation="280" maxMicrosecondsPerInvocation="10943" standardDeviationMicrosecondsPerInvocation="712"/>
      <ClassProfile name="edu.umd.cs.findbugs.detect.FindNoSideEffectMethods" totalMilliseconds="64" invocations="26" avgMicrosecondsPerInvocation="2493" maxMicrosecondsPerInvocation="43568" standardDeviationMicrosecondsPerInvocation="8268"/>
      <ClassProfile name="edu.umd.cs.findbugs.detect.FieldItemSummary" totalMilliseconds="28" invocations="26" avgMicrosecondsPerInvocation="1078" maxMicrosecondsPerInvocation="6738" standardDeviationMicrosecondsPerInvocation="1473"/>
      <ClassProfile name="edu.umd.cs.findbugs.classfile.engine.bcel.MethodGenFactory" totalMilliseconds="20" invocations="9" avgMicrosecondsPerInvocation="2277" maxMicrosecondsPerInvocation="18083" standardDeviationMicrosecondsPerInvocation="5590"/>
      <ClassProfile name="edu.umd.cs.findbugs.OpcodeStack$JumpInfoFactory" totalMilliseconds="20" invocations="105" avgMicrosecondsPerInvocation="192" maxMicrosecondsPerInvocation="1734" standardDeviationMicrosecondsPerInvocation="253"/>
      <ClassProfile name="edu.umd.cs.findbugs.classfile.engine.bcel.TypeDataflowFactory" totalMilliseconds="19" invocations="10" avgMicrosecondsPerInvocation="1915" maxMicrosecondsPerInvocation="5020" standardDeviationMicrosecondsPerInvocation="1636"/>
      <ClassProfile name="edu.umd.cs.findbugs.classfile.engine.bcel.JavaClassAnalysisEngine" totalMilliseconds="18" invocations="54" avgMicrosecondsPerInvocation="343" maxMicrosecondsPerInvocation="9939" standardDeviationMicrosecondsPerInvocation="1351"/>
      <ClassProfile name="edu.umd.cs.findbugs.classfile.engine.bcel.ValueNumberDataflowFactory" totalMilliseconds="18" invocations="10" avgMicrosecondsPerInvocation="1827" maxMicrosecondsPerInvocation="6803" standardDeviationMicrosecondsPerInvocation="2066"/>
      <ClassProfile name="edu.umd.cs.findbugs.classfile.engine.bcel.IsNullValueDataflowFactory" totalMilliseconds="15" invocations="9" avgMicrosecondsPerInvocation="1727" maxMicrosecondsPerInvocation="5243" standardDeviationMicrosecondsPerInvocation="1639"/>
      <ClassProfile name="edu.umd.cs.findbugs.util.TopologicalSort" totalMilliseconds="15" invocations="385" avgMicrosecondsPerInvocation="39" maxMicrosecondsPerInvocation="666" standardDeviationMicrosecondsPerInvocation="74"/>
      <ClassProfile name="edu.umd.cs.findbugs.classfile.engine.bcel.CFGFactory" totalMilliseconds="13" invocations="9" avgMicrosecondsPerInvocation="1515" maxMicrosecondsPerInvocation="6921" standardDeviationMicrosecondsPerInvocation="1987"/>
      <ClassProfile name="edu.umd.cs.findbugs.detect.FindOpenStream" totalMilliseconds="12" invocations="1" avgMicrosecondsPerInvocation="12457" maxMicrosecondsPerInvocation="12457" standardDeviationMicrosecondsPerInvocation="0"/>
      <ClassProfile name="edu.umd.cs.findbugs.detect.NoteDirectlyRelevantTypeQualifiers" totalMilliseconds="12" invocations="26" avgMicrosecondsPerInvocation="464" maxMicrosecondsPerInvocation="4913" standardDeviationMicrosecondsPerInvocation="931"/>
      <ClassProfile name="edu.umd.cs.findbugs.detect.OverridingEqualsNotSymmetrical" totalMilliseconds="11" invocations="26" avgMicrosecondsPerInvocation="437" maxMicrosecondsPerInvocation="6982" standardDeviationMicrosecondsPerInvocation="1326"/>
      <ClassProfile name="edu.umd.cs.findbugs.classfile.engine.bcel.UnconditionalValueDerefDataflowFactory" totalMilliseconds="11" invocations="9" avgMicrosecondsPerInvocation="1261" maxMicrosecondsPerInvocation="3285" standardDeviationMicrosecondsPerInvocation="1101"/>
    </FindBugsProfile>
  </FindBugsSummary>
  <ClassFeatures></ClassFeatures>
  <History></History>
</BugCollection>
