<?xml version="1.0" encoding="UTF-8"?>

<BugCollection version="4.7.3" sequence="0" timestamp="1698475154274" analysisTimestamp="1698511995476" release="">
  <Project projectName="">
    <Jar>/mnt/disk3/lty/JLeaks/data/classfile/bug-393-4cb61f80ac1d6cab1f7c51f90c8c9db3d9b03b3d4543252b0e8b18000440e024.class</Jar>
  </Project>
  <Errors errors="0" missingClasses="29">
    <MissingClass>com.google.common.collect.ImmutableMap</MissingClass>
    <MissingClass>com.google.common.collect.ImmutableMap$Builder</MissingClass>
    <MissingClass>org.apache.lucene.analysis.Analyzer</MissingClass>
    <MissingClass>org.apache.lucene.analysis.TokenStream</MissingClass>
    <MissingClass>org.apache.lucene.analysis.tokenattributes.CharTermAttribute</MissingClass>
    <MissingClass>org.apache.lucene.index.Term</MissingClass>
    <MissingClass>org.apache.lucene.queryparser.classic.ExistsFieldQueryExtension</MissingClass>
    <MissingClass>org.apache.lucene.queryparser.classic.FieldQueryExtension</MissingClass>
    <MissingClass>org.apache.lucene.queryparser.classic.MissingFieldQueryExtension</MissingClass>
    <MissingClass>org.apache.lucene.queryparser.classic.ParseException</MissingClass>
    <MissingClass>org.apache.lucene.queryparser.classic.QueryParser</MissingClass>
    <MissingClass>org.apache.lucene.queryparser.classic.QueryParserSettings</MissingClass>
    <MissingClass>org.apache.lucene.queryparser.classic.Token</MissingClass>
    <MissingClass>org.apache.lucene.search.BooleanClause</MissingClass>
    <MissingClass>org.apache.lucene.search.BooleanClause$Occur</MissingClass>
    <MissingClass>org.apache.lucene.search.DisjunctionMaxQuery</MissingClass>
    <MissingClass>org.apache.lucene.search.FuzzyQuery</MissingClass>
    <MissingClass>org.apache.lucene.search.MatchNoDocsQuery</MissingClass>
    <MissingClass>org.apache.lucene.search.MultiPhraseQuery</MissingClass>
    <MissingClass>org.apache.lucene.search.PhraseQuery</MissingClass>
    <MissingClass>org.apache.lucene.search.PhraseQuery$Builder</MissingClass>
    <MissingClass>org.apache.lucene.search.Query</MissingClass>
    <MissingClass>org.elasticsearch.common.lucene.search.Queries</MissingClass>
    <MissingClass>org.elasticsearch.common.unit.Fuzziness</MissingClass>
    <MissingClass>org.elasticsearch.index.mapper.MappedFieldType</MissingClass>
    <MissingClass>org.elasticsearch.index.mapper.MappedFieldType$Names</MissingClass>
    <MissingClass>org.elasticsearch.index.mapper.core.DateFieldMapper$DateFieldType</MissingClass>
    <MissingClass>org.elasticsearch.index.query.QueryShardContext</MissingClass>
    <MissingClass>org.elasticsearch.index.query.support.QueryParsers</MissingClass>
  </Errors>
  <FindBugsSummary timestamp="Sat, 28 Oct 2023 14:39:14 +0800" total_classes="1" referenced_classes="18" total_bugs="0" total_size="507" num_packages="1" java_version="1.8.0_382" vm_version="25.382-b05" cpu_seconds="9.18" clock_seconds="1.00" peak_mbytes="389.35" alloc_mbytes="1820.50" gc_seconds="0.04">
    <PackageStats package="org.apache.lucene.queryparser.classic" total_bugs="0" total_types="1" total_size="507">
      <ClassStats class="org.apache.lucene.queryparser.classic.MapperQueryParser" sourceFile="MapperQueryParser.java" interface="false" size="507" bugs="0"/>
    </PackageStats>
    <FindBugsProfile>
      <ClassProfile name="edu.umd.cs.findbugs.classfile.engine.ClassInfoAnalysisEngine" totalMilliseconds="109" invocations="408" avgMicrosecondsPerInvocation="269" maxMicrosecondsPerInvocation="13623" standardDeviationMicrosecondsPerInvocation="812"/>
      <ClassProfile name="edu.umd.cs.findbugs.classfile.engine.bcel.IsNullValueDataflowFactory" totalMilliseconds="44" invocations="27" avgMicrosecondsPerInvocation="1643" maxMicrosecondsPerInvocation="8939" standardDeviationMicrosecondsPerInvocation="1972"/>
      <ClassProfile name="edu.umd.cs.findbugs.classfile.engine.bcel.TypeDataflowFactory" totalMilliseconds="39" invocations="28" avgMicrosecondsPerInvocation="1403" maxMicrosecondsPerInvocation="5006" standardDeviationMicrosecondsPerInvocation="1288"/>
      <ClassProfile name="edu.umd.cs.findbugs.classfile.engine.bcel.ValueNumberDataflowFactory" totalMilliseconds="37" invocations="28" avgMicrosecondsPerInvocation="1327" maxMicrosecondsPerInvocation="6750" standardDeviationMicrosecondsPerInvocation="1455"/>
      <ClassProfile name="edu.umd.cs.findbugs.classfile.engine.bcel.UnconditionalValueDerefDataflowFactory" totalMilliseconds="31" invocations="27" avgMicrosecondsPerInvocation="1148" maxMicrosecondsPerInvocation="6412" standardDeviationMicrosecondsPerInvocation="1322"/>
      <ClassProfile name="edu.umd.cs.findbugs.detect.FieldItemSummary" totalMilliseconds="26" invocations="18" avgMicrosecondsPerInvocation="1479" maxMicrosecondsPerInvocation="5591" standardDeviationMicrosecondsPerInvocation="1766"/>
      <ClassProfile name="edu.umd.cs.findbugs.classfile.engine.bcel.CFGFactory" totalMilliseconds="25" invocations="27" avgMicrosecondsPerInvocation="935" maxMicrosecondsPerInvocation="7226" standardDeviationMicrosecondsPerInvocation="1388"/>
      <ClassProfile name="edu.umd.cs.findbugs.OpcodeStack$JumpInfoFactory" totalMilliseconds="24" invocations="111" avgMicrosecondsPerInvocation="222" maxMicrosecondsPerInvocation="1068" standardDeviationMicrosecondsPerInvocation="216"/>
      <ClassProfile name="edu.umd.cs.findbugs.ba.npe.NullDerefAndRedundantComparisonFinder" totalMilliseconds="23" invocations="27" avgMicrosecondsPerInvocation="876" maxMicrosecondsPerInvocation="2274" standardDeviationMicrosecondsPerInvocation="596"/>
      <ClassProfile name="edu.umd.cs.findbugs.classfile.engine.bcel.MethodGenFactory" totalMilliseconds="23" invocations="27" avgMicrosecondsPerInvocation="864" maxMicrosecondsPerInvocation="18222" standardDeviationMicrosecondsPerInvocation="3413"/>
      <ClassProfile name="edu.umd.cs.findbugs.detect.FindOpenStream" totalMilliseconds="21" invocations="1" avgMicrosecondsPerInvocation="21162" maxMicrosecondsPerInvocation="21162" standardDeviationMicrosecondsPerInvocation="0"/>
      <ClassProfile name="edu.umd.cs.findbugs.detect.FindNoSideEffectMethods" totalMilliseconds="17" invocations="18" avgMicrosecondsPerInvocation="992" maxMicrosecondsPerInvocation="4147" standardDeviationMicrosecondsPerInvocation="1184"/>
      <ClassProfile name="edu.umd.cs.findbugs.classfile.engine.bcel.JavaClassAnalysisEngine" totalMilliseconds="15" invocations="70" avgMicrosecondsPerInvocation="227" maxMicrosecondsPerInvocation="8314" standardDeviationMicrosecondsPerInvocation="1009"/>
      <ClassProfile name="edu.umd.cs.findbugs.util.TopologicalSort" totalMilliseconds="14" invocations="338" avgMicrosecondsPerInvocation="42" maxMicrosecondsPerInvocation="859" standardDeviationMicrosecondsPerInvocation="85"/>
      <ClassProfile name="edu.umd.cs.findbugs.detect.NoteDirectlyRelevantTypeQualifiers" totalMilliseconds="12" invocations="18" avgMicrosecondsPerInvocation="714" maxMicrosecondsPerInvocation="3411" standardDeviationMicrosecondsPerInvocation="886"/>
      <ClassProfile name="edu.umd.cs.findbugs.detect.FindRefComparison$SpecialTypeAnalysis" totalMilliseconds="11" invocations="27" avgMicrosecondsPerInvocation="439" maxMicrosecondsPerInvocation="1033" standardDeviationMicrosecondsPerInvocation="345"/>
    </FindBugsProfile>
  </FindBugsSummary>
  <ClassFeatures></ClassFeatures>
  <History></History>
</BugCollection>
