<?xml version="1.0" encoding="UTF-8"?>

<BugCollection version="4.7.3" sequence="0" timestamp="1698475155630" analysisTimestamp="1698512016154" release="">
  <Project projectName="">
    <Jar>/mnt/disk3/lty/JLeaks/data/classfile/bug-404-4800287e0461045ad9fbd4619d1ae31fa77e066c3050a26f75e63b41246310a0.class</Jar>
  </Project>
  <Errors errors="0" missingClasses="12">
    <MissingClass>org.apache.lucene.analysis.Analyzer</MissingClass>
    <MissingClass>org.apache.lucene.analysis.TokenStream</MissingClass>
    <MissingClass>org.apache.lucene.analysis.tokenattributes.CharTermAttribute</MissingClass>
    <MissingClass>org.apache.lucene.index.Term</MissingClass>
    <MissingClass>org.apache.lucene.queryparser.simple.SimpleQueryParser</MissingClass>
    <MissingClass>org.apache.lucene.search.BooleanClause</MissingClass>
    <MissingClass>org.apache.lucene.search.BooleanClause$Occur</MissingClass>
    <MissingClass>org.apache.lucene.search.BooleanQuery</MissingClass>
    <MissingClass>org.apache.lucene.search.FuzzyQuery</MissingClass>
    <MissingClass>org.apache.lucene.search.PrefixQuery</MissingClass>
    <MissingClass>org.apache.lucene.search.Query</MissingClass>
    <MissingClass>org.elasticsearch.index.query.SimpleQueryParser$Settings</MissingClass>
  </Errors>
  <FindBugsSummary timestamp="Sat, 28 Oct 2023 14:39:15 +0800" total_classes="1" referenced_classes="14" total_bugs="0" total_size="90" num_packages="1" java_version="1.8.0_382" vm_version="25.382-b05" cpu_seconds="6.45" clock_seconds="0.74" peak_mbytes="395.91" alloc_mbytes="1820.50" gc_seconds="0.04">
    <PackageStats package="org.elasticsearch.index.query" total_bugs="0" total_types="1" total_size="90">
      <ClassStats class="org.elasticsearch.index.query.SimpleQueryParser" sourceFile="SimpleQueryParser.java" interface="false" size="90" bugs="0"/>
    </PackageStats>
    <FindBugsProfile>
      <ClassProfile name="edu.umd.cs.findbugs.classfile.engine.ClassInfoAnalysisEngine" totalMilliseconds="108" invocations="365" avgMicrosecondsPerInvocation="297" maxMicrosecondsPerInvocation="10412" standardDeviationMicrosecondsPerInvocation="742"/>
      <ClassProfile name="edu.umd.cs.findbugs.detect.FieldItemSummary" totalMilliseconds="60" invocations="14" avgMicrosecondsPerInvocation="4332" maxMicrosecondsPerInvocation="45825" standardDeviationMicrosecondsPerInvocation="11585"/>
      <ClassProfile name="edu.umd.cs.findbugs.OpcodeStack$JumpInfoFactory" totalMilliseconds="22" invocations="80" avgMicrosecondsPerInvocation="283" maxMicrosecondsPerInvocation="2370" standardDeviationMicrosecondsPerInvocation="365"/>
      <ClassProfile name="edu.umd.cs.findbugs.classfile.engine.bcel.IsNullValueDataflowFactory" totalMilliseconds="21" invocations="7" avgMicrosecondsPerInvocation="3041" maxMicrosecondsPerInvocation="5481" standardDeviationMicrosecondsPerInvocation="1605"/>
      <ClassProfile name="edu.umd.cs.findbugs.classfile.engine.bcel.TypeDataflowFactory" totalMilliseconds="20" invocations="7" avgMicrosecondsPerInvocation="2979" maxMicrosecondsPerInvocation="5563" standardDeviationMicrosecondsPerInvocation="1630"/>
      <ClassProfile name="edu.umd.cs.findbugs.classfile.engine.bcel.ValueNumberDataflowFactory" totalMilliseconds="19" invocations="7" avgMicrosecondsPerInvocation="2816" maxMicrosecondsPerInvocation="7159" standardDeviationMicrosecondsPerInvocation="2138"/>
      <ClassProfile name="edu.umd.cs.findbugs.ba.npe.NullDerefAndRedundantComparisonFinder" totalMilliseconds="18" invocations="7" avgMicrosecondsPerInvocation="2594" maxMicrosecondsPerInvocation="12059" standardDeviationMicrosecondsPerInvocation="3884"/>
      <ClassProfile name="edu.umd.cs.findbugs.classfile.engine.bcel.MethodGenFactory" totalMilliseconds="17" invocations="7" avgMicrosecondsPerInvocation="2501" maxMicrosecondsPerInvocation="15603" standardDeviationMicrosecondsPerInvocation="5349"/>
      <ClassProfile name="edu.umd.cs.findbugs.detect.FindNoSideEffectMethods" totalMilliseconds="15" invocations="14" avgMicrosecondsPerInvocation="1126" maxMicrosecondsPerInvocation="4182" standardDeviationMicrosecondsPerInvocation="1431"/>
      <ClassProfile name="edu.umd.cs.findbugs.classfile.engine.bcel.JavaClassAnalysisEngine" totalMilliseconds="15" invocations="48" avgMicrosecondsPerInvocation="317" maxMicrosecondsPerInvocation="8527" standardDeviationMicrosecondsPerInvocation="1236"/>
      <ClassProfile name="edu.umd.cs.findbugs.classfile.engine.bcel.UnconditionalValueDerefDataflowFactory" totalMilliseconds="15" invocations="7" avgMicrosecondsPerInvocation="2148" maxMicrosecondsPerInvocation="4196" standardDeviationMicrosecondsPerInvocation="1082"/>
      <ClassProfile name="edu.umd.cs.findbugs.util.TopologicalSort" totalMilliseconds="14" invocations="321" avgMicrosecondsPerInvocation="45" maxMicrosecondsPerInvocation="665" standardDeviationMicrosecondsPerInvocation="86"/>
      <ClassProfile name="edu.umd.cs.findbugs.classfile.engine.bcel.CFGFactory" totalMilliseconds="13" invocations="7" avgMicrosecondsPerInvocation="1872" maxMicrosecondsPerInvocation="7097" standardDeviationMicrosecondsPerInvocation="2154"/>
    </FindBugsProfile>
  </FindBugsSummary>
  <ClassFeatures></ClassFeatures>
  <History></History>
</BugCollection>
