<?xml version="1.0" encoding="UTF-8"?>

<BugCollection version="4.7.3" sequence="0" timestamp="1698475152550" analysisTimestamp="1698511950709" release="">
  <Project projectName="">
    <Jar>/mnt/disk3/lty/JLeaks/data/classfile/bug-379-5237afe0e49bf1adf46ab39c8ce26e5148bd7881a907d4e8afb59d49e60112d0.class</Jar>
  </Project>
  <BugInstance type="OBL_UNSATISFIED_OBLIGATION_EXCEPTION_EDGE" priority="2" rank="20" abbrev="OBL" category="EXPERIMENTAL">
    <Class classname="org.eclipse.jetty.jaas.spi.AbstractDatabaseLoginModule">
      <SourceLine classname="org.eclipse.jetty.jaas.spi.AbstractDatabaseLoginModule" start="44" end="143" sourcefile="AbstractDatabaseLoginModule.java" sourcepath="org/eclipse/jetty/jaas/spi/AbstractDatabaseLoginModule.java"/>
    </Class>
    <Method classname="org.eclipse.jetty.jaas.spi.AbstractDatabaseLoginModule" name="getUserInfo" signature="(Ljava/lang/String;)Lorg/eclipse/jetty/jaas/spi/UserInfo;" isStatic="false">
      <SourceLine classname="org.eclipse.jetty.jaas.spi.AbstractDatabaseLoginModule" start="76" end="115" startBytecode="0" endBytecode="439" sourcefile="AbstractDatabaseLoginModule.java" sourcepath="org/eclipse/jetty/jaas/spi/AbstractDatabaseLoginModule.java"/>
    </Method>
    <Class classname="java.sql.ResultSet" role="CLASS_REFTYPE">
      <SourceLine classname="java.sql.ResultSet" start="4188" end="4289" sourcefile="ResultSet.java" sourcepath="java/sql/ResultSet.java"/>
    </Class>
    <Int value="1" role="INT_OBLIGATIONS_REMAINING"/>
    <SourceLine classname="org.eclipse.jetty.jaas.spi.AbstractDatabaseLoginModule" start="85" end="85" startBytecode="27" endBytecode="27" sourcefile="AbstractDatabaseLoginModule.java" sourcepath="org/eclipse/jetty/jaas/spi/AbstractDatabaseLoginModule.java" role="SOURCE_LINE_OBLIGATION_CREATED"/>
    <SourceLine classname="org.eclipse.jetty.jaas.spi.AbstractDatabaseLoginModule" start="86" end="86" startBytecode="34" endBytecode="34" sourcefile="AbstractDatabaseLoginModule.java" sourcepath="org/eclipse/jetty/jaas/spi/AbstractDatabaseLoginModule.java" role="SOURCE_LINE_PATH_CONTINUES"/>
    <SourceLine classname="org.eclipse.jetty.jaas.spi.AbstractDatabaseLoginModule" start="87" end="87" startBytecode="37" endBytecode="37" sourcefile="AbstractDatabaseLoginModule.java" sourcepath="org/eclipse/jetty/jaas/spi/AbstractDatabaseLoginModule.java" role="SOURCE_LINE_PATH_CONTINUES"/>
    <SourceLine classname="org.eclipse.jetty.jaas.spi.AbstractDatabaseLoginModule" start="114" end="114" startBytecode="191" endBytecode="191" sourcefile="AbstractDatabaseLoginModule.java" sourcepath="org/eclipse/jetty/jaas/spi/AbstractDatabaseLoginModule.java" role="SOURCE_LINE_PATH_CONTINUES"/>
    <String value="{Statement x 1,ResultSet x 1}" role="STRING_REMAINING_OBLIGATIONS"/>
  </BugInstance>
  <BugInstance type="OBL_UNSATISFIED_OBLIGATION_EXCEPTION_EDGE" priority="2" rank="20" abbrev="OBL" category="EXPERIMENTAL">
    <Class classname="org.eclipse.jetty.jaas.spi.AbstractDatabaseLoginModule">
      <SourceLine classname="org.eclipse.jetty.jaas.spi.AbstractDatabaseLoginModule" start="44" end="143" sourcefile="AbstractDatabaseLoginModule.java" sourcepath="org/eclipse/jetty/jaas/spi/AbstractDatabaseLoginModule.java"/>
    </Class>
    <Method classname="org.eclipse.jetty.jaas.spi.AbstractDatabaseLoginModule" name="getUserInfo" signature="(Ljava/lang/String;)Lorg/eclipse/jetty/jaas/spi/UserInfo;" isStatic="false">
      <SourceLine classname="org.eclipse.jetty.jaas.spi.AbstractDatabaseLoginModule" start="76" end="115" startBytecode="0" endBytecode="439" sourcefile="AbstractDatabaseLoginModule.java" sourcepath="org/eclipse/jetty/jaas/spi/AbstractDatabaseLoginModule.java"/>
    </Method>
    <Class classname="java.sql.Statement" role="CLASS_REFTYPE">
      <SourceLine classname="java.sql.Statement" start="1092" end="1368" sourcefile="Statement.java" sourcepath="java/sql/Statement.java"/>
    </Class>
    <Int value="1" role="INT_OBLIGATIONS_REMAINING"/>
    <SourceLine classname="org.eclipse.jetty.jaas.spi.AbstractDatabaseLoginModule" start="83" end="83" startBytecode="12" endBytecode="12" sourcefile="AbstractDatabaseLoginModule.java" sourcepath="org/eclipse/jetty/jaas/spi/AbstractDatabaseLoginModule.java" role="SOURCE_LINE_OBLIGATION_CREATED"/>
    <SourceLine classname="org.eclipse.jetty.jaas.spi.AbstractDatabaseLoginModule" start="84" end="84" startBytecode="18" endBytecode="18" sourcefile="AbstractDatabaseLoginModule.java" sourcepath="org/eclipse/jetty/jaas/spi/AbstractDatabaseLoginModule.java" role="SOURCE_LINE_PATH_CONTINUES"/>
    <SourceLine classname="org.eclipse.jetty.jaas.spi.AbstractDatabaseLoginModule" start="85" end="85" startBytecode="26" endBytecode="26" sourcefile="AbstractDatabaseLoginModule.java" sourcepath="org/eclipse/jetty/jaas/spi/AbstractDatabaseLoginModule.java" role="SOURCE_LINE_PATH_CONTINUES"/>
    <SourceLine classname="org.eclipse.jetty.jaas.spi.AbstractDatabaseLoginModule" start="86" end="86" startBytecode="34" endBytecode="34" sourcefile="AbstractDatabaseLoginModule.java" sourcepath="org/eclipse/jetty/jaas/spi/AbstractDatabaseLoginModule.java" role="SOURCE_LINE_PATH_CONTINUES"/>
    <SourceLine classname="org.eclipse.jetty.jaas.spi.AbstractDatabaseLoginModule" start="87" end="87" startBytecode="37" endBytecode="37" sourcefile="AbstractDatabaseLoginModule.java" sourcepath="org/eclipse/jetty/jaas/spi/AbstractDatabaseLoginModule.java" role="SOURCE_LINE_PATH_CONTINUES"/>
    <SourceLine classname="org.eclipse.jetty.jaas.spi.AbstractDatabaseLoginModule" start="114" end="114" startBytecode="191" endBytecode="191" sourcefile="AbstractDatabaseLoginModule.java" sourcepath="org/eclipse/jetty/jaas/spi/AbstractDatabaseLoginModule.java" role="SOURCE_LINE_PATH_CONTINUES"/>
    <String value="{Statement x 1,ResultSet x 1}" role="STRING_REMAINING_OBLIGATIONS"/>
  </BugInstance>
  <BugInstance type="ODR_OPEN_DATABASE_RESOURCE_EXCEPTION_PATH" priority="3" rank="19" abbrev="ODR" category="BAD_PRACTICE">
    <Class classname="org.eclipse.jetty.jaas.spi.AbstractDatabaseLoginModule">
      <SourceLine classname="org.eclipse.jetty.jaas.spi.AbstractDatabaseLoginModule" start="44" end="143" sourcefile="AbstractDatabaseLoginModule.java" sourcepath="org/eclipse/jetty/jaas/spi/AbstractDatabaseLoginModule.java"/>
    </Class>
    <Method classname="org.eclipse.jetty.jaas.spi.AbstractDatabaseLoginModule" name="getUserInfo" signature="(Ljava/lang/String;)Lorg/eclipse/jetty/jaas/spi/UserInfo;" isStatic="false">
      <SourceLine classname="org.eclipse.jetty.jaas.spi.AbstractDatabaseLoginModule" start="76" end="115" startBytecode="0" endBytecode="86" sourcefile="AbstractDatabaseLoginModule.java" sourcepath="org/eclipse/jetty/jaas/spi/AbstractDatabaseLoginModule.java"/>
    </Method>
    <Type descriptor="Ljava/sql/PreparedStatement;" role="TYPE_CLOSEIT">
      <SourceLine classname="java.sql.PreparedStatement" start="1265" end="1318" sourcefile="PreparedStatement.java" sourcepath="java/sql/PreparedStatement.java"/>
    </Type>
    <SourceLine classname="org.eclipse.jetty.jaas.spi.AbstractDatabaseLoginModule" start="83" end="83" startBytecode="12" endBytecode="12" sourcefile="AbstractDatabaseLoginModule.java" sourcepath="org/eclipse/jetty/jaas/spi/AbstractDatabaseLoginModule.java"/>
    <SourceLine classname="org.eclipse.jetty.jaas.spi.AbstractDatabaseLoginModule" start="95" end="95" startBytecode="75" endBytecode="75" sourcefile="AbstractDatabaseLoginModule.java" sourcepath="org/eclipse/jetty/jaas/spi/AbstractDatabaseLoginModule.java" role="SOURCE_LINE_ANOTHER_INSTANCE"/>
  </BugInstance>
  <Errors errors="0" missingClasses="5">
    <MissingClass>org.eclipse.jetty.jaas.spi.AbstractLoginModule</MissingClass>
    <MissingClass>org.eclipse.jetty.jaas.spi.UserInfo</MissingClass>
    <MissingClass>org.eclipse.jetty.util.log.Log</MissingClass>
    <MissingClass>org.eclipse.jetty.util.log.Logger</MissingClass>
    <MissingClass>org.eclipse.jetty.util.security.Credential</MissingClass>
  </Errors>
  <FindBugsSummary timestamp="Sat, 28 Oct 2023 14:39:12 +0800" total_classes="1" referenced_classes="15" total_bugs="3" total_size="53" num_packages="1" java_version="1.8.0_382" vm_version="25.382-b05" cpu_seconds="6.02" clock_seconds="0.71" peak_mbytes="394.98" alloc_mbytes="1820.50" gc_seconds="0.04" priority_3="1" priority_2="2">
    <PackageStats package="org.eclipse.jetty.jaas.spi" total_bugs="3" total_types="1" total_size="53" priority_3="1" priority_2="2">
      <ClassStats class="org.eclipse.jetty.jaas.spi.AbstractDatabaseLoginModule" sourceFile="AbstractDatabaseLoginModule.java" interface="false" size="53" bugs="3" priority_3="1" priority_2="2"/>
    </PackageStats>
    <FindBugsProfile>
      <ClassProfile name="edu.umd.cs.findbugs.classfile.engine.ClassInfoAnalysisEngine" totalMilliseconds="114" invocations="369" avgMicrosecondsPerInvocation="309" maxMicrosecondsPerInvocation="10514" standardDeviationMicrosecondsPerInvocation="760"/>
      <ClassProfile name="edu.umd.cs.findbugs.detect.FunctionsThatMightBeMistakenForProcedures" totalMilliseconds="52" invocations="15" avgMicrosecondsPerInvocation="3476" maxMicrosecondsPerInvocation="47956" standardDeviationMicrosecondsPerInvocation="11893"/>
      <ClassProfile name="edu.umd.cs.findbugs.detect.FieldItemSummary" totalMilliseconds="19" invocations="15" avgMicrosecondsPerInvocation="1320" maxMicrosecondsPerInvocation="4283" standardDeviationMicrosecondsPerInvocation="1476"/>
      <ClassProfile name="edu.umd.cs.findbugs.classfile.engine.bcel.MethodGenFactory" totalMilliseconds="17" invocations="5" avgMicrosecondsPerInvocation="3595" maxMicrosecondsPerInvocation="16480" standardDeviationMicrosecondsPerInvocation="6450"/>
      <ClassProfile name="edu.umd.cs.findbugs.classfile.engine.bcel.JavaClassAnalysisEngine" totalMilliseconds="15" invocations="44" avgMicrosecondsPerInvocation="361" maxMicrosecondsPerInvocation="8689" standardDeviationMicrosecondsPerInvocation="1312"/>
      <ClassProfile name="edu.umd.cs.findbugs.util.TopologicalSort" totalMilliseconds="15" invocations="332" avgMicrosecondsPerInvocation="47" maxMicrosecondsPerInvocation="1056" standardDeviationMicrosecondsPerInvocation="105"/>
      <ClassProfile name="edu.umd.cs.findbugs.OpcodeStack$JumpInfoFactory" totalMilliseconds="15" invocations="74" avgMicrosecondsPerInvocation="210" maxMicrosecondsPerInvocation="1801" standardDeviationMicrosecondsPerInvocation="252"/>
      <ClassProfile name="edu.umd.cs.findbugs.classfile.engine.bcel.ValueNumberDataflowFactory" totalMilliseconds="15" invocations="4" avgMicrosecondsPerInvocation="3869" maxMicrosecondsPerInvocation="6632" standardDeviationMicrosecondsPerInvocation="2754"/>
      <ClassProfile name="edu.umd.cs.findbugs.detect.FindNoSideEffectMethods" totalMilliseconds="14" invocations="15" avgMicrosecondsPerInvocation="986" maxMicrosecondsPerInvocation="4006" standardDeviationMicrosecondsPerInvocation="1052"/>
      <ClassProfile name="edu.umd.cs.findbugs.classfile.engine.bcel.IsNullValueDataflowFactory" totalMilliseconds="14" invocations="4" avgMicrosecondsPerInvocation="3590" maxMicrosecondsPerInvocation="9735" standardDeviationMicrosecondsPerInvocation="3866"/>
      <ClassProfile name="edu.umd.cs.findbugs.classfile.engine.bcel.TypeDataflowFactory" totalMilliseconds="12" invocations="4" avgMicrosecondsPerInvocation="3153" maxMicrosecondsPerInvocation="5249" standardDeviationMicrosecondsPerInvocation="2029"/>
      <ClassProfile name="edu.umd.cs.findbugs.classfile.engine.bcel.CFGFactory" totalMilliseconds="11" invocations="4" avgMicrosecondsPerInvocation="2778" maxMicrosecondsPerInvocation="6854" standardDeviationMicrosecondsPerInvocation="2475"/>
    </FindBugsProfile>
  </FindBugsSummary>
  <ClassFeatures></ClassFeatures>
  <History></History>
</BugCollection>
