<?xml version="1.0" encoding="UTF-8"?>

<BugCollection version="4.7.3" sequence="0" timestamp="1698475219683" analysisTimestamp="1698515599745" release="">
  <Project projectName="">
    <Jar>/mnt/disk3/lty/JLeaks/data/classfile/bug-876-fc2d48b38d2d9b23e626c66f7ce3f3ab5a451596dceb162b543dfd63bbe11fe3.class</Jar>
  </Project>
  <Errors errors="0" missingClasses="9">
    <MissingClass>jakarta.json.bind.Jsonb</MissingClass>
    <MissingClass>jakarta.ws.rs.ProcessingException</MissingClass>
    <MissingClass>org.jboss.resteasy.core.ResteasyContext</MissingClass>
    <MissingClass>org.jboss.resteasy.plugins.providers.jsonb.AbstractJsonBindingProvider</MissingClass>
    <MissingClass>org.jboss.resteasy.plugins.providers.jsonb.JsonBindingProvider$1</MissingClass>
    <MissingClass>org.jboss.resteasy.plugins.providers.jsonb.JsonBindingProvider$EmptyCheckInputStream</MissingClass>
    <MissingClass>org.jboss.resteasy.plugins.providers.jsonb.i18n.Messages</MissingClass>
    <MissingClass>org.jboss.resteasy.spi.AsyncOutputStream</MissingClass>
    <MissingClass>org.jboss.resteasy.spi.ResteasyConfiguration</MissingClass>
  </Errors>
  <FindBugsSummary timestamp="Sat, 28 Oct 2023 14:40:19 +0800" total_classes="1" referenced_classes="14" total_bugs="0" total_size="44" num_packages="1" java_version="1.8.0_382" vm_version="25.382-b05" cpu_seconds="5.55" clock_seconds="0.67" peak_mbytes="393.15" alloc_mbytes="1820.50" gc_seconds="0.04">
    <PackageStats package="org.jboss.resteasy.plugins.providers.jsonb" total_bugs="0" total_types="1" total_size="44">
      <ClassStats class="org.jboss.resteasy.plugins.providers.jsonb.JsonBindingProvider" sourceFile="JsonBindingProvider.java" interface="false" size="44" bugs="0"/>
    </PackageStats>
    <FindBugsProfile>
      <ClassProfile name="edu.umd.cs.findbugs.classfile.engine.ClassInfoAnalysisEngine" totalMilliseconds="108" invocations="393" avgMicrosecondsPerInvocation="276" maxMicrosecondsPerInvocation="11165" standardDeviationMicrosecondsPerInvocation="780"/>
      <ClassProfile name="edu.umd.cs.findbugs.OpcodeStack$JumpInfoFactory" totalMilliseconds="58" invocations="75" avgMicrosecondsPerInvocation="784" maxMicrosecondsPerInvocation="37978" standardDeviationMicrosecondsPerInvocation="4333"/>
      <ClassProfile name="edu.umd.cs.findbugs.detect.FieldItemSummary" totalMilliseconds="23" invocations="14" avgMicrosecondsPerInvocation="1703" maxMicrosecondsPerInvocation="6448" standardDeviationMicrosecondsPerInvocation="2194"/>
      <ClassProfile name="edu.umd.cs.findbugs.detect.FindNoSideEffectMethods" totalMilliseconds="20" invocations="14" avgMicrosecondsPerInvocation="1431" maxMicrosecondsPerInvocation="5718" standardDeviationMicrosecondsPerInvocation="1733"/>
      <ClassProfile name="edu.umd.cs.findbugs.classfile.engine.bcel.MethodGenFactory" totalMilliseconds="19" invocations="7" avgMicrosecondsPerInvocation="2804" maxMicrosecondsPerInvocation="18304" standardDeviationMicrosecondsPerInvocation="6328"/>
      <ClassProfile name="edu.umd.cs.findbugs.classfile.engine.bcel.JavaClassAnalysisEngine" totalMilliseconds="15" invocations="46" avgMicrosecondsPerInvocation="336" maxMicrosecondsPerInvocation="8508" standardDeviationMicrosecondsPerInvocation="1262"/>
      <ClassProfile name="edu.umd.cs.findbugs.util.TopologicalSort" totalMilliseconds="14" invocations="342" avgMicrosecondsPerInvocation="41" maxMicrosecondsPerInvocation="949" standardDeviationMicrosecondsPerInvocation="82"/>
      <ClassProfile name="edu.umd.cs.findbugs.classfile.engine.bcel.TypeDataflowFactory" totalMilliseconds="11" invocations="7" avgMicrosecondsPerInvocation="1598" maxMicrosecondsPerInvocation="5416" standardDeviationMicrosecondsPerInvocation="1643"/>
      <ClassProfile name="edu.umd.cs.findbugs.detect.FunctionsThatMightBeMistakenForProcedures" totalMilliseconds="11" invocations="14" avgMicrosecondsPerInvocation="797" maxMicrosecondsPerInvocation="6289" standardDeviationMicrosecondsPerInvocation="1597"/>
      <ClassProfile name="edu.umd.cs.findbugs.classfile.engine.bcel.IsNullValueDataflowFactory" totalMilliseconds="11" invocations="7" avgMicrosecondsPerInvocation="1594" maxMicrosecondsPerInvocation="6362" standardDeviationMicrosecondsPerInvocation="2033"/>
    </FindBugsProfile>
  </FindBugsSummary>
  <ClassFeatures></ClassFeatures>
  <History></History>
</BugCollection>
