<?xml version="1.0" encoding="UTF-8"?>

<BugCollection version="4.7.3" sequence="0" timestamp="1698475222791" analysisTimestamp="1698515808881" release="">
  <Project projectName="">
    <Jar>/mnt/disk3/lty/JLeaks/data/classfile/bug-897-1461a8dbd876454ca9ddc541d498f322ac6122ba5b8f715c3dd1c0344bcbdbba.class</Jar>
  </Project>
  <Errors errors="0" missingClasses="37">
    <MissingClass>com.sun.jna.Memory</MissingClass>
    <MissingClass>com.sun.jna.ptr.IntByReference</MissingClass>
    <MissingClass>com.sun.jna.ptr.LongByReference</MissingClass>
    <MissingClass>com.sun.jna.ptr.PointerByReference</MissingClass>
    <MissingClass>iped.data.IItemReader</MissingClass>
    <MissingClass>iped.parsers.browsers.edge.EsedbLibrary</MissingClass>
    <MissingClass>iped.parsers.database.EDBParser</MissingClass>
    <MissingClass>iped.parsers.mail.OutlookPSTParser</MissingClass>
    <MissingClass>iped.parsers.mail.win10.Win10MailException</MissingClass>
    <MissingClass>iped.parsers.mail.win10.entries.AbstractEntry</MissingClass>
    <MissingClass>iped.parsers.mail.win10.entries.AttachmentEntry</MissingClass>
    <MissingClass>iped.parsers.mail.win10.entries.MessageEntry</MissingClass>
    <MissingClass>iped.parsers.mail.win10.entries.RecipientTable</MissingClass>
    <MissingClass>iped.parsers.mail.win10.tables.AbstractTable</MissingClass>
    <MissingClass>iped.parsers.mail.win10.tables.AttachmentTable</MissingClass>
    <MissingClass>iped.parsers.mail.win10.tables.MessageTable</MissingClass>
    <MissingClass>iped.parsers.util.EsedbManager</MissingClass>
    <MissingClass>iped.parsers.util.ItemInfo</MissingClass>
    <MissingClass>iped.parsers.util.Messages</MissingClass>
    <MissingClass>iped.parsers.util.Util</MissingClass>
    <MissingClass>iped.search.IItemSearcher</MissingClass>
    <MissingClass>iped.utils.SimpleHTMLEncoder</MissingClass>
    <MissingClass>org.apache.commons.io.IOUtils</MissingClass>
    <MissingClass>org.apache.commons.io.input.ReaderInputStream</MissingClass>
    <MissingClass>org.apache.tika.exception.TikaException</MissingClass>
    <MissingClass>org.apache.tika.extractor.EmbeddedDocumentExtractor</MissingClass>
    <MissingClass>org.apache.tika.extractor.ParsingEmbeddedDocumentExtractor</MissingClass>
    <MissingClass>org.apache.tika.io.TemporaryResources</MissingClass>
    <MissingClass>org.apache.tika.io.TikaInputStream</MissingClass>
    <MissingClass>org.apache.tika.metadata.Metadata</MissingClass>
    <MissingClass>org.apache.tika.mime.MediaType</MissingClass>
    <MissingClass>org.apache.tika.parser.AbstractParser</MissingClass>
    <MissingClass>org.apache.tika.parser.ParseContext</MissingClass>
    <MissingClass>org.apache.tika.sax.ToXMLContentHandler</MissingClass>
    <MissingClass>org.apache.tika.sax.XHTMLContentHandler</MissingClass>
    <MissingClass>org.slf4j.Logger</MissingClass>
    <MissingClass>org.slf4j.LoggerFactory</MissingClass>
  </Errors>
  <FindBugsSummary timestamp="Sat, 28 Oct 2023 14:40:22 +0800" total_classes="1" referenced_classes="36" total_bugs="0" total_size="232" num_packages="1" java_version="1.8.0_382" vm_version="25.382-b05" cpu_seconds="10.73" clock_seconds="1.08" peak_mbytes="401.01" alloc_mbytes="1820.50" gc_seconds="0.04">
    <PackageStats package="iped.parsers.mail.win10" total_bugs="0" total_types="1" total_size="232">
      <ClassStats class="iped.parsers.mail.win10.Win10MailParser" sourceFile="Win10MailParser.java" interface="false" size="232" bugs="0"/>
    </PackageStats>
    <FindBugsProfile>
      <ClassProfile name="edu.umd.cs.findbugs.classfile.engine.ClassInfoAnalysisEngine" totalMilliseconds="144" invocations="555" avgMicrosecondsPerInvocation="259" maxMicrosecondsPerInvocation="14393" standardDeviationMicrosecondsPerInvocation="754"/>
      <ClassProfile name="edu.umd.cs.findbugs.detect.FieldItemSummary" totalMilliseconds="42" invocations="36" avgMicrosecondsPerInvocation="1167" maxMicrosecondsPerInvocation="6560" standardDeviationMicrosecondsPerInvocation="1397"/>
      <ClassProfile name="edu.umd.cs.findbugs.detect.FindBugsSummaryStats" totalMilliseconds="40" invocations="36" avgMicrosecondsPerInvocation="1136" maxMicrosecondsPerInvocation="40753" standardDeviationMicrosecondsPerInvocation="6696"/>
      <ClassProfile name="edu.umd.cs.findbugs.classfile.engine.bcel.IsNullValueDataflowFactory" totalMilliseconds="38" invocations="11" avgMicrosecondsPerInvocation="3464" maxMicrosecondsPerInvocation="11710" standardDeviationMicrosecondsPerInvocation="4110"/>
      <ClassProfile name="edu.umd.cs.findbugs.classfile.engine.bcel.ValueNumberDataflowFactory" totalMilliseconds="35" invocations="11" avgMicrosecondsPerInvocation="3227" maxMicrosecondsPerInvocation="13459" standardDeviationMicrosecondsPerInvocation="4439"/>
      <ClassProfile name="edu.umd.cs.findbugs.OpcodeStack$JumpInfoFactory" totalMilliseconds="34" invocations="151" avgMicrosecondsPerInvocation="226" maxMicrosecondsPerInvocation="3522" standardDeviationMicrosecondsPerInvocation="375"/>
      <ClassProfile name="edu.umd.cs.findbugs.detect.FindNoSideEffectMethods" totalMilliseconds="31" invocations="36" avgMicrosecondsPerInvocation="879" maxMicrosecondsPerInvocation="3829" standardDeviationMicrosecondsPerInvocation="932"/>
      <ClassProfile name="edu.umd.cs.findbugs.classfile.engine.bcel.TypeDataflowFactory" totalMilliseconds="30" invocations="11" avgMicrosecondsPerInvocation="2815" maxMicrosecondsPerInvocation="10301" standardDeviationMicrosecondsPerInvocation="3448"/>
      <ClassProfile name="edu.umd.cs.findbugs.classfile.engine.bcel.UnconditionalValueDerefDataflowFactory" totalMilliseconds="24" invocations="11" avgMicrosecondsPerInvocation="2237" maxMicrosecondsPerInvocation="8424" standardDeviationMicrosecondsPerInvocation="2862"/>
      <ClassProfile name="edu.umd.cs.findbugs.classfile.engine.bcel.MethodGenFactory" totalMilliseconds="22" invocations="11" avgMicrosecondsPerInvocation="2025" maxMicrosecondsPerInvocation="17910" standardDeviationMicrosecondsPerInvocation="5055"/>
      <ClassProfile name="edu.umd.cs.findbugs.ba.npe.NullDerefAndRedundantComparisonFinder" totalMilliseconds="21" invocations="11" avgMicrosecondsPerInvocation="1990" maxMicrosecondsPerInvocation="11780" standardDeviationMicrosecondsPerInvocation="3395"/>
      <ClassProfile name="edu.umd.cs.findbugs.classfile.engine.bcel.JavaClassAnalysisEngine" totalMilliseconds="20" invocations="101" avgMicrosecondsPerInvocation="201" maxMicrosecondsPerInvocation="8633" standardDeviationMicrosecondsPerInvocation="882"/>
      <ClassProfile name="edu.umd.cs.findbugs.detect.NoteDirectlyRelevantTypeQualifiers" totalMilliseconds="17" invocations="36" avgMicrosecondsPerInvocation="493" maxMicrosecondsPerInvocation="4638" standardDeviationMicrosecondsPerInvocation="809"/>
      <ClassProfile name="edu.umd.cs.findbugs.classfile.engine.bcel.CFGFactory" totalMilliseconds="17" invocations="11" avgMicrosecondsPerInvocation="1553" maxMicrosecondsPerInvocation="7127" standardDeviationMicrosecondsPerInvocation="2064"/>
      <ClassProfile name="edu.umd.cs.findbugs.util.TopologicalSort" totalMilliseconds="16" invocations="474" avgMicrosecondsPerInvocation="35" maxMicrosecondsPerInvocation="821" standardDeviationMicrosecondsPerInvocation="73"/>
      <ClassProfile name="edu.umd.cs.findbugs.detect.CalledMethods" totalMilliseconds="15" invocations="36" avgMicrosecondsPerInvocation="423" maxMicrosecondsPerInvocation="3987" standardDeviationMicrosecondsPerInvocation="737"/>
      <ClassProfile name="edu.umd.cs.findbugs.detect.FindRefComparison$SpecialTypeAnalysis" totalMilliseconds="13" invocations="9" avgMicrosecondsPerInvocation="1503" maxMicrosecondsPerInvocation="8292" standardDeviationMicrosecondsPerInvocation="2523"/>
      <ClassProfile name="edu.umd.cs.findbugs.detect.UnreadFields" totalMilliseconds="12" invocations="1" avgMicrosecondsPerInvocation="12544" maxMicrosecondsPerInvocation="12544" standardDeviationMicrosecondsPerInvocation="0"/>
      <ClassProfile name="edu.umd.cs.findbugs.detect.FindOpenStream" totalMilliseconds="12" invocations="1" avgMicrosecondsPerInvocation="12521" maxMicrosecondsPerInvocation="12521" standardDeviationMicrosecondsPerInvocation="0"/>
      <ClassProfile name="edu.umd.cs.findbugs.classfile.engine.ClassDataAnalysisEngine" totalMilliseconds="12" invocations="559" avgMicrosecondsPerInvocation="22" maxMicrosecondsPerInvocation="431" standardDeviationMicrosecondsPerInvocation="27"/>
      <ClassProfile name="edu.umd.cs.findbugs.detect.StreamResourceTracker" totalMilliseconds="12" invocations="7" avgMicrosecondsPerInvocation="1768" maxMicrosecondsPerInvocation="2892" standardDeviationMicrosecondsPerInvocation="696"/>
      <ClassProfile name="edu.umd.cs.findbugs.detect.FunctionsThatMightBeMistakenForProcedures" totalMilliseconds="12" invocations="36" avgMicrosecondsPerInvocation="339" maxMicrosecondsPerInvocation="2584" standardDeviationMicrosecondsPerInvocation="536"/>
      <ClassProfile name="edu.umd.cs.findbugs.detect.OverridingEqualsNotSymmetrical" totalMilliseconds="12" invocations="36" avgMicrosecondsPerInvocation="335" maxMicrosecondsPerInvocation="6263" standardDeviationMicrosecondsPerInvocation="1014"/>
    </FindBugsProfile>
  </FindBugsSummary>
  <ClassFeatures></ClassFeatures>
  <History></History>
</BugCollection>
