<?xml version="1.0" encoding="UTF-8"?>

<BugCollection version="4.7.3" sequence="0" timestamp="1698475186744" analysisTimestamp="1698513181685" release="">
  <Project projectName="">
    <Jar>/mnt/disk3/lty/JLeaks/data/classfile/bug-644-ff3f40feb68e68764bba129640892f0cff79cbecd4bb1b9ca59f5ea273ece4f0.class</Jar>
  </Project>
  <BugInstance type="OBL_UNSATISFIED_OBLIGATION_EXCEPTION_EDGE" priority="2" rank="20" abbrev="OBL" category="EXPERIMENTAL">
    <Class classname="org.keycloak.adapters.installed.KcinitDriver">
      <SourceLine classname="org.keycloak.adapters.installed.KcinitDriver" start="72" end="693" sourcefile="KcinitDriver.java" sourcepath="org/keycloak/adapters/installed/KcinitDriver.java"/>
    </Class>
    <Method classname="org.keycloak.adapters.installed.KcinitDriver" name="readFileRaw" signature="(Ljava/io/File;)[B" isStatic="false">
      <SourceLine classname="org.keycloak.adapters.installed.KcinitDriver" start="288" end="293" startBytecode="0" endBytecode="138" sourcefile="KcinitDriver.java" sourcepath="org/keycloak/adapters/installed/KcinitDriver.java"/>
    </Method>
    <Class classname="java.io.InputStream" role="CLASS_REFTYPE">
      <SourceLine classname="java.io.InputStream" start="45" end="364" sourcefile="InputStream.java" sourcepath="java/io/InputStream.java"/>
    </Class>
    <Int value="1" role="INT_OBLIGATIONS_REMAINING"/>
    <SourceLine classname="org.keycloak.adapters.installed.KcinitDriver" start="289" end="289" startBytecode="14" endBytecode="14" sourcefile="KcinitDriver.java" sourcepath="org/keycloak/adapters/installed/KcinitDriver.java" role="SOURCE_LINE_OBLIGATION_CREATED"/>
    <SourceLine classname="org.keycloak.adapters.installed.KcinitDriver" start="290" end="290" startBytecode="18" endBytecode="18" sourcefile="KcinitDriver.java" sourcepath="org/keycloak/adapters/installed/KcinitDriver.java" role="SOURCE_LINE_PATH_CONTINUES"/>
    <SourceLine classname="org.keycloak.adapters.installed.KcinitDriver" start="291" end="291" startBytecode="26" endBytecode="26" sourcefile="KcinitDriver.java" sourcepath="org/keycloak/adapters/installed/KcinitDriver.java" role="SOURCE_LINE_PATH_CONTINUES"/>
    <String value="{InputStream x 1}" role="STRING_REMAINING_OBLIGATIONS"/>
  </BugInstance>
  <BugInstance type="OS_OPEN_STREAM_EXCEPTION_PATH" priority="3" rank="19" abbrev="OS" category="BAD_PRACTICE">
    <Class classname="org.keycloak.adapters.installed.KcinitDriver">
      <SourceLine classname="org.keycloak.adapters.installed.KcinitDriver" start="72" end="693" sourcefile="KcinitDriver.java" sourcepath="org/keycloak/adapters/installed/KcinitDriver.java"/>
    </Class>
    <Method classname="org.keycloak.adapters.installed.KcinitDriver" name="readFileRaw" signature="(Ljava/io/File;)[B" isStatic="false">
      <SourceLine classname="org.keycloak.adapters.installed.KcinitDriver" start="288" end="293" startBytecode="0" endBytecode="22" sourcefile="KcinitDriver.java" sourcepath="org/keycloak/adapters/installed/KcinitDriver.java"/>
    </Method>
    <Type descriptor="Ljava/io/InputStream;" role="TYPE_CLOSEIT">
      <SourceLine classname="java.io.InputStream" start="45" end="364" sourcefile="InputStream.java" sourcepath="java/io/InputStream.java"/>
    </Type>
    <SourceLine classname="org.keycloak.adapters.installed.KcinitDriver" start="289" end="289" startBytecode="9" endBytecode="9" sourcefile="KcinitDriver.java" sourcepath="org/keycloak/adapters/installed/KcinitDriver.java"/>
  </BugInstance>
  <BugInstance type="OS_OPEN_STREAM_EXCEPTION_PATH" priority="3" rank="19" abbrev="OS" category="BAD_PRACTICE">
    <Class classname="org.keycloak.adapters.installed.KcinitDriver">
      <SourceLine classname="org.keycloak.adapters.installed.KcinitDriver" start="72" end="693" sourcefile="KcinitDriver.java" sourcepath="org/keycloak/adapters/installed/KcinitDriver.java"/>
    </Class>
    <Method classname="org.keycloak.adapters.installed.KcinitDriver" name="writeFile" signature="(Ljava/io/File;Ljava/lang/String;)V" isStatic="false">
      <SourceLine classname="org.keycloak.adapters.installed.KcinitDriver" start="298" end="307" startBytecode="0" endBytecode="30" sourcefile="KcinitDriver.java" sourcepath="org/keycloak/adapters/installed/KcinitDriver.java"/>
    </Method>
    <Type descriptor="Ljava/io/OutputStream;" role="TYPE_CLOSEIT">
      <SourceLine classname="java.io.OutputStream" start="46" end="152" sourcefile="OutputStream.java" sourcepath="java/io/OutputStream.java"/>
    </Type>
    <SourceLine classname="org.keycloak.adapters.installed.KcinitDriver" start="300" end="300" startBytecode="15" endBytecode="15" sourcefile="KcinitDriver.java" sourcepath="org/keycloak/adapters/installed/KcinitDriver.java"/>
  </BugInstance>
  <Errors errors="0" missingClasses="21">
    <MissingClass>javax.ws.rs.client.Client</MissingClass>
    <MissingClass>javax.ws.rs.client.Entity</MissingClass>
    <MissingClass>javax.ws.rs.client.Invocation$Builder</MissingClass>
    <MissingClass>javax.ws.rs.client.WebTarget</MissingClass>
    <MissingClass>javax.ws.rs.core.Form</MissingClass>
    <MissingClass>javax.ws.rs.core.MediaType</MissingClass>
    <MissingClass>javax.ws.rs.core.Response</MissingClass>
    <MissingClass>org.jboss.resteasy.client.jaxrs.ResteasyClientBuilder</MissingClass>
    <MissingClass>org.keycloak.adapters.KeycloakDeploymentBuilder</MissingClass>
    <MissingClass>org.keycloak.adapters.ServerRequest</MissingClass>
    <MissingClass>org.keycloak.adapters.installed.KeycloakInstalled</MissingClass>
    <MissingClass>org.keycloak.adapters.installed.KeycloakInstalled$Console</MissingClass>
    <MissingClass>org.keycloak.common.util.Base64</MissingClass>
    <MissingClass>org.keycloak.common.util.Time</MissingClass>
    <MissingClass>org.keycloak.jose.jwe.JWE</MissingClass>
    <MissingClass>org.keycloak.jose.jwe.JWEHeader</MissingClass>
    <MissingClass>org.keycloak.jose.jwe.JWEKeyStorage</MissingClass>
    <MissingClass>org.keycloak.representations.AccessTokenResponse</MissingClass>
    <MissingClass>org.keycloak.representations.adapters.config.AdapterConfig</MissingClass>
    <MissingClass>org.keycloak.representations.idm.OAuth2ErrorRepresentation</MissingClass>
    <MissingClass>org.keycloak.util.JsonSerialization</MissingClass>
  </Errors>
  <FindBugsSummary timestamp="Sat, 28 Oct 2023 14:39:46 +0800" total_classes="1" referenced_classes="35" total_bugs="3" total_size="434" num_packages="1" java_version="1.8.0_382" vm_version="25.382-b05" cpu_seconds="10.89" clock_seconds="1.06" peak_mbytes="400.56" alloc_mbytes="1820.50" gc_seconds="0.04" priority_3="2" priority_2="1">
    <PackageStats package="org.keycloak.adapters.installed" total_bugs="3" total_types="1" total_size="434" priority_3="2" priority_2="1">
      <ClassStats class="org.keycloak.adapters.installed.KcinitDriver" sourceFile="KcinitDriver.java" interface="false" size="434" bugs="3" priority_3="2" priority_2="1"/>
    </PackageStats>
    <FindBugsProfile>
      <ClassProfile name="edu.umd.cs.findbugs.classfile.engine.ClassInfoAnalysisEngine" totalMilliseconds="126" invocations="498" avgMicrosecondsPerInvocation="254" maxMicrosecondsPerInvocation="13745" standardDeviationMicrosecondsPerInvocation="753"/>
      <ClassProfile name="edu.umd.cs.findbugs.detect.FindNoSideEffectMethods" totalMilliseconds="69" invocations="35" avgMicrosecondsPerInvocation="1982" maxMicrosecondsPerInvocation="47407" standardDeviationMicrosecondsPerInvocation="7828"/>
      <ClassProfile name="edu.umd.cs.findbugs.ba.npe.NullDerefAndRedundantComparisonFinder" totalMilliseconds="35" invocations="40" avgMicrosecondsPerInvocation="876" maxMicrosecondsPerInvocation="10188" standardDeviationMicrosecondsPerInvocation="1629"/>
      <ClassProfile name="edu.umd.cs.findbugs.classfile.engine.bcel.ValueNumberDataflowFactory" totalMilliseconds="34" invocations="48" avgMicrosecondsPerInvocation="719" maxMicrosecondsPerInvocation="6942" standardDeviationMicrosecondsPerInvocation="1192"/>
      <ClassProfile name="edu.umd.cs.findbugs.detect.FieldItemSummary" totalMilliseconds="33" invocations="35" avgMicrosecondsPerInvocation="967" maxMicrosecondsPerInvocation="6482" standardDeviationMicrosecondsPerInvocation="1456"/>
      <ClassProfile name="edu.umd.cs.findbugs.classfile.engine.bcel.TypeDataflowFactory" totalMilliseconds="33" invocations="47" avgMicrosecondsPerInvocation="719" maxMicrosecondsPerInvocation="5086" standardDeviationMicrosecondsPerInvocation="987"/>
      <ClassProfile name="edu.umd.cs.findbugs.classfile.engine.bcel.IsNullValueDataflowFactory" totalMilliseconds="32" invocations="40" avgMicrosecondsPerInvocation="801" maxMicrosecondsPerInvocation="5436" standardDeviationMicrosecondsPerInvocation="986"/>
      <ClassProfile name="edu.umd.cs.findbugs.OpcodeStack$JumpInfoFactory" totalMilliseconds="30" invocations="199" avgMicrosecondsPerInvocation="153" maxMicrosecondsPerInvocation="1620" standardDeviationMicrosecondsPerInvocation="204"/>
      <ClassProfile name="edu.umd.cs.findbugs.classfile.engine.bcel.CFGFactory" totalMilliseconds="25" invocations="40" avgMicrosecondsPerInvocation="639" maxMicrosecondsPerInvocation="6984" standardDeviationMicrosecondsPerInvocation="1141"/>
      <ClassProfile name="edu.umd.cs.findbugs.classfile.engine.bcel.UnconditionalValueDerefDataflowFactory" totalMilliseconds="23" invocations="40" avgMicrosecondsPerInvocation="591" maxMicrosecondsPerInvocation="2906" standardDeviationMicrosecondsPerInvocation="723"/>
      <ClassProfile name="edu.umd.cs.findbugs.detect.FindOpenStream" totalMilliseconds="23" invocations="1" avgMicrosecondsPerInvocation="23221" maxMicrosecondsPerInvocation="23221" standardDeviationMicrosecondsPerInvocation="0"/>
      <ClassProfile name="edu.umd.cs.findbugs.classfile.engine.bcel.MethodGenFactory" totalMilliseconds="22" invocations="40" avgMicrosecondsPerInvocation="562" maxMicrosecondsPerInvocation="16617" standardDeviationMicrosecondsPerInvocation="2575"/>
      <ClassProfile name="edu.umd.cs.findbugs.classfile.engine.bcel.JavaClassAnalysisEngine" totalMilliseconds="20" invocations="84" avgMicrosecondsPerInvocation="244" maxMicrosecondsPerInvocation="9183" standardDeviationMicrosecondsPerInvocation="1022"/>
      <ClassProfile name="edu.umd.cs.findbugs.util.TopologicalSort" totalMilliseconds="16" invocations="437" avgMicrosecondsPerInvocation="36" maxMicrosecondsPerInvocation="1433" standardDeviationMicrosecondsPerInvocation="91"/>
      <ClassProfile name="edu.umd.cs.findbugs.detect.NoteDirectlyRelevantTypeQualifiers" totalMilliseconds="15" invocations="35" avgMicrosecondsPerInvocation="438" maxMicrosecondsPerInvocation="4808" standardDeviationMicrosecondsPerInvocation="841"/>
      <ClassProfile name="edu.umd.cs.findbugs.classfile.engine.ClassDataAnalysisEngine" totalMilliseconds="12" invocations="502" avgMicrosecondsPerInvocation="24" maxMicrosecondsPerInvocation="454" standardDeviationMicrosecondsPerInvocation="29"/>
      <ClassProfile name="edu.umd.cs.findbugs.detect.OverridingEqualsNotSymmetrical" totalMilliseconds="11" invocations="35" avgMicrosecondsPerInvocation="336" maxMicrosecondsPerInvocation="6371" standardDeviationMicrosecondsPerInvocation="1060"/>
      <ClassProfile name="edu.umd.cs.findbugs.detect.FunctionsThatMightBeMistakenForProcedures" totalMilliseconds="11" invocations="35" avgMicrosecondsPerInvocation="331" maxMicrosecondsPerInvocation="3721" standardDeviationMicrosecondsPerInvocation="681"/>
    </FindBugsProfile>
  </FindBugsSummary>
  <ClassFeatures></ClassFeatures>
  <History></History>
</BugCollection>
