<?xml version="1.0" encoding="UTF-8"?>

<BugCollection version="4.7.3" sequence="0" timestamp="1698475201844" analysisTimestamp="1698514892642" release="">
  <Project projectName="">
    <Jar>/mnt/disk3/lty/JLeaks/data/classfile/bug-753-886de624c7fa03ddea85096667f457dc290a31d197185b4bc5bba26823cdbd7d.class</Jar>
  </Project>
  <BugInstance type="OS_OPEN_STREAM" priority="2" rank="16" abbrev="OS" category="BAD_PRACTICE">
    <Class classname="org.openapitools.codegen.online.service.ZipUtil">
      <SourceLine classname="org.openapitools.codegen.online.service.ZipUtil" start="37" end="125" sourcefile="ZipUtil.java" sourcepath="org/openapitools/codegen/online/service/ZipUtil.java"/>
    </Class>
    <Method classname="org.openapitools.codegen.online.service.ZipUtil" name="addFileToZip" signature="(Ljava/io/File;Ljava/util/zip/ZipOutputStream;)V" isStatic="true">
      <SourceLine classname="org.openapitools.codegen.online.service.ZipUtil" start="113" end="125" startBytecode="0" endBytecode="35" sourcefile="ZipUtil.java" sourcepath="org/openapitools/codegen/online/service/ZipUtil.java"/>
    </Method>
    <Type descriptor="Ljava/io/InputStream;" role="TYPE_CLOSEIT">
      <SourceLine classname="java.io.InputStream" start="45" end="364" sourcefile="InputStream.java" sourcepath="java/io/InputStream.java"/>
    </Type>
    <SourceLine classname="org.openapitools.codegen.online.service.ZipUtil" start="115" end="115" startBytecode="15" endBytecode="15" sourcefile="ZipUtil.java" sourcepath="org/openapitools/codegen/online/service/ZipUtil.java"/>
  </BugInstance>
  <BugInstance type="OS_OPEN_STREAM" priority="2" rank="16" abbrev="OS" category="BAD_PRACTICE">
    <Class classname="org.openapitools.codegen.online.service.ZipUtil">
      <SourceLine classname="org.openapitools.codegen.online.service.ZipUtil" start="37" end="125" sourcefile="ZipUtil.java" sourcepath="org/openapitools/codegen/online/service/ZipUtil.java"/>
    </Class>
    <Method classname="org.openapitools.codegen.online.service.ZipUtil" name="addFolderToZip" signature="(Ljava/io/File;Ljava/lang/String;Ljava/util/zip/ZipOutputStream;)V" isStatic="false">
      <SourceLine classname="org.openapitools.codegen.online.service.ZipUtil" start="79" end="101" startBytecode="0" endBytecode="87" sourcefile="ZipUtil.java" sourcepath="org/openapitools/codegen/online/service/ZipUtil.java"/>
    </Method>
    <Type descriptor="Ljava/io/InputStream;" role="TYPE_CLOSEIT">
      <SourceLine classname="java.io.InputStream" start="45" end="364" sourcefile="InputStream.java" sourcepath="java/io/InputStream.java"/>
    </Type>
    <SourceLine classname="org.openapitools.codegen.online.service.ZipUtil" start="87" end="87" startBytecode="111" endBytecode="111" sourcefile="ZipUtil.java" sourcepath="org/openapitools/codegen/online/service/ZipUtil.java"/>
  </BugInstance>
  <Errors errors="0" missingClasses="0"></Errors>
  <FindBugsSummary timestamp="Sat, 28 Oct 2023 14:40:01 +0800" total_classes="1" referenced_classes="22" total_bugs="2" total_size="38" num_packages="1" java_version="1.8.0_382" vm_version="25.382-b05" cpu_seconds="6.07" clock_seconds="0.71" peak_mbytes="402.98" alloc_mbytes="1820.50" gc_seconds="0.04" priority_2="2">
    <PackageStats package="org.openapitools.codegen.online.service" total_bugs="2" total_types="1" total_size="38" priority_2="2">
      <ClassStats class="org.openapitools.codegen.online.service.ZipUtil" sourceFile="ZipUtil.java" interface="false" size="38" bugs="2" priority_2="2"/>
    </PackageStats>
    <FindBugsProfile>
      <ClassProfile name="edu.umd.cs.findbugs.classfile.engine.ClassInfoAnalysisEngine" totalMilliseconds="114" invocations="379" avgMicrosecondsPerInvocation="301" maxMicrosecondsPerInvocation="9281" standardDeviationMicrosecondsPerInvocation="709"/>
      <ClassProfile name="edu.umd.cs.findbugs.NonReportingDetectorToDetector2Adapter" totalMilliseconds="42" invocations="288" avgMicrosecondsPerInvocation="148" maxMicrosecondsPerInvocation="41998" standardDeviationMicrosecondsPerInvocation="2470"/>
      <ClassProfile name="edu.umd.cs.findbugs.detect.FieldItemSummary" totalMilliseconds="26" invocations="22" avgMicrosecondsPerInvocation="1182" maxMicrosecondsPerInvocation="6584" standardDeviationMicrosecondsPerInvocation="1607"/>
      <ClassProfile name="edu.umd.cs.findbugs.detect.FindNoSideEffectMethods" totalMilliseconds="20" invocations="22" avgMicrosecondsPerInvocation="929" maxMicrosecondsPerInvocation="3495" standardDeviationMicrosecondsPerInvocation="959"/>
      <ClassProfile name="edu.umd.cs.findbugs.classfile.engine.bcel.MethodGenFactory" totalMilliseconds="19" invocations="4" avgMicrosecondsPerInvocation="4801" maxMicrosecondsPerInvocation="17499" standardDeviationMicrosecondsPerInvocation="7336"/>
      <ClassProfile name="edu.umd.cs.findbugs.classfile.engine.bcel.JavaClassAnalysisEngine" totalMilliseconds="16" invocations="45" avgMicrosecondsPerInvocation="369" maxMicrosecondsPerInvocation="8943" standardDeviationMicrosecondsPerInvocation="1330"/>
      <ClassProfile name="edu.umd.cs.findbugs.OpcodeStack$JumpInfoFactory" totalMilliseconds="16" invocations="83" avgMicrosecondsPerInvocation="198" maxMicrosecondsPerInvocation="1613" standardDeviationMicrosecondsPerInvocation="260"/>
      <ClassProfile name="edu.umd.cs.findbugs.util.TopologicalSort" totalMilliseconds="15" invocations="346" avgMicrosecondsPerInvocation="44" maxMicrosecondsPerInvocation="709" standardDeviationMicrosecondsPerInvocation="85"/>
      <ClassProfile name="edu.umd.cs.findbugs.classfile.engine.bcel.IsNullValueDataflowFactory" totalMilliseconds="13" invocations="4" avgMicrosecondsPerInvocation="3432" maxMicrosecondsPerInvocation="10737" standardDeviationMicrosecondsPerInvocation="4241"/>
      <ClassProfile name="edu.umd.cs.findbugs.classfile.engine.bcel.ValueNumberDataflowFactory" totalMilliseconds="13" invocations="4" avgMicrosecondsPerInvocation="3274" maxMicrosecondsPerInvocation="6533" standardDeviationMicrosecondsPerInvocation="2556"/>
      <ClassProfile name="edu.umd.cs.findbugs.classfile.engine.bcel.TypeDataflowFactory" totalMilliseconds="12" invocations="4" avgMicrosecondsPerInvocation="3048" maxMicrosecondsPerInvocation="4859" standardDeviationMicrosecondsPerInvocation="1783"/>
      <ClassProfile name="edu.umd.cs.findbugs.classfile.engine.bcel.UnconditionalValueDerefDataflowFactory" totalMilliseconds="11" invocations="4" avgMicrosecondsPerInvocation="2837" maxMicrosecondsPerInvocation="8039" standardDeviationMicrosecondsPerInvocation="3062"/>
    </FindBugsProfile>
  </FindBugsSummary>
  <ClassFeatures></ClassFeatures>
  <History></History>
</BugCollection>
