<?xml version="1.0" encoding="UTF-8"?>

<BugCollection version="4.7.3" sequence="0" timestamp="1698475135558" analysisTimestamp="1698510785540" release="">
  <Project projectName="">
    <Jar>/mnt/disk3/lty/JLeaks/data/classfile/bug-236-9554158ca3477a635f8c20231d1e87232e2b8b41f4d35d503a86fe5a62f94f58.class</Jar>
  </Project>
  <Errors errors="0" missingClasses="45">
    <MissingClass>com.azure.core.amqp.AmqpConnection</MissingClass>
    <MissingClass>com.azure.core.amqp.AmqpEndpointState</MissingClass>
    <MissingClass>com.azure.core.amqp.AmqpRetryOptions</MissingClass>
    <MissingClass>com.azure.core.amqp.AmqpRetryPolicy</MissingClass>
    <MissingClass>com.azure.core.amqp.AmqpSession</MissingClass>
    <MissingClass>com.azure.core.amqp.AmqpTransactionCoordinator</MissingClass>
    <MissingClass>com.azure.core.amqp.exception.AmqpErrorCondition</MissingClass>
    <MissingClass>com.azure.core.amqp.exception.AmqpException</MissingClass>
    <MissingClass>com.azure.core.amqp.implementation.AmqpEndpointStateUtil</MissingClass>
    <MissingClass>com.azure.core.amqp.implementation.MessageSerializer</MissingClass>
    <MissingClass>com.azure.core.amqp.implementation.ReactorDispatcher</MissingClass>
    <MissingClass>com.azure.core.amqp.implementation.ReactorHandlerProvider</MissingClass>
    <MissingClass>com.azure.core.amqp.implementation.ReactorProvider</MissingClass>
    <MissingClass>com.azure.core.amqp.implementation.ReactorReceiver</MissingClass>
    <MissingClass>com.azure.core.amqp.implementation.ReactorSender</MissingClass>
    <MissingClass>com.azure.core.amqp.implementation.ReactorSession$LinkSubscription</MissingClass>
    <MissingClass>com.azure.core.amqp.implementation.RetryUtil</MissingClass>
    <MissingClass>com.azure.core.amqp.implementation.TokenManager</MissingClass>
    <MissingClass>com.azure.core.amqp.implementation.TokenManagerProvider</MissingClass>
    <MissingClass>com.azure.core.amqp.implementation.TransactionCoordinator</MissingClass>
    <MissingClass>com.azure.core.amqp.implementation.handler.SessionHandler</MissingClass>
    <MissingClass>com.azure.core.util.logging.ClientLogger</MissingClass>
    <MissingClass>org.apache.qpid.proton.amqp.Symbol</MissingClass>
    <MissingClass>org.apache.qpid.proton.amqp.messaging.Source</MissingClass>
    <MissingClass>org.apache.qpid.proton.amqp.messaging.Target</MissingClass>
    <MissingClass>org.apache.qpid.proton.amqp.transaction.Coordinator</MissingClass>
    <MissingClass>org.apache.qpid.proton.amqp.transport.ErrorCondition</MissingClass>
    <MissingClass>org.apache.qpid.proton.amqp.transport.ReceiverSettleMode</MissingClass>
    <MissingClass>org.apache.qpid.proton.amqp.transport.SenderSettleMode</MissingClass>
    <MissingClass>org.apache.qpid.proton.amqp.transport.Target</MissingClass>
    <MissingClass>org.apache.qpid.proton.engine.BaseHandler</MissingClass>
    <MissingClass>org.apache.qpid.proton.engine.EndpointState</MissingClass>
    <MissingClass>org.apache.qpid.proton.engine.Receiver</MissingClass>
    <MissingClass>org.apache.qpid.proton.engine.Sender</MissingClass>
    <MissingClass>org.apache.qpid.proton.engine.Session</MissingClass>
    <MissingClass>reactor.core.Disposable$Composite</MissingClass>
    <MissingClass>reactor.core.Disposables</MissingClass>
    <MissingClass>reactor.core.publisher.Flux</MissingClass>
    <MissingClass>reactor.core.publisher.Mono</MissingClass>
    <MissingClass>reactor.core.publisher.MonoSink</MissingClass>
    <MissingClass>reactor.core.publisher.Sinks</MissingClass>
    <MissingClass>reactor.core.publisher.Sinks$EmitFailureHandler</MissingClass>
    <MissingClass>reactor.core.publisher.Sinks$Empty</MissingClass>
    <MissingClass>reactor.core.scheduler.Scheduler</MissingClass>
    <MissingClass>reactor.core.scheduler.Schedulers</MissingClass>
  </Errors>
  <FindBugsSummary timestamp="Sat, 28 Oct 2023 14:38:55 +0800" total_classes="1" referenced_classes="34" total_bugs="0" total_size="356" num_packages="1" java_version="1.8.0_382" vm_version="25.382-b05" cpu_seconds="10.87" clock_seconds="1.07" peak_mbytes="419.71" alloc_mbytes="1820.50" gc_seconds="0.04">
    <PackageStats package="com.azure.core.amqp.implementation" total_bugs="0" total_types="1" total_size="356">
      <ClassStats class="com.azure.core.amqp.implementation.ReactorSession" sourceFile="ReactorSession.java" interface="false" size="356" bugs="0"/>
    </PackageStats>
    <FindBugsProfile>
      <ClassProfile name="edu.umd.cs.findbugs.classfile.engine.ClassInfoAnalysisEngine" totalMilliseconds="131" invocations="535" avgMicrosecondsPerInvocation="245" maxMicrosecondsPerInvocation="15337" standardDeviationMicrosecondsPerInvocation="789"/>
      <ClassProfile name="edu.umd.cs.findbugs.detect.CalledMethods" totalMilliseconds="64" invocations="34" avgMicrosecondsPerInvocation="1900" maxMicrosecondsPerInvocation="57271" standardDeviationMicrosecondsPerInvocation="9644"/>
      <ClassProfile name="edu.umd.cs.findbugs.detect.FieldItemSummary" totalMilliseconds="41" invocations="34" avgMicrosecondsPerInvocation="1214" maxMicrosecondsPerInvocation="7452" standardDeviationMicrosecondsPerInvocation="1863"/>
      <ClassProfile name="edu.umd.cs.findbugs.classfile.engine.bcel.IsNullValueDataflowFactory" totalMilliseconds="35" invocations="57" avgMicrosecondsPerInvocation="630" maxMicrosecondsPerInvocation="12682" standardDeviationMicrosecondsPerInvocation="1681"/>
      <ClassProfile name="edu.umd.cs.findbugs.classfile.engine.bcel.TypeDataflowFactory" totalMilliseconds="31" invocations="59" avgMicrosecondsPerInvocation="542" maxMicrosecondsPerInvocation="10014" standardDeviationMicrosecondsPerInvocation="1295"/>
      <ClassProfile name="edu.umd.cs.findbugs.OpcodeStack$JumpInfoFactory" totalMilliseconds="31" invocations="186" avgMicrosecondsPerInvocation="169" maxMicrosecondsPerInvocation="2132" standardDeviationMicrosecondsPerInvocation="252"/>
      <ClassProfile name="edu.umd.cs.findbugs.classfile.engine.bcel.ValueNumberDataflowFactory" totalMilliseconds="30" invocations="59" avgMicrosecondsPerInvocation="511" maxMicrosecondsPerInvocation="12228" standardDeviationMicrosecondsPerInvocation="1566"/>
      <ClassProfile name="edu.umd.cs.findbugs.detect.FindNoSideEffectMethods" totalMilliseconds="29" invocations="34" avgMicrosecondsPerInvocation="867" maxMicrosecondsPerInvocation="5713" standardDeviationMicrosecondsPerInvocation="1185"/>
      <ClassProfile name="edu.umd.cs.findbugs.classfile.engine.bcel.CFGFactory" totalMilliseconds="25" invocations="57" avgMicrosecondsPerInvocation="453" maxMicrosecondsPerInvocation="9890" standardDeviationMicrosecondsPerInvocation="1287"/>
      <ClassProfile name="edu.umd.cs.findbugs.classfile.engine.bcel.MethodGenFactory" totalMilliseconds="25" invocations="57" avgMicrosecondsPerInvocation="450" maxMicrosecondsPerInvocation="19500" standardDeviationMicrosecondsPerInvocation="2549"/>
      <ClassProfile name="edu.umd.cs.findbugs.ba.npe.NullDerefAndRedundantComparisonFinder" totalMilliseconds="22" invocations="57" avgMicrosecondsPerInvocation="392" maxMicrosecondsPerInvocation="3407" standardDeviationMicrosecondsPerInvocation="567"/>
      <ClassProfile name="edu.umd.cs.findbugs.classfile.engine.bcel.UnconditionalValueDerefDataflowFactory" totalMilliseconds="20" invocations="57" avgMicrosecondsPerInvocation="366" maxMicrosecondsPerInvocation="2258" standardDeviationMicrosecondsPerInvocation="528"/>
      <ClassProfile name="edu.umd.cs.findbugs.classfile.engine.bcel.JavaClassAnalysisEngine" totalMilliseconds="20" invocations="103" avgMicrosecondsPerInvocation="200" maxMicrosecondsPerInvocation="9061" standardDeviationMicrosecondsPerInvocation="924"/>
      <ClassProfile name="edu.umd.cs.findbugs.detect.FindOpenStream" totalMilliseconds="19" invocations="1" avgMicrosecondsPerInvocation="19651" maxMicrosecondsPerInvocation="19651" standardDeviationMicrosecondsPerInvocation="0"/>
      <ClassProfile name="edu.umd.cs.findbugs.util.TopologicalSort" totalMilliseconds="18" invocations="431" avgMicrosecondsPerInvocation="43" maxMicrosecondsPerInvocation="1792" standardDeviationMicrosecondsPerInvocation="109"/>
      <ClassProfile name="edu.umd.cs.findbugs.detect.NoteDirectlyRelevantTypeQualifiers" totalMilliseconds="16" invocations="34" avgMicrosecondsPerInvocation="484" maxMicrosecondsPerInvocation="5216" standardDeviationMicrosecondsPerInvocation="919"/>
      <ClassProfile name="edu.umd.cs.findbugs.classfile.engine.ClassDataAnalysisEngine" totalMilliseconds="14" invocations="540" avgMicrosecondsPerInvocation="27" maxMicrosecondsPerInvocation="532" standardDeviationMicrosecondsPerInvocation="35"/>
      <ClassProfile name="edu.umd.cs.findbugs.detect.FunctionsThatMightBeMistakenForProcedures" totalMilliseconds="13" invocations="34" avgMicrosecondsPerInvocation="404" maxMicrosecondsPerInvocation="2976" standardDeviationMicrosecondsPerInvocation="618"/>
      <ClassProfile name="edu.umd.cs.findbugs.detect.OverridingEqualsNotSymmetrical" totalMilliseconds="13" invocations="34" avgMicrosecondsPerInvocation="394" maxMicrosecondsPerInvocation="7691" standardDeviationMicrosecondsPerInvocation="1289"/>
    </FindBugsProfile>
  </FindBugsSummary>
  <ClassFeatures></ClassFeatures>
  <History></History>
</BugCollection>
