<?xml version="1.0" encoding="UTF-8"?>

<BugCollection version="4.7.3" sequence="0" timestamp="1698475155882" analysisTimestamp="1698512022418" release="">
  <Project projectName="">
    <Jar>/mnt/disk3/lty/JLeaks/data/classfile/bug-406-66c6c871aa9768ad6bed7146adb2d17d3dc1cddd77e9742333d9c2791d83272a.class</Jar>
  </Project>
  <Errors errors="0" missingClasses="69">
    <MissingClass>com.google.common.collect.ImmutableMap</MissingClass>
    <MissingClass>org.apache.lucene.search.ScoreDoc</MissingClass>
    <MissingClass>org.apache.lucene.search.TopDocs</MissingClass>
    <MissingClass>org.elasticsearch.ElasticsearchException</MissingClass>
    <MissingClass>org.elasticsearch.ElasticsearchIllegalArgumentException</MissingClass>
    <MissingClass>org.elasticsearch.ElasticsearchParseException</MissingClass>
    <MissingClass>org.elasticsearch.ExceptionsHelper</MissingClass>
    <MissingClass>org.elasticsearch.action.search.SearchType</MissingClass>
    <MissingClass>org.elasticsearch.cache.recycler.PageCacheRecycler</MissingClass>
    <MissingClass>org.elasticsearch.cluster.ClusterService</MissingClass>
    <MissingClass>org.elasticsearch.cluster.node.DiscoveryNode</MissingClass>
    <MissingClass>org.elasticsearch.common.Strings</MissingClass>
    <MissingClass>org.elasticsearch.common.bytes.BytesReference</MissingClass>
    <MissingClass>org.elasticsearch.common.component.AbstractLifecycleComponent</MissingClass>
    <MissingClass>org.elasticsearch.common.lease.Releasables</MissingClass>
    <MissingClass>org.elasticsearch.common.logging.ESLogger</MissingClass>
    <MissingClass>org.elasticsearch.common.settings.Settings</MissingClass>
    <MissingClass>org.elasticsearch.common.unit.TimeValue</MissingClass>
    <MissingClass>org.elasticsearch.common.util.BigArrays</MissingClass>
    <MissingClass>org.elasticsearch.common.util.concurrent.ConcurrentCollections</MissingClass>
    <MissingClass>org.elasticsearch.common.util.concurrent.ConcurrentMapLong</MissingClass>
    <MissingClass>org.elasticsearch.common.xcontent.XContent</MissingClass>
    <MissingClass>org.elasticsearch.common.xcontent.XContentFactory</MissingClass>
    <MissingClass>org.elasticsearch.common.xcontent.XContentHelper</MissingClass>
    <MissingClass>org.elasticsearch.common.xcontent.XContentParser</MissingClass>
    <MissingClass>org.elasticsearch.common.xcontent.XContentParser$Token</MissingClass>
    <MissingClass>org.elasticsearch.index.query.TemplateQueryParser</MissingClass>
    <MissingClass>org.elasticsearch.index.query.TemplateQueryParser$TemplateContext</MissingClass>
    <MissingClass>org.elasticsearch.index.search.stats.ShardSearchService</MissingClass>
    <MissingClass>org.elasticsearch.index.search.stats.StatsGroupsParseElement</MissingClass>
    <MissingClass>org.elasticsearch.index.service.IndexService</MissingClass>
    <MissingClass>org.elasticsearch.index.shard.service.IndexShard</MissingClass>
    <MissingClass>org.elasticsearch.index.similarity.SimilarityService</MissingClass>
    <MissingClass>org.elasticsearch.indices.IndicesService</MissingClass>
    <MissingClass>org.elasticsearch.indices.cache.query.IndicesQueryCache</MissingClass>
    <MissingClass>org.elasticsearch.indices.warmer.IndicesWarmer</MissingClass>
    <MissingClass>org.elasticsearch.script.ExecutableScript</MissingClass>
    <MissingClass>org.elasticsearch.script.ScriptService</MissingClass>
    <MissingClass>org.elasticsearch.script.ScriptService$ScriptType</MissingClass>
    <MissingClass>org.elasticsearch.search.Scroll</MissingClass>
    <MissingClass>org.elasticsearch.search.SearchContextMissingException</MissingClass>
    <MissingClass>org.elasticsearch.search.SearchParseElement</MissingClass>
    <MissingClass>org.elasticsearch.search.SearchParseException</MissingClass>
    <MissingClass>org.elasticsearch.search.SearchService$FieldDataWarmer</MissingClass>
    <MissingClass>org.elasticsearch.search.SearchService$NormsWarmer</MissingClass>
    <MissingClass>org.elasticsearch.search.SearchService$Reaper</MissingClass>
    <MissingClass>org.elasticsearch.search.SearchService$SearchWarmer</MissingClass>
    <MissingClass>org.elasticsearch.search.SearchShardTarget</MissingClass>
    <MissingClass>org.elasticsearch.search.dfs.CachedDfSource</MissingClass>
    <MissingClass>org.elasticsearch.search.dfs.DfsPhase</MissingClass>
    <MissingClass>org.elasticsearch.search.fetch.FetchPhase</MissingClass>
    <MissingClass>org.elasticsearch.search.fetch.FetchSearchRequest</MissingClass>
    <MissingClass>org.elasticsearch.search.fetch.FetchSearchResult</MissingClass>
    <MissingClass>org.elasticsearch.search.fetch.QueryFetchSearchResult</MissingClass>
    <MissingClass>org.elasticsearch.search.fetch.ScrollQueryFetchSearchResult</MissingClass>
    <MissingClass>org.elasticsearch.search.internal.ContextIndexSearcher</MissingClass>
    <MissingClass>org.elasticsearch.search.internal.DefaultSearchContext</MissingClass>
    <MissingClass>org.elasticsearch.search.internal.InternalScrollSearchRequest</MissingClass>
    <MissingClass>org.elasticsearch.search.internal.InternalSearchHits</MissingClass>
    <MissingClass>org.elasticsearch.search.internal.SearchContext</MissingClass>
    <MissingClass>org.elasticsearch.search.internal.SearchContext$Lifetime</MissingClass>
    <MissingClass>org.elasticsearch.search.internal.ShardSearchRequest</MissingClass>
    <MissingClass>org.elasticsearch.search.query.QueryPhase</MissingClass>
    <MissingClass>org.elasticsearch.search.query.QueryPhaseExecutionException</MissingClass>
    <MissingClass>org.elasticsearch.search.query.QuerySearchRequest</MissingClass>
    <MissingClass>org.elasticsearch.search.query.QuerySearchResult</MissingClass>
    <MissingClass>org.elasticsearch.search.query.QuerySearchResultProvider</MissingClass>
    <MissingClass>org.elasticsearch.search.query.ScrollQuerySearchResult</MissingClass>
    <MissingClass>org.elasticsearch.threadpool.ThreadPool</MissingClass>
  </Errors>
  <FindBugsSummary timestamp="Sat, 28 Oct 2023 14:39:15 +0800" total_classes="1" referenced_classes="20" total_bugs="0" total_size="470" num_packages="1" java_version="1.8.0_382" vm_version="25.382-b05" cpu_seconds="9.54" clock_seconds="0.99" peak_mbytes="410.56" alloc_mbytes="1820.50" gc_seconds="0.04">
    <PackageStats package="org.elasticsearch.search" total_bugs="0" total_types="1" total_size="470">
      <ClassStats class="org.elasticsearch.search.SearchService" sourceFile="SearchService.java" interface="false" size="470" bugs="0"/>
    </PackageStats>
    <FindBugsProfile>
      <ClassProfile name="edu.umd.cs.findbugs.classfile.engine.ClassInfoAnalysisEngine" totalMilliseconds="109" invocations="470" avgMicrosecondsPerInvocation="233" maxMicrosecondsPerInvocation="15659" standardDeviationMicrosecondsPerInvocation="828"/>
      <ClassProfile name="edu.umd.cs.findbugs.detect.EqualsOperandShouldHaveClassCompatibleWithThis" totalMilliseconds="47" invocations="20" avgMicrosecondsPerInvocation="2378" maxMicrosecondsPerInvocation="43880" standardDeviationMicrosecondsPerInvocation="9526"/>
      <ClassProfile name="edu.umd.cs.findbugs.ba.npe.NullDerefAndRedundantComparisonFinder" totalMilliseconds="39" invocations="36" avgMicrosecondsPerInvocation="1089" maxMicrosecondsPerInvocation="15274" standardDeviationMicrosecondsPerInvocation="2515"/>
      <ClassProfile name="edu.umd.cs.findbugs.classfile.engine.bcel.IsNullValueDataflowFactory" totalMilliseconds="38" invocations="36" avgMicrosecondsPerInvocation="1056" maxMicrosecondsPerInvocation="4105" standardDeviationMicrosecondsPerInvocation="1126"/>
      <ClassProfile name="edu.umd.cs.findbugs.classfile.engine.bcel.TypeDataflowFactory" totalMilliseconds="36" invocations="38" avgMicrosecondsPerInvocation="972" maxMicrosecondsPerInvocation="7842" standardDeviationMicrosecondsPerInvocation="1353"/>
      <ClassProfile name="edu.umd.cs.findbugs.classfile.engine.bcel.ValueNumberDataflowFactory" totalMilliseconds="32" invocations="41" avgMicrosecondsPerInvocation="802" maxMicrosecondsPerInvocation="10083" standardDeviationMicrosecondsPerInvocation="1565"/>
      <ClassProfile name="edu.umd.cs.findbugs.detect.FieldItemSummary" totalMilliseconds="28" invocations="20" avgMicrosecondsPerInvocation="1432" maxMicrosecondsPerInvocation="5289" standardDeviationMicrosecondsPerInvocation="1503"/>
      <ClassProfile name="edu.umd.cs.findbugs.classfile.engine.bcel.CFGFactory" totalMilliseconds="25" invocations="36" avgMicrosecondsPerInvocation="718" maxMicrosecondsPerInvocation="9406" standardDeviationMicrosecondsPerInvocation="1528"/>
      <ClassProfile name="edu.umd.cs.findbugs.classfile.engine.bcel.UnconditionalValueDerefDataflowFactory" totalMilliseconds="24" invocations="36" avgMicrosecondsPerInvocation="691" maxMicrosecondsPerInvocation="3754" standardDeviationMicrosecondsPerInvocation="888"/>
      <ClassProfile name="edu.umd.cs.findbugs.classfile.engine.bcel.MethodGenFactory" totalMilliseconds="23" invocations="36" avgMicrosecondsPerInvocation="639" maxMicrosecondsPerInvocation="18921" standardDeviationMicrosecondsPerInvocation="3092"/>
      <ClassProfile name="edu.umd.cs.findbugs.OpcodeStack$JumpInfoFactory" totalMilliseconds="21" invocations="122" avgMicrosecondsPerInvocation="178" maxMicrosecondsPerInvocation="793" standardDeviationMicrosecondsPerInvocation="162"/>
      <ClassProfile name="edu.umd.cs.findbugs.detect.FindNoSideEffectMethods" totalMilliseconds="17" invocations="20" avgMicrosecondsPerInvocation="877" maxMicrosecondsPerInvocation="3179" standardDeviationMicrosecondsPerInvocation="947"/>
      <ClassProfile name="edu.umd.cs.findbugs.classfile.engine.bcel.JavaClassAnalysisEngine" totalMilliseconds="16" invocations="108" avgMicrosecondsPerInvocation="156" maxMicrosecondsPerInvocation="8312" standardDeviationMicrosecondsPerInvocation="820"/>
      <ClassProfile name="edu.umd.cs.findbugs.util.TopologicalSort" totalMilliseconds="14" invocations="354" avgMicrosecondsPerInvocation="41" maxMicrosecondsPerInvocation="897" standardDeviationMicrosecondsPerInvocation="87"/>
      <ClassProfile name="edu.umd.cs.findbugs.detect.FindRefComparison$SpecialTypeAnalysis" totalMilliseconds="12" invocations="30" avgMicrosecondsPerInvocation="424" maxMicrosecondsPerInvocation="1601" standardDeviationMicrosecondsPerInvocation="372"/>
      <ClassProfile name="edu.umd.cs.findbugs.detect.OverridingEqualsNotSymmetrical" totalMilliseconds="11" invocations="20" avgMicrosecondsPerInvocation="571" maxMicrosecondsPerInvocation="6315" standardDeviationMicrosecondsPerInvocation="1356"/>
      <ClassProfile name="edu.umd.cs.findbugs.detect.NoteDirectlyRelevantTypeQualifiers" totalMilliseconds="11" invocations="20" avgMicrosecondsPerInvocation="563" maxMicrosecondsPerInvocation="3151" standardDeviationMicrosecondsPerInvocation="727"/>
    </FindBugsProfile>
  </FindBugsSummary>
  <ClassFeatures></ClassFeatures>
  <History></History>
</BugCollection>
