<?xml version="1.0" encoding="UTF-8"?>

<BugCollection version="4.7.3" sequence="0" timestamp="1698475203675" analysisTimestamp="1698514914710" release="">
  <Project projectName="">
    <Jar>/mnt/disk3/lty/JLeaks/data/classfile/bug-766-ab7ceb0b799bd7953910904bb02baf6c41759b8e08dc3dd9df9c0dbbce81d38d.class</Jar>
  </Project>
  <Errors errors="0" missingClasses="107">
    <MissingClass>org.apache.lucene.codecs.Codec</MissingClass>
    <MissingClass>org.apache.lucene.index.DirectoryReader</MissingClass>
    <MissingClass>org.apache.lucene.index.FilterLeafReader</MissingClass>
    <MissingClass>org.apache.lucene.index.IndexReader</MissingClass>
    <MissingClass>org.apache.lucene.index.IndexWriter</MissingClass>
    <MissingClass>org.apache.lucene.index.IndexWriterConfig</MissingClass>
    <MissingClass>org.apache.lucene.index.IndexWriterConfig$OpenMode</MissingClass>
    <MissingClass>org.apache.lucene.index.LeafReader</MissingClass>
    <MissingClass>org.apache.lucene.index.LeafReaderContext</MissingClass>
    <MissingClass>org.apache.lucene.index.LiveIndexWriterConfig</MissingClass>
    <MissingClass>org.apache.lucene.index.MergePolicy</MissingClass>
    <MissingClass>org.apache.lucene.index.SegmentCommitInfo</MissingClass>
    <MissingClass>org.apache.lucene.index.SegmentInfo</MissingClass>
    <MissingClass>org.apache.lucene.index.SegmentInfos</MissingClass>
    <MissingClass>org.apache.lucene.index.SegmentReader</MissingClass>
    <MissingClass>org.apache.lucene.index.Term</MissingClass>
    <MissingClass>org.apache.lucene.search.FilteredQuery</MissingClass>
    <MissingClass>org.apache.lucene.search.Query</MissingClass>
    <MissingClass>org.apache.lucene.search.SearcherFactory</MissingClass>
    <MissingClass>org.apache.lucene.search.SearcherManager</MissingClass>
    <MissingClass>org.apache.lucene.store.Directory</MissingClass>
    <MissingClass>org.apache.lucene.util.Accountable</MissingClass>
    <MissingClass>org.apache.lucene.util.Accountables</MissingClass>
    <MissingClass>org.apache.lucene.util.BytesRef</MissingClass>
    <MissingClass>org.apache.lucene.util.IOUtils</MissingClass>
    <MissingClass>org.apache.lucene.util.Version</MissingClass>
    <MissingClass>org.elasticsearch.ElasticsearchIllegalStateException</MissingClass>
    <MissingClass>org.elasticsearch.ExceptionsHelper</MissingClass>
    <MissingClass>org.elasticsearch.cluster.routing.DjbHashFunction</MissingClass>
    <MissingClass>org.elasticsearch.common.Preconditions</MissingClass>
    <MissingClass>org.elasticsearch.common.lease.Releasable</MissingClass>
    <MissingClass>org.elasticsearch.common.lease.Releasables</MissingClass>
    <MissingClass>org.elasticsearch.common.logging.ESLogger</MissingClass>
    <MissingClass>org.elasticsearch.common.logging.Loggers</MissingClass>
    <MissingClass>org.elasticsearch.common.lucene.LoggerInfoStream</MissingClass>
    <MissingClass>org.elasticsearch.common.lucene.Lucene</MissingClass>
    <MissingClass>org.elasticsearch.common.lucene.index.ElasticsearchDirectoryReader</MissingClass>
    <MissingClass>org.elasticsearch.common.lucene.uid.Versions</MissingClass>
    <MissingClass>org.elasticsearch.common.lucene.uid.Versions$DocIdAndVersion</MissingClass>
    <MissingClass>org.elasticsearch.common.math.MathUtils</MissingClass>
    <MissingClass>org.elasticsearch.common.unit.ByteSizeValue</MissingClass>
    <MissingClass>org.elasticsearch.index.VersionType</MissingClass>
    <MissingClass>org.elasticsearch.index.deletionpolicy.SnapshotDeletionPolicy</MissingClass>
    <MissingClass>org.elasticsearch.index.engine.CreateFailedEngineException</MissingClass>
    <MissingClass>org.elasticsearch.index.engine.DeleteByQueryFailedEngineException</MissingClass>
    <MissingClass>org.elasticsearch.index.engine.DeleteFailedEngineException</MissingClass>
    <MissingClass>org.elasticsearch.index.engine.DocumentAlreadyExistsException</MissingClass>
    <MissingClass>org.elasticsearch.index.engine.Engine</MissingClass>
    <MissingClass>org.elasticsearch.index.engine.Engine$Create</MissingClass>
    <MissingClass>org.elasticsearch.index.engine.Engine$Delete</MissingClass>
    <MissingClass>org.elasticsearch.index.engine.Engine$DeleteByQuery</MissingClass>
    <MissingClass>org.elasticsearch.index.engine.Engine$FailedEngineListener</MissingClass>
    <MissingClass>org.elasticsearch.index.engine.Engine$FlushType</MissingClass>
    <MissingClass>org.elasticsearch.index.engine.Engine$Get</MissingClass>
    <MissingClass>org.elasticsearch.index.engine.Engine$GetResult</MissingClass>
    <MissingClass>org.elasticsearch.index.engine.Engine$Index</MissingClass>
    <MissingClass>org.elasticsearch.index.engine.Engine$Operation$Origin</MissingClass>
    <MissingClass>org.elasticsearch.index.engine.Engine$RecoveryHandler</MissingClass>
    <MissingClass>org.elasticsearch.index.engine.Engine$Searcher</MissingClass>
    <MissingClass>org.elasticsearch.index.engine.EngineClosedException</MissingClass>
    <MissingClass>org.elasticsearch.index.engine.EngineConfig</MissingClass>
    <MissingClass>org.elasticsearch.index.engine.EngineConfig$EngineSettingsListener</MissingClass>
    <MissingClass>org.elasticsearch.index.engine.EngineCreationFailureException</MissingClass>
    <MissingClass>org.elasticsearch.index.engine.EngineException</MissingClass>
    <MissingClass>org.elasticsearch.index.engine.FlushFailedEngineException</MissingClass>
    <MissingClass>org.elasticsearch.index.engine.FlushNotAllowedEngineException</MissingClass>
    <MissingClass>org.elasticsearch.index.engine.IndexFailedEngineException</MissingClass>
    <MissingClass>org.elasticsearch.index.engine.OptimizeFailedEngineException</MissingClass>
    <MissingClass>org.elasticsearch.index.engine.RecoveryEngineException</MissingClass>
    <MissingClass>org.elasticsearch.index.engine.RefreshFailedEngineException</MissingClass>
    <MissingClass>org.elasticsearch.index.engine.Segment</MissingClass>
    <MissingClass>org.elasticsearch.index.engine.SegmentsStats</MissingClass>
    <MissingClass>org.elasticsearch.index.engine.SnapshotFailedEngineException</MissingClass>
    <MissingClass>org.elasticsearch.index.engine.VersionConflictEngineException</MissingClass>
    <MissingClass>org.elasticsearch.index.engine.internal.DeleteVersionValue</MissingClass>
    <MissingClass>org.elasticsearch.index.engine.internal.InternalEngine$1</MissingClass>
    <MissingClass>org.elasticsearch.index.engine.internal.InternalEngine$2</MissingClass>
    <MissingClass>org.elasticsearch.index.engine.internal.InternalEngine$3</MissingClass>
    <MissingClass>org.elasticsearch.index.engine.internal.InternalEngine$4</MissingClass>
    <MissingClass>org.elasticsearch.index.engine.internal.InternalEngine$5</MissingClass>
    <MissingClass>org.elasticsearch.index.engine.internal.InternalEngine$EngineSearcher</MissingClass>
    <MissingClass>org.elasticsearch.index.engine.internal.InternalEngine$FailEngineOnMergeFailure</MissingClass>
    <MissingClass>org.elasticsearch.index.engine.internal.InternalEngine$IndexThrottle</MissingClass>
    <MissingClass>org.elasticsearch.index.engine.internal.InternalEngine$InternalLock</MissingClass>
    <MissingClass>org.elasticsearch.index.engine.internal.InternalEngine$MergeSchedulerListener</MissingClass>
    <MissingClass>org.elasticsearch.index.engine.internal.InternalEngine$RecoveryCounter</MissingClass>
    <MissingClass>org.elasticsearch.index.engine.internal.InternalEngine$SearchFactory</MissingClass>
    <MissingClass>org.elasticsearch.index.engine.internal.LiveVersionMap</MissingClass>
    <MissingClass>org.elasticsearch.index.engine.internal.VersionValue</MissingClass>
    <MissingClass>org.elasticsearch.index.indexing.ShardIndexingService</MissingClass>
    <MissingClass>org.elasticsearch.index.mapper.Uid</MissingClass>
    <MissingClass>org.elasticsearch.index.merge.OnGoingMerge</MissingClass>
    <MissingClass>org.elasticsearch.index.merge.policy.ElasticsearchMergePolicy</MissingClass>
    <MissingClass>org.elasticsearch.index.merge.policy.MergePolicyProvider</MissingClass>
    <MissingClass>org.elasticsearch.index.merge.scheduler.MergeSchedulerProvider</MissingClass>
    <MissingClass>org.elasticsearch.index.search.nested.IncludeNestedDocsQuery</MissingClass>
    <MissingClass>org.elasticsearch.index.settings.IndexSettingsService</MissingClass>
    <MissingClass>org.elasticsearch.index.shard.ShardId</MissingClass>
    <MissingClass>org.elasticsearch.index.store.Store</MissingClass>
    <MissingClass>org.elasticsearch.index.translog.Translog</MissingClass>
    <MissingClass>org.elasticsearch.index.translog.Translog$Create</MissingClass>
    <MissingClass>org.elasticsearch.index.translog.Translog$Delete</MissingClass>
    <MissingClass>org.elasticsearch.index.translog.Translog$DeleteByQuery</MissingClass>
    <MissingClass>org.elasticsearch.index.translog.Translog$Index</MissingClass>
    <MissingClass>org.elasticsearch.index.translog.Translog$Operation</MissingClass>
    <MissingClass>org.elasticsearch.indices.IndicesWarmer</MissingClass>
    <MissingClass>org.elasticsearch.threadpool.ThreadPool</MissingClass>
  </Errors>
  <FindBugsSummary timestamp="Sat, 28 Oct 2023 14:40:03 +0800" total_classes="1" referenced_classes="41" total_bugs="0" total_size="825" num_packages="1" java_version="1.8.0_382" vm_version="25.382-b05" cpu_seconds="14.29" clock_seconds="1.39" peak_mbytes="412.06" alloc_mbytes="1820.50" gc_seconds="0.04">
    <PackageStats package="org.elasticsearch.index.engine.internal" total_bugs="0" total_types="1" total_size="825">
      <ClassStats class="org.elasticsearch.index.engine.internal.InternalEngine" sourceFile="InternalEngine.java" interface="false" size="825" bugs="0"/>
    </PackageStats>
    <FindBugsProfile>
      <ClassProfile name="edu.umd.cs.findbugs.classfile.engine.ClassInfoAnalysisEngine" totalMilliseconds="119" invocations="601" avgMicrosecondsPerInvocation="198" maxMicrosecondsPerInvocation="18823" standardDeviationMicrosecondsPerInvocation="851"/>
      <ClassProfile name="edu.umd.cs.findbugs.classfile.engine.bcel.TypeDataflowFactory" totalMilliseconds="72" invocations="71" avgMicrosecondsPerInvocation="1015" maxMicrosecondsPerInvocation="11928" standardDeviationMicrosecondsPerInvocation="1820"/>
      <ClassProfile name="edu.umd.cs.findbugs.classfile.engine.bcel.ValueNumberDataflowFactory" totalMilliseconds="68" invocations="72" avgMicrosecondsPerInvocation="954" maxMicrosecondsPerInvocation="17915" standardDeviationMicrosecondsPerInvocation="2299"/>
      <ClassProfile name="edu.umd.cs.findbugs.classfile.engine.bcel.IsNullValueDataflowFactory" totalMilliseconds="58" invocations="60" avgMicrosecondsPerInvocation="969" maxMicrosecondsPerInvocation="10171" standardDeviationMicrosecondsPerInvocation="1527"/>
      <ClassProfile name="edu.umd.cs.findbugs.detect.BuildStringPassthruGraph" totalMilliseconds="52" invocations="41" avgMicrosecondsPerInvocation="1270" maxMicrosecondsPerInvocation="44119" standardDeviationMicrosecondsPerInvocation="6805"/>
      <ClassProfile name="edu.umd.cs.findbugs.ba.npe.NullDerefAndRedundantComparisonFinder" totalMilliseconds="50" invocations="60" avgMicrosecondsPerInvocation="837" maxMicrosecondsPerInvocation="5776" standardDeviationMicrosecondsPerInvocation="1193"/>
      <ClassProfile name="edu.umd.cs.findbugs.classfile.engine.bcel.CFGFactory" totalMilliseconds="44" invocations="60" avgMicrosecondsPerInvocation="734" maxMicrosecondsPerInvocation="11410" standardDeviationMicrosecondsPerInvocation="1539"/>
      <ClassProfile name="edu.umd.cs.findbugs.classfile.engine.bcel.UnconditionalValueDerefDataflowFactory" totalMilliseconds="39" invocations="60" avgMicrosecondsPerInvocation="656" maxMicrosecondsPerInvocation="6840" standardDeviationMicrosecondsPerInvocation="1107"/>
      <ClassProfile name="edu.umd.cs.findbugs.detect.FieldItemSummary" totalMilliseconds="38" invocations="41" avgMicrosecondsPerInvocation="927" maxMicrosecondsPerInvocation="6256" standardDeviationMicrosecondsPerInvocation="1641"/>
      <ClassProfile name="edu.umd.cs.findbugs.detect.FindOpenStream" totalMilliseconds="36" invocations="1" avgMicrosecondsPerInvocation="36434" maxMicrosecondsPerInvocation="36434" standardDeviationMicrosecondsPerInvocation="0"/>
      <ClassProfile name="edu.umd.cs.findbugs.OpcodeStack$JumpInfoFactory" totalMilliseconds="34" invocations="243" avgMicrosecondsPerInvocation="143" maxMicrosecondsPerInvocation="1890" standardDeviationMicrosecondsPerInvocation="220"/>
      <ClassProfile name="edu.umd.cs.findbugs.detect.FindNoSideEffectMethods" totalMilliseconds="27" invocations="41" avgMicrosecondsPerInvocation="661" maxMicrosecondsPerInvocation="6246" standardDeviationMicrosecondsPerInvocation="1270"/>
      <ClassProfile name="edu.umd.cs.findbugs.classfile.engine.bcel.MethodGenFactory" totalMilliseconds="25" invocations="60" avgMicrosecondsPerInvocation="423" maxMicrosecondsPerInvocation="18546" standardDeviationMicrosecondsPerInvocation="2363"/>
      <ClassProfile name="edu.umd.cs.findbugs.detect.FindRefComparison$SpecialTypeAnalysis" totalMilliseconds="23" invocations="52" avgMicrosecondsPerInvocation="452" maxMicrosecondsPerInvocation="3308" standardDeviationMicrosecondsPerInvocation="672"/>
      <ClassProfile name="edu.umd.cs.findbugs.classfile.engine.bcel.JavaClassAnalysisEngine" totalMilliseconds="20" invocations="165" avgMicrosecondsPerInvocation="122" maxMicrosecondsPerInvocation="8655" standardDeviationMicrosecondsPerInvocation="708"/>
      <ClassProfile name="edu.umd.cs.findbugs.detect.CalledMethods" totalMilliseconds="15" invocations="41" avgMicrosecondsPerInvocation="388" maxMicrosecondsPerInvocation="8587" standardDeviationMicrosecondsPerInvocation="1331"/>
      <ClassProfile name="edu.umd.cs.findbugs.detect.NoteDirectlyRelevantTypeQualifiers" totalMilliseconds="15" invocations="41" avgMicrosecondsPerInvocation="371" maxMicrosecondsPerInvocation="4727" standardDeviationMicrosecondsPerInvocation="799"/>
      <ClassProfile name="edu.umd.cs.findbugs.util.TopologicalSort" totalMilliseconds="14" invocations="427" avgMicrosecondsPerInvocation="34" maxMicrosecondsPerInvocation="1063" standardDeviationMicrosecondsPerInvocation="77"/>
      <ClassProfile name="edu.umd.cs.findbugs.detect.UnreadFields" totalMilliseconds="13" invocations="1" avgMicrosecondsPerInvocation="13416" maxMicrosecondsPerInvocation="13416" standardDeviationMicrosecondsPerInvocation="0"/>
      <ClassProfile name="edu.umd.cs.findbugs.classfile.engine.bcel.ValueRangeAnalysisFactory" totalMilliseconds="13" invocations="60" avgMicrosecondsPerInvocation="219" maxMicrosecondsPerInvocation="3409" standardDeviationMicrosecondsPerInvocation="520"/>
      <ClassProfile name="edu.umd.cs.findbugs.classfile.engine.ClassDataAnalysisEngine" totalMilliseconds="13" invocations="606" avgMicrosecondsPerInvocation="21" maxMicrosecondsPerInvocation="464" standardDeviationMicrosecondsPerInvocation="29"/>
      <ClassProfile name="edu.umd.cs.findbugs.detect.LoadOfKnownNullValue" totalMilliseconds="12" invocations="1" avgMicrosecondsPerInvocation="12143" maxMicrosecondsPerInvocation="12143" standardDeviationMicrosecondsPerInvocation="0"/>
      <ClassProfile name="edu.umd.cs.findbugs.classfile.engine.bcel.LiveLocalStoreDataflowFactory" totalMilliseconds="12" invocations="50" avgMicrosecondsPerInvocation="240" maxMicrosecondsPerInvocation="3380" standardDeviationMicrosecondsPerInvocation="563"/>
      <ClassProfile name="edu.umd.cs.findbugs.detect.FindReturnRef" totalMilliseconds="11" invocations="1" avgMicrosecondsPerInvocation="11776" maxMicrosecondsPerInvocation="11776" standardDeviationMicrosecondsPerInvocation="0"/>
      <ClassProfile name="edu.umd.cs.findbugs.detect.OverridingEqualsNotSymmetrical" totalMilliseconds="11" invocations="41" avgMicrosecondsPerInvocation="286" maxMicrosecondsPerInvocation="6197" standardDeviationMicrosecondsPerInvocation="960"/>
      <ClassProfile name="edu.umd.cs.findbugs.classfile.engine.bcel.ConstantDataflowFactory" totalMilliseconds="11" invocations="60" avgMicrosecondsPerInvocation="189" maxMicrosecondsPerInvocation="2766" standardDeviationMicrosecondsPerInvocation="408"/>
      <ClassProfile name="edu.umd.cs.findbugs.detect.FunctionsThatMightBeMistakenForProcedures" totalMilliseconds="11" invocations="41" avgMicrosecondsPerInvocation="269" maxMicrosecondsPerInvocation="3257" standardDeviationMicrosecondsPerInvocation="577"/>
    </FindBugsProfile>
  </FindBugsSummary>
  <ClassFeatures></ClassFeatures>
  <History></History>
</BugCollection>
