<?xml version="1.0" encoding="UTF-8"?>

<BugCollection version="4.7.3" sequence="0" timestamp="1698475110560" analysisTimestamp="1698507488107" release="">
  <Project projectName="">
    <Jar>/mnt/disk3/lty/JLeaks/data/classfile/bug-9-5d03b5ba3c2faa3099239a098556f9f36519cfd59a155d82166d9729ee97c9f8.class</Jar>
  </Project>
  <Errors errors="0" missingClasses="1">
    <MissingClass>com.alibaba.nacos.common.utils.StringUtils</MissingClass>
  </Errors>
  <FindBugsSummary timestamp="Sat, 28 Oct 2023 14:38:30 +0800" total_classes="1" referenced_classes="42" total_bugs="0" total_size="145" num_packages="1" java_version="1.8.0_382" vm_version="25.382-b05" cpu_seconds="50.23" clock_seconds="4.82" peak_mbytes="409.19" alloc_mbytes="1820.50" gc_seconds="0.23">
    <PackageStats package="com.alibaba.nacos.common.utils" total_bugs="0" total_types="1" total_size="145">
      <ClassStats class="com.alibaba.nacos.common.utils.IoUtils" sourceFile="IoUtils.java" interface="false" size="145" bugs="0"/>
    </PackageStats>
    <FindBugsProfile>
      <ClassProfile name="edu.umd.cs.findbugs.classfile.engine.ClassInfoAnalysisEngine" totalMilliseconds="637" invocations="495" avgMicrosecondsPerInvocation="1287" maxMicrosecondsPerInvocation="56066" standardDeviationMicrosecondsPerInvocation="3155"/>
      <ClassProfile name="edu.umd.cs.findbugs.detect.OverridingEqualsNotSymmetrical" totalMilliseconds="291" invocations="42" avgMicrosecondsPerInvocation="6930" maxMicrosecondsPerInvocation="230008" standardDeviationMicrosecondsPerInvocation="35144"/>
      <ClassProfile name="edu.umd.cs.findbugs.detect.FieldItemSummary" totalMilliseconds="230" invocations="42" avgMicrosecondsPerInvocation="5476" maxMicrosecondsPerInvocation="34899" standardDeviationMicrosecondsPerInvocation="8162"/>
      <ClassProfile name="edu.umd.cs.findbugs.detect.FindNoSideEffectMethods" totalMilliseconds="219" invocations="42" avgMicrosecondsPerInvocation="5220" maxMicrosecondsPerInvocation="35134" standardDeviationMicrosecondsPerInvocation="6948"/>
      <ClassProfile name="edu.umd.cs.findbugs.OpcodeStack$JumpInfoFactory" totalMilliseconds="128" invocations="192" avgMicrosecondsPerInvocation="669" maxMicrosecondsPerInvocation="13303" standardDeviationMicrosecondsPerInvocation="1322"/>
      <ClassProfile name="edu.umd.cs.findbugs.classfile.engine.bcel.MethodGenFactory" totalMilliseconds="111" invocations="18" avgMicrosecondsPerInvocation="6210" maxMicrosecondsPerInvocation="92806" standardDeviationMicrosecondsPerInvocation="21010"/>
      <ClassProfile name="edu.umd.cs.findbugs.classfile.engine.bcel.IsNullValueDataflowFactory" totalMilliseconds="102" invocations="18" avgMicrosecondsPerInvocation="5684" maxMicrosecondsPerInvocation="28195" standardDeviationMicrosecondsPerInvocation="6410"/>
      <ClassProfile name="edu.umd.cs.findbugs.classfile.engine.ClassDataAnalysisEngine" totalMilliseconds="100" invocations="498" avgMicrosecondsPerInvocation="201" maxMicrosecondsPerInvocation="4117" standardDeviationMicrosecondsPerInvocation="241"/>
      <ClassProfile name="edu.umd.cs.findbugs.classfile.engine.bcel.TypeDataflowFactory" totalMilliseconds="96" invocations="19" avgMicrosecondsPerInvocation="5073" maxMicrosecondsPerInvocation="27059" standardDeviationMicrosecondsPerInvocation="6403"/>
      <ClassProfile name="edu.umd.cs.findbugs.classfile.engine.bcel.JavaClassAnalysisEngine" totalMilliseconds="91" invocations="79" avgMicrosecondsPerInvocation="1162" maxMicrosecondsPerInvocation="42666" standardDeviationMicrosecondsPerInvocation="4815"/>
      <ClassProfile name="edu.umd.cs.findbugs.util.TopologicalSort" totalMilliseconds="88" invocations="457" avgMicrosecondsPerInvocation="194" maxMicrosecondsPerInvocation="4158" standardDeviationMicrosecondsPerInvocation="344"/>
      <ClassProfile name="edu.umd.cs.findbugs.detect.NoteDirectlyRelevantTypeQualifiers" totalMilliseconds="88" invocations="42" avgMicrosecondsPerInvocation="2109" maxMicrosecondsPerInvocation="25829" standardDeviationMicrosecondsPerInvocation="4166"/>
      <ClassProfile name="edu.umd.cs.findbugs.detect.FunctionsThatMightBeMistakenForProcedures" totalMilliseconds="81" invocations="42" avgMicrosecondsPerInvocation="1943" maxMicrosecondsPerInvocation="20131" standardDeviationMicrosecondsPerInvocation="3886"/>
      <ClassProfile name="edu.umd.cs.findbugs.classfile.engine.bcel.ValueNumberDataflowFactory" totalMilliseconds="80" invocations="19" avgMicrosecondsPerInvocation="4228" maxMicrosecondsPerInvocation="37021" standardDeviationMicrosecondsPerInvocation="7937"/>
      <ClassProfile name="edu.umd.cs.findbugs.classfile.engine.bcel.CFGFactory" totalMilliseconds="75" invocations="18" avgMicrosecondsPerInvocation="4202" maxMicrosecondsPerInvocation="33755" standardDeviationMicrosecondsPerInvocation="7550"/>
      <ClassProfile name="edu.umd.cs.findbugs.classfile.engine.bcel.UnconditionalValueDerefDataflowFactory" totalMilliseconds="70" invocations="18" avgMicrosecondsPerInvocation="3911" maxMicrosecondsPerInvocation="15558" standardDeviationMicrosecondsPerInvocation="4375"/>
      <ClassProfile name="edu.umd.cs.findbugs.detect.BuildStringPassthruGraph" totalMilliseconds="60" invocations="42" avgMicrosecondsPerInvocation="1447" maxMicrosecondsPerInvocation="28377" standardDeviationMicrosecondsPerInvocation="4336"/>
      <ClassProfile name="edu.umd.cs.findbugs.ba.npe.NullDerefAndRedundantComparisonFinder" totalMilliseconds="56" invocations="18" avgMicrosecondsPerInvocation="3127" maxMicrosecondsPerInvocation="9134" standardDeviationMicrosecondsPerInvocation="2413"/>
      <ClassProfile name="edu.umd.cs.findbugs.detect.CalledMethods" totalMilliseconds="51" invocations="42" avgMicrosecondsPerInvocation="1233" maxMicrosecondsPerInvocation="9020" standardDeviationMicrosecondsPerInvocation="1783"/>
      <ClassProfile name="edu.umd.cs.findbugs.detect.BuildObligationPolicyDatabase" totalMilliseconds="48" invocations="42" avgMicrosecondsPerInvocation="1151" maxMicrosecondsPerInvocation="7185" standardDeviationMicrosecondsPerInvocation="1522"/>
      <ClassProfile name="edu.umd.cs.findbugs.detect.FindOpenStream" totalMilliseconds="44" invocations="1" avgMicrosecondsPerInvocation="44936" maxMicrosecondsPerInvocation="44936" standardDeviationMicrosecondsPerInvocation="0"/>
    </FindBugsProfile>
  </FindBugsSummary>
  <ClassFeatures></ClassFeatures>
  <History></History>
</BugCollection>
