<?xml version="1.0" encoding="UTF-8"?>

<BugCollection version="4.7.3" sequence="0" timestamp="1698475189604" analysisTimestamp="1698513220523" release="">
  <Project projectName="">
    <Jar>/mnt/disk3/lty/JLeaks/data/classfile/bug-665-5b7a2c243c7fae66ff4ac28255d2ab9137a3b0b6a927d088b38ee2d7fe2f35d5.class</Jar>
  </Project>
  <Errors errors="0" missingClasses="3">
    <MissingClass>io.lettuce.core.codec.CompressionCodec$CompressingValueCodecWrapper</MissingClass>
    <MissingClass>io.lettuce.core.codec.RedisCodec</MissingClass>
    <MissingClass>io.lettuce.core.internal.LettuceAssert</MissingClass>
  </Errors>
  <FindBugsSummary timestamp="Sat, 28 Oct 2023 14:39:49 +0800" total_classes="1" referenced_classes="13" total_bugs="0" total_size="22" num_packages="1" java_version="1.8.0_382" vm_version="25.382-b05" cpu_seconds="4.35" clock_seconds="0.59" peak_mbytes="400.55" alloc_mbytes="1820.50" gc_seconds="0.04">
    <PackageStats package="io.lettuce.core.codec" total_bugs="0" total_types="1" total_size="22">
      <ClassStats class="io.lettuce.core.codec.CompressionCodec" sourceFile="CompressionCodec.java" interface="false" size="22" bugs="0"/>
    </PackageStats>
    <FindBugsProfile>
      <ClassProfile name="edu.umd.cs.findbugs.classfile.engine.ClassInfoAnalysisEngine" totalMilliseconds="105" invocations="311" avgMicrosecondsPerInvocation="338" maxMicrosecondsPerInvocation="9276" standardDeviationMicrosecondsPerInvocation="789"/>
      <ClassProfile name="edu.umd.cs.findbugs.detect.FindNoSideEffectMethods" totalMilliseconds="54" invocations="13" avgMicrosecondsPerInvocation="4172" maxMicrosecondsPerInvocation="42739" standardDeviationMicrosecondsPerInvocation="11214"/>
      <ClassProfile name="edu.umd.cs.findbugs.classfile.engine.bcel.MethodGenFactory" totalMilliseconds="19" invocations="4" avgMicrosecondsPerInvocation="4877" maxMicrosecondsPerInvocation="18737" standardDeviationMicrosecondsPerInvocation="8003"/>
      <ClassProfile name="edu.umd.cs.findbugs.detect.FieldItemSummary" totalMilliseconds="18" invocations="13" avgMicrosecondsPerInvocation="1452" maxMicrosecondsPerInvocation="6534" standardDeviationMicrosecondsPerInvocation="2042"/>
      <ClassProfile name="edu.umd.cs.findbugs.OpcodeStack$JumpInfoFactory" totalMilliseconds="16" invocations="65" avgMicrosecondsPerInvocation="249" maxMicrosecondsPerInvocation="1907" standardDeviationMicrosecondsPerInvocation="323"/>
      <ClassProfile name="edu.umd.cs.findbugs.classfile.engine.bcel.JavaClassAnalysisEngine" totalMilliseconds="15" invocations="29" avgMicrosecondsPerInvocation="533" maxMicrosecondsPerInvocation="8545" standardDeviationMicrosecondsPerInvocation="1599"/>
      <ClassProfile name="edu.umd.cs.findbugs.util.TopologicalSort" totalMilliseconds="13" invocations="275" avgMicrosecondsPerInvocation="49" maxMicrosecondsPerInvocation="924" standardDeviationMicrosecondsPerInvocation="94"/>
    </FindBugsProfile>
  </FindBugsSummary>
  <ClassFeatures></ClassFeatures>
  <History></History>
</BugCollection>
