<?xml version="1.0" encoding="UTF-8"?>

<BugCollection version="4.7.3" sequence="0" timestamp="1698475172705" analysisTimestamp="1698512726613" release="">
  <Project projectName="">
    <Jar>/mnt/disk3/lty/JLeaks/data/classfile/bug-539-53d56404b2ed2bff38eaa16c558e985170f5eb2d1061cf83e77ba5c704eaaace.class</Jar>
  </Project>
  <BugInstance type="OS_OPEN_STREAM_EXCEPTION_PATH" priority="3" rank="19" abbrev="OS" category="BAD_PRACTICE">
    <Class classname="spoon.support.compiler.ZipFolder">
      <SourceLine classname="spoon.support.compiler.ZipFolder" start="45" end="208" sourcefile="ZipFolder.java" sourcepath="spoon/support/compiler/ZipFolder.java"/>
    </Class>
    <Method classname="spoon.support.compiler.ZipFolder" name="extract" signature="(Ljava/io/File;)V" isStatic="false">
      <SourceLine classname="spoon.support.compiler.ZipFolder" start="178" end="208" startBytecode="0" endBytecode="87" sourcefile="ZipFolder.java" sourcepath="spoon/support/compiler/ZipFolder.java"/>
    </Method>
    <Type descriptor="Ljava/io/InputStream;" role="TYPE_CLOSEIT">
      <SourceLine classname="java.io.InputStream" start="45" end="364" sourcefile="InputStream.java" sourcepath="java/io/InputStream.java"/>
    </Type>
    <SourceLine classname="spoon.support.compiler.ZipFolder" start="180" end="180" startBytecode="2" endBytecode="2" sourcefile="ZipFolder.java" sourcepath="spoon/support/compiler/ZipFolder.java"/>
  </BugInstance>
  <BugInstance type="OS_OPEN_STREAM_EXCEPTION_PATH" priority="3" rank="19" abbrev="OS" category="BAD_PRACTICE">
    <Class classname="spoon.support.compiler.ZipFolder">
      <SourceLine classname="spoon.support.compiler.ZipFolder" start="45" end="208" sourcefile="ZipFolder.java" sourcepath="spoon/support/compiler/ZipFolder.java"/>
    </Class>
    <Method classname="spoon.support.compiler.ZipFolder" name="extract" signature="(Ljava/io/File;)V" isStatic="false">
      <SourceLine classname="spoon.support.compiler.ZipFolder" start="178" end="208" startBytecode="0" endBytecode="87" sourcefile="ZipFolder.java" sourcepath="spoon/support/compiler/ZipFolder.java"/>
    </Method>
    <Type descriptor="Ljava/io/OutputStream;" role="TYPE_CLOSEIT">
      <SourceLine classname="java.io.OutputStream" start="46" end="152" sourcefile="OutputStream.java" sourcepath="java/io/OutputStream.java"/>
    </Type>
    <SourceLine classname="spoon.support.compiler.ZipFolder" start="195" end="195" startBytecode="103" endBytecode="103" sourcefile="ZipFolder.java" sourcepath="spoon/support/compiler/ZipFolder.java"/>
  </BugInstance>
  <BugInstance type="OS_OPEN_STREAM_EXCEPTION_PATH" priority="3" rank="19" abbrev="OS" category="BAD_PRACTICE">
    <Class classname="spoon.support.compiler.ZipFolder">
      <SourceLine classname="spoon.support.compiler.ZipFolder" start="45" end="208" sourcefile="ZipFolder.java" sourcepath="spoon/support/compiler/ZipFolder.java"/>
    </Class>
    <Method classname="spoon.support.compiler.ZipFolder" name="getFiles" signature="()Ljava/util/List;" isStatic="false">
      <SourceLine classname="spoon.support.compiler.ZipFolder" start="73" end="103" startBytecode="0" endBytecode="80" sourcefile="ZipFolder.java" sourcepath="spoon/support/compiler/ZipFolder.java"/>
    </Method>
    <Type descriptor="Ljava/io/InputStream;" role="TYPE_CLOSEIT">
      <SourceLine classname="java.io.InputStream" start="45" end="364" sourcefile="InputStream.java" sourcepath="java/io/InputStream.java"/>
    </Type>
    <SourceLine classname="spoon.support.compiler.ZipFolder" start="77" end="77" startBytecode="20" endBytecode="20" sourcefile="ZipFolder.java" sourcepath="spoon/support/compiler/ZipFolder.java"/>
  </BugInstance>
  <Errors errors="0" missingClasses="6">
    <MissingClass>org.apache.log4j.Logger</MissingClass>
    <MissingClass>spoon.Launcher</MissingClass>
    <MissingClass>spoon.compiler.SpoonFile</MissingClass>
    <MissingClass>spoon.compiler.SpoonFolder</MissingClass>
    <MissingClass>spoon.compiler.SpoonResourceHelper</MissingClass>
    <MissingClass>spoon.support.compiler.ZipFile</MissingClass>
  </Errors>
  <FindBugsSummary timestamp="Sat, 28 Oct 2023 14:39:32 +0800" total_classes="1" referenced_classes="27" total_bugs="3" total_size="93" num_packages="1" java_version="1.8.0_382" vm_version="25.382-b05" cpu_seconds="7.54" clock_seconds="0.80" peak_mbytes="407.63" alloc_mbytes="1820.50" gc_seconds="0.04" priority_3="3">
    <PackageStats package="spoon.support.compiler" total_bugs="3" total_types="1" total_size="93" priority_3="3">
      <ClassStats class="spoon.support.compiler.ZipFolder" sourceFile="ZipFolder.java" interface="false" size="93" bugs="3" priority_3="3"/>
    </PackageStats>
    <FindBugsProfile>
      <ClassProfile name="edu.umd.cs.findbugs.classfile.engine.ClassInfoAnalysisEngine" totalMilliseconds="118" invocations="395" avgMicrosecondsPerInvocation="298" maxMicrosecondsPerInvocation="10797" standardDeviationMicrosecondsPerInvocation="731"/>
      <ClassProfile name="edu.umd.cs.findbugs.detect.BuildObligationPolicyDatabase" totalMilliseconds="50" invocations="27" avgMicrosecondsPerInvocation="1887" maxMicrosecondsPerInvocation="45165" standardDeviationMicrosecondsPerInvocation="8492"/>
      <ClassProfile name="edu.umd.cs.findbugs.detect.FieldItemSummary" totalMilliseconds="27" invocations="27" avgMicrosecondsPerInvocation="1017" maxMicrosecondsPerInvocation="6572" standardDeviationMicrosecondsPerInvocation="1503"/>
      <ClassProfile name="edu.umd.cs.findbugs.OpcodeStack$JumpInfoFactory" totalMilliseconds="21" invocations="108" avgMicrosecondsPerInvocation="199" maxMicrosecondsPerInvocation="1836" standardDeviationMicrosecondsPerInvocation="266"/>
      <ClassProfile name="edu.umd.cs.findbugs.detect.FindNoSideEffectMethods" totalMilliseconds="20" invocations="27" avgMicrosecondsPerInvocation="762" maxMicrosecondsPerInvocation="3307" standardDeviationMicrosecondsPerInvocation="898"/>
      <ClassProfile name="edu.umd.cs.findbugs.classfile.engine.bcel.ValueNumberDataflowFactory" totalMilliseconds="20" invocations="19" avgMicrosecondsPerInvocation="1071" maxMicrosecondsPerInvocation="7875" standardDeviationMicrosecondsPerInvocation="2189"/>
      <ClassProfile name="edu.umd.cs.findbugs.classfile.engine.bcel.MethodGenFactory" totalMilliseconds="19" invocations="18" avgMicrosecondsPerInvocation="1081" maxMicrosecondsPerInvocation="17385" standardDeviationMicrosecondsPerInvocation="3957"/>
      <ClassProfile name="edu.umd.cs.findbugs.classfile.engine.bcel.IsNullValueDataflowFactory" totalMilliseconds="18" invocations="18" avgMicrosecondsPerInvocation="1012" maxMicrosecondsPerInvocation="4502" standardDeviationMicrosecondsPerInvocation="1475"/>
      <ClassProfile name="edu.umd.cs.findbugs.classfile.engine.bcel.TypeDataflowFactory" totalMilliseconds="18" invocations="19" avgMicrosecondsPerInvocation="952" maxMicrosecondsPerInvocation="6462" standardDeviationMicrosecondsPerInvocation="1816"/>
      <ClassProfile name="edu.umd.cs.findbugs.classfile.engine.bcel.JavaClassAnalysisEngine" totalMilliseconds="17" invocations="56" avgMicrosecondsPerInvocation="310" maxMicrosecondsPerInvocation="8620" standardDeviationMicrosecondsPerInvocation="1158"/>
      <ClassProfile name="edu.umd.cs.findbugs.classfile.engine.bcel.UnconditionalValueDerefDataflowFactory" totalMilliseconds="16" invocations="18" avgMicrosecondsPerInvocation="911" maxMicrosecondsPerInvocation="9642" standardDeviationMicrosecondsPerInvocation="2193"/>
      <ClassProfile name="edu.umd.cs.findbugs.util.TopologicalSort" totalMilliseconds="15" invocations="356" avgMicrosecondsPerInvocation="43" maxMicrosecondsPerInvocation="976" standardDeviationMicrosecondsPerInvocation="92"/>
      <ClassProfile name="edu.umd.cs.findbugs.classfile.engine.bcel.CFGFactory" totalMilliseconds="14" invocations="18" avgMicrosecondsPerInvocation="803" maxMicrosecondsPerInvocation="8253" standardDeviationMicrosecondsPerInvocation="1882"/>
      <ClassProfile name="edu.umd.cs.findbugs.detect.NoteDirectlyRelevantTypeQualifiers" totalMilliseconds="12" invocations="27" avgMicrosecondsPerInvocation="463" maxMicrosecondsPerInvocation="4781" standardDeviationMicrosecondsPerInvocation="906"/>
    </FindBugsProfile>
  </FindBugsSummary>
  <ClassFeatures></ClassFeatures>
  <History></History>
</BugCollection>
