<?xml version="1.0" encoding="UTF-8"?>

<BugCollection version="4.7.3" sequence="0" timestamp="1698475227710" analysisTimestamp="1698515991545" release="">
  <Project projectName="">
    <Jar>/mnt/disk3/lty/JLeaks/data/classfile/bug-930-ca2f1497c633c5c34b6d61dd5b2b07b56905796b02ab1a54158a83f382a1c767.class</Jar>
  </Project>
  <BugInstance type="OS_OPEN_STREAM" priority="2" rank="16" abbrev="OS" category="BAD_PRACTICE">
    <Class classname="org.springframework.boot.loader.tools.RunProcess">
      <SourceLine classname="org.springframework.boot.loader.tools.RunProcess" start="40" end="213" sourcefile="RunProcess.java" sourcepath="org/springframework/boot/loader/tools/RunProcess.java"/>
    </Class>
    <Method classname="org.springframework.boot.loader.tools.RunProcess" name="redirectOutput" signature="(Ljava/lang/Process;)V" isStatic="false">
      <SourceLine classname="org.springframework.boot.loader.tools.RunProcess" start="150" end="166" startBytecode="0" endBytecode="15" sourcefile="RunProcess.java" sourcepath="org/springframework/boot/loader/tools/RunProcess.java"/>
    </Method>
    <Type descriptor="Ljava/io/Reader;" role="TYPE_CLOSEIT">
      <SourceLine classname="java.io.Reader" start="66" end="249" sourcefile="Reader.java" sourcepath="java/io/Reader.java"/>
    </Type>
    <SourceLine classname="org.springframework.boot.loader.tools.RunProcess" start="150" end="150" startBytecode="0" endBytecode="0" sourcefile="RunProcess.java" sourcepath="org/springframework/boot/loader/tools/RunProcess.java"/>
  </BugInstance>
  <Errors errors="0" missingClasses="2">
    <MissingClass>org.springframework.boot.loader.tools.SignalUtils</MissingClass>
    <MissingClass>org.springframework.util.ReflectionUtils</MissingClass>
  </Errors>
  <FindBugsSummary timestamp="Sat, 28 Oct 2023 14:40:27 +0800" total_classes="1" referenced_classes="34" total_bugs="1" total_size="100" num_packages="1" java_version="1.8.0_382" vm_version="25.382-b05" cpu_seconds="8.22" clock_seconds="0.84" peak_mbytes="407.26" alloc_mbytes="1820.50" gc_seconds="0.04" priority_2="1">
    <PackageStats package="org.springframework.boot.loader.tools" total_bugs="1" total_types="1" total_size="100" priority_2="1">
      <ClassStats class="org.springframework.boot.loader.tools.RunProcess" sourceFile="RunProcess.java" interface="false" size="100" bugs="1" priority_2="1"/>
    </PackageStats>
    <FindBugsProfile>
      <ClassProfile name="edu.umd.cs.findbugs.classfile.engine.ClassInfoAnalysisEngine" totalMilliseconds="140" invocations="468" avgMicrosecondsPerInvocation="300" maxMicrosecondsPerInvocation="11957" standardDeviationMicrosecondsPerInvocation="748"/>
      <ClassProfile name="edu.umd.cs.findbugs.detect.BuildStringPassthruGraph" totalMilliseconds="48" invocations="34" avgMicrosecondsPerInvocation="1433" maxMicrosecondsPerInvocation="41163" standardDeviationMicrosecondsPerInvocation="6931"/>
      <ClassProfile name="edu.umd.cs.findbugs.detect.FieldItemSummary" totalMilliseconds="38" invocations="34" avgMicrosecondsPerInvocation="1127" maxMicrosecondsPerInvocation="6759" standardDeviationMicrosecondsPerInvocation="1515"/>
      <ClassProfile name="edu.umd.cs.findbugs.detect.FindNoSideEffectMethods" totalMilliseconds="32" invocations="34" avgMicrosecondsPerInvocation="945" maxMicrosecondsPerInvocation="4031" standardDeviationMicrosecondsPerInvocation="1016"/>
      <ClassProfile name="edu.umd.cs.findbugs.OpcodeStack$JumpInfoFactory" totalMilliseconds="24" invocations="179" avgMicrosecondsPerInvocation="134" maxMicrosecondsPerInvocation="1983" standardDeviationMicrosecondsPerInvocation="214"/>
      <ClassProfile name="edu.umd.cs.findbugs.classfile.engine.bcel.JavaClassAnalysisEngine" totalMilliseconds="20" invocations="64" avgMicrosecondsPerInvocation="316" maxMicrosecondsPerInvocation="9874" standardDeviationMicrosecondsPerInvocation="1235"/>
      <ClassProfile name="edu.umd.cs.findbugs.classfile.engine.bcel.MethodGenFactory" totalMilliseconds="19" invocations="14" avgMicrosecondsPerInvocation="1398" maxMicrosecondsPerInvocation="17006" standardDeviationMicrosecondsPerInvocation="4333"/>
      <ClassProfile name="edu.umd.cs.findbugs.util.TopologicalSort" totalMilliseconds="17" invocations="430" avgMicrosecondsPerInvocation="40" maxMicrosecondsPerInvocation="1123" standardDeviationMicrosecondsPerInvocation="89"/>
      <ClassProfile name="edu.umd.cs.findbugs.classfile.engine.bcel.ValueNumberDataflowFactory" totalMilliseconds="17" invocations="15" avgMicrosecondsPerInvocation="1165" maxMicrosecondsPerInvocation="6802" standardDeviationMicrosecondsPerInvocation="2101"/>
      <ClassProfile name="edu.umd.cs.findbugs.classfile.engine.bcel.TypeDataflowFactory" totalMilliseconds="15" invocations="15" avgMicrosecondsPerInvocation="1059" maxMicrosecondsPerInvocation="5163" standardDeviationMicrosecondsPerInvocation="1627"/>
      <ClassProfile name="edu.umd.cs.findbugs.detect.NoteDirectlyRelevantTypeQualifiers" totalMilliseconds="14" invocations="34" avgMicrosecondsPerInvocation="427" maxMicrosecondsPerInvocation="4864" standardDeviationMicrosecondsPerInvocation="831"/>
      <ClassProfile name="edu.umd.cs.findbugs.classfile.engine.bcel.CFGFactory" totalMilliseconds="13" invocations="14" avgMicrosecondsPerInvocation="971" maxMicrosecondsPerInvocation="7682" standardDeviationMicrosecondsPerInvocation="1948"/>
      <ClassProfile name="edu.umd.cs.findbugs.classfile.engine.bcel.IsNullValueDataflowFactory" totalMilliseconds="12" invocations="14" avgMicrosecondsPerInvocation="880" maxMicrosecondsPerInvocation="4000" standardDeviationMicrosecondsPerInvocation="1048"/>
      <ClassProfile name="edu.umd.cs.findbugs.detect.FunctionsThatMightBeMistakenForProcedures" totalMilliseconds="12" invocations="34" avgMicrosecondsPerInvocation="354" maxMicrosecondsPerInvocation="2578" standardDeviationMicrosecondsPerInvocation="547"/>
      <ClassProfile name="edu.umd.cs.findbugs.classfile.engine.ClassDataAnalysisEngine" totalMilliseconds="11" invocations="470" avgMicrosecondsPerInvocation="25" maxMicrosecondsPerInvocation="464" standardDeviationMicrosecondsPerInvocation="34"/>
      <ClassProfile name="edu.umd.cs.findbugs.detect.OverridingEqualsNotSymmetrical" totalMilliseconds="11" invocations="34" avgMicrosecondsPerInvocation="341" maxMicrosecondsPerInvocation="6322" standardDeviationMicrosecondsPerInvocation="1056"/>
    </FindBugsProfile>
  </FindBugsSummary>
  <ClassFeatures></ClassFeatures>
  <History></History>
</BugCollection>
