<?xml version="1.0" encoding="UTF-8"?>

<BugCollection version="4.7.3" sequence="0" timestamp="1698475125435" analysisTimestamp="1698508990806" release="">
  <Project projectName="">
    <Jar>/mnt/disk3/lty/JLeaks/data/classfile/bug-147-638db2ef304820ecb072534d1c4aa929762c873ae1d7e5d7df96eed8bd5ec2a3.class</Jar>
  </Project>
  <Errors errors="0" missingClasses="12">
    <MissingClass>com.baidu.hugegraph.HugeException</MissingClass>
    <MissingClass>com.baidu.hugegraph.backend.id.Id</MissingClass>
    <MissingClass>com.baidu.hugegraph.backend.query.IdQuery</MissingClass>
    <MissingClass>com.baidu.hugegraph.backend.query.Query</MissingClass>
    <MissingClass>com.baidu.hugegraph.backend.query.QueryResults$EmptyIterator</MissingClass>
    <MissingClass>com.baidu.hugegraph.iterator.FlatMapperIterator</MissingClass>
    <MissingClass>com.baidu.hugegraph.iterator.ListIterator</MissingClass>
    <MissingClass>com.baidu.hugegraph.iterator.MapperIterator</MissingClass>
    <MissingClass>com.baidu.hugegraph.type.Idfiable</MissingClass>
    <MissingClass>com.baidu.hugegraph.util.E</MissingClass>
    <MissingClass>com.baidu.hugegraph.util.InsertionOrderUtil</MissingClass>
    <MissingClass>org.apache.tinkerpop.gremlin.structure.util.CloseableIterator</MissingClass>
  </Errors>
  <FindBugsSummary timestamp="Sat, 28 Oct 2023 14:38:45 +0800" total_classes="1" referenced_classes="25" total_bugs="0" total_size="133" num_packages="1" java_version="1.8.0_382" vm_version="25.382-b05" cpu_seconds="7.95" clock_seconds="0.84" peak_mbytes="408.01" alloc_mbytes="1820.50" gc_seconds="0.04">
    <PackageStats package="com.baidu.hugegraph.backend.query" total_bugs="0" total_types="1" total_size="133">
      <ClassStats class="com.baidu.hugegraph.backend.query.QueryResults" sourceFile="QueryResults.java" interface="false" size="133" bugs="0"/>
    </PackageStats>
    <FindBugsProfile>
      <ClassProfile name="edu.umd.cs.findbugs.classfile.engine.ClassInfoAnalysisEngine" totalMilliseconds="124" invocations="445" avgMicrosecondsPerInvocation="279" maxMicrosecondsPerInvocation="12812" standardDeviationMicrosecondsPerInvocation="770"/>
      <ClassProfile name="edu.umd.cs.findbugs.classfile.engine.bcel.JavaClassAnalysisEngine" totalMilliseconds="59" invocations="52" avgMicrosecondsPerInvocation="1143" maxMicrosecondsPerInvocation="40850" standardDeviationMicrosecondsPerInvocation="5696"/>
      <ClassProfile name="edu.umd.cs.findbugs.detect.FieldItemSummary" totalMilliseconds="32" invocations="25" avgMicrosecondsPerInvocation="1301" maxMicrosecondsPerInvocation="6446" standardDeviationMicrosecondsPerInvocation="1710"/>
      <ClassProfile name="edu.umd.cs.findbugs.classfile.engine.bcel.TypeDataflowFactory" totalMilliseconds="28" invocations="30" avgMicrosecondsPerInvocation="936" maxMicrosecondsPerInvocation="5780" standardDeviationMicrosecondsPerInvocation="1102"/>
      <ClassProfile name="edu.umd.cs.findbugs.OpcodeStack$JumpInfoFactory" totalMilliseconds="26" invocations="149" avgMicrosecondsPerInvocation="180" maxMicrosecondsPerInvocation="1819" standardDeviationMicrosecondsPerInvocation="236"/>
      <ClassProfile name="edu.umd.cs.findbugs.detect.FindNoSideEffectMethods" totalMilliseconds="24" invocations="25" avgMicrosecondsPerInvocation="975" maxMicrosecondsPerInvocation="3866" standardDeviationMicrosecondsPerInvocation="1073"/>
      <ClassProfile name="edu.umd.cs.findbugs.classfile.engine.bcel.ValueNumberDataflowFactory" totalMilliseconds="23" invocations="30" avgMicrosecondsPerInvocation="777" maxMicrosecondsPerInvocation="7053" standardDeviationMicrosecondsPerInvocation="1226"/>
      <ClassProfile name="edu.umd.cs.findbugs.classfile.engine.bcel.IsNullValueDataflowFactory" totalMilliseconds="20" invocations="24" avgMicrosecondsPerInvocation="869" maxMicrosecondsPerInvocation="5284" standardDeviationMicrosecondsPerInvocation="1036"/>
      <ClassProfile name="edu.umd.cs.findbugs.classfile.engine.bcel.MethodGenFactory" totalMilliseconds="19" invocations="24" avgMicrosecondsPerInvocation="829" maxMicrosecondsPerInvocation="17011" standardDeviationMicrosecondsPerInvocation="3375"/>
      <ClassProfile name="edu.umd.cs.findbugs.util.TopologicalSort" totalMilliseconds="16" invocations="397" avgMicrosecondsPerInvocation="41" maxMicrosecondsPerInvocation="885" standardDeviationMicrosecondsPerInvocation="82"/>
      <ClassProfile name="edu.umd.cs.findbugs.classfile.engine.bcel.CFGFactory" totalMilliseconds="15" invocations="24" avgMicrosecondsPerInvocation="651" maxMicrosecondsPerInvocation="7067" standardDeviationMicrosecondsPerInvocation="1359"/>
      <ClassProfile name="edu.umd.cs.findbugs.classfile.engine.bcel.UnconditionalValueDerefDataflowFactory" totalMilliseconds="15" invocations="24" avgMicrosecondsPerInvocation="641" maxMicrosecondsPerInvocation="1860" standardDeviationMicrosecondsPerInvocation="547"/>
      <ClassProfile name="edu.umd.cs.findbugs.detect.NoteDirectlyRelevantTypeQualifiers" totalMilliseconds="12" invocations="25" avgMicrosecondsPerInvocation="510" maxMicrosecondsPerInvocation="4909" standardDeviationMicrosecondsPerInvocation="949"/>
      <ClassProfile name="edu.umd.cs.findbugs.detect.OverridingEqualsNotSymmetrical" totalMilliseconds="11" invocations="25" avgMicrosecondsPerInvocation="443" maxMicrosecondsPerInvocation="6477" standardDeviationMicrosecondsPerInvocation="1247"/>
      <ClassProfile name="edu.umd.cs.findbugs.classfile.engine.ClassDataAnalysisEngine" totalMilliseconds="11" invocations="447" avgMicrosecondsPerInvocation="24" maxMicrosecondsPerInvocation="446" standardDeviationMicrosecondsPerInvocation="32"/>
    </FindBugsProfile>
  </FindBugsSummary>
  <ClassFeatures></ClassFeatures>
  <History></History>
</BugCollection>
