<?xml version="1.0" encoding="UTF-8"?>

<BugCollection version="4.7.3" sequence="0" timestamp="1698475141962" analysisTimestamp="1698510989234" release="">
  <Project projectName="">
    <Jar>/mnt/disk3/lty/JLeaks/data/classfile/bug-291-534ac0e286d0941929d6d42196e844949d1b950ea0bc1a262a340503cc463e1a.class</Jar>
  </Project>
  <BugInstance type="OS_OPEN_STREAM" priority="2" rank="16" abbrev="OS" category="BAD_PRACTICE">
    <Class classname="me.coley.recaf.workspace.JarResource">
      <SourceLine classname="me.coley.recaf.workspace.JarResource" start="25" end="94" sourcefile="JarResource.java" sourcepath="me/coley/recaf/workspace/JarResource.java"/>
    </Class>
    <Method classname="me.coley.recaf.workspace.JarResource" name="loadClasses" signature="()Ljava/util/Map;" isStatic="false">
      <SourceLine classname="me.coley.recaf.workspace.JarResource" start="30" end="50" startBytecode="0" endBytecode="64" sourcefile="JarResource.java" sourcepath="me/coley/recaf/workspace/JarResource.java"/>
    </Method>
    <Type descriptor="Ljava/util/zip/ZipFile;" role="TYPE_CLOSEIT">
      <SourceLine classname="java.util.zip.ZipFile" start="61" end="834" sourcefile="ZipFile.java" sourcepath="java/util/zip/ZipFile.java"/>
    </Type>
    <SourceLine classname="me.coley.recaf.workspace.JarResource" start="32" end="32" startBytecode="8" endBytecode="8" sourcefile="JarResource.java" sourcepath="me/coley/recaf/workspace/JarResource.java"/>
  </BugInstance>
  <BugInstance type="OS_OPEN_STREAM" priority="2" rank="16" abbrev="OS" category="BAD_PRACTICE">
    <Class classname="me.coley.recaf.workspace.JarResource">
      <SourceLine classname="me.coley.recaf.workspace.JarResource" start="25" end="94" sourcefile="JarResource.java" sourcepath="me/coley/recaf/workspace/JarResource.java"/>
    </Class>
    <Method classname="me.coley.recaf.workspace.JarResource" name="loadResources" signature="()Ljava/util/Map;" isStatic="false">
      <SourceLine classname="me.coley.recaf.workspace.JarResource" start="55" end="69" startBytecode="0" endBytecode="44" sourcefile="JarResource.java" sourcepath="me/coley/recaf/workspace/JarResource.java"/>
    </Method>
    <Type descriptor="Ljava/util/zip/ZipFile;" role="TYPE_CLOSEIT">
      <SourceLine classname="java.util.zip.ZipFile" start="61" end="834" sourcefile="ZipFile.java" sourcepath="java/util/zip/ZipFile.java"/>
    </Type>
    <SourceLine classname="me.coley.recaf.workspace.JarResource" start="57" end="57" startBytecode="8" endBytecode="8" sourcefile="JarResource.java" sourcepath="me/coley/recaf/workspace/JarResource.java"/>
  </BugInstance>
  <Errors errors="0" missingClasses="5">
    <MissingClass>me.coley.recaf.workspace.FileSystemResource</MissingClass>
    <MissingClass>me.coley.recaf.workspace.ResourceKind</MissingClass>
    <MissingClass>org.apache.commons.io.IOUtils</MissingClass>
    <MissingClass>org.objectweb.asm.ClassReader</MissingClass>
    <MissingClass>org.pmw.tinylog.Logger</MissingClass>
  </Errors>
  <FindBugsSummary timestamp="Sat, 28 Oct 2023 14:39:01 +0800" total_classes="1" referenced_classes="17" total_bugs="2" total_size="54" num_packages="1" java_version="1.8.0_382" vm_version="25.382-b05" cpu_seconds="5.33" clock_seconds="0.67" peak_mbytes="383.65" alloc_mbytes="1820.50" gc_seconds="0.04" priority_2="2">
    <PackageStats package="me.coley.recaf.workspace" total_bugs="2" total_types="1" total_size="54" priority_2="2">
      <ClassStats class="me.coley.recaf.workspace.JarResource" sourceFile="JarResource.java" interface="false" size="54" bugs="2" priority_2="2"/>
    </PackageStats>
    <FindBugsProfile>
      <ClassProfile name="edu.umd.cs.findbugs.classfile.engine.ClassInfoAnalysisEngine" totalMilliseconds="101" invocations="315" avgMicrosecondsPerInvocation="321" maxMicrosecondsPerInvocation="9540" standardDeviationMicrosecondsPerInvocation="768"/>
      <ClassProfile name="edu.umd.cs.findbugs.detect.FunctionsThatMightBeMistakenForProcedures" totalMilliseconds="49" invocations="17" avgMicrosecondsPerInvocation="2929" maxMicrosecondsPerInvocation="47285" standardDeviationMicrosecondsPerInvocation="11090"/>
      <ClassProfile name="edu.umd.cs.findbugs.OpcodeStack$JumpInfoFactory" totalMilliseconds="20" invocations="64" avgMicrosecondsPerInvocation="321" maxMicrosecondsPerInvocation="2798" standardDeviationMicrosecondsPerInvocation="490"/>
      <ClassProfile name="edu.umd.cs.findbugs.classfile.engine.bcel.MethodGenFactory" totalMilliseconds="17" invocations="5" avgMicrosecondsPerInvocation="3595" maxMicrosecondsPerInvocation="16758" standardDeviationMicrosecondsPerInvocation="6587"/>
      <ClassProfile name="edu.umd.cs.findbugs.classfile.engine.bcel.TypeDataflowFactory" totalMilliseconds="17" invocations="6" avgMicrosecondsPerInvocation="2886" maxMicrosecondsPerInvocation="6438" standardDeviationMicrosecondsPerInvocation="1731"/>
      <ClassProfile name="edu.umd.cs.findbugs.detect.FieldItemSummary" totalMilliseconds="16" invocations="17" avgMicrosecondsPerInvocation="967" maxMicrosecondsPerInvocation="4767" standardDeviationMicrosecondsPerInvocation="1375"/>
      <ClassProfile name="edu.umd.cs.findbugs.classfile.engine.bcel.ValueNumberDataflowFactory" totalMilliseconds="15" invocations="6" avgMicrosecondsPerInvocation="2539" maxMicrosecondsPerInvocation="6982" standardDeviationMicrosecondsPerInvocation="2144"/>
      <ClassProfile name="edu.umd.cs.findbugs.classfile.engine.bcel.JavaClassAnalysisEngine" totalMilliseconds="14" invocations="39" avgMicrosecondsPerInvocation="384" maxMicrosecondsPerInvocation="8418" standardDeviationMicrosecondsPerInvocation="1343"/>
      <ClassProfile name="edu.umd.cs.findbugs.classfile.engine.bcel.IsNullValueDataflowFactory" totalMilliseconds="14" invocations="5" avgMicrosecondsPerInvocation="2944" maxMicrosecondsPerInvocation="8055" standardDeviationMicrosecondsPerInvocation="2904"/>
      <ClassProfile name="edu.umd.cs.findbugs.util.TopologicalSort" totalMilliseconds="14" invocations="281" avgMicrosecondsPerInvocation="50" maxMicrosecondsPerInvocation="754" standardDeviationMicrosecondsPerInvocation="92"/>
      <ClassProfile name="edu.umd.cs.findbugs.classfile.engine.bcel.CFGFactory" totalMilliseconds="13" invocations="5" avgMicrosecondsPerInvocation="2736" maxMicrosecondsPerInvocation="8995" standardDeviationMicrosecondsPerInvocation="3193"/>
      <ClassProfile name="edu.umd.cs.findbugs.detect.FindNoSideEffectMethods" totalMilliseconds="13" invocations="17" avgMicrosecondsPerInvocation="777" maxMicrosecondsPerInvocation="3277" standardDeviationMicrosecondsPerInvocation="1002"/>
      <ClassProfile name="edu.umd.cs.findbugs.detect.FindOpenStream" totalMilliseconds="12" invocations="1" avgMicrosecondsPerInvocation="12805" maxMicrosecondsPerInvocation="12805" standardDeviationMicrosecondsPerInvocation="0"/>
    </FindBugsProfile>
  </FindBugsSummary>
  <ClassFeatures></ClassFeatures>
  <History></History>
</BugCollection>
