<?xml version="1.0" encoding="UTF-8"?>

<BugCollection version="4.7.3" sequence="0" timestamp="1698475135802" analysisTimestamp="1698510793733" release="">
  <Project projectName="">
    <Jar>/mnt/disk3/lty/JLeaks/data/classfile/bug-238-09631b4e2ac7e82476457de0d9d36b7a6d159c5e5acb5db1371d9ed05828b7f7.class</Jar>
  </Project>
  <Errors errors="0" missingClasses="17">
    <MissingClass>com.azure.core.amqp.AmqpEndpointState</MissingClass>
    <MissingClass>com.azure.core.amqp.implementation.AmqpEndpointStateUtil</MissingClass>
    <MissingClass>com.azure.core.amqp.implementation.AmqpReceiveLink</MissingClass>
    <MissingClass>com.azure.core.amqp.implementation.TokenManager</MissingClass>
    <MissingClass>com.azure.core.amqp.implementation.handler.ReceiveLinkHandler</MissingClass>
    <MissingClass>com.azure.core.util.logging.ClientLogger</MissingClass>
    <MissingClass>org.apache.qpid.proton.Proton</MissingClass>
    <MissingClass>org.apache.qpid.proton.engine.Delivery</MissingClass>
    <MissingClass>org.apache.qpid.proton.engine.Receiver</MissingClass>
    <MissingClass>org.apache.qpid.proton.message.Message</MissingClass>
    <MissingClass>reactor.core.Disposable$Composite</MissingClass>
    <MissingClass>reactor.core.Disposables</MissingClass>
    <MissingClass>reactor.core.publisher.EmitterProcessor</MissingClass>
    <MissingClass>reactor.core.publisher.Flux</MissingClass>
    <MissingClass>reactor.core.publisher.FluxSink</MissingClass>
    <MissingClass>reactor.core.publisher.FluxSink$OverflowStrategy</MissingClass>
    <MissingClass>reactor.core.publisher.ReplayProcessor</MissingClass>
  </Errors>
  <FindBugsSummary timestamp="Sat, 28 Oct 2023 14:38:55 +0800" total_classes="1" referenced_classes="21" total_bugs="0" total_size="106" num_packages="1" java_version="1.8.0_382" vm_version="25.382-b05" cpu_seconds="7.12" clock_seconds="0.79" peak_mbytes="416.91" alloc_mbytes="1820.50" gc_seconds="0.04">
    <PackageStats package="com.azure.core.amqp.implementation" total_bugs="0" total_types="1" total_size="106">
      <ClassStats class="com.azure.core.amqp.implementation.ReactorReceiver" sourceFile="ReactorReceiver.java" interface="false" size="106" bugs="0"/>
    </PackageStats>
    <FindBugsProfile>
      <ClassProfile name="edu.umd.cs.findbugs.classfile.engine.ClassInfoAnalysisEngine" totalMilliseconds="123" invocations="385" avgMicrosecondsPerInvocation="321" maxMicrosecondsPerInvocation="13242" standardDeviationMicrosecondsPerInvocation="852"/>
      <ClassProfile name="edu.umd.cs.findbugs.detect.FindNoSideEffectMethods" totalMilliseconds="66" invocations="21" avgMicrosecondsPerInvocation="3172" maxMicrosecondsPerInvocation="45851" standardDeviationMicrosecondsPerInvocation="9609"/>
      <ClassProfile name="edu.umd.cs.findbugs.detect.FieldItemSummary" totalMilliseconds="31" invocations="21" avgMicrosecondsPerInvocation="1515" maxMicrosecondsPerInvocation="6619" standardDeviationMicrosecondsPerInvocation="1884"/>
      <ClassProfile name="edu.umd.cs.findbugs.classfile.engine.bcel.MethodGenFactory" totalMilliseconds="20" invocations="19" avgMicrosecondsPerInvocation="1086" maxMicrosecondsPerInvocation="19021" standardDeviationMicrosecondsPerInvocation="4228"/>
      <ClassProfile name="edu.umd.cs.findbugs.OpcodeStack$JumpInfoFactory" totalMilliseconds="19" invocations="95" avgMicrosecondsPerInvocation="205" maxMicrosecondsPerInvocation="1785" standardDeviationMicrosecondsPerInvocation="287"/>
      <ClassProfile name="edu.umd.cs.findbugs.classfile.engine.bcel.JavaClassAnalysisEngine" totalMilliseconds="17" invocations="54" avgMicrosecondsPerInvocation="331" maxMicrosecondsPerInvocation="8815" standardDeviationMicrosecondsPerInvocation="1206"/>
      <ClassProfile name="edu.umd.cs.findbugs.classfile.engine.bcel.ValueNumberDataflowFactory" totalMilliseconds="15" invocations="19" avgMicrosecondsPerInvocation="813" maxMicrosecondsPerInvocation="10393" standardDeviationMicrosecondsPerInvocation="2268"/>
      <ClassProfile name="edu.umd.cs.findbugs.util.TopologicalSort" totalMilliseconds="15" invocations="329" avgMicrosecondsPerInvocation="46" maxMicrosecondsPerInvocation="955" standardDeviationMicrosecondsPerInvocation="91"/>
      <ClassProfile name="edu.umd.cs.findbugs.classfile.engine.bcel.TypeDataflowFactory" totalMilliseconds="14" invocations="19" avgMicrosecondsPerInvocation="743" maxMicrosecondsPerInvocation="8106" standardDeviationMicrosecondsPerInvocation="1763"/>
      <ClassProfile name="edu.umd.cs.findbugs.classfile.engine.bcel.IsNullValueDataflowFactory" totalMilliseconds="14" invocations="19" avgMicrosecondsPerInvocation="740" maxMicrosecondsPerInvocation="3965" standardDeviationMicrosecondsPerInvocation="984"/>
      <ClassProfile name="edu.umd.cs.findbugs.classfile.engine.bcel.CFGFactory" totalMilliseconds="13" invocations="19" avgMicrosecondsPerInvocation="710" maxMicrosecondsPerInvocation="9599" standardDeviationMicrosecondsPerInvocation="2100"/>
      <ClassProfile name="edu.umd.cs.findbugs.detect.NoteDirectlyRelevantTypeQualifiers" totalMilliseconds="11" invocations="21" avgMicrosecondsPerInvocation="566" maxMicrosecondsPerInvocation="4471" standardDeviationMicrosecondsPerInvocation="942"/>
      <ClassProfile name="edu.umd.cs.findbugs.detect.BuildStringPassthruGraph" totalMilliseconds="11" invocations="21" avgMicrosecondsPerInvocation="557" maxMicrosecondsPerInvocation="4575" standardDeviationMicrosecondsPerInvocation="1190"/>
    </FindBugsProfile>
  </FindBugsSummary>
  <ClassFeatures></ClassFeatures>
  <History></History>
</BugCollection>
