<?xml version="1.0" encoding="UTF-8"?>

<BugCollection version="4.7.3" sequence="0" timestamp="1698475225603" analysisTimestamp="1698515958033" release="">
  <Project projectName="">
    <Jar>/mnt/disk3/lty/JLeaks/data/classfile/bug-916-d1c70ab81a56efecc7df3b74921eb0e6516975c540781e3027a75759e997e1d8.class</Jar>
  </Project>
  <Errors errors="0" missingClasses="4">
    <MissingClass>org.sonar.api.utils.log.Logger</MissingClass>
    <MissingClass>org.sonar.api.utils.log.Loggers</MissingClass>
    <MissingClass>org.sonar.cxx.sensors.compiler.CompilerParser</MissingClass>
    <MissingClass>org.sonar.cxx.sensors.compiler.CompilerParser$Warning</MissingClass>
  </Errors>
  <FindBugsSummary timestamp="Sat, 28 Oct 2023 14:40:25 +0800" total_classes="1" referenced_classes="16" total_bugs="0" total_size="40" num_packages="1" java_version="1.8.0_382" vm_version="25.382-b05" cpu_seconds="5.98" clock_seconds="0.69" peak_mbytes="412.79" alloc_mbytes="1820.50" gc_seconds="0.04">
    <PackageStats package="org.sonar.cxx.sensors.compiler" total_bugs="0" total_types="1" total_size="40">
      <ClassStats class="org.sonar.cxx.sensors.compiler.CxxCompilerVcParser" sourceFile="CxxCompilerVcParser.java" interface="false" size="40" bugs="0"/>
    </PackageStats>
    <FindBugsProfile>
      <ClassProfile name="edu.umd.cs.findbugs.classfile.engine.ClassInfoAnalysisEngine" totalMilliseconds="116" invocations="445" avgMicrosecondsPerInvocation="261" maxMicrosecondsPerInvocation="10262" standardDeviationMicrosecondsPerInvocation="706"/>
      <ClassProfile name="edu.umd.cs.findbugs.detect.FieldItemSummary" totalMilliseconds="70" invocations="16" avgMicrosecondsPerInvocation="4393" maxMicrosecondsPerInvocation="44152" standardDeviationMicrosecondsPerInvocation="10514"/>
      <ClassProfile name="edu.umd.cs.findbugs.OpcodeStack$JumpInfoFactory" totalMilliseconds="24" invocations="113" avgMicrosecondsPerInvocation="220" maxMicrosecondsPerInvocation="1626" standardDeviationMicrosecondsPerInvocation="261"/>
      <ClassProfile name="edu.umd.cs.findbugs.detect.FindNoSideEffectMethods" totalMilliseconds="21" invocations="16" avgMicrosecondsPerInvocation="1335" maxMicrosecondsPerInvocation="7042" standardDeviationMicrosecondsPerInvocation="1897"/>
      <ClassProfile name="edu.umd.cs.findbugs.classfile.engine.bcel.MethodGenFactory" totalMilliseconds="17" invocations="9" avgMicrosecondsPerInvocation="1999" maxMicrosecondsPerInvocation="16596" standardDeviationMicrosecondsPerInvocation="5167"/>
      <ClassProfile name="edu.umd.cs.findbugs.classfile.engine.bcel.JavaClassAnalysisEngine" totalMilliseconds="17" invocations="42" avgMicrosecondsPerInvocation="411" maxMicrosecondsPerInvocation="8375" standardDeviationMicrosecondsPerInvocation="1299"/>
      <ClassProfile name="edu.umd.cs.findbugs.util.TopologicalSort" totalMilliseconds="15" invocations="406" avgMicrosecondsPerInvocation="38" maxMicrosecondsPerInvocation="1179" standardDeviationMicrosecondsPerInvocation="99"/>
      <ClassProfile name="edu.umd.cs.findbugs.classfile.engine.bcel.ValueNumberDataflowFactory" totalMilliseconds="13" invocations="9" avgMicrosecondsPerInvocation="1488" maxMicrosecondsPerInvocation="6504" standardDeviationMicrosecondsPerInvocation="2495"/>
      <ClassProfile name="edu.umd.cs.findbugs.detect.NoteDirectlyRelevantTypeQualifiers" totalMilliseconds="11" invocations="16" avgMicrosecondsPerInvocation="732" maxMicrosecondsPerInvocation="4738" standardDeviationMicrosecondsPerInvocation="1149"/>
      <ClassProfile name="edu.umd.cs.findbugs.classfile.engine.bcel.IsNullValueDataflowFactory" totalMilliseconds="11" invocations="9" avgMicrosecondsPerInvocation="1258" maxMicrosecondsPerInvocation="5100" standardDeviationMicrosecondsPerInvocation="1930"/>
    </FindBugsProfile>
  </FindBugsSummary>
  <ClassFeatures></ClassFeatures>
  <History></History>
</BugCollection>
