<?xml version="1.0" encoding="UTF-8"?>

<BugCollection version="4.7.3" sequence="0" timestamp="1698475145266" analysisTimestamp="1698511040730" release="">
  <Project projectName="">
    <Jar>/mnt/disk3/lty/JLeaks/data/classfile/bug-319-7c7410a1fb3e0cfe67534e9acf3136a6a0eef65eaca9bac8b052b55c67d4d7a7.class</Jar>
  </Project>
  <Errors errors="0" missingClasses="9">
    <MissingClass>cn.hutool.core.io.FileUtil</MissingClass>
    <MissingClass>cn.hutool.core.util.ZipUtil</MissingClass>
    <MissingClass>com.dlink.common.result.Result</MissingClass>
    <MissingClass>com.dlink.dto.CatalogueTaskDTO</MissingClass>
    <MissingClass>com.dlink.model.Catalogue</MissingClass>
    <MissingClass>com.dlink.service.CatalogueService</MissingClass>
    <MissingClass>com.fasterxml.jackson.databind.JsonNode</MissingClass>
    <MissingClass>org.slf4j.LoggerFactory</MissingClass>
    <MissingClass>org.springframework.web.multipart.MultipartFile</MissingClass>
  </Errors>
  <FindBugsSummary timestamp="Sat, 28 Oct 2023 14:39:05 +0800" total_classes="1" referenced_classes="28" total_bugs="0" total_size="117" num_packages="1" java_version="1.8.0_382" vm_version="25.382-b05" cpu_seconds="7.51" clock_seconds="0.82" peak_mbytes="396.77" alloc_mbytes="1820.50" gc_seconds="0.04">
    <PackageStats package="com.dlink.controller" total_bugs="0" total_types="1" total_size="117">
      <ClassStats class="com.dlink.controller.CatalogueController" sourceFile="CatalogueController.java" interface="false" size="117" bugs="0"/>
    </PackageStats>
    <FindBugsProfile>
      <ClassProfile name="edu.umd.cs.findbugs.classfile.engine.ClassInfoAnalysisEngine" totalMilliseconds="157" invocations="424" avgMicrosecondsPerInvocation="371" maxMicrosecondsPerInvocation="41064" standardDeviationMicrosecondsPerInvocation="2160"/>
      <ClassProfile name="edu.umd.cs.findbugs.detect.FieldItemSummary" totalMilliseconds="27" invocations="28" avgMicrosecondsPerInvocation="984" maxMicrosecondsPerInvocation="6420" standardDeviationMicrosecondsPerInvocation="1365"/>
      <ClassProfile name="edu.umd.cs.findbugs.detect.FindNoSideEffectMethods" totalMilliseconds="23" invocations="28" avgMicrosecondsPerInvocation="824" maxMicrosecondsPerInvocation="3897" standardDeviationMicrosecondsPerInvocation="970"/>
      <ClassProfile name="edu.umd.cs.findbugs.classfile.engine.bcel.ValueNumberDataflowFactory" totalMilliseconds="22" invocations="15" avgMicrosecondsPerInvocation="1502" maxMicrosecondsPerInvocation="6547" standardDeviationMicrosecondsPerInvocation="2179"/>
      <ClassProfile name="edu.umd.cs.findbugs.classfile.engine.bcel.MethodGenFactory" totalMilliseconds="21" invocations="15" avgMicrosecondsPerInvocation="1450" maxMicrosecondsPerInvocation="18186" standardDeviationMicrosecondsPerInvocation="4490"/>
      <ClassProfile name="edu.umd.cs.findbugs.classfile.engine.bcel.IsNullValueDataflowFactory" totalMilliseconds="20" invocations="15" avgMicrosecondsPerInvocation="1397" maxMicrosecondsPerInvocation="5030" standardDeviationMicrosecondsPerInvocation="1461"/>
      <ClassProfile name="edu.umd.cs.findbugs.OpcodeStack$JumpInfoFactory" totalMilliseconds="19" invocations="109" avgMicrosecondsPerInvocation="183" maxMicrosecondsPerInvocation="1835" standardDeviationMicrosecondsPerInvocation="243"/>
      <ClassProfile name="edu.umd.cs.findbugs.classfile.engine.bcel.TypeDataflowFactory" totalMilliseconds="19" invocations="15" avgMicrosecondsPerInvocation="1319" maxMicrosecondsPerInvocation="5084" standardDeviationMicrosecondsPerInvocation="1712"/>
      <ClassProfile name="edu.umd.cs.findbugs.classfile.engine.bcel.JavaClassAnalysisEngine" totalMilliseconds="18" invocations="63" avgMicrosecondsPerInvocation="288" maxMicrosecondsPerInvocation="8791" standardDeviationMicrosecondsPerInvocation="1121"/>
      <ClassProfile name="edu.umd.cs.findbugs.classfile.engine.bcel.CFGFactory" totalMilliseconds="15" invocations="15" avgMicrosecondsPerInvocation="1009" maxMicrosecondsPerInvocation="6858" standardDeviationMicrosecondsPerInvocation="1745"/>
      <ClassProfile name="edu.umd.cs.findbugs.util.TopologicalSort" totalMilliseconds="15" invocations="372" avgMicrosecondsPerInvocation="40" maxMicrosecondsPerInvocation="613" standardDeviationMicrosecondsPerInvocation="74"/>
      <ClassProfile name="edu.umd.cs.findbugs.classfile.engine.bcel.UnconditionalValueDerefDataflowFactory" totalMilliseconds="13" invocations="15" avgMicrosecondsPerInvocation="908" maxMicrosecondsPerInvocation="2890" standardDeviationMicrosecondsPerInvocation="924"/>
      <ClassProfile name="edu.umd.cs.findbugs.detect.FindOpenStream" totalMilliseconds="11" invocations="1" avgMicrosecondsPerInvocation="11542" maxMicrosecondsPerInvocation="11542" standardDeviationMicrosecondsPerInvocation="0"/>
      <ClassProfile name="edu.umd.cs.findbugs.detect.NoteDirectlyRelevantTypeQualifiers" totalMilliseconds="11" invocations="28" avgMicrosecondsPerInvocation="399" maxMicrosecondsPerInvocation="4679" standardDeviationMicrosecondsPerInvocation="858"/>
    </FindBugsProfile>
  </FindBugsSummary>
  <ClassFeatures></ClassFeatures>
  <History></History>
</BugCollection>
