<?xml version="1.0" encoding="UTF-8"?>

<BugCollection version="4.7.3" sequence="0" timestamp="1698475121487" analysisTimestamp="1698508814678" release="">
  <Project projectName="">
    <Jar>/mnt/disk3/lty/JLeaks/data/classfile/bug-111-48daa827d9e0ffa76430241a6a48dbd31a37bd180d894321870030aadfe171fc.class</Jar>
  </Project>
  <Errors errors="0" missingClasses="1">
    <MissingClass>com.google.common.base.Preconditions</MissingClass>
  </Errors>
  <FindBugsSummary timestamp="Sat, 28 Oct 2023 14:38:41 +0800" total_classes="1" referenced_classes="30" total_bugs="0" total_size="91" num_packages="1" java_version="1.8.0_382" vm_version="25.382-b05" cpu_seconds="46.80" clock_seconds="4.81" peak_mbytes="408.35" alloc_mbytes="1820.50" gc_seconds="0.22">
    <PackageStats package="org.apache.hadoop.hbase.mapreduce.hadoopbackport" total_bugs="0" total_types="1" total_size="91">
      <ClassStats class="org.apache.hadoop.hbase.mapreduce.hadoopbackport.JarFinder" sourceFile="JarFinder.java" interface="false" size="91" bugs="0"/>
    </PackageStats>
    <FindBugsProfile>
      <ClassProfile name="edu.umd.cs.findbugs.classfile.engine.ClassInfoAnalysisEngine" totalMilliseconds="868" invocations="479" avgMicrosecondsPerInvocation="1812" maxMicrosecondsPerInvocation="229193" standardDeviationMicrosecondsPerInvocation="10922"/>
      <ClassProfile name="edu.umd.cs.findbugs.detect.FieldItemSummary" totalMilliseconds="216" invocations="30" avgMicrosecondsPerInvocation="7221" maxMicrosecondsPerInvocation="30540" standardDeviationMicrosecondsPerInvocation="8187"/>
      <ClassProfile name="edu.umd.cs.findbugs.OpcodeStack$JumpInfoFactory" totalMilliseconds="193" invocations="119" avgMicrosecondsPerInvocation="1628" maxMicrosecondsPerInvocation="18099" standardDeviationMicrosecondsPerInvocation="2482"/>
      <ClassProfile name="edu.umd.cs.findbugs.detect.FindNoSideEffectMethods" totalMilliseconds="189" invocations="30" avgMicrosecondsPerInvocation="6319" maxMicrosecondsPerInvocation="21536" standardDeviationMicrosecondsPerInvocation="5745"/>
      <ClassProfile name="edu.umd.cs.findbugs.classfile.engine.bcel.IsNullValueDataflowFactory" totalMilliseconds="123" invocations="6" avgMicrosecondsPerInvocation="20562" maxMicrosecondsPerInvocation="80913" standardDeviationMicrosecondsPerInvocation="27448"/>
      <ClassProfile name="edu.umd.cs.findbugs.classfile.engine.bcel.MethodGenFactory" totalMilliseconds="110" invocations="6" avgMicrosecondsPerInvocation="18384" maxMicrosecondsPerInvocation="98171" standardDeviationMicrosecondsPerInvocation="35687"/>
      <ClassProfile name="edu.umd.cs.findbugs.classfile.engine.ClassDataAnalysisEngine" totalMilliseconds="105" invocations="482" avgMicrosecondsPerInvocation="218" maxMicrosecondsPerInvocation="4381" standardDeviationMicrosecondsPerInvocation="265"/>
      <ClassProfile name="edu.umd.cs.findbugs.classfile.engine.bcel.JavaClassAnalysisEngine" totalMilliseconds="98" invocations="62" avgMicrosecondsPerInvocation="1591" maxMicrosecondsPerInvocation="51740" standardDeviationMicrosecondsPerInvocation="6570"/>
      <ClassProfile name="edu.umd.cs.findbugs.util.TopologicalSort" totalMilliseconds="95" invocations="443" avgMicrosecondsPerInvocation="215" maxMicrosecondsPerInvocation="4292" standardDeviationMicrosecondsPerInvocation="367"/>
      <ClassProfile name="edu.umd.cs.findbugs.classfile.engine.bcel.TypeDataflowFactory" totalMilliseconds="93" invocations="7" avgMicrosecondsPerInvocation="13363" maxMicrosecondsPerInvocation="24003" standardDeviationMicrosecondsPerInvocation="7239"/>
      <ClassProfile name="edu.umd.cs.findbugs.classfile.engine.bcel.ValueNumberDataflowFactory" totalMilliseconds="79" invocations="7" avgMicrosecondsPerInvocation="11331" maxMicrosecondsPerInvocation="30547" standardDeviationMicrosecondsPerInvocation="8899"/>
      <ClassProfile name="edu.umd.cs.findbugs.ba.npe.NullDerefAndRedundantComparisonFinder" totalMilliseconds="76" invocations="6" avgMicrosecondsPerInvocation="12709" maxMicrosecondsPerInvocation="46624" standardDeviationMicrosecondsPerInvocation="15695"/>
      <ClassProfile name="edu.umd.cs.findbugs.classfile.engine.bcel.CFGFactory" totalMilliseconds="74" invocations="6" avgMicrosecondsPerInvocation="12488" maxMicrosecondsPerInvocation="41865" standardDeviationMicrosecondsPerInvocation="13580"/>
      <ClassProfile name="edu.umd.cs.findbugs.detect.NoteDirectlyRelevantTypeQualifiers" totalMilliseconds="74" invocations="30" avgMicrosecondsPerInvocation="2480" maxMicrosecondsPerInvocation="25772" standardDeviationMicrosecondsPerInvocation="4575"/>
      <ClassProfile name="edu.umd.cs.findbugs.classfile.engine.bcel.UnconditionalValueDerefDataflowFactory" totalMilliseconds="73" invocations="6" avgMicrosecondsPerInvocation="12192" maxMicrosecondsPerInvocation="21314" standardDeviationMicrosecondsPerInvocation="8107"/>
      <ClassProfile name="edu.umd.cs.findbugs.detect.OverridingEqualsNotSymmetrical" totalMilliseconds="69" invocations="30" avgMicrosecondsPerInvocation="2319" maxMicrosecondsPerInvocation="32813" standardDeviationMicrosecondsPerInvocation="5840"/>
      <ClassProfile name="edu.umd.cs.findbugs.detect.FunctionsThatMightBeMistakenForProcedures" totalMilliseconds="67" invocations="30" avgMicrosecondsPerInvocation="2239" maxMicrosecondsPerInvocation="25368" standardDeviationMicrosecondsPerInvocation="4678"/>
      <ClassProfile name="edu.umd.cs.findbugs.detect.BuildStringPassthruGraph" totalMilliseconds="60" invocations="30" avgMicrosecondsPerInvocation="2015" maxMicrosecondsPerInvocation="11902" standardDeviationMicrosecondsPerInvocation="2791"/>
      <ClassProfile name="edu.umd.cs.findbugs.detect.FindOpenStream" totalMilliseconds="46" invocations="1" avgMicrosecondsPerInvocation="46559" maxMicrosecondsPerInvocation="46559" standardDeviationMicrosecondsPerInvocation="0"/>
    </FindBugsProfile>
  </FindBugsSummary>
  <ClassFeatures></ClassFeatures>
  <History></History>
</BugCollection>
