<?xml version="1.0" encoding="UTF-8"?>

<BugCollection version="4.7.3" sequence="0" timestamp="1698475156010" analysisTimestamp="1698512025819" release="">
  <Project projectName="">
    <Jar>/mnt/disk3/lty/JLeaks/data/classfile/bug-407-acfac0a1dd9623c30417034930df1569b4478d5bee97625ddafca1d7b6b2c5bd.class</Jar>
  </Project>
  <Errors errors="0" missingClasses="2">
    <MissingClass>org.apache.lucene.store.BufferedIndexOutput</MissingClass>
    <MissingClass>org.apache.lucene.store.IndexOutput</MissingClass>
  </Errors>
  <FindBugsSummary timestamp="Sat, 28 Oct 2023 14:39:16 +0800" total_classes="1" referenced_classes="5" total_bugs="0" total_size="35" num_packages="1" java_version="1.8.0_382" vm_version="25.382-b05" cpu_seconds="3.53" clock_seconds="0.50" peak_mbytes="378.21" alloc_mbytes="1820.50" gc_seconds="0.04">
    <PackageStats package="org.elasticsearch.common.lucene.store" total_bugs="0" total_types="1" total_size="35">
      <ClassStats class="org.elasticsearch.common.lucene.store.BufferedChecksumIndexOutput" sourceFile="BufferedChecksumIndexOutput.java" interface="false" size="35" bugs="0"/>
    </PackageStats>
    <FindBugsProfile>
      <ClassProfile name="edu.umd.cs.findbugs.classfile.engine.ClassInfoAnalysisEngine" totalMilliseconds="87" invocations="215" avgMicrosecondsPerInvocation="407" maxMicrosecondsPerInvocation="9615" standardDeviationMicrosecondsPerInvocation="954"/>
      <ClassProfile name="edu.umd.cs.findbugs.classfile.engine.bcel.MethodGenFactory" totalMilliseconds="14" invocations="10" avgMicrosecondsPerInvocation="1464" maxMicrosecondsPerInvocation="14042" standardDeviationMicrosecondsPerInvocation="4192"/>
      <ClassProfile name="edu.umd.cs.findbugs.OpcodeStack$JumpInfoFactory" totalMilliseconds="13" invocations="34" avgMicrosecondsPerInvocation="389" maxMicrosecondsPerInvocation="1935" standardDeviationMicrosecondsPerInvocation="455"/>
      <ClassProfile name="edu.umd.cs.findbugs.classfile.engine.bcel.JavaClassAnalysisEngine" totalMilliseconds="12" invocations="18" avgMicrosecondsPerInvocation="672" maxMicrosecondsPerInvocation="8429" standardDeviationMicrosecondsPerInvocation="1933"/>
      <ClassProfile name="edu.umd.cs.findbugs.util.TopologicalSort" totalMilliseconds="11" invocations="186" avgMicrosecondsPerInvocation="63" maxMicrosecondsPerInvocation="746" standardDeviationMicrosecondsPerInvocation="106"/>
    </FindBugsProfile>
  </FindBugsSummary>
  <ClassFeatures></ClassFeatures>
  <History></History>
</BugCollection>
