<?xml version="1.0" encoding="UTF-8"?>

<BugCollection version="4.7.3" sequence="0" timestamp="1698475130247" analysisTimestamp="1698509346480" release="">
  <Project projectName="">
    <Jar>/mnt/disk3/lty/JLeaks/data/classfile/bug-190-60aac3389fbbab6f3543c48eb2575faa2f60959fbb0b5391ea10fb39208d0bf9.class</Jar>
  </Project>
  <Errors errors="0" missingClasses="12">
    <MissingClass>com.google.common.collect.Iterables</MissingClass>
    <MissingClass>com.google.common.collect.Ordering</MissingClass>
    <MissingClass>org.apache.hadoop.hbase.Cell</MissingClass>
    <MissingClass>org.apache.hadoop.hbase.client.Mutation</MissingClass>
    <MissingClass>org.apache.hadoop.hbase.client.Result</MissingClass>
    <MissingClass>org.apache.hadoop.hbase.client.Scan</MissingClass>
    <MissingClass>org.apache.hadoop.hbase.coprocessor.RegionCoprocessorEnvironment</MissingClass>
    <MissingClass>org.apache.hadoop.hbase.regionserver.Region</MissingClass>
    <MissingClass>org.apache.hadoop.hbase.regionserver.RegionScanner</MissingClass>
    <MissingClass>org.apache.phoenix.hbase.index.covered.data.LocalHBaseState</MissingClass>
    <MissingClass>org.apache.phoenix.hbase.index.covered.data.LocalTable$1</MissingClass>
    <MissingClass>org.apache.phoenix.hbase.index.util.IndexManagementUtil</MissingClass>
  </Errors>
  <FindBugsSummary timestamp="Sat, 28 Oct 2023 14:38:50 +0800" total_classes="1" referenced_classes="17" total_bugs="0" total_size="29" num_packages="1" java_version="1.8.0_382" vm_version="25.382-b05" cpu_seconds="29.30" clock_seconds="3.33" peak_mbytes="379.87" alloc_mbytes="1820.50" gc_seconds="0.23">
    <PackageStats package="org.apache.phoenix.hbase.index.covered.data" total_bugs="0" total_types="1" total_size="29">
      <ClassStats class="org.apache.phoenix.hbase.index.covered.data.LocalTable" sourceFile="LocalTable.java" interface="false" size="29" bugs="0"/>
    </PackageStats>
    <FindBugsProfile>
      <ClassProfile name="edu.umd.cs.findbugs.classfile.engine.ClassInfoAnalysisEngine" totalMilliseconds="439" invocations="379" avgMicrosecondsPerInvocation="1160" maxMicrosecondsPerInvocation="37610" standardDeviationMicrosecondsPerInvocation="2603"/>
      <ClassProfile name="edu.umd.cs.findbugs.detect.FieldItemSummary" totalMilliseconds="127" invocations="17" avgMicrosecondsPerInvocation="7473" maxMicrosecondsPerInvocation="30208" standardDeviationMicrosecondsPerInvocation="9662"/>
      <ClassProfile name="edu.umd.cs.findbugs.OpcodeStack$JumpInfoFactory" totalMilliseconds="119" invocations="73" avgMicrosecondsPerInvocation="1633" maxMicrosecondsPerInvocation="22134" standardDeviationMicrosecondsPerInvocation="2936"/>
      <ClassProfile name="edu.umd.cs.findbugs.classfile.engine.bcel.MethodGenFactory" totalMilliseconds="97" invocations="4" avgMicrosecondsPerInvocation="24338" maxMicrosecondsPerInvocation="91164" standardDeviationMicrosecondsPerInvocation="38605"/>
      <ClassProfile name="edu.umd.cs.findbugs.detect.FindNoSideEffectMethods" totalMilliseconds="93" invocations="17" avgMicrosecondsPerInvocation="5505" maxMicrosecondsPerInvocation="22912" standardDeviationMicrosecondsPerInvocation="7010"/>
      <ClassProfile name="edu.umd.cs.findbugs.classfile.engine.ClassDataAnalysisEngine" totalMilliseconds="75" invocations="382" avgMicrosecondsPerInvocation="197" maxMicrosecondsPerInvocation="4464" standardDeviationMicrosecondsPerInvocation="285"/>
      <ClassProfile name="edu.umd.cs.findbugs.classfile.engine.bcel.JavaClassAnalysisEngine" totalMilliseconds="71" invocations="39" avgMicrosecondsPerInvocation="1844" maxMicrosecondsPerInvocation="37828" standardDeviationMicrosecondsPerInvocation="6067"/>
      <ClassProfile name="edu.umd.cs.findbugs.util.TopologicalSort" totalMilliseconds="69" invocations="335" avgMicrosecondsPerInvocation="207" maxMicrosecondsPerInvocation="2776" standardDeviationMicrosecondsPerInvocation="328"/>
      <ClassProfile name="edu.umd.cs.findbugs.classfile.engine.bcel.TypeDataflowFactory" totalMilliseconds="60" invocations="5" avgMicrosecondsPerInvocation="12037" maxMicrosecondsPerInvocation="29521" standardDeviationMicrosecondsPerInvocation="10814"/>
      <ClassProfile name="edu.umd.cs.findbugs.classfile.engine.bcel.ValueNumberDataflowFactory" totalMilliseconds="59" invocations="5" avgMicrosecondsPerInvocation="11840" maxMicrosecondsPerInvocation="37586" standardDeviationMicrosecondsPerInvocation="13660"/>
      <ClassProfile name="edu.umd.cs.findbugs.detect.OverridingEqualsNotSymmetrical" totalMilliseconds="54" invocations="17" avgMicrosecondsPerInvocation="3192" maxMicrosecondsPerInvocation="32020" standardDeviationMicrosecondsPerInvocation="7420"/>
      <ClassProfile name="edu.umd.cs.findbugs.classfile.engine.bcel.CFGFactory" totalMilliseconds="53" invocations="4" avgMicrosecondsPerInvocation="13387" maxMicrosecondsPerInvocation="39175" standardDeviationMicrosecondsPerInvocation="15273"/>
      <ClassProfile name="edu.umd.cs.findbugs.detect.NoteDirectlyRelevantTypeQualifiers" totalMilliseconds="50" invocations="17" avgMicrosecondsPerInvocation="2958" maxMicrosecondsPerInvocation="28327" standardDeviationMicrosecondsPerInvocation="6506"/>
      <ClassProfile name="edu.umd.cs.findbugs.classfile.engine.bcel.IsNullValueDataflowFactory" totalMilliseconds="44" invocations="4" avgMicrosecondsPerInvocation="11142" maxMicrosecondsPerInvocation="37715" standardDeviationMicrosecondsPerInvocation="15357"/>
      <ClassProfile name="edu.umd.cs.findbugs.detect.FunctionsThatMightBeMistakenForProcedures" totalMilliseconds="43" invocations="17" avgMicrosecondsPerInvocation="2543" maxMicrosecondsPerInvocation="22417" standardDeviationMicrosecondsPerInvocation="5309"/>
      <ClassProfile name="edu.umd.cs.findbugs.detect.BuildObligationPolicyDatabase" totalMilliseconds="28" invocations="17" avgMicrosecondsPerInvocation="1673" maxMicrosecondsPerInvocation="6705" standardDeviationMicrosecondsPerInvocation="1764"/>
      <ClassProfile name="edu.umd.cs.findbugs.detect.BuildStringPassthruGraph" totalMilliseconds="28" invocations="17" avgMicrosecondsPerInvocation="1659" maxMicrosecondsPerInvocation="15326" standardDeviationMicrosecondsPerInvocation="3603"/>
      <ClassProfile name="edu.umd.cs.findbugs.classfile.engine.bcel.UnconditionalValueDerefDataflowFactory" totalMilliseconds="26" invocations="4" avgMicrosecondsPerInvocation="6674" maxMicrosecondsPerInvocation="16045" standardDeviationMicrosecondsPerInvocation="6065"/>
    </FindBugsProfile>
  </FindBugsSummary>
  <ClassFeatures></ClassFeatures>
  <History></History>
</BugCollection>
