<?xml version="1.0" encoding="UTF-8"?>

<BugCollection version="4.7.3" sequence="0" timestamp="1698475176173" analysisTimestamp="1698513011768" release="">
  <Project projectName="">
    <Jar>/mnt/disk3/lty/JLeaks/data/classfile/bug-565-d398cc040d822cab7cbac1199574abbeef8f53d2687991d853f5c2944ca1db0b.class</Jar>
  </Project>
  <Errors errors="0" missingClasses="9">
    <MissingClass>com.fasterxml.classmate.ResolvedType</MissingClass>
    <MissingClass>com.fasterxml.classmate.members.ResolvedMethod</MissingClass>
    <MissingClass>org.skife.jdbi.v2.Query</MissingClass>
    <MissingClass>org.skife.jdbi.v2.exceptions.UnableToCreateStatementException</MissingClass>
    <MissingClass>org.skife.jdbi.v2.sqlobject.ResultReturnThing$IterableReturningThing</MissingClass>
    <MissingClass>org.skife.jdbi.v2.sqlobject.ResultReturnThing$IteratorResultReturnThing</MissingClass>
    <MissingClass>org.skife.jdbi.v2.sqlobject.ResultReturnThing$ResultBearingResultReturnThing</MissingClass>
    <MissingClass>org.skife.jdbi.v2.sqlobject.ResultReturnThing$SingleValueResultReturnThing</MissingClass>
    <MissingClass>org.skife.jdbi.v2.sqlobject.customizers.Mapper</MissingClass>
  </Errors>
  <FindBugsSummary timestamp="Sat, 28 Oct 2023 14:39:36 +0800" total_classes="1" referenced_classes="16" total_bugs="0" total_size="26" num_packages="1" java_version="1.8.0_382" vm_version="25.382-b05" cpu_seconds="4.74" clock_seconds="0.62" peak_mbytes="382.06" alloc_mbytes="1820.50" gc_seconds="0.04">
    <PackageStats package="org.skife.jdbi.v2.sqlobject" total_bugs="0" total_types="1" total_size="26">
      <ClassStats class="org.skife.jdbi.v2.sqlobject.ResultReturnThing" sourceFile="ResultReturnThing.java" interface="false" size="26" bugs="0"/>
    </PackageStats>
    <FindBugsProfile>
      <ClassProfile name="edu.umd.cs.findbugs.classfile.engine.ClassInfoAnalysisEngine" totalMilliseconds="105" invocations="337" avgMicrosecondsPerInvocation="314" maxMicrosecondsPerInvocation="10542" standardDeviationMicrosecondsPerInvocation="810"/>
      <ClassProfile name="edu.umd.cs.findbugs.detect.Methods" totalMilliseconds="39" invocations="16" avgMicrosecondsPerInvocation="2496" maxMicrosecondsPerInvocation="39450" standardDeviationMicrosecondsPerInvocation="9541"/>
      <ClassProfile name="edu.umd.cs.findbugs.detect.FieldItemSummary" totalMilliseconds="20" invocations="16" avgMicrosecondsPerInvocation="1277" maxMicrosecondsPerInvocation="6265" standardDeviationMicrosecondsPerInvocation="1842"/>
      <ClassProfile name="edu.umd.cs.findbugs.classfile.engine.bcel.MethodGenFactory" totalMilliseconds="16" invocations="5" avgMicrosecondsPerInvocation="3364" maxMicrosecondsPerInvocation="15906" standardDeviationMicrosecondsPerInvocation="6275"/>
      <ClassProfile name="edu.umd.cs.findbugs.OpcodeStack$JumpInfoFactory" totalMilliseconds="15" invocations="62" avgMicrosecondsPerInvocation="248" maxMicrosecondsPerInvocation="1603" standardDeviationMicrosecondsPerInvocation="314"/>
      <ClassProfile name="edu.umd.cs.findbugs.classfile.engine.bcel.JavaClassAnalysisEngine" totalMilliseconds="14" invocations="44" avgMicrosecondsPerInvocation="336" maxMicrosecondsPerInvocation="8804" standardDeviationMicrosecondsPerInvocation="1330"/>
      <ClassProfile name="edu.umd.cs.findbugs.detect.FindNoSideEffectMethods" totalMilliseconds="14" invocations="16" avgMicrosecondsPerInvocation="877" maxMicrosecondsPerInvocation="3427" standardDeviationMicrosecondsPerInvocation="1216"/>
      <ClassProfile name="edu.umd.cs.findbugs.util.TopologicalSort" totalMilliseconds="13" invocations="292" avgMicrosecondsPerInvocation="47" maxMicrosecondsPerInvocation="750" standardDeviationMicrosecondsPerInvocation="92"/>
    </FindBugsProfile>
  </FindBugsSummary>
  <ClassFeatures></ClassFeatures>
  <History></History>
</BugCollection>
