<?xml version="1.0" encoding="UTF-8"?>

<BugCollection version="4.7.3" sequence="0" timestamp="1698475146478" analysisTimestamp="1698511246612" release="">
  <Project projectName="">
    <Jar>/mnt/disk3/lty/JLeaks/data/classfile/bug-329-9e1acdc27a2de299b2b3132e33cd5e3dab5ca8dd5d26baeba98650d42cafd065.class</Jar>
  </Project>
  <BugInstance type="OS_OPEN_STREAM_EXCEPTION_PATH" priority="3" rank="19" abbrev="OS" category="BAD_PRACTICE">
    <Class classname="nsusbloader.Utilities.nxdumptool.NxdtUsbAbi1">
      <SourceLine classname="nsusbloader.Utilities.nxdumptool.NxdtUsbAbi1" start="48" end="386" sourcefile="NxdtUsbAbi1.java" sourcepath="nsusbloader/Utilities/nxdumptool/NxdtUsbAbi1.java"/>
    </Class>
    <Method classname="nsusbloader.Utilities.nxdumptool.NxdtUsbAbi1" name="dumpFile" signature="(Ljava/io/File;J)V" isStatic="false">
      <SourceLine classname="nsusbloader.Utilities.nxdumptool.NxdtUsbAbi1" start="259" end="274" startBytecode="0" endBytecode="53" sourcefile="NxdtUsbAbi1.java" sourcepath="nsusbloader/Utilities/nxdumptool/NxdtUsbAbi1.java"/>
    </Method>
    <Type descriptor="Ljava/io/OutputStream;" role="TYPE_CLOSEIT">
      <SourceLine classname="java.io.OutputStream" start="46" end="152" sourcefile="OutputStream.java" sourcepath="java/io/OutputStream.java"/>
    </Type>
    <SourceLine classname="nsusbloader.Utilities.nxdumptool.NxdtUsbAbi1" start="259" end="259" startBytecode="0" endBytecode="0" sourcefile="NxdtUsbAbi1.java" sourcepath="nsusbloader/Utilities/nxdumptool/NxdtUsbAbi1.java"/>
  </BugInstance>
  <BugInstance type="OS_OPEN_STREAM_EXCEPTION_PATH" priority="3" rank="19" abbrev="OS" category="BAD_PRACTICE">
    <Class classname="nsusbloader.Utilities.nxdumptool.NxdtUsbAbi1">
      <SourceLine classname="nsusbloader.Utilities.nxdumptool.NxdtUsbAbi1" start="48" end="386" sourcefile="NxdtUsbAbi1.java" sourcepath="nsusbloader/Utilities/nxdumptool/NxdtUsbAbi1.java"/>
    </Class>
    <Method classname="nsusbloader.Utilities.nxdumptool.NxdtUsbAbi1" name="dumpFileOnWindowsTen" signature="(Ljava/io/File;J)V" isStatic="false">
      <SourceLine classname="nsusbloader.Utilities.nxdumptool.NxdtUsbAbi1" start="278" end="298" startBytecode="0" endBytecode="60" sourcefile="NxdtUsbAbi1.java" sourcepath="nsusbloader/Utilities/nxdumptool/NxdtUsbAbi1.java"/>
    </Method>
    <Type descriptor="Ljava/io/OutputStream;" role="TYPE_CLOSEIT">
      <SourceLine classname="java.io.OutputStream" start="46" end="152" sourcefile="OutputStream.java" sourcepath="java/io/OutputStream.java"/>
    </Type>
    <SourceLine classname="nsusbloader.Utilities.nxdumptool.NxdtUsbAbi1" start="279" end="279" startBytecode="11" endBytecode="11" sourcefile="NxdtUsbAbi1.java" sourcepath="nsusbloader/Utilities/nxdumptool/NxdtUsbAbi1.java"/>
  </BugInstance>
  <Errors errors="0" missingClasses="5">
    <MissingClass>nsusbloader.COM.USB.UsbErrorCodes</MissingClass>
    <MissingClass>nsusbloader.ModelControllers.ILogPrinter</MissingClass>
    <MissingClass>nsusbloader.NSLDataTypes.EMsgType</MissingClass>
    <MissingClass>nsusbloader.Utilities.nxdumptool.NxdtTask</MissingClass>
    <MissingClass>org.usb4java.LibUsb</MissingClass>
  </Errors>
  <FindBugsSummary timestamp="Sat, 28 Oct 2023 14:39:06 +0800" total_classes="1" referenced_classes="25" total_bugs="2" total_size="210" num_packages="1" java_version="1.8.0_382" vm_version="25.382-b05" cpu_seconds="8.33" clock_seconds="0.89" peak_mbytes="399.02" alloc_mbytes="1820.50" gc_seconds="0.04" priority_3="2">
    <PackageStats package="nsusbloader.Utilities.nxdumptool" total_bugs="2" total_types="1" total_size="210" priority_3="2">
      <ClassStats class="nsusbloader.Utilities.nxdumptool.NxdtUsbAbi1" sourceFile="NxdtUsbAbi1.java" interface="false" size="210" bugs="2" priority_3="2"/>
    </PackageStats>
    <FindBugsProfile>
      <ClassProfile name="edu.umd.cs.findbugs.classfile.engine.ClassInfoAnalysisEngine" totalMilliseconds="120" invocations="449" avgMicrosecondsPerInvocation="267" maxMicrosecondsPerInvocation="12851" standardDeviationMicrosecondsPerInvocation="759"/>
      <ClassProfile name="edu.umd.cs.findbugs.detect.FunctionsThatMightBeMistakenForProcedures" totalMilliseconds="50" invocations="25" avgMicrosecondsPerInvocation="2005" maxMicrosecondsPerInvocation="43406" standardDeviationMicrosecondsPerInvocation="8459"/>
      <ClassProfile name="edu.umd.cs.findbugs.detect.FieldItemSummary" totalMilliseconds="28" invocations="25" avgMicrosecondsPerInvocation="1126" maxMicrosecondsPerInvocation="6426" standardDeviationMicrosecondsPerInvocation="1458"/>
      <ClassProfile name="edu.umd.cs.findbugs.classfile.engine.bcel.ValueNumberDataflowFactory" totalMilliseconds="27" invocations="16" avgMicrosecondsPerInvocation="1729" maxMicrosecondsPerInvocation="8934" standardDeviationMicrosecondsPerInvocation="2181"/>
      <ClassProfile name="edu.umd.cs.findbugs.detect.FindNoSideEffectMethods" totalMilliseconds="24" invocations="25" avgMicrosecondsPerInvocation="975" maxMicrosecondsPerInvocation="3933" standardDeviationMicrosecondsPerInvocation="1121"/>
      <ClassProfile name="edu.umd.cs.findbugs.OpcodeStack$JumpInfoFactory" totalMilliseconds="24" invocations="164" avgMicrosecondsPerInvocation="147" maxMicrosecondsPerInvocation="1930" standardDeviationMicrosecondsPerInvocation="232"/>
      <ClassProfile name="edu.umd.cs.findbugs.classfile.engine.bcel.TypeDataflowFactory" totalMilliseconds="23" invocations="16" avgMicrosecondsPerInvocation="1479" maxMicrosecondsPerInvocation="6595" standardDeviationMicrosecondsPerInvocation="1735"/>
      <ClassProfile name="edu.umd.cs.findbugs.classfile.engine.bcel.IsNullValueDataflowFactory" totalMilliseconds="23" invocations="15" avgMicrosecondsPerInvocation="1558" maxMicrosecondsPerInvocation="8413" standardDeviationMicrosecondsPerInvocation="1929"/>
      <ClassProfile name="edu.umd.cs.findbugs.classfile.engine.bcel.MethodGenFactory" totalMilliseconds="22" invocations="15" avgMicrosecondsPerInvocation="1476" maxMicrosecondsPerInvocation="18321" standardDeviationMicrosecondsPerInvocation="4506"/>
      <ClassProfile name="edu.umd.cs.findbugs.classfile.engine.bcel.CFGFactory" totalMilliseconds="19" invocations="15" avgMicrosecondsPerInvocation="1327" maxMicrosecondsPerInvocation="9354" standardDeviationMicrosecondsPerInvocation="2252"/>
      <ClassProfile name="edu.umd.cs.findbugs.classfile.engine.bcel.UnconditionalValueDerefDataflowFactory" totalMilliseconds="18" invocations="15" avgMicrosecondsPerInvocation="1211" maxMicrosecondsPerInvocation="2319" standardDeviationMicrosecondsPerInvocation="585"/>
      <ClassProfile name="edu.umd.cs.findbugs.classfile.engine.bcel.JavaClassAnalysisEngine" totalMilliseconds="17" invocations="54" avgMicrosecondsPerInvocation="330" maxMicrosecondsPerInvocation="8619" standardDeviationMicrosecondsPerInvocation="1181"/>
      <ClassProfile name="edu.umd.cs.findbugs.util.TopologicalSort" totalMilliseconds="15" invocations="410" avgMicrosecondsPerInvocation="36" maxMicrosecondsPerInvocation="908" standardDeviationMicrosecondsPerInvocation="77"/>
      <ClassProfile name="edu.umd.cs.findbugs.detect.NoteDirectlyRelevantTypeQualifiers" totalMilliseconds="14" invocations="25" avgMicrosecondsPerInvocation="584" maxMicrosecondsPerInvocation="4701" standardDeviationMicrosecondsPerInvocation="1043"/>
      <ClassProfile name="edu.umd.cs.findbugs.ba.npe.NullDerefAndRedundantComparisonFinder" totalMilliseconds="12" invocations="15" avgMicrosecondsPerInvocation="805" maxMicrosecondsPerInvocation="1987" standardDeviationMicrosecondsPerInvocation="477"/>
      <ClassProfile name="edu.umd.cs.findbugs.detect.OverridingEqualsNotSymmetrical" totalMilliseconds="11" invocations="25" avgMicrosecondsPerInvocation="440" maxMicrosecondsPerInvocation="6362" standardDeviationMicrosecondsPerInvocation="1226"/>
    </FindBugsProfile>
  </FindBugsSummary>
  <ClassFeatures></ClassFeatures>
  <History></History>
</BugCollection>
