<?xml version="1.0" encoding="UTF-8"?>

<BugCollection version="4.7.3" sequence="0" timestamp="1698475122031" analysisTimestamp="1698508865046" release="">
  <Project projectName="">
    <Jar>/mnt/disk3/lty/JLeaks/data/classfile/bug-116-d4bc9e6f8f4a5e306b399c367cd1b801bfe63acef1b035155c60b36883334b6e.class</Jar>
  </Project>
  <Errors errors="0" missingClasses="9">
    <MissingClass>com.google.common.base.Preconditions</MissingClass>
    <MissingClass>org.apache.hadoop.hbase.HConstants</MissingClass>
    <MissingClass>org.apache.hadoop.hbase.io.compress.Compression$Algorithm</MissingClass>
    <MissingClass>org.apache.hadoop.hbase.io.encoding.DataBlockEncoder</MissingClass>
    <MissingClass>org.apache.hadoop.hbase.io.encoding.EncodedDataBlock$1</MissingClass>
    <MissingClass>org.apache.hadoop.hbase.io.encoding.HFileBlockEncodingContext</MissingClass>
    <MissingClass>org.apache.hadoop.hbase.io.hfile.HFileContext</MissingClass>
    <MissingClass>org.apache.hadoop.io.IOUtils$NullOutputStream</MissingClass>
    <MissingClass>org.apache.hadoop.io.compress.Compressor</MissingClass>
  </Errors>
  <FindBugsSummary timestamp="Sat, 28 Oct 2023 14:38:42 +0800" total_classes="1" referenced_classes="18" total_bugs="0" total_size="58" num_packages="1" java_version="1.8.0_382" vm_version="25.382-b05" cpu_seconds="32.82" clock_seconds="3.84" peak_mbytes="391.46" alloc_mbytes="1820.50" gc_seconds="0.20">
    <PackageStats package="org.apache.hadoop.hbase.io.encoding" total_bugs="0" total_types="1" total_size="58">
      <ClassStats class="org.apache.hadoop.hbase.io.encoding.EncodedDataBlock" sourceFile="EncodedDataBlock.java" interface="false" size="58" bugs="0"/>
    </PackageStats>
    <FindBugsProfile>
      <ClassProfile name="edu.umd.cs.findbugs.classfile.engine.ClassInfoAnalysisEngine" totalMilliseconds="506" invocations="348" avgMicrosecondsPerInvocation="1455" maxMicrosecondsPerInvocation="63879" standardDeviationMicrosecondsPerInvocation="3996"/>
      <ClassProfile name="edu.umd.cs.findbugs.detect.FindNoSideEffectMethods" totalMilliseconds="295" invocations="18" avgMicrosecondsPerInvocation="16414" maxMicrosecondsPerInvocation="206561" standardDeviationMicrosecondsPerInvocation="46464"/>
      <ClassProfile name="edu.umd.cs.findbugs.detect.FieldItemSummary" totalMilliseconds="140" invocations="18" avgMicrosecondsPerInvocation="7780" maxMicrosecondsPerInvocation="31089" standardDeviationMicrosecondsPerInvocation="9542"/>
      <ClassProfile name="edu.umd.cs.findbugs.OpcodeStack$JumpInfoFactory" totalMilliseconds="111" invocations="84" avgMicrosecondsPerInvocation="1326" maxMicrosecondsPerInvocation="8812" standardDeviationMicrosecondsPerInvocation="1524"/>
      <ClassProfile name="edu.umd.cs.findbugs.classfile.engine.bcel.MethodGenFactory" totalMilliseconds="106" invocations="11" avgMicrosecondsPerInvocation="9653" maxMicrosecondsPerInvocation="95880" standardDeviationMicrosecondsPerInvocation="27273"/>
      <ClassProfile name="edu.umd.cs.findbugs.classfile.engine.bcel.JavaClassAnalysisEngine" totalMilliseconds="91" invocations="48" avgMicrosecondsPerInvocation="1913" maxMicrosecondsPerInvocation="54477" standardDeviationMicrosecondsPerInvocation="7872"/>
      <ClassProfile name="edu.umd.cs.findbugs.util.TopologicalSort" totalMilliseconds="78" invocations="301" avgMicrosecondsPerInvocation="260" maxMicrosecondsPerInvocation="4104" standardDeviationMicrosecondsPerInvocation="435"/>
      <ClassProfile name="edu.umd.cs.findbugs.classfile.engine.bcel.IsNullValueDataflowFactory" totalMilliseconds="75" invocations="11" avgMicrosecondsPerInvocation="6837" maxMicrosecondsPerInvocation="36897" standardDeviationMicrosecondsPerInvocation="10138"/>
      <ClassProfile name="edu.umd.cs.findbugs.classfile.engine.ClassDataAnalysisEngine" totalMilliseconds="74" invocations="351" avgMicrosecondsPerInvocation="210" maxMicrosecondsPerInvocation="3492" standardDeviationMicrosecondsPerInvocation="254"/>
      <ClassProfile name="edu.umd.cs.findbugs.classfile.engine.bcel.CFGFactory" totalMilliseconds="71" invocations="11" avgMicrosecondsPerInvocation="6491" maxMicrosecondsPerInvocation="43559" standardDeviationMicrosecondsPerInvocation="12031"/>
      <ClassProfile name="edu.umd.cs.findbugs.classfile.engine.bcel.ValueNumberDataflowFactory" totalMilliseconds="64" invocations="12" avgMicrosecondsPerInvocation="5385" maxMicrosecondsPerInvocation="40832" standardDeviationMicrosecondsPerInvocation="10849"/>
      <ClassProfile name="edu.umd.cs.findbugs.classfile.engine.bcel.TypeDataflowFactory" totalMilliseconds="64" invocations="12" avgMicrosecondsPerInvocation="5359" maxMicrosecondsPerInvocation="31380" standardDeviationMicrosecondsPerInvocation="8234"/>
      <ClassProfile name="edu.umd.cs.findbugs.detect.FunctionsThatMightBeMistakenForProcedures" totalMilliseconds="54" invocations="18" avgMicrosecondsPerInvocation="3019" maxMicrosecondsPerInvocation="26898" standardDeviationMicrosecondsPerInvocation="6185"/>
      <ClassProfile name="edu.umd.cs.findbugs.detect.OverridingEqualsNotSymmetrical" totalMilliseconds="51" invocations="18" avgMicrosecondsPerInvocation="2876" maxMicrosecondsPerInvocation="29417" standardDeviationMicrosecondsPerInvocation="6644"/>
      <ClassProfile name="edu.umd.cs.findbugs.detect.NoteDirectlyRelevantTypeQualifiers" totalMilliseconds="49" invocations="18" avgMicrosecondsPerInvocation="2754" maxMicrosecondsPerInvocation="21907" standardDeviationMicrosecondsPerInvocation="4967"/>
      <ClassProfile name="edu.umd.cs.findbugs.detect.FindReturnRef" totalMilliseconds="48" invocations="1" avgMicrosecondsPerInvocation="48606" maxMicrosecondsPerInvocation="48606" standardDeviationMicrosecondsPerInvocation="0"/>
      <ClassProfile name="edu.umd.cs.findbugs.classfile.engine.bcel.UnconditionalValueDerefDataflowFactory" totalMilliseconds="44" invocations="11" avgMicrosecondsPerInvocation="4006" maxMicrosecondsPerInvocation="21543" standardDeviationMicrosecondsPerInvocation="5669"/>
      <ClassProfile name="edu.umd.cs.findbugs.ba.npe.NullDerefAndRedundantComparisonFinder" totalMilliseconds="43" invocations="11" avgMicrosecondsPerInvocation="3927" maxMicrosecondsPerInvocation="13226" standardDeviationMicrosecondsPerInvocation="3475"/>
      <ClassProfile name="edu.umd.cs.findbugs.detect.BuildStringPassthruGraph" totalMilliseconds="43" invocations="18" avgMicrosecondsPerInvocation="2392" maxMicrosecondsPerInvocation="16513" standardDeviationMicrosecondsPerInvocation="4545"/>
    </FindBugsProfile>
  </FindBugsSummary>
  <ClassFeatures></ClassFeatures>
  <History></History>
</BugCollection>
