<?xml version="1.0" encoding="UTF-8"?>

<BugCollection version="4.7.3" sequence="0" timestamp="1698475187432" analysisTimestamp="1698513194435" release="">
  <Project projectName="">
    <Jar>/mnt/disk3/lty/JLeaks/data/classfile/bug-649-ed8803445b39d5754536d8dc01b7e920e1aba69e5e93a396a52001f86d13ebea.class</Jar>
  </Project>
  <BugInstance type="OS_OPEN_STREAM_EXCEPTION_PATH" priority="3" rank="19" abbrev="OS" category="BAD_PRACTICE">
    <Class classname="me.konloch.kontainer.io.DiskReader">
      <SourceLine classname="me.konloch.kontainer.io.DiskReader" start="17" end="101" sourcefile="DiskReader.java" sourcepath="me/konloch/kontainer/io/DiskReader.java"/>
    </Class>
    <Method classname="me.konloch.kontainer.io.DiskReader" name="loadArrayList" signature="(Ljava/lang/String;Z)Ljava/util/ArrayList;" isStatic="true">
      <SourceLine classname="me.konloch.kontainer.io.DiskReader" start="27" end="51" startBytecode="0" endBytecode="56" sourcefile="DiskReader.java" sourcepath="me/konloch/kontainer/io/DiskReader.java"/>
    </Method>
    <Type descriptor="Ljava/io/Reader;" role="TYPE_CLOSEIT">
      <SourceLine classname="java.io.Reader" start="66" end="249" sourcefile="Reader.java" sourcepath="java/io/Reader.java"/>
    </Type>
    <SourceLine classname="me.konloch.kontainer.io.DiskReader" start="34" end="34" startBytecode="36" endBytecode="36" sourcefile="DiskReader.java" sourcepath="me/konloch/kontainer/io/DiskReader.java"/>
  </BugInstance>
  <BugInstance type="OS_OPEN_STREAM_EXCEPTION_PATH" priority="3" rank="19" abbrev="OS" category="BAD_PRACTICE">
    <Class classname="me.konloch.kontainer.io.DiskReader">
      <SourceLine classname="me.konloch.kontainer.io.DiskReader" start="17" end="101" sourcefile="DiskReader.java" sourcepath="me/konloch/kontainer/io/DiskReader.java"/>
    </Class>
    <Method classname="me.konloch.kontainer.io.DiskReader" name="loadAsString" signature="(Ljava/lang/String;)Ljava/lang/String;" isStatic="true">
      <SourceLine classname="me.konloch.kontainer.io.DiskReader" start="59" end="69" startBytecode="0" endBytecode="33" sourcefile="DiskReader.java" sourcepath="me/konloch/kontainer/io/DiskReader.java"/>
    </Method>
    <Type descriptor="Ljava/io/Reader;" role="TYPE_CLOSEIT">
      <SourceLine classname="java.io.Reader" start="66" end="249" sourcefile="Reader.java" sourcepath="java/io/Reader.java"/>
    </Type>
    <SourceLine classname="me.konloch.kontainer.io.DiskReader" start="61" end="61" startBytecode="8" endBytecode="8" sourcefile="DiskReader.java" sourcepath="me/konloch/kontainer/io/DiskReader.java"/>
  </BugInstance>
  <BugInstance type="OS_OPEN_STREAM_EXCEPTION_PATH" priority="3" rank="19" abbrev="OS" category="BAD_PRACTICE">
    <Class classname="me.konloch.kontainer.io.DiskReader">
      <SourceLine classname="me.konloch.kontainer.io.DiskReader" start="17" end="101" sourcefile="DiskReader.java" sourcepath="me/konloch/kontainer/io/DiskReader.java"/>
    </Class>
    <Method classname="me.konloch.kontainer.io.DiskReader" name="loadString" signature="(Ljava/lang/String;IZ)Ljava/lang/String;" isStatic="true">
      <SourceLine classname="me.konloch.kontainer.io.DiskReader" start="79" end="101" startBytecode="0" endBytecode="63" sourcefile="DiskReader.java" sourcepath="me/konloch/kontainer/io/DiskReader.java"/>
    </Method>
    <Type descriptor="Ljava/io/Reader;" role="TYPE_CLOSEIT">
      <SourceLine classname="java.io.Reader" start="66" end="249" sourcefile="Reader.java" sourcepath="java/io/Reader.java"/>
    </Type>
    <SourceLine classname="me.konloch.kontainer.io.DiskReader" start="83" end="83" startBytecode="28" endBytecode="28" sourcefile="DiskReader.java" sourcepath="me/konloch/kontainer/io/DiskReader.java"/>
  </BugInstance>
  <Errors errors="0" missingClasses="1">
    <MissingClass>the.bytecode.club.bytecodeviewer.util.EncodeUtils</MissingClass>
  </Errors>
  <FindBugsSummary timestamp="Sat, 28 Oct 2023 14:39:47 +0800" total_classes="1" referenced_classes="19" total_bugs="3" total_size="48" num_packages="1" java_version="1.8.0_382" vm_version="25.382-b05" cpu_seconds="6.65" clock_seconds="0.72" peak_mbytes="392.85" alloc_mbytes="1820.50" gc_seconds="0.04" priority_3="3">
    <PackageStats package="me.konloch.kontainer.io" total_bugs="3" total_types="1" total_size="48" priority_3="3">
      <ClassStats class="me.konloch.kontainer.io.DiskReader" sourceFile="DiskReader.java" interface="false" size="48" bugs="3" priority_3="3"/>
    </PackageStats>
    <FindBugsProfile>
      <ClassProfile name="edu.umd.cs.findbugs.classfile.engine.ClassInfoAnalysisEngine" totalMilliseconds="115" invocations="395" avgMicrosecondsPerInvocation="291" maxMicrosecondsPerInvocation="9425" standardDeviationMicrosecondsPerInvocation="685"/>
      <ClassProfile name="edu.umd.cs.findbugs.detect.NoteDirectlyRelevantTypeQualifiers" totalMilliseconds="53" invocations="19" avgMicrosecondsPerInvocation="2802" maxMicrosecondsPerInvocation="42464" standardDeviationMicrosecondsPerInvocation="9374"/>
      <ClassProfile name="edu.umd.cs.findbugs.detect.FieldItemSummary" totalMilliseconds="24" invocations="19" avgMicrosecondsPerInvocation="1267" maxMicrosecondsPerInvocation="5457" standardDeviationMicrosecondsPerInvocation="1355"/>
      <ClassProfile name="edu.umd.cs.findbugs.OpcodeStack$JumpInfoFactory" totalMilliseconds="21" invocations="111" avgMicrosecondsPerInvocation="195" maxMicrosecondsPerInvocation="1440" standardDeviationMicrosecondsPerInvocation="210"/>
      <ClassProfile name="edu.umd.cs.findbugs.classfile.engine.bcel.MethodGenFactory" totalMilliseconds="17" invocations="5" avgMicrosecondsPerInvocation="3491" maxMicrosecondsPerInvocation="16107" standardDeviationMicrosecondsPerInvocation="6312"/>
      <ClassProfile name="edu.umd.cs.findbugs.detect.FindNoSideEffectMethods" totalMilliseconds="17" invocations="19" avgMicrosecondsPerInvocation="917" maxMicrosecondsPerInvocation="3359" standardDeviationMicrosecondsPerInvocation="829"/>
      <ClassProfile name="edu.umd.cs.findbugs.classfile.engine.bcel.JavaClassAnalysisEngine" totalMilliseconds="16" invocations="44" avgMicrosecondsPerInvocation="380" maxMicrosecondsPerInvocation="8687" standardDeviationMicrosecondsPerInvocation="1305"/>
      <ClassProfile name="edu.umd.cs.findbugs.util.TopologicalSort" totalMilliseconds="15" invocations="362" avgMicrosecondsPerInvocation="43" maxMicrosecondsPerInvocation="645" standardDeviationMicrosecondsPerInvocation="81"/>
      <ClassProfile name="edu.umd.cs.findbugs.classfile.engine.bcel.ValueNumberDataflowFactory" totalMilliseconds="14" invocations="5" avgMicrosecondsPerInvocation="2979" maxMicrosecondsPerInvocation="7185" standardDeviationMicrosecondsPerInvocation="2332"/>
      <ClassProfile name="edu.umd.cs.findbugs.classfile.engine.bcel.IsNullValueDataflowFactory" totalMilliseconds="14" invocations="5" avgMicrosecondsPerInvocation="2941" maxMicrosecondsPerInvocation="8755" standardDeviationMicrosecondsPerInvocation="3178"/>
      <ClassProfile name="edu.umd.cs.findbugs.classfile.engine.bcel.TypeDataflowFactory" totalMilliseconds="14" invocations="5" avgMicrosecondsPerInvocation="2920" maxMicrosecondsPerInvocation="5736" standardDeviationMicrosecondsPerInvocation="1711"/>
      <ClassProfile name="edu.umd.cs.findbugs.classfile.engine.bcel.CFGFactory" totalMilliseconds="11" invocations="5" avgMicrosecondsPerInvocation="2367" maxMicrosecondsPerInvocation="7714" standardDeviationMicrosecondsPerInvocation="2702"/>
      <ClassProfile name="edu.umd.cs.findbugs.detect.FindOpenStream" totalMilliseconds="11" invocations="1" avgMicrosecondsPerInvocation="11465" maxMicrosecondsPerInvocation="11465" standardDeviationMicrosecondsPerInvocation="0"/>
    </FindBugsProfile>
  </FindBugsSummary>
  <ClassFeatures></ClassFeatures>
  <History></History>
</BugCollection>
