<?xml version="1.0" encoding="UTF-8"?>

<BugCollection version="4.7.3" sequence="0" timestamp="1698475131279" analysisTimestamp="1698509507558" release="">
  <Project projectName="">
    <Jar>/mnt/disk3/lty/JLeaks/data/classfile/bug-199-896ff187cdc22550c5841d61b5efba3b3821b5417b3e4117a1335d3d1e610d7d.class</Jar>
  </Project>
  <Errors errors="0" missingClasses="3">
    <MissingClass>org.apache.http.client.methods.HttpPost</MissingClass>
    <MissingClass>org.apache.http.entity.StringEntity</MissingClass>
    <MissingClass>org.apache.pinotdruidbenchmark.PinotThroughput$1</MissingClass>
  </Errors>
  <FindBugsSummary timestamp="Sat, 28 Oct 2023 14:38:51 +0800" total_classes="1" referenced_classes="28" total_bugs="0" total_size="48" num_packages="1" java_version="1.8.0_382" vm_version="25.382-b05" cpu_seconds="39.86" clock_seconds="4.16" peak_mbytes="394.00" alloc_mbytes="1820.50" gc_seconds="0.21">
    <PackageStats package="org.apache.pinotdruidbenchmark" total_bugs="0" total_types="1" total_size="48">
      <ClassStats class="org.apache.pinotdruidbenchmark.PinotThroughput" sourceFile="PinotThroughput.java" interface="false" size="48" bugs="0"/>
    </PackageStats>
    <FindBugsProfile>
      <ClassProfile name="edu.umd.cs.findbugs.classfile.engine.ClassInfoAnalysisEngine" totalMilliseconds="541" invocations="442" avgMicrosecondsPerInvocation="1224" maxMicrosecondsPerInvocation="59169" standardDeviationMicrosecondsPerInvocation="3260"/>
      <ClassProfile name="edu.umd.cs.findbugs.detect.BuildObligationPolicyDatabase" totalMilliseconds="256" invocations="28" avgMicrosecondsPerInvocation="9170" maxMicrosecondsPerInvocation="218432" standardDeviationMicrosecondsPerInvocation="40301"/>
      <ClassProfile name="edu.umd.cs.findbugs.detect.FieldItemSummary" totalMilliseconds="199" invocations="28" avgMicrosecondsPerInvocation="7139" maxMicrosecondsPerInvocation="24842" standardDeviationMicrosecondsPerInvocation="8048"/>
      <ClassProfile name="edu.umd.cs.findbugs.detect.FindNoSideEffectMethods" totalMilliseconds="186" invocations="28" avgMicrosecondsPerInvocation="6654" maxMicrosecondsPerInvocation="29792" standardDeviationMicrosecondsPerInvocation="8131"/>
      <ClassProfile name="edu.umd.cs.findbugs.OpcodeStack$JumpInfoFactory" totalMilliseconds="125" invocations="161" avgMicrosecondsPerInvocation="782" maxMicrosecondsPerInvocation="10222" standardDeviationMicrosecondsPerInvocation="1167"/>
      <ClassProfile name="edu.umd.cs.findbugs.classfile.engine.bcel.MethodGenFactory" totalMilliseconds="108" invocations="4" avgMicrosecondsPerInvocation="27056" maxMicrosecondsPerInvocation="99893" standardDeviationMicrosecondsPerInvocation="42128"/>
      <ClassProfile name="edu.umd.cs.findbugs.classfile.engine.bcel.ValueNumberDataflowFactory" totalMilliseconds="98" invocations="5" avgMicrosecondsPerInvocation="19609" maxMicrosecondsPerInvocation="40549" standardDeviationMicrosecondsPerInvocation="17380"/>
      <ClassProfile name="edu.umd.cs.findbugs.classfile.engine.ClassDataAnalysisEngine" totalMilliseconds="93" invocations="444" avgMicrosecondsPerInvocation="210" maxMicrosecondsPerInvocation="3823" standardDeviationMicrosecondsPerInvocation="266"/>
      <ClassProfile name="edu.umd.cs.findbugs.classfile.engine.bcel.JavaClassAnalysisEngine" totalMilliseconds="88" invocations="54" avgMicrosecondsPerInvocation="1640" maxMicrosecondsPerInvocation="43478" standardDeviationMicrosecondsPerInvocation="5951"/>
      <ClassProfile name="edu.umd.cs.findbugs.util.TopologicalSort" totalMilliseconds="78" invocations="406" avgMicrosecondsPerInvocation="193" maxMicrosecondsPerInvocation="3350" standardDeviationMicrosecondsPerInvocation="310"/>
      <ClassProfile name="edu.umd.cs.findbugs.classfile.engine.bcel.TypeDataflowFactory" totalMilliseconds="77" invocations="5" avgMicrosecondsPerInvocation="15524" maxMicrosecondsPerInvocation="32991" standardDeviationMicrosecondsPerInvocation="13207"/>
      <ClassProfile name="edu.umd.cs.findbugs.classfile.engine.bcel.IsNullValueDataflowFactory" totalMilliseconds="77" invocations="4" avgMicrosecondsPerInvocation="19378" maxMicrosecondsPerInvocation="51695" standardDeviationMicrosecondsPerInvocation="20325"/>
      <ClassProfile name="edu.umd.cs.findbugs.detect.NoteDirectlyRelevantTypeQualifiers" totalMilliseconds="71" invocations="28" avgMicrosecondsPerInvocation="2570" maxMicrosecondsPerInvocation="23047" standardDeviationMicrosecondsPerInvocation="4416"/>
      <ClassProfile name="edu.umd.cs.findbugs.detect.FunctionsThatMightBeMistakenForProcedures" totalMilliseconds="66" invocations="28" avgMicrosecondsPerInvocation="2382" maxMicrosecondsPerInvocation="25887" standardDeviationMicrosecondsPerInvocation="4956"/>
      <ClassProfile name="edu.umd.cs.findbugs.detect.OverridingEqualsNotSymmetrical" totalMilliseconds="64" invocations="28" avgMicrosecondsPerInvocation="2303" maxMicrosecondsPerInvocation="31180" standardDeviationMicrosecondsPerInvocation="5760"/>
      <ClassProfile name="edu.umd.cs.findbugs.classfile.engine.bcel.CFGFactory" totalMilliseconds="51" invocations="4" avgMicrosecondsPerInvocation="12938" maxMicrosecondsPerInvocation="33061" standardDeviationMicrosecondsPerInvocation="13101"/>
      <ClassProfile name="edu.umd.cs.findbugs.classfile.engine.bcel.UnconditionalValueDerefDataflowFactory" totalMilliseconds="46" invocations="4" avgMicrosecondsPerInvocation="11714" maxMicrosecondsPerInvocation="44031" standardDeviationMicrosecondsPerInvocation="18662"/>
      <ClassProfile name="edu.umd.cs.findbugs.detect.CalledMethods" totalMilliseconds="43" invocations="28" avgMicrosecondsPerInvocation="1567" maxMicrosecondsPerInvocation="9137" standardDeviationMicrosecondsPerInvocation="2120"/>
    </FindBugsProfile>
  </FindBugsSummary>
  <ClassFeatures></ClassFeatures>
  <History></History>
</BugCollection>
