<?xml version="1.0" encoding="UTF-8"?>

<BugCollection version="4.7.3" sequence="0" timestamp="1698475210719" analysisTimestamp="1698515007725" release="">
  <Project projectName="">
    <Jar>/mnt/disk3/lty/JLeaks/data/classfile/bug-815-32b7cffd7045c843d639988da7470afdc39cc14d93feb5473b30b8ebd3b9c68c.class</Jar>
  </Project>
  <Errors errors="0" missingClasses="0"></Errors>
  <FindBugsSummary timestamp="Sat, 28 Oct 2023 14:40:10 +0800" total_classes="1" referenced_classes="66" total_bugs="0" total_size="32" num_packages="1" java_version="1.8.0_382" vm_version="25.382-b05" cpu_seconds="7.80" clock_seconds="0.84" peak_mbytes="404.82" alloc_mbytes="1820.50" gc_seconds="0.04">
    <PackageStats package="org.glassfish.enterprise.iiop.impl" total_bugs="0" total_types="1" total_size="32">
      <ClassStats class="org.glassfish.enterprise.iiop.impl.HandleDelegateClassLoader" sourceFile="HandleDelegateClassLoader.java" interface="false" size="32" bugs="0"/>
    </PackageStats>
    <FindBugsProfile>
      <ClassProfile name="edu.umd.cs.findbugs.classfile.engine.ClassInfoAnalysisEngine" totalMilliseconds="179" invocations="646" avgMicrosecondsPerInvocation="278" maxMicrosecondsPerInvocation="42991" standardDeviationMicrosecondsPerInvocation="1782"/>
      <ClassProfile name="edu.umd.cs.findbugs.detect.FieldItemSummary" totalMilliseconds="47" invocations="66" avgMicrosecondsPerInvocation="718" maxMicrosecondsPerInvocation="8404" standardDeviationMicrosecondsPerInvocation="1309"/>
      <ClassProfile name="edu.umd.cs.findbugs.OpcodeStack$JumpInfoFactory" totalMilliseconds="42" invocations="236" avgMicrosecondsPerInvocation="180" maxMicrosecondsPerInvocation="2507" standardDeviationMicrosecondsPerInvocation="259"/>
      <ClassProfile name="edu.umd.cs.findbugs.detect.FindNoSideEffectMethods" totalMilliseconds="35" invocations="66" avgMicrosecondsPerInvocation="534" maxMicrosecondsPerInvocation="3466" standardDeviationMicrosecondsPerInvocation="691"/>
      <ClassProfile name="edu.umd.cs.findbugs.classfile.engine.bcel.JavaClassAnalysisEngine" totalMilliseconds="21" invocations="103" avgMicrosecondsPerInvocation="211" maxMicrosecondsPerInvocation="8356" standardDeviationMicrosecondsPerInvocation="837"/>
      <ClassProfile name="edu.umd.cs.findbugs.detect.NoteDirectlyRelevantTypeQualifiers" totalMilliseconds="19" invocations="66" avgMicrosecondsPerInvocation="299" maxMicrosecondsPerInvocation="3608" standardDeviationMicrosecondsPerInvocation="580"/>
      <ClassProfile name="edu.umd.cs.findbugs.classfile.engine.bcel.MethodGenFactory" totalMilliseconds="17" invocations="3" avgMicrosecondsPerInvocation="5937" maxMicrosecondsPerInvocation="16664" standardDeviationMicrosecondsPerInvocation="7589"/>
      <ClassProfile name="edu.umd.cs.findbugs.util.TopologicalSort" totalMilliseconds="17" invocations="610" avgMicrosecondsPerInvocation="28" maxMicrosecondsPerInvocation="1300" standardDeviationMicrosecondsPerInvocation="73"/>
      <ClassProfile name="edu.umd.cs.findbugs.classfile.engine.ClassDataAnalysisEngine" totalMilliseconds="14" invocations="649" avgMicrosecondsPerInvocation="21" maxMicrosecondsPerInvocation="458" standardDeviationMicrosecondsPerInvocation="30"/>
      <ClassProfile name="edu.umd.cs.findbugs.detect.OverridingEqualsNotSymmetrical" totalMilliseconds="13" invocations="66" avgMicrosecondsPerInvocation="212" maxMicrosecondsPerInvocation="5357" standardDeviationMicrosecondsPerInvocation="672"/>
      <ClassProfile name="edu.umd.cs.findbugs.detect.ExplicitSerialization" totalMilliseconds="12" invocations="66" avgMicrosecondsPerInvocation="188" maxMicrosecondsPerInvocation="4648" standardDeviationMicrosecondsPerInvocation="650"/>
      <ClassProfile name="edu.umd.cs.findbugs.detect.FunctionsThatMightBeMistakenForProcedures" totalMilliseconds="12" invocations="66" avgMicrosecondsPerInvocation="186" maxMicrosecondsPerInvocation="2585" standardDeviationMicrosecondsPerInvocation="376"/>
      <ClassProfile name="edu.umd.cs.findbugs.detect.BuildObligationPolicyDatabase" totalMilliseconds="12" invocations="66" avgMicrosecondsPerInvocation="183" maxMicrosecondsPerInvocation="1115" standardDeviationMicrosecondsPerInvocation="230"/>
      <ClassProfile name="edu.umd.cs.findbugs.classfile.engine.bcel.ValueNumberDataflowFactory" totalMilliseconds="11" invocations="3" avgMicrosecondsPerInvocation="3715" maxMicrosecondsPerInvocation="6607" standardDeviationMicrosecondsPerInvocation="2591"/>
      <ClassProfile name="edu.umd.cs.findbugs.classfile.engine.bcel.IsNullValueDataflowFactory" totalMilliseconds="11" invocations="3" avgMicrosecondsPerInvocation="3704" maxMicrosecondsPerInvocation="5613" standardDeviationMicrosecondsPerInvocation="2285"/>
      <ClassProfile name="edu.umd.cs.findbugs.classfile.engine.bcel.TypeDataflowFactory" totalMilliseconds="11" invocations="3" avgMicrosecondsPerInvocation="3683" maxMicrosecondsPerInvocation="5651" standardDeviationMicrosecondsPerInvocation="2191"/>
    </FindBugsProfile>
  </FindBugsSummary>
  <ClassFeatures></ClassFeatures>
  <History></History>
</BugCollection>
