<?xml version="1.0" encoding="UTF-8"?>

<BugCollection version="4.7.3" sequence="0" timestamp="1698475172969" analysisTimestamp="1698512736991" release="">
  <Project projectName="">
    <Jar>/mnt/disk3/lty/JLeaks/data/classfile/bug-541-5d1a626fe4100aee0fbd0d19d8e8f8aa871d76e40d51083efd0e2c715c092104.class</Jar>
  </Project>
  <Errors errors="0" missingClasses="15">
    <MissingClass>com.iota.iri.conf.MainnetConfig</MissingClass>
    <MissingClass>com.iota.iri.controllers.TipsViewModel</MissingClass>
    <MissingClass>com.iota.iri.service.garbagecollector.GarbageCollectorException</MissingClass>
    <MissingClass>com.iota.iri.service.garbagecollector.GarbageCollectorJob</MissingClass>
    <MissingClass>com.iota.iri.service.garbagecollector.JobParser</MissingClass>
    <MissingClass>com.iota.iri.service.garbagecollector.MilestonePrunerJob</MissingClass>
    <MissingClass>com.iota.iri.service.garbagecollector.QueueConsolidator</MissingClass>
    <MissingClass>com.iota.iri.service.garbagecollector.QueueProcessor</MissingClass>
    <MissingClass>com.iota.iri.service.garbagecollector.UnconfirmedSubtanglePrunerJob</MissingClass>
    <MissingClass>com.iota.iri.service.snapshot.SnapshotManager</MissingClass>
    <MissingClass>com.iota.iri.storage.Tangle</MissingClass>
    <MissingClass>com.iota.iri.utils.thread.ThreadIdentifier</MissingClass>
    <MissingClass>com.iota.iri.utils.thread.ThreadUtils</MissingClass>
    <MissingClass>org.slf4j.Logger</MissingClass>
    <MissingClass>org.slf4j.LoggerFactory</MissingClass>
  </Errors>
  <FindBugsSummary timestamp="Sat, 28 Oct 2023 14:39:32 +0800" total_classes="1" referenced_classes="41" total_bugs="0" total_size="114" num_packages="1" java_version="1.8.0_382" vm_version="25.382-b05" cpu_seconds="8.41" clock_seconds="0.88" peak_mbytes="397.03" alloc_mbytes="1820.50" gc_seconds="0.04">
    <PackageStats package="com.iota.iri.service.garbagecollector" total_bugs="0" total_types="1" total_size="114">
      <ClassStats class="com.iota.iri.service.garbagecollector.GarbageCollector" sourceFile="GarbageCollector.java" interface="false" size="114" bugs="0"/>
    </PackageStats>
    <FindBugsProfile>
      <ClassProfile name="edu.umd.cs.findbugs.classfile.engine.ClassInfoAnalysisEngine" totalMilliseconds="176" invocations="527" avgMicrosecondsPerInvocation="335" maxMicrosecondsPerInvocation="44164" standardDeviationMicrosecondsPerInvocation="2034"/>
      <ClassProfile name="edu.umd.cs.findbugs.detect.FieldItemSummary" totalMilliseconds="38" invocations="41" avgMicrosecondsPerInvocation="927" maxMicrosecondsPerInvocation="6546" standardDeviationMicrosecondsPerInvocation="1260"/>
      <ClassProfile name="edu.umd.cs.findbugs.detect.FindNoSideEffectMethods" totalMilliseconds="29" invocations="41" avgMicrosecondsPerInvocation="708" maxMicrosecondsPerInvocation="3088" standardDeviationMicrosecondsPerInvocation="818"/>
      <ClassProfile name="edu.umd.cs.findbugs.OpcodeStack$JumpInfoFactory" totalMilliseconds="24" invocations="152" avgMicrosecondsPerInvocation="163" maxMicrosecondsPerInvocation="1728" standardDeviationMicrosecondsPerInvocation="210"/>
      <ClassProfile name="edu.umd.cs.findbugs.classfile.engine.bcel.JavaClassAnalysisEngine" totalMilliseconds="23" invocations="87" avgMicrosecondsPerInvocation="266" maxMicrosecondsPerInvocation="9157" standardDeviationMicrosecondsPerInvocation="1038"/>
      <ClassProfile name="edu.umd.cs.findbugs.classfile.engine.bcel.ValueNumberDataflowFactory" totalMilliseconds="20" invocations="20" avgMicrosecondsPerInvocation="1046" maxMicrosecondsPerInvocation="8260" standardDeviationMicrosecondsPerInvocation="1739"/>
      <ClassProfile name="edu.umd.cs.findbugs.classfile.engine.bcel.TypeDataflowFactory" totalMilliseconds="20" invocations="18" avgMicrosecondsPerInvocation="1150" maxMicrosecondsPerInvocation="5497" standardDeviationMicrosecondsPerInvocation="1401"/>
      <ClassProfile name="edu.umd.cs.findbugs.classfile.engine.bcel.MethodGenFactory" totalMilliseconds="19" invocations="18" avgMicrosecondsPerInvocation="1082" maxMicrosecondsPerInvocation="17344" standardDeviationMicrosecondsPerInvocation="3945"/>
      <ClassProfile name="edu.umd.cs.findbugs.classfile.engine.bcel.IsNullValueDataflowFactory" totalMilliseconds="19" invocations="18" avgMicrosecondsPerInvocation="1059" maxMicrosecondsPerInvocation="5035" standardDeviationMicrosecondsPerInvocation="1272"/>
      <ClassProfile name="edu.umd.cs.findbugs.util.TopologicalSort" totalMilliseconds="17" invocations="475" avgMicrosecondsPerInvocation="36" maxMicrosecondsPerInvocation="623" standardDeviationMicrosecondsPerInvocation="70"/>
      <ClassProfile name="edu.umd.cs.findbugs.detect.NoteDirectlyRelevantTypeQualifiers" totalMilliseconds="15" invocations="41" avgMicrosecondsPerInvocation="367" maxMicrosecondsPerInvocation="4558" standardDeviationMicrosecondsPerInvocation="731"/>
      <ClassProfile name="edu.umd.cs.findbugs.classfile.engine.bcel.CFGFactory" totalMilliseconds="14" invocations="18" avgMicrosecondsPerInvocation="828" maxMicrosecondsPerInvocation="7625" standardDeviationMicrosecondsPerInvocation="1695"/>
      <ClassProfile name="edu.umd.cs.findbugs.classfile.engine.ClassDataAnalysisEngine" totalMilliseconds="13" invocations="531" avgMicrosecondsPerInvocation="24" maxMicrosecondsPerInvocation="436" standardDeviationMicrosecondsPerInvocation="38"/>
      <ClassProfile name="edu.umd.cs.findbugs.detect.FunctionsThatMightBeMistakenForProcedures" totalMilliseconds="12" invocations="41" avgMicrosecondsPerInvocation="295" maxMicrosecondsPerInvocation="2148" standardDeviationMicrosecondsPerInvocation="471"/>
      <ClassProfile name="edu.umd.cs.findbugs.detect.OverridingEqualsNotSymmetrical" totalMilliseconds="11" invocations="41" avgMicrosecondsPerInvocation="275" maxMicrosecondsPerInvocation="6070" standardDeviationMicrosecondsPerInvocation="927"/>
      <ClassProfile name="edu.umd.cs.findbugs.classfile.engine.bcel.UnconditionalValueDerefDataflowFactory" totalMilliseconds="11" invocations="18" avgMicrosecondsPerInvocation="616" maxMicrosecondsPerInvocation="2425" standardDeviationMicrosecondsPerInvocation="670"/>
    </FindBugsProfile>
  </FindBugsSummary>
  <ClassFeatures></ClassFeatures>
  <History></History>
</BugCollection>
