<?xml version="1.0" encoding="UTF-8"?>

<BugCollection version="4.7.3" sequence="0" timestamp="1698475226958" analysisTimestamp="1698515980850" release="">
  <Project projectName="">
    <Jar>/mnt/disk3/lty/JLeaks/data/classfile/bug-925-ed8f16bc7b3bf3358815774ff9a8cb98d4ea45c16956d190c2172aa3663992f6.class</Jar>
  </Project>
  <Errors errors="0" missingClasses="8">
    <MissingClass>org.apache.commons.logging.Log</MissingClass>
    <MissingClass>org.apache.commons.logging.LogFactory</MissingClass>
    <MissingClass>org.springframework.http.HttpHeaders</MissingClass>
    <MissingClass>org.springframework.http.HttpInputMessage</MissingClass>
    <MissingClass>org.springframework.http.HttpOutputMessage</MissingClass>
    <MissingClass>org.springframework.http.MediaType</MissingClass>
    <MissingClass>org.springframework.util.Assert</MissingClass>
    <MissingClass>org.springframework.util.StringUtils</MissingClass>
  </Errors>
  <FindBugsSummary timestamp="Sat, 28 Oct 2023 14:40:26 +0800" total_classes="1" referenced_classes="20" total_bugs="0" total_size="74" num_packages="1" java_version="1.8.0_382" vm_version="25.382-b05" cpu_seconds="5.24" clock_seconds="0.69" peak_mbytes="383.93" alloc_mbytes="1820.50" gc_seconds="0.04">
    <PackageStats package="org.springframework.boot.devtools.tunnel.payload" total_bugs="0" total_types="1" total_size="74">
      <ClassStats class="org.springframework.boot.devtools.tunnel.payload.HttpTunnelPayload" sourceFile="HttpTunnelPayload.java" interface="false" size="74" bugs="0"/>
    </PackageStats>
    <FindBugsProfile>
      <ClassProfile name="edu.umd.cs.findbugs.classfile.engine.ClassInfoAnalysisEngine" totalMilliseconds="106" invocations="358" avgMicrosecondsPerInvocation="296" maxMicrosecondsPerInvocation="10321" standardDeviationMicrosecondsPerInvocation="754"/>
      <ClassProfile name="edu.umd.cs.findbugs.OpcodeStack$JumpInfoFactory" totalMilliseconds="57" invocations="87" avgMicrosecondsPerInvocation="664" maxMicrosecondsPerInvocation="38776" standardDeviationMicrosecondsPerInvocation="4118"/>
      <ClassProfile name="edu.umd.cs.findbugs.detect.FieldItemSummary" totalMilliseconds="23" invocations="20" avgMicrosecondsPerInvocation="1154" maxMicrosecondsPerInvocation="6415" standardDeviationMicrosecondsPerInvocation="1652"/>
      <ClassProfile name="edu.umd.cs.findbugs.classfile.engine.bcel.MethodGenFactory" totalMilliseconds="17" invocations="11" avgMicrosecondsPerInvocation="1633" maxMicrosecondsPerInvocation="16435" standardDeviationMicrosecondsPerInvocation="4682"/>
      <ClassProfile name="edu.umd.cs.findbugs.classfile.engine.bcel.ValueNumberDataflowFactory" totalMilliseconds="15" invocations="12" avgMicrosecondsPerInvocation="1312" maxMicrosecondsPerInvocation="6665" standardDeviationMicrosecondsPerInvocation="1878"/>
      <ClassProfile name="edu.umd.cs.findbugs.util.TopologicalSort" totalMilliseconds="15" invocations="317" avgMicrosecondsPerInvocation="48" maxMicrosecondsPerInvocation="635" standardDeviationMicrosecondsPerInvocation="91"/>
      <ClassProfile name="edu.umd.cs.findbugs.detect.FindNoSideEffectMethods" totalMilliseconds="14" invocations="20" avgMicrosecondsPerInvocation="739" maxMicrosecondsPerInvocation="3637" standardDeviationMicrosecondsPerInvocation="957"/>
      <ClassProfile name="edu.umd.cs.findbugs.classfile.engine.bcel.JavaClassAnalysisEngine" totalMilliseconds="14" invocations="49" avgMicrosecondsPerInvocation="292" maxMicrosecondsPerInvocation="8263" standardDeviationMicrosecondsPerInvocation="1183"/>
      <ClassProfile name="edu.umd.cs.findbugs.classfile.engine.bcel.IsNullValueDataflowFactory" totalMilliseconds="13" invocations="11" avgMicrosecondsPerInvocation="1261" maxMicrosecondsPerInvocation="6266" standardDeviationMicrosecondsPerInvocation="1709"/>
      <ClassProfile name="edu.umd.cs.findbugs.classfile.engine.bcel.TypeDataflowFactory" totalMilliseconds="12" invocations="12" avgMicrosecondsPerInvocation="1034" maxMicrosecondsPerInvocation="5220" standardDeviationMicrosecondsPerInvocation="1410"/>
      <ClassProfile name="edu.umd.cs.findbugs.classfile.engine.bcel.CFGFactory" totalMilliseconds="11" invocations="11" avgMicrosecondsPerInvocation="1043" maxMicrosecondsPerInvocation="7353" standardDeviationMicrosecondsPerInvocation="2023"/>
      <ClassProfile name="edu.umd.cs.findbugs.classfile.engine.bcel.UnconditionalValueDerefDataflowFactory" totalMilliseconds="11" invocations="11" avgMicrosecondsPerInvocation="1031" maxMicrosecondsPerInvocation="2821" standardDeviationMicrosecondsPerInvocation="1071"/>
    </FindBugsProfile>
  </FindBugsSummary>
  <ClassFeatures></ClassFeatures>
  <History></History>
</BugCollection>
