<?xml version="1.0" encoding="UTF-8"?>

<BugCollection version="4.7.3" sequence="0" timestamp="1698475214491" analysisTimestamp="1698515050971" release="">
  <Project projectName="">
    <Jar>/mnt/disk3/lty/JLeaks/data/classfile/bug-841-fab336a491b10d9e2bf2a4a42ef23bb02a792b7a2c33fc8c529bdafad21df89d.class</Jar>
  </Project>
  <BugInstance type="OS_OPEN_STREAM_EXCEPTION_PATH" priority="3" rank="19" abbrev="OS" category="BAD_PRACTICE">
    <Class classname="com.pi4j.util.ExecUtil">
      <SourceLine classname="com.pi4j.util.ExecUtil" start="39" end="80" sourcefile="ExecUtil.java" sourcepath="com/pi4j/util/ExecUtil.java"/>
    </Class>
    <Method classname="com.pi4j.util.ExecUtil" name="execute" signature="(Ljava/lang/String;Ljava/lang/String;)[Ljava/lang/String;" isStatic="true">
      <SourceLine classname="com.pi4j.util.ExecUtil" start="46" end="80" startBytecode="0" endBytecode="100" sourcefile="ExecUtil.java" sourcepath="com/pi4j/util/ExecUtil.java"/>
    </Method>
    <Type descriptor="Ljava/io/Reader;" role="TYPE_CLOSEIT">
      <SourceLine classname="java.io.Reader" start="66" end="249" sourcefile="Reader.java" sourcepath="java/io/Reader.java"/>
    </Type>
    <SourceLine classname="com.pi4j.util.ExecUtil" start="54" end="54" startBytecode="43" endBytecode="43" sourcefile="ExecUtil.java" sourcepath="com/pi4j/util/ExecUtil.java"/>
  </BugInstance>
  <Errors errors="0" missingClasses="0"></Errors>
  <FindBugsSummary timestamp="Sat, 28 Oct 2023 14:40:14 +0800" total_classes="1" referenced_classes="19" total_bugs="1" total_size="29" num_packages="1" java_version="1.8.0_382" vm_version="25.382-b05" cpu_seconds="5.65" clock_seconds="0.66" peak_mbytes="393.22" alloc_mbytes="1820.50" gc_seconds="0.04" priority_3="1">
    <PackageStats package="com.pi4j.util" total_bugs="1" total_types="1" total_size="29" priority_3="1">
      <ClassStats class="com.pi4j.util.ExecUtil" sourceFile="ExecUtil.java" interface="false" size="29" bugs="1" priority_3="1"/>
    </PackageStats>
    <FindBugsProfile>
      <ClassProfile name="edu.umd.cs.findbugs.classfile.engine.ClassInfoAnalysisEngine" totalMilliseconds="106" invocations="348" avgMicrosecondsPerInvocation="307" maxMicrosecondsPerInvocation="8834" standardDeviationMicrosecondsPerInvocation="716"/>
      <ClassProfile name="edu.umd.cs.findbugs.detect.FunctionsThatMightBeMistakenForProcedures" totalMilliseconds="50" invocations="19" avgMicrosecondsPerInvocation="2663" maxMicrosecondsPerInvocation="46355" standardDeviationMicrosecondsPerInvocation="10305"/>
      <ClassProfile name="edu.umd.cs.findbugs.detect.FieldItemSummary" totalMilliseconds="22" invocations="19" avgMicrosecondsPerInvocation="1168" maxMicrosecondsPerInvocation="6618" standardDeviationMicrosecondsPerInvocation="1690"/>
      <ClassProfile name="edu.umd.cs.findbugs.classfile.engine.bcel.MethodGenFactory" totalMilliseconds="18" invocations="3" avgMicrosecondsPerInvocation="6147" maxMicrosecondsPerInvocation="17412" standardDeviationMicrosecondsPerInvocation="7969"/>
      <ClassProfile name="edu.umd.cs.findbugs.OpcodeStack$JumpInfoFactory" totalMilliseconds="17" invocations="84" avgMicrosecondsPerInvocation="209" maxMicrosecondsPerInvocation="1655" standardDeviationMicrosecondsPerInvocation="249"/>
      <ClassProfile name="edu.umd.cs.findbugs.classfile.engine.bcel.JavaClassAnalysisEngine" totalMilliseconds="15" invocations="42" avgMicrosecondsPerInvocation="367" maxMicrosecondsPerInvocation="8765" standardDeviationMicrosecondsPerInvocation="1346"/>
      <ClassProfile name="edu.umd.cs.findbugs.detect.FindNoSideEffectMethods" totalMilliseconds="14" invocations="19" avgMicrosecondsPerInvocation="787" maxMicrosecondsPerInvocation="3404" standardDeviationMicrosecondsPerInvocation="938"/>
      <ClassProfile name="edu.umd.cs.findbugs.classfile.engine.bcel.ValueNumberDataflowFactory" totalMilliseconds="14" invocations="3" avgMicrosecondsPerInvocation="4814" maxMicrosecondsPerInvocation="7656" standardDeviationMicrosecondsPerInvocation="3273"/>
      <ClassProfile name="edu.umd.cs.findbugs.util.TopologicalSort" totalMilliseconds="13" invocations="315" avgMicrosecondsPerInvocation="44" maxMicrosecondsPerInvocation="633" standardDeviationMicrosecondsPerInvocation="80"/>
      <ClassProfile name="edu.umd.cs.findbugs.classfile.engine.bcel.IsNullValueDataflowFactory" totalMilliseconds="13" invocations="3" avgMicrosecondsPerInvocation="4486" maxMicrosecondsPerInvocation="13032" standardDeviationMicrosecondsPerInvocation="6042"/>
    </FindBugsProfile>
  </FindBugsSummary>
  <ClassFeatures></ClassFeatures>
  <History></History>
</BugCollection>
