<?xml version="1.0" encoding="UTF-8"?>

<BugCollection version="4.7.3" sequence="0" timestamp="1698475207255" analysisTimestamp="1698514961364" release="">
  <Project projectName="">
    <Jar>/mnt/disk3/lty/JLeaks/data/classfile/bug-791-7d1409c7b892f6cd1a8a5134122687477d73222fff4bfddb4961d2b5b80f92a9.class</Jar>
  </Project>
  <Errors errors="0" missingClasses="6">
    <MissingClass>org.opensolaris.opengrok.history.History</MissingClass>
    <MissingClass>org.opensolaris.opengrok.history.HistoryCache</MissingClass>
    <MissingClass>org.opensolaris.opengrok.history.HistoryEntry</MissingClass>
    <MissingClass>org.opensolaris.opengrok.history.HistoryException</MissingClass>
    <MissingClass>org.opensolaris.opengrok.history.Repository</MissingClass>
    <MissingClass>org.opensolaris.opengrok.jdbc.ConnectionManager</MissingClass>
  </Errors>
  <FindBugsSummary timestamp="Sat, 28 Oct 2023 14:40:07 +0800" total_classes="1" referenced_classes="27" total_bugs="0" total_size="224" num_packages="1" java_version="1.8.0_382" vm_version="25.382-b05" cpu_seconds="8.60" clock_seconds="0.91" peak_mbytes="398.54" alloc_mbytes="1820.50" gc_seconds="0.04">
    <PackageStats package="org.opensolaris.opengrok.history" total_bugs="0" total_types="1" total_size="224">
      <ClassStats class="org.opensolaris.opengrok.history.JDBCHistoryCache" sourceFile="JDBCHistoryCache.java" interface="false" size="224" bugs="0"/>
    </PackageStats>
    <FindBugsProfile>
      <ClassProfile name="edu.umd.cs.findbugs.classfile.engine.ClassInfoAnalysisEngine" totalMilliseconds="163" invocations="409" avgMicrosecondsPerInvocation="400" maxMicrosecondsPerInvocation="46612" standardDeviationMicrosecondsPerInvocation="2405"/>
      <ClassProfile name="edu.umd.cs.findbugs.classfile.engine.bcel.TypeDataflowFactory" totalMilliseconds="34" invocations="19" avgMicrosecondsPerInvocation="1796" maxMicrosecondsPerInvocation="4744" standardDeviationMicrosecondsPerInvocation="1495"/>
      <ClassProfile name="edu.umd.cs.findbugs.classfile.engine.bcel.ValueNumberDataflowFactory" totalMilliseconds="31" invocations="19" avgMicrosecondsPerInvocation="1650" maxMicrosecondsPerInvocation="6275" standardDeviationMicrosecondsPerInvocation="1736"/>
      <ClassProfile name="edu.umd.cs.findbugs.detect.FieldItemSummary" totalMilliseconds="26" invocations="27" avgMicrosecondsPerInvocation="982" maxMicrosecondsPerInvocation="6555" standardDeviationMicrosecondsPerInvocation="1432"/>
      <ClassProfile name="edu.umd.cs.findbugs.classfile.engine.bcel.IsNullValueDataflowFactory" totalMilliseconds="26" invocations="14" avgMicrosecondsPerInvocation="1893" maxMicrosecondsPerInvocation="6542" standardDeviationMicrosecondsPerInvocation="2203"/>
      <ClassProfile name="edu.umd.cs.findbugs.OpcodeStack$JumpInfoFactory" totalMilliseconds="23" invocations="115" avgMicrosecondsPerInvocation="207" maxMicrosecondsPerInvocation="1548" standardDeviationMicrosecondsPerInvocation="263"/>
      <ClassProfile name="edu.umd.cs.findbugs.classfile.engine.bcel.MethodGenFactory" totalMilliseconds="19" invocations="14" avgMicrosecondsPerInvocation="1378" maxMicrosecondsPerInvocation="15853" standardDeviationMicrosecondsPerInvocation="4019"/>
      <ClassProfile name="edu.umd.cs.findbugs.detect.FindNoSideEffectMethods" totalMilliseconds="19" invocations="27" avgMicrosecondsPerInvocation="707" maxMicrosecondsPerInvocation="2906" standardDeviationMicrosecondsPerInvocation="775"/>
      <ClassProfile name="edu.umd.cs.findbugs.classfile.engine.bcel.UnconditionalValueDerefDataflowFactory" totalMilliseconds="18" invocations="14" avgMicrosecondsPerInvocation="1315" maxMicrosecondsPerInvocation="5248" standardDeviationMicrosecondsPerInvocation="1511"/>
      <ClassProfile name="edu.umd.cs.findbugs.classfile.engine.bcel.JavaClassAnalysisEngine" totalMilliseconds="17" invocations="56" avgMicrosecondsPerInvocation="310" maxMicrosecondsPerInvocation="8478" standardDeviationMicrosecondsPerInvocation="1138"/>
      <ClassProfile name="edu.umd.cs.findbugs.classfile.engine.bcel.CFGFactory" totalMilliseconds="16" invocations="14" avgMicrosecondsPerInvocation="1166" maxMicrosecondsPerInvocation="6658" standardDeviationMicrosecondsPerInvocation="1577"/>
      <ClassProfile name="edu.umd.cs.findbugs.ba.npe.NullDerefAndRedundantComparisonFinder" totalMilliseconds="15" invocations="14" avgMicrosecondsPerInvocation="1130" maxMicrosecondsPerInvocation="6283" standardDeviationMicrosecondsPerInvocation="1532"/>
      <ClassProfile name="edu.umd.cs.findbugs.util.TopologicalSort" totalMilliseconds="15" invocations="370" avgMicrosecondsPerInvocation="42" maxMicrosecondsPerInvocation="1213" standardDeviationMicrosecondsPerInvocation="89"/>
      <ClassProfile name="edu.umd.cs.findbugs.detect.StreamResourceTracker" totalMilliseconds="14" invocations="14" avgMicrosecondsPerInvocation="1004" maxMicrosecondsPerInvocation="1781" standardDeviationMicrosecondsPerInvocation="417"/>
      <ClassProfile name="edu.umd.cs.findbugs.detect.FindOpenStream" totalMilliseconds="13" invocations="1" avgMicrosecondsPerInvocation="13607" maxMicrosecondsPerInvocation="13607" standardDeviationMicrosecondsPerInvocation="0"/>
      <ClassProfile name="edu.umd.cs.findbugs.detect.NoteDirectlyRelevantTypeQualifiers" totalMilliseconds="11" invocations="27" avgMicrosecondsPerInvocation="419" maxMicrosecondsPerInvocation="4647" standardDeviationMicrosecondsPerInvocation="875"/>
    </FindBugsProfile>
  </FindBugsSummary>
  <ClassFeatures></ClassFeatures>
  <History></History>
</BugCollection>
