<?xml version="1.0" encoding="UTF-8"?>

<BugCollection version="4.7.3" sequence="0" timestamp="1698475113104" analysisTimestamp="1698508000924" release="">
  <Project projectName="">
    <Jar>/mnt/disk3/lty/JLeaks/data/classfile/bug-33-121bb81b63349311ad1e78443d824416ccf3db74974f1a1c4ce46e8838a6d654.class</Jar>
  </Project>
  <BugInstance type="OS_OPEN_STREAM_EXCEPTION_PATH" priority="3" rank="19" abbrev="OS" category="BAD_PRACTICE">
    <Class classname="tachyon.master.RecomputeCommand">
      <SourceLine classname="tachyon.master.RecomputeCommand" start="19" end="63" sourcefile="RecomputeCommand.java" sourcepath="tachyon/master/RecomputeCommand.java"/>
    </Class>
    <Method classname="tachyon.master.RecomputeCommand" name="run" signature="()V" isStatic="false">
      <SourceLine classname="tachyon.master.RecomputeCommand" start="38" end="63" startBytecode="0" endBytecode="129" sourcefile="RecomputeCommand.java" sourcepath="tachyon/master/RecomputeCommand.java"/>
    </Method>
    <Type descriptor="Ljava/io/Reader;" role="TYPE_CLOSEIT">
      <SourceLine classname="java.io.Reader" start="66" end="249" sourcefile="Reader.java" sourcepath="java/io/Reader.java"/>
    </Type>
    <SourceLine classname="tachyon.master.RecomputeCommand" start="41" end="41" startBytecode="53" endBytecode="53" sourcefile="RecomputeCommand.java" sourcepath="tachyon/master/RecomputeCommand.java"/>
    <SourceLine classname="tachyon.master.RecomputeCommand" start="42" end="42" startBytecode="72" endBytecode="72" sourcefile="RecomputeCommand.java" sourcepath="tachyon/master/RecomputeCommand.java" role="SOURCE_LINE_ANOTHER_INSTANCE"/>
  </BugInstance>
  <BugInstance type="OS_OPEN_STREAM_EXCEPTION_PATH" priority="3" rank="19" abbrev="OS" category="BAD_PRACTICE">
    <Class classname="tachyon.master.RecomputeCommand">
      <SourceLine classname="tachyon.master.RecomputeCommand" start="19" end="63" sourcefile="RecomputeCommand.java" sourcepath="tachyon/master/RecomputeCommand.java"/>
    </Class>
    <Method classname="tachyon.master.RecomputeCommand" name="run" signature="()V" isStatic="false">
      <SourceLine classname="tachyon.master.RecomputeCommand" start="38" end="63" startBytecode="0" endBytecode="129" sourcefile="RecomputeCommand.java" sourcepath="tachyon/master/RecomputeCommand.java"/>
    </Method>
    <Type descriptor="Ljava/io/Writer;" role="TYPE_CLOSEIT">
      <SourceLine classname="java.io.Writer" start="50" end="294" sourcefile="Writer.java" sourcepath="java/io/Writer.java"/>
    </Type>
    <SourceLine classname="tachyon.master.RecomputeCommand" start="45" end="45" startBytecode="119" endBytecode="119" sourcefile="RecomputeCommand.java" sourcepath="tachyon/master/RecomputeCommand.java"/>
  </BugInstance>
  <Errors errors="0" missingClasses="3">
    <MissingClass>org.slf4j.Logger</MissingClass>
    <MissingClass>org.slf4j.LoggerFactory</MissingClass>
    <MissingClass>tachyon.Constants</MissingClass>
  </Errors>
  <FindBugsSummary timestamp="Sat, 28 Oct 2023 14:38:33 +0800" total_classes="1" referenced_classes="23" total_bugs="2" total_size="35" num_packages="1" java_version="1.8.0_382" vm_version="25.382-b05" cpu_seconds="36.22" clock_seconds="4.02" peak_mbytes="391.75" alloc_mbytes="1820.50" gc_seconds="0.20" priority_3="2">
    <PackageStats package="tachyon.master" total_bugs="2" total_types="1" total_size="35" priority_3="2">
      <ClassStats class="tachyon.master.RecomputeCommand" sourceFile="RecomputeCommand.java" interface="false" size="35" bugs="2" priority_3="2"/>
    </PackageStats>
    <FindBugsProfile>
      <ClassProfile name="edu.umd.cs.findbugs.classfile.engine.ClassInfoAnalysisEngine" totalMilliseconds="531" invocations="350" avgMicrosecondsPerInvocation="1519" maxMicrosecondsPerInvocation="48368" standardDeviationMicrosecondsPerInvocation="3378"/>
      <ClassProfile name="edu.umd.cs.findbugs.detect.FieldItemSummary" totalMilliseconds="149" invocations="23" avgMicrosecondsPerInvocation="6478" maxMicrosecondsPerInvocation="28053" standardDeviationMicrosecondsPerInvocation="8698"/>
      <ClassProfile name="edu.umd.cs.findbugs.classfile.engine.bcel.MethodGenFactory" totalMilliseconds="121" invocations="3" avgMicrosecondsPerInvocation="40365" maxMicrosecondsPerInvocation="114399" standardDeviationMicrosecondsPerInvocation="52390"/>
      <ClassProfile name="edu.umd.cs.findbugs.classfile.engine.bcel.ValueNumberDataflowFactory" totalMilliseconds="116" invocations="4" avgMicrosecondsPerInvocation="29231" maxMicrosecondsPerInvocation="52171" standardDeviationMicrosecondsPerInvocation="20309"/>
      <ClassProfile name="edu.umd.cs.findbugs.detect.FindNoSideEffectMethods" totalMilliseconds="115" invocations="23" avgMicrosecondsPerInvocation="5019" maxMicrosecondsPerInvocation="19216" standardDeviationMicrosecondsPerInvocation="5620"/>
      <ClassProfile name="edu.umd.cs.findbugs.classfile.engine.bcel.TypeDataflowFactory" totalMilliseconds="115" invocations="4" avgMicrosecondsPerInvocation="28794" maxMicrosecondsPerInvocation="64541" standardDeviationMicrosecondsPerInvocation="23233"/>
      <ClassProfile name="edu.umd.cs.findbugs.OpcodeStack$JumpInfoFactory" totalMilliseconds="114" invocations="79" avgMicrosecondsPerInvocation="1449" maxMicrosecondsPerInvocation="14673" standardDeviationMicrosecondsPerInvocation="2038"/>
      <ClassProfile name="edu.umd.cs.findbugs.classfile.engine.bcel.IsNullValueDataflowFactory" totalMilliseconds="93" invocations="3" avgMicrosecondsPerInvocation="31056" maxMicrosecondsPerInvocation="62988" standardDeviationMicrosecondsPerInvocation="24363"/>
      <ClassProfile name="edu.umd.cs.findbugs.classfile.engine.bcel.JavaClassAnalysisEngine" totalMilliseconds="91" invocations="45" avgMicrosecondsPerInvocation="2023" maxMicrosecondsPerInvocation="53456" standardDeviationMicrosecondsPerInvocation="7930"/>
      <ClassProfile name="edu.umd.cs.findbugs.detect.FindOpenStream" totalMilliseconds="82" invocations="1" avgMicrosecondsPerInvocation="82110" maxMicrosecondsPerInvocation="82110" standardDeviationMicrosecondsPerInvocation="0"/>
      <ClassProfile name="edu.umd.cs.findbugs.classfile.engine.ClassDataAnalysisEngine" totalMilliseconds="78" invocations="352" avgMicrosecondsPerInvocation="224" maxMicrosecondsPerInvocation="4389" standardDeviationMicrosecondsPerInvocation="277"/>
      <ClassProfile name="edu.umd.cs.findbugs.util.TopologicalSort" totalMilliseconds="74" invocations="315" avgMicrosecondsPerInvocation="236" maxMicrosecondsPerInvocation="2467" standardDeviationMicrosecondsPerInvocation="316"/>
      <ClassProfile name="edu.umd.cs.findbugs.classfile.engine.bcel.CFGFactory" totalMilliseconds="69" invocations="3" avgMicrosecondsPerInvocation="23126" maxMicrosecondsPerInvocation="49069" standardDeviationMicrosecondsPerInvocation="19660"/>
      <ClassProfile name="edu.umd.cs.findbugs.classfile.engine.bcel.UnconditionalValueDerefDataflowFactory" totalMilliseconds="62" invocations="3" avgMicrosecondsPerInvocation="20760" maxMicrosecondsPerInvocation="47063" standardDeviationMicrosecondsPerInvocation="19162"/>
      <ClassProfile name="edu.umd.cs.findbugs.detect.OverridingEqualsNotSymmetrical" totalMilliseconds="62" invocations="23" avgMicrosecondsPerInvocation="2701" maxMicrosecondsPerInvocation="32791" standardDeviationMicrosecondsPerInvocation="6821"/>
      <ClassProfile name="edu.umd.cs.findbugs.detect.FunctionsThatMightBeMistakenForProcedures" totalMilliseconds="57" invocations="23" avgMicrosecondsPerInvocation="2498" maxMicrosecondsPerInvocation="22423" standardDeviationMicrosecondsPerInvocation="4901"/>
      <ClassProfile name="edu.umd.cs.findbugs.detect.NoteDirectlyRelevantTypeQualifiers" totalMilliseconds="55" invocations="23" avgMicrosecondsPerInvocation="2423" maxMicrosecondsPerInvocation="27465" standardDeviationMicrosecondsPerInvocation="5563"/>
      <ClassProfile name="edu.umd.cs.findbugs.detect.BuildStringPassthruGraph" totalMilliseconds="38" invocations="23" avgMicrosecondsPerInvocation="1665" maxMicrosecondsPerInvocation="16432" standardDeviationMicrosecondsPerInvocation="3407"/>
    </FindBugsProfile>
  </FindBugsSummary>
  <ClassFeatures></ClassFeatures>
  <History></History>
</BugCollection>
