<?xml version="1.0" encoding="UTF-8"?>

<BugCollection version="4.7.3" sequence="0" timestamp="1698475133231" analysisTimestamp="1698510519995" release="">
  <Project projectName="">
    <Jar>/mnt/disk3/lty/JLeaks/data/classfile/bug-216-f9722930c68ebc8635f61c89ee9deb38aec3ae03be0f07bb7652cdb6f201e03f.class</Jar>
  </Project>
  <Errors errors="0" missingClasses="11">
    <MissingClass>io.apiman.common.config.options.TLSOptions</MissingClass>
    <MissingClass>io.apiman.gateway.platforms.servlet.connectors.ssl.CipherSelectingSSLSocketFactory</MissingClass>
    <MissingClass>io.apiman.gateway.platforms.servlet.connectors.ssl.SSLSessionStrategy</MissingClass>
    <MissingClass>io.apiman.gateway.platforms.servlet.connectors.ssl.SSLSessionStrategyFactory$1</MissingClass>
    <MissingClass>io.apiman.gateway.platforms.servlet.connectors.ssl.SSLSessionStrategyFactory$AllowAnyVerifier</MissingClass>
    <MissingClass>io.apiman.gateway.platforms.servlet.connectors.ssl.SSLSessionStrategyFactory$SelectByAlias</MissingClass>
    <MissingClass>org.apache.http.conn.ssl.SSLConnectionSocketFactory</MissingClass>
    <MissingClass>org.apache.http.conn.ssl.TrustSelfSignedStrategy</MissingClass>
    <MissingClass>org.apache.http.ssl.SSLContextBuilder</MissingClass>
    <MissingClass>org.apache.http.ssl.SSLContexts</MissingClass>
    <MissingClass>org.apache.http.util.Args</MissingClass>
  </Errors>
  <FindBugsSummary timestamp="Sat, 28 Oct 2023 14:38:53 +0800" total_classes="1" referenced_classes="37" total_bugs="0" total_size="97" num_packages="1" java_version="1.8.0_382" vm_version="25.382-b05" cpu_seconds="45.88" clock_seconds="4.41" peak_mbytes="386.34" alloc_mbytes="1820.50" gc_seconds="0.21">
    <PackageStats package="io.apiman.gateway.platforms.servlet.connectors.ssl" total_bugs="0" total_types="1" total_size="97">
      <ClassStats class="io.apiman.gateway.platforms.servlet.connectors.ssl.SSLSessionStrategyFactory" sourceFile="SSLSessionStrategyFactory.java" interface="false" size="97" bugs="0"/>
    </PackageStats>
    <FindBugsProfile>
      <ClassProfile name="edu.umd.cs.findbugs.classfile.engine.ClassInfoAnalysisEngine" totalMilliseconds="810" invocations="488" avgMicrosecondsPerInvocation="1660" maxMicrosecondsPerInvocation="216299" standardDeviationMicrosecondsPerInvocation="10145"/>
      <ClassProfile name="edu.umd.cs.findbugs.detect.FieldItemSummary" totalMilliseconds="211" invocations="37" avgMicrosecondsPerInvocation="5728" maxMicrosecondsPerInvocation="34560" standardDeviationMicrosecondsPerInvocation="8753"/>
      <ClassProfile name="edu.umd.cs.findbugs.detect.FindNoSideEffectMethods" totalMilliseconds="168" invocations="37" avgMicrosecondsPerInvocation="4554" maxMicrosecondsPerInvocation="30821" standardDeviationMicrosecondsPerInvocation="6518"/>
      <ClassProfile name="edu.umd.cs.findbugs.OpcodeStack$JumpInfoFactory" totalMilliseconds="126" invocations="162" avgMicrosecondsPerInvocation="780" maxMicrosecondsPerInvocation="9284" standardDeviationMicrosecondsPerInvocation="1061"/>
      <ClassProfile name="edu.umd.cs.findbugs.classfile.engine.bcel.MethodGenFactory" totalMilliseconds="118" invocations="12" avgMicrosecondsPerInvocation="9850" maxMicrosecondsPerInvocation="103440" standardDeviationMicrosecondsPerInvocation="28225"/>
      <ClassProfile name="edu.umd.cs.findbugs.classfile.engine.ClassDataAnalysisEngine" totalMilliseconds="109" invocations="491" avgMicrosecondsPerInvocation="222" maxMicrosecondsPerInvocation="3843" standardDeviationMicrosecondsPerInvocation="277"/>
      <ClassProfile name="edu.umd.cs.findbugs.classfile.engine.bcel.JavaClassAnalysisEngine" totalMilliseconds="102" invocations="75" avgMicrosecondsPerInvocation="1364" maxMicrosecondsPerInvocation="48903" standardDeviationMicrosecondsPerInvocation="5750"/>
      <ClassProfile name="edu.umd.cs.findbugs.util.TopologicalSort" totalMilliseconds="95" invocations="440" avgMicrosecondsPerInvocation="218" maxMicrosecondsPerInvocation="9531" standardDeviationMicrosecondsPerInvocation="520"/>
      <ClassProfile name="edu.umd.cs.findbugs.classfile.engine.bcel.IsNullValueDataflowFactory" totalMilliseconds="84" invocations="12" avgMicrosecondsPerInvocation="7046" maxMicrosecondsPerInvocation="28970" standardDeviationMicrosecondsPerInvocation="7397"/>
      <ClassProfile name="edu.umd.cs.findbugs.classfile.engine.bcel.TypeDataflowFactory" totalMilliseconds="80" invocations="14" avgMicrosecondsPerInvocation="5739" maxMicrosecondsPerInvocation="26866" standardDeviationMicrosecondsPerInvocation="6633"/>
      <ClassProfile name="edu.umd.cs.findbugs.detect.NoteDirectlyRelevantTypeQualifiers" totalMilliseconds="79" invocations="37" avgMicrosecondsPerInvocation="2145" maxMicrosecondsPerInvocation="27789" standardDeviationMicrosecondsPerInvocation="4779"/>
      <ClassProfile name="edu.umd.cs.findbugs.classfile.engine.bcel.CFGFactory" totalMilliseconds="76" invocations="12" avgMicrosecondsPerInvocation="6369" maxMicrosecondsPerInvocation="41534" standardDeviationMicrosecondsPerInvocation="10745"/>
      <ClassProfile name="edu.umd.cs.findbugs.classfile.engine.bcel.ValueNumberDataflowFactory" totalMilliseconds="70" invocations="14" avgMicrosecondsPerInvocation="5019" maxMicrosecondsPerInvocation="37875" standardDeviationMicrosecondsPerInvocation="9448"/>
      <ClassProfile name="edu.umd.cs.findbugs.detect.OverridingEqualsNotSymmetrical" totalMilliseconds="69" invocations="37" avgMicrosecondsPerInvocation="1885" maxMicrosecondsPerInvocation="31695" standardDeviationMicrosecondsPerInvocation="5345"/>
      <ClassProfile name="edu.umd.cs.findbugs.detect.FunctionsThatMightBeMistakenForProcedures" totalMilliseconds="67" invocations="37" avgMicrosecondsPerInvocation="1817" maxMicrosecondsPerInvocation="21296" standardDeviationMicrosecondsPerInvocation="3789"/>
      <ClassProfile name="edu.umd.cs.findbugs.classfile.engine.bcel.UnconditionalValueDerefDataflowFactory" totalMilliseconds="48" invocations="12" avgMicrosecondsPerInvocation="4078" maxMicrosecondsPerInvocation="14639" standardDeviationMicrosecondsPerInvocation="4058"/>
      <ClassProfile name="edu.umd.cs.findbugs.detect.BuildStringPassthruGraph" totalMilliseconds="45" invocations="37" avgMicrosecondsPerInvocation="1242" maxMicrosecondsPerInvocation="16155" standardDeviationMicrosecondsPerInvocation="2675"/>
      <ClassProfile name="edu.umd.cs.findbugs.ba.npe.NullDerefAndRedundantComparisonFinder" totalMilliseconds="44" invocations="12" avgMicrosecondsPerInvocation="3690" maxMicrosecondsPerInvocation="9713" standardDeviationMicrosecondsPerInvocation="2485"/>
      <ClassProfile name="edu.umd.cs.findbugs.detect.FindOpenStream" totalMilliseconds="42" invocations="1" avgMicrosecondsPerInvocation="42109" maxMicrosecondsPerInvocation="42109" standardDeviationMicrosecondsPerInvocation="0"/>
    </FindBugsProfile>
  </FindBugsSummary>
  <ClassFeatures></ClassFeatures>
  <History></History>
</BugCollection>
