<?xml version="1.0" encoding="UTF-8"?>

<BugCollection version="4.7.3" sequence="0" timestamp="1698475172293" analysisTimestamp="1698512277463" release="">
  <Project projectName="">
    <Jar>/mnt/disk3/lty/JLeaks/data/classfile/bug-536-7f49de10f934363cf820a0a8ac613744717d3a4103513e33b39d4b659be635d3.class</Jar>
  </Project>
  <BugInstance type="OS_OPEN_STREAM_EXCEPTION_PATH" priority="3" rank="19" abbrev="OS" category="BAD_PRACTICE">
    <Class classname="spoon.support.SerializationModelStreamer">
      <SourceLine classname="spoon.support.SerializationModelStreamer" start="44" end="92" sourcefile="SerializationModelStreamer.java" sourcepath="spoon/support/SerializationModelStreamer.java"/>
    </Class>
    <Method classname="spoon.support.SerializationModelStreamer" name="save" signature="(Lspoon/reflect/factory/Factory;Ljava/io/OutputStream;)V" isStatic="false">
      <SourceLine classname="spoon.support.SerializationModelStreamer" start="49" end="56" startBytecode="0" endBytecode="25" sourcefile="SerializationModelStreamer.java" sourcepath="spoon/support/SerializationModelStreamer.java"/>
    </Method>
    <Type descriptor="Ljava/io/OutputStream;" role="TYPE_CLOSEIT">
      <SourceLine classname="java.io.OutputStream" start="46" end="152" sourcefile="OutputStream.java" sourcepath="java/io/OutputStream.java"/>
    </Type>
    <SourceLine classname="spoon.support.SerializationModelStreamer" start="52" end="52" startBytecode="26" endBytecode="26" sourcefile="SerializationModelStreamer.java" sourcepath="spoon/support/SerializationModelStreamer.java"/>
  </BugInstance>
  <Errors errors="0" missingClasses="9">
    <MissingClass>org.apache.log4j.Logger</MissingClass>
    <MissingClass>spoon.Launcher</MissingClass>
    <MissingClass>spoon.compiler.Environment</MissingClass>
    <MissingClass>spoon.reflect.ModelStreamer</MissingClass>
    <MissingClass>spoon.reflect.factory.Factory</MissingClass>
    <MissingClass>spoon.reflect.factory.ModuleFactory</MissingClass>
    <MissingClass>spoon.reflect.visitor.chain.CtQuery</MissingClass>
    <MissingClass>spoon.support.CompressionType</MissingClass>
    <MissingClass>spoon.support.SerializationModelStreamer$1</MissingClass>
  </Errors>
  <FindBugsSummary timestamp="Sat, 28 Oct 2023 14:39:32 +0800" total_classes="1" referenced_classes="22" total_bugs="1" total_size="32" num_packages="1" java_version="1.8.0_382" vm_version="25.382-b05" cpu_seconds="5.74" clock_seconds="0.69" peak_mbytes="393.43" alloc_mbytes="1820.50" gc_seconds="0.04" priority_3="1">
    <PackageStats package="spoon.support" total_bugs="1" total_types="1" total_size="32" priority_3="1">
      <ClassStats class="spoon.support.SerializationModelStreamer" sourceFile="SerializationModelStreamer.java" interface="false" size="32" bugs="1" priority_3="1"/>
    </PackageStats>
    <FindBugsProfile>
      <ClassProfile name="edu.umd.cs.findbugs.classfile.engine.ClassInfoAnalysisEngine" totalMilliseconds="110" invocations="407" avgMicrosecondsPerInvocation="271" maxMicrosecondsPerInvocation="9325" standardDeviationMicrosecondsPerInvocation="679"/>
      <ClassProfile name="edu.umd.cs.findbugs.detect.BuildObligationPolicyDatabase" totalMilliseconds="49" invocations="22" avgMicrosecondsPerInvocation="2257" maxMicrosecondsPerInvocation="43863" standardDeviationMicrosecondsPerInvocation="9085"/>
      <ClassProfile name="edu.umd.cs.findbugs.detect.FieldItemSummary" totalMilliseconds="27" invocations="22" avgMicrosecondsPerInvocation="1255" maxMicrosecondsPerInvocation="6527" standardDeviationMicrosecondsPerInvocation="1837"/>
      <ClassProfile name="edu.umd.cs.findbugs.detect.FindNoSideEffectMethods" totalMilliseconds="22" invocations="22" avgMicrosecondsPerInvocation="1021" maxMicrosecondsPerInvocation="6134" standardDeviationMicrosecondsPerInvocation="1537"/>
      <ClassProfile name="edu.umd.cs.findbugs.OpcodeStack$JumpInfoFactory" totalMilliseconds="22" invocations="84" avgMicrosecondsPerInvocation="266" maxMicrosecondsPerInvocation="1723" standardDeviationMicrosecondsPerInvocation="337"/>
      <ClassProfile name="edu.umd.cs.findbugs.classfile.engine.bcel.MethodGenFactory" totalMilliseconds="20" invocations="3" avgMicrosecondsPerInvocation="6703" maxMicrosecondsPerInvocation="18925" standardDeviationMicrosecondsPerInvocation="8642"/>
      <ClassProfile name="edu.umd.cs.findbugs.classfile.engine.bcel.JavaClassAnalysisEngine" totalMilliseconds="18" invocations="57" avgMicrosecondsPerInvocation="319" maxMicrosecondsPerInvocation="8878" standardDeviationMicrosecondsPerInvocation="1189"/>
      <ClassProfile name="edu.umd.cs.findbugs.util.TopologicalSort" totalMilliseconds="14" invocations="358" avgMicrosecondsPerInvocation="39" maxMicrosecondsPerInvocation="609" standardDeviationMicrosecondsPerInvocation="74"/>
      <ClassProfile name="edu.umd.cs.findbugs.detect.NoteDirectlyRelevantTypeQualifiers" totalMilliseconds="12" invocations="22" avgMicrosecondsPerInvocation="548" maxMicrosecondsPerInvocation="4877" standardDeviationMicrosecondsPerInvocation="1060"/>
      <ClassProfile name="edu.umd.cs.findbugs.classfile.engine.bcel.TypeDataflowFactory" totalMilliseconds="11" invocations="4" avgMicrosecondsPerInvocation="2794" maxMicrosecondsPerInvocation="4676" standardDeviationMicrosecondsPerInvocation="1443"/>
    </FindBugsProfile>
  </FindBugsSummary>
  <ClassFeatures></ClassFeatures>
  <History></History>
</BugCollection>
