<?xml version="1.0" encoding="UTF-8"?>

<BugCollection version="4.7.3" sequence="0" timestamp="1698475206811" analysisTimestamp="1698514951652" release="">
  <Project projectName="">
    <Jar>/mnt/disk3/lty/JLeaks/data/classfile/bug-788-c5f9d3d157c5f588a04890bbf538f45abb9247d9e51ccd0fdd66f216d9bb1850.class</Jar>
  </Project>
  <Errors errors="0" missingClasses="7">
    <MissingClass>org.opensolaris.opengrok.OpenGrokLogger</MissingClass>
    <MissingClass>org.opensolaris.opengrok.configuration.Configuration</MissingClass>
    <MissingClass>org.opensolaris.opengrok.configuration.RuntimeEnvironment$1</MissingClass>
    <MissingClass>org.opensolaris.opengrok.configuration.RuntimeEnvironment$2</MissingClass>
    <MissingClass>org.opensolaris.opengrok.history.HistoryGuru</MissingClass>
    <MissingClass>org.opensolaris.opengrok.util.Executor</MissingClass>
    <MissingClass>org.opensolaris.opengrok.util.IOUtils</MissingClass>
  </Errors>
  <FindBugsSummary timestamp="Sat, 28 Oct 2023 14:40:06 +0800" total_classes="1" referenced_classes="30" total_bugs="0" total_size="314" num_packages="1" java_version="1.8.0_382" vm_version="25.382-b05" cpu_seconds="8.81" clock_seconds="0.93" peak_mbytes="399.15" alloc_mbytes="1820.50" gc_seconds="0.04">
    <PackageStats package="org.opensolaris.opengrok.configuration" total_bugs="0" total_types="1" total_size="314">
      <ClassStats class="org.opensolaris.opengrok.configuration.RuntimeEnvironment" sourceFile="RuntimeEnvironment.java" interface="false" size="314" bugs="0"/>
    </PackageStats>
    <FindBugsProfile>
      <ClassProfile name="edu.umd.cs.findbugs.classfile.engine.ClassInfoAnalysisEngine" totalMilliseconds="125" invocations="461" avgMicrosecondsPerInvocation="272" maxMicrosecondsPerInvocation="13317" standardDeviationMicrosecondsPerInvocation="759"/>
      <ClassProfile name="edu.umd.cs.findbugs.detect.FieldItemSummary" totalMilliseconds="32" invocations="30" avgMicrosecondsPerInvocation="1079" maxMicrosecondsPerInvocation="6486" standardDeviationMicrosecondsPerInvocation="1391"/>
      <ClassProfile name="edu.umd.cs.findbugs.detect.FindNoSideEffectMethods" totalMilliseconds="29" invocations="30" avgMicrosecondsPerInvocation="984" maxMicrosecondsPerInvocation="3681" standardDeviationMicrosecondsPerInvocation="1024"/>
      <ClassProfile name="edu.umd.cs.findbugs.classfile.engine.bcel.TypeDataflowFactory" totalMilliseconds="28" invocations="105" avgMicrosecondsPerInvocation="273" maxMicrosecondsPerInvocation="3902" standardDeviationMicrosecondsPerInvocation="448"/>
      <ClassProfile name="edu.umd.cs.findbugs.classfile.engine.bcel.ValueNumberDataflowFactory" totalMilliseconds="28" invocations="145" avgMicrosecondsPerInvocation="196" maxMicrosecondsPerInvocation="6504" standardDeviationMicrosecondsPerInvocation="557"/>
      <ClassProfile name="edu.umd.cs.findbugs.classfile.engine.bcel.IsNullValueDataflowFactory" totalMilliseconds="28" invocations="103" avgMicrosecondsPerInvocation="275" maxMicrosecondsPerInvocation="3705" standardDeviationMicrosecondsPerInvocation="461"/>
      <ClassProfile name="edu.umd.cs.findbugs.OpcodeStack$JumpInfoFactory" totalMilliseconds="23" invocations="193" avgMicrosecondsPerInvocation="122" maxMicrosecondsPerInvocation="2810" standardDeviationMicrosecondsPerInvocation="281"/>
      <ClassProfile name="edu.umd.cs.findbugs.classfile.engine.bcel.CFGFactory" totalMilliseconds="23" invocations="103" avgMicrosecondsPerInvocation="229" maxMicrosecondsPerInvocation="6055" standardDeviationMicrosecondsPerInvocation="601"/>
      <ClassProfile name="edu.umd.cs.findbugs.classfile.engine.bcel.MethodGenFactory" totalMilliseconds="21" invocations="103" avgMicrosecondsPerInvocation="204" maxMicrosecondsPerInvocation="16630" standardDeviationMicrosecondsPerInvocation="1628"/>
      <ClassProfile name="edu.umd.cs.findbugs.classfile.engine.bcel.UnconditionalValueDerefDataflowFactory" totalMilliseconds="18" invocations="103" avgMicrosecondsPerInvocation="179" maxMicrosecondsPerInvocation="1840" standardDeviationMicrosecondsPerInvocation="263"/>
      <ClassProfile name="edu.umd.cs.findbugs.classfile.engine.bcel.JavaClassAnalysisEngine" totalMilliseconds="17" invocations="64" avgMicrosecondsPerInvocation="269" maxMicrosecondsPerInvocation="8456" standardDeviationMicrosecondsPerInvocation="1064"/>
      <ClassProfile name="edu.umd.cs.findbugs.util.TopologicalSort" totalMilliseconds="15" invocations="417" avgMicrosecondsPerInvocation="37" maxMicrosecondsPerInvocation="1116" standardDeviationMicrosecondsPerInvocation="79"/>
      <ClassProfile name="edu.umd.cs.findbugs.ba.npe.NullDerefAndRedundantComparisonFinder" totalMilliseconds="15" invocations="103" avgMicrosecondsPerInvocation="145" maxMicrosecondsPerInvocation="1443" standardDeviationMicrosecondsPerInvocation="160"/>
      <ClassProfile name="edu.umd.cs.findbugs.detect.NoteDirectlyRelevantTypeQualifiers" totalMilliseconds="13" invocations="30" avgMicrosecondsPerInvocation="439" maxMicrosecondsPerInvocation="4862" standardDeviationMicrosecondsPerInvocation="871"/>
      <ClassProfile name="edu.umd.cs.findbugs.classfile.engine.ClassDataAnalysisEngine" totalMilliseconds="11" invocations="464" avgMicrosecondsPerInvocation="23" maxMicrosecondsPerInvocation="450" standardDeviationMicrosecondsPerInvocation="33"/>
    </FindBugsProfile>
  </FindBugsSummary>
  <ClassFeatures></ClassFeatures>
  <History></History>
</BugCollection>
