<?xml version="1.0" encoding="UTF-8"?>

<BugCollection version="4.7.3" sequence="0" timestamp="1698475141726" analysisTimestamp="1698510984566" release="">
  <Project projectName="">
    <Jar>/mnt/disk3/lty/JLeaks/data/classfile/bug-289-24ac80f670246e672bd1e4c1d5b30363f9e9c6b5a8607412e34e1f5663dfc6e0.class</Jar>
  </Project>
  <BugInstance type="OBL_UNSATISFIED_OBLIGATION_EXCEPTION_EDGE" priority="2" rank="20" abbrev="OBL" category="EXPERIMENTAL">
    <Class classname="cn.nukkit.utils.Utils">
      <SourceLine classname="cn.nukkit.utils.Utils" start="17" end="286" sourcefile="Utils.java" sourcepath="cn/nukkit/utils/Utils.java"/>
    </Class>
    <Method classname="cn.nukkit.utils.Utils" name="writeFile" signature="(Ljava/io/File;Ljava/io/InputStream;)V" isStatic="true">
      <SourceLine classname="cn.nukkit.utils.Utils" start="32" end="46" startBytecode="0" endBytecode="159" sourcefile="Utils.java" sourcepath="cn/nukkit/utils/Utils.java"/>
    </Method>
    <Class classname="java.io.OutputStream" role="CLASS_REFTYPE">
      <SourceLine classname="java.io.OutputStream" start="46" end="152" sourcefile="OutputStream.java" sourcepath="java/io/OutputStream.java"/>
    </Class>
    <Int value="1" role="INT_OBLIGATIONS_REMAINING"/>
    <SourceLine classname="cn.nukkit.utils.Utils" start="38" end="38" startBytecode="31" endBytecode="31" sourcefile="Utils.java" sourcepath="cn/nukkit/utils/Utils.java" role="SOURCE_LINE_OBLIGATION_CREATED"/>
    <SourceLine classname="cn.nukkit.utils.Utils" start="39" end="39" startBytecode="35" endBytecode="35" sourcefile="Utils.java" sourcepath="cn/nukkit/utils/Utils.java" role="SOURCE_LINE_PATH_CONTINUES"/>
    <SourceLine classname="cn.nukkit.utils.Utils" start="41" end="41" startBytecode="41" endBytecode="41" sourcefile="Utils.java" sourcepath="cn/nukkit/utils/Utils.java" role="SOURCE_LINE_PATH_CONTINUES"/>
    <String value="{OutputStream x 1}" role="STRING_REMAINING_OBLIGATIONS"/>
  </BugInstance>
  <BugInstance type="OS_OPEN_STREAM_EXCEPTION_PATH" priority="3" rank="19" abbrev="OS" category="BAD_PRACTICE">
    <Class classname="cn.nukkit.utils.Utils">
      <SourceLine classname="cn.nukkit.utils.Utils" start="17" end="286" sourcefile="Utils.java" sourcepath="cn/nukkit/utils/Utils.java"/>
    </Class>
    <Method classname="cn.nukkit.utils.Utils" name="writeFile" signature="(Ljava/io/File;Ljava/io/InputStream;)V" isStatic="true">
      <SourceLine classname="cn.nukkit.utils.Utils" start="32" end="46" startBytecode="0" endBytecode="38" sourcefile="Utils.java" sourcepath="cn/nukkit/utils/Utils.java"/>
    </Method>
    <Type descriptor="Ljava/io/OutputStream;" role="TYPE_CLOSEIT">
      <SourceLine classname="java.io.OutputStream" start="46" end="152" sourcefile="OutputStream.java" sourcepath="java/io/OutputStream.java"/>
    </Type>
    <SourceLine classname="cn.nukkit.utils.Utils" start="38" end="38" startBytecode="26" endBytecode="26" sourcefile="Utils.java" sourcepath="cn/nukkit/utils/Utils.java"/>
  </BugInstance>
  <Errors errors="0" missingClasses="0"></Errors>
  <FindBugsSummary timestamp="Sat, 28 Oct 2023 14:39:01 +0800" total_classes="1" referenced_classes="41" total_bugs="2" total_size="178" num_packages="1" java_version="1.8.0_382" vm_version="25.382-b05" cpu_seconds="9.00" clock_seconds="0.92" peak_mbytes="409.30" alloc_mbytes="1820.50" gc_seconds="0.04" priority_3="1" priority_2="1">
    <PackageStats package="cn.nukkit.utils" total_bugs="2" total_types="1" total_size="178" priority_3="1" priority_2="1">
      <ClassStats class="cn.nukkit.utils.Utils" sourceFile="Utils.java" interface="false" size="178" bugs="2" priority_3="1" priority_2="1"/>
    </PackageStats>
    <FindBugsProfile>
      <ClassProfile name="edu.umd.cs.findbugs.classfile.engine.ClassInfoAnalysisEngine" totalMilliseconds="139" invocations="517" avgMicrosecondsPerInvocation="269" maxMicrosecondsPerInvocation="11382" standardDeviationMicrosecondsPerInvocation="672"/>
      <ClassProfile name="edu.umd.cs.findbugs.detect.FieldItemSummary" totalMilliseconds="78" invocations="41" avgMicrosecondsPerInvocation="1902" maxMicrosecondsPerInvocation="43056" standardDeviationMicrosecondsPerInvocation="6647"/>
      <ClassProfile name="edu.umd.cs.findbugs.OpcodeStack$JumpInfoFactory" totalMilliseconds="35" invocations="211" avgMicrosecondsPerInvocation="168" maxMicrosecondsPerInvocation="1680" standardDeviationMicrosecondsPerInvocation="248"/>
      <ClassProfile name="edu.umd.cs.findbugs.detect.FindNoSideEffectMethods" totalMilliseconds="26" invocations="41" avgMicrosecondsPerInvocation="647" maxMicrosecondsPerInvocation="3734" standardDeviationMicrosecondsPerInvocation="788"/>
      <ClassProfile name="edu.umd.cs.findbugs.classfile.engine.bcel.IsNullValueDataflowFactory" totalMilliseconds="22" invocations="26" avgMicrosecondsPerInvocation="882" maxMicrosecondsPerInvocation="6871" standardDeviationMicrosecondsPerInvocation="1318"/>
      <ClassProfile name="edu.umd.cs.findbugs.classfile.engine.bcel.MethodGenFactory" totalMilliseconds="20" invocations="26" avgMicrosecondsPerInvocation="802" maxMicrosecondsPerInvocation="16544" standardDeviationMicrosecondsPerInvocation="3152"/>
      <ClassProfile name="edu.umd.cs.findbugs.classfile.engine.bcel.TypeDataflowFactory" totalMilliseconds="20" invocations="27" avgMicrosecondsPerInvocation="760" maxMicrosecondsPerInvocation="4845" standardDeviationMicrosecondsPerInvocation="945"/>
      <ClassProfile name="edu.umd.cs.findbugs.classfile.engine.bcel.ValueNumberDataflowFactory" totalMilliseconds="20" invocations="27" avgMicrosecondsPerInvocation="748" maxMicrosecondsPerInvocation="6779" standardDeviationMicrosecondsPerInvocation="1259"/>
      <ClassProfile name="edu.umd.cs.findbugs.classfile.engine.bcel.JavaClassAnalysisEngine" totalMilliseconds="19" invocations="67" avgMicrosecondsPerInvocation="291" maxMicrosecondsPerInvocation="8481" standardDeviationMicrosecondsPerInvocation="1048"/>
      <ClassProfile name="edu.umd.cs.findbugs.classfile.engine.bcel.CFGFactory" totalMilliseconds="17" invocations="26" avgMicrosecondsPerInvocation="664" maxMicrosecondsPerInvocation="7215" standardDeviationMicrosecondsPerInvocation="1344"/>
      <ClassProfile name="edu.umd.cs.findbugs.classfile.engine.bcel.UnconditionalValueDerefDataflowFactory" totalMilliseconds="17" invocations="26" avgMicrosecondsPerInvocation="657" maxMicrosecondsPerInvocation="3418" standardDeviationMicrosecondsPerInvocation="731"/>
      <ClassProfile name="edu.umd.cs.findbugs.detect.NoteDirectlyRelevantTypeQualifiers" totalMilliseconds="16" invocations="41" avgMicrosecondsPerInvocation="413" maxMicrosecondsPerInvocation="4702" standardDeviationMicrosecondsPerInvocation="843"/>
      <ClassProfile name="edu.umd.cs.findbugs.util.TopologicalSort" totalMilliseconds="15" invocations="483" avgMicrosecondsPerInvocation="32" maxMicrosecondsPerInvocation="623" standardDeviationMicrosecondsPerInvocation="64"/>
      <ClassProfile name="edu.umd.cs.findbugs.detect.FindOpenStream" totalMilliseconds="13" invocations="1" avgMicrosecondsPerInvocation="13500" maxMicrosecondsPerInvocation="13500" standardDeviationMicrosecondsPerInvocation="0"/>
      <ClassProfile name="edu.umd.cs.findbugs.ba.npe.NullDerefAndRedundantComparisonFinder" totalMilliseconds="12" invocations="26" avgMicrosecondsPerInvocation="481" maxMicrosecondsPerInvocation="1656" standardDeviationMicrosecondsPerInvocation="393"/>
      <ClassProfile name="edu.umd.cs.findbugs.detect.OverridingEqualsNotSymmetrical" totalMilliseconds="12" invocations="41" avgMicrosecondsPerInvocation="300" maxMicrosecondsPerInvocation="6455" standardDeviationMicrosecondsPerInvocation="996"/>
      <ClassProfile name="edu.umd.cs.findbugs.classfile.engine.ClassDataAnalysisEngine" totalMilliseconds="11" invocations="519" avgMicrosecondsPerInvocation="23" maxMicrosecondsPerInvocation="442" standardDeviationMicrosecondsPerInvocation="30"/>
      <ClassProfile name="edu.umd.cs.findbugs.detect.FunctionsThatMightBeMistakenForProcedures" totalMilliseconds="11" invocations="41" avgMicrosecondsPerInvocation="287" maxMicrosecondsPerInvocation="3128" standardDeviationMicrosecondsPerInvocation="562"/>
    </FindBugsProfile>
  </FindBugsSummary>
  <ClassFeatures></ClassFeatures>
  <History></History>
</BugCollection>
