<?xml version="1.0" encoding="UTF-8"?>

<BugCollection version="4.7.3" sequence="0" timestamp="1698475158869" analysisTimestamp="1698512089163" release="">
  <Project projectName="">
    <Jar>/mnt/disk3/lty/JLeaks/data/classfile/bug-430-ab3b1d8022bc0957decba79ea80a8d822fc53bc84b616df6ed1a9f7058109e43.class</Jar>
  </Project>
  <BugInstance type="ODR_OPEN_DATABASE_RESOURCE" priority="2" rank="16" abbrev="ODR" category="BAD_PRACTICE">
    <Class classname="org.flowable.common.engine.impl.AbstractEngineConfiguration">
      <SourceLine classname="org.flowable.common.engine.impl.AbstractEngineConfiguration" start="101" end="1867" sourcefile="AbstractEngineConfiguration.java" sourcepath="org/flowable/common/engine/impl/AbstractEngineConfiguration.java"/>
    </Class>
    <Method classname="org.flowable.common.engine.impl.AbstractEngineConfiguration" name="initDatabaseType" signature="()V" isStatic="false">
      <SourceLine classname="org.flowable.common.engine.impl.AbstractEngineConfiguration" start="455" end="501" startBytecode="0" endBytecode="137" sourcefile="AbstractEngineConfiguration.java" sourcepath="org/flowable/common/engine/impl/AbstractEngineConfiguration.java"/>
    </Method>
    <Type descriptor="Ljava/sql/PreparedStatement;" role="TYPE_CLOSEIT">
      <SourceLine classname="java.sql.PreparedStatement" start="1265" end="1318" sourcefile="PreparedStatement.java" sourcepath="java/sql/PreparedStatement.java"/>
    </Type>
    <SourceLine classname="org.flowable.common.engine.impl.AbstractEngineConfiguration" start="464" end="464" startBytecode="50" endBytecode="50" sourcefile="AbstractEngineConfiguration.java" sourcepath="org/flowable/common/engine/impl/AbstractEngineConfiguration.java"/>
  </BugInstance>
  <Errors errors="0" missingClasses="57">
    <MissingClass>com.fasterxml.jackson.databind.ObjectMapper</MissingClass>
    <MissingClass>org.apache.commons.lang3.StringUtils</MissingClass>
    <MissingClass>org.apache.ibatis.builder.xml.XMLConfigBuilder</MissingClass>
    <MissingClass>org.apache.ibatis.builder.xml.XMLMapperBuilder</MissingClass>
    <MissingClass>org.apache.ibatis.datasource.pooled.PooledDataSource</MissingClass>
    <MissingClass>org.apache.ibatis.mapping.Environment</MissingClass>
    <MissingClass>org.apache.ibatis.session.Configuration</MissingClass>
    <MissingClass>org.apache.ibatis.session.SqlSessionFactory</MissingClass>
    <MissingClass>org.apache.ibatis.session.defaults.DefaultSqlSessionFactory</MissingClass>
    <MissingClass>org.apache.ibatis.transaction.TransactionFactory</MissingClass>
    <MissingClass>org.apache.ibatis.transaction.jdbc.JdbcTransactionFactory</MissingClass>
    <MissingClass>org.apache.ibatis.transaction.managed.ManagedTransactionFactory</MissingClass>
    <MissingClass>org.flowable.common.engine.api.FlowableException</MissingClass>
    <MissingClass>org.flowable.common.engine.api.delegate.event.FlowableEngineEventType</MissingClass>
    <MissingClass>org.flowable.common.engine.api.delegate.event.FlowableEventDispatcher</MissingClass>
    <MissingClass>org.flowable.common.engine.impl.AbstractEngineConfiguration$1</MissingClass>
    <MissingClass>org.flowable.common.engine.impl.AbstractServiceConfiguration</MissingClass>
    <MissingClass>org.flowable.common.engine.impl.DefaultTenantProvider</MissingClass>
    <MissingClass>org.flowable.common.engine.impl.EngineConfigurator</MissingClass>
    <MissingClass>org.flowable.common.engine.impl.cfg.CommandExecutorImpl</MissingClass>
    <MissingClass>org.flowable.common.engine.impl.cfg.IdGenerator</MissingClass>
    <MissingClass>org.flowable.common.engine.impl.cfg.TransactionContextFactory</MissingClass>
    <MissingClass>org.flowable.common.engine.impl.cfg.standalone.StandaloneMybatisTransactionContextFactory</MissingClass>
    <MissingClass>org.flowable.common.engine.impl.db.CommonDbSchemaManager</MissingClass>
    <MissingClass>org.flowable.common.engine.impl.db.DbSqlSessionFactory</MissingClass>
    <MissingClass>org.flowable.common.engine.impl.db.LogSqlExecutionTimePlugin</MissingClass>
    <MissingClass>org.flowable.common.engine.impl.db.MybatisTypeAliasConfigurator</MissingClass>
    <MissingClass>org.flowable.common.engine.impl.db.MybatisTypeHandlerConfigurator</MissingClass>
    <MissingClass>org.flowable.common.engine.impl.db.SchemaManager</MissingClass>
    <MissingClass>org.flowable.common.engine.impl.event.FlowableEventDispatcherImpl</MissingClass>
    <MissingClass>org.flowable.common.engine.impl.interceptor.Command</MissingClass>
    <MissingClass>org.flowable.common.engine.impl.interceptor.CommandConfig</MissingClass>
    <MissingClass>org.flowable.common.engine.impl.interceptor.CommandContextFactory</MissingClass>
    <MissingClass>org.flowable.common.engine.impl.interceptor.CommandContextInterceptor</MissingClass>
    <MissingClass>org.flowable.common.engine.impl.interceptor.CommandExecutor</MissingClass>
    <MissingClass>org.flowable.common.engine.impl.interceptor.CommandInterceptor</MissingClass>
    <MissingClass>org.flowable.common.engine.impl.interceptor.CrDbRetryInterceptor</MissingClass>
    <MissingClass>org.flowable.common.engine.impl.interceptor.DefaultCommandInvoker</MissingClass>
    <MissingClass>org.flowable.common.engine.impl.interceptor.LogInterceptor</MissingClass>
    <MissingClass>org.flowable.common.engine.impl.interceptor.SessionFactory</MissingClass>
    <MissingClass>org.flowable.common.engine.impl.interceptor.TransactionContextInterceptor</MissingClass>
    <MissingClass>org.flowable.common.engine.impl.lock.LockManagerImpl</MissingClass>
    <MissingClass>org.flowable.common.engine.impl.logging.LoggingListener</MissingClass>
    <MissingClass>org.flowable.common.engine.impl.logging.LoggingSessionFactory</MissingClass>
    <MissingClass>org.flowable.common.engine.impl.persistence.GenericManagerFactory</MissingClass>
    <MissingClass>org.flowable.common.engine.impl.persistence.StrongUuidGenerator</MissingClass>
    <MissingClass>org.flowable.common.engine.impl.persistence.entity.PropertyEntityManager</MissingClass>
    <MissingClass>org.flowable.common.engine.impl.persistence.entity.PropertyEntityManagerImpl</MissingClass>
    <MissingClass>org.flowable.common.engine.impl.persistence.entity.data.PropertyDataManager</MissingClass>
    <MissingClass>org.flowable.common.engine.impl.persistence.entity.data.impl.MybatisPropertyDataManager</MissingClass>
    <MissingClass>org.flowable.common.engine.impl.runtime.Clock</MissingClass>
    <MissingClass>org.flowable.common.engine.impl.service.CommonEngineServiceImpl</MissingClass>
    <MissingClass>org.flowable.common.engine.impl.util.DefaultClockImpl</MissingClass>
    <MissingClass>org.flowable.common.engine.impl.util.IoUtil</MissingClass>
    <MissingClass>org.flowable.common.engine.impl.util.ReflectUtil</MissingClass>
    <MissingClass>org.slf4j.Logger</MissingClass>
    <MissingClass>org.slf4j.LoggerFactory</MissingClass>
  </Errors>
  <FindBugsSummary timestamp="Sat, 28 Oct 2023 14:39:18 +0800" total_classes="1" referenced_classes="43" total_bugs="1" total_size="1039" num_packages="1" java_version="1.8.0_382" vm_version="25.382-b05" cpu_seconds="12.51" clock_seconds="1.23" peak_mbytes="413.90" alloc_mbytes="1820.50" gc_seconds="0.04" priority_2="1">
    <PackageStats package="org.flowable.common.engine.impl" total_bugs="1" total_types="1" total_size="1039" priority_2="1">
      <ClassStats class="org.flowable.common.engine.impl.AbstractEngineConfiguration" sourceFile="AbstractEngineConfiguration.java" interface="false" size="1039" bugs="1" priority_2="1"/>
    </PackageStats>
    <FindBugsProfile>
      <ClassProfile name="edu.umd.cs.findbugs.classfile.engine.ClassInfoAnalysisEngine" totalMilliseconds="136" invocations="602" avgMicrosecondsPerInvocation="226" maxMicrosecondsPerInvocation="18915" standardDeviationMicrosecondsPerInvocation="851"/>
      <ClassProfile name="edu.umd.cs.findbugs.classfile.engine.ClassDataAnalysisEngine" totalMilliseconds="56" invocations="604" avgMicrosecondsPerInvocation="93" maxMicrosecondsPerInvocation="43178" standardDeviationMicrosecondsPerInvocation="1754"/>
      <ClassProfile name="edu.umd.cs.findbugs.detect.FieldItemSummary" totalMilliseconds="44" invocations="43" avgMicrosecondsPerInvocation="1035" maxMicrosecondsPerInvocation="6393" standardDeviationMicrosecondsPerInvocation="1330"/>
      <ClassProfile name="edu.umd.cs.findbugs.classfile.engine.bcel.TypeDataflowFactory" totalMilliseconds="43" invocations="232" avgMicrosecondsPerInvocation="188" maxMicrosecondsPerInvocation="6885" standardDeviationMicrosecondsPerInvocation="639"/>
      <ClassProfile name="edu.umd.cs.findbugs.classfile.engine.bcel.ValueNumberDataflowFactory" totalMilliseconds="42" invocations="234" avgMicrosecondsPerInvocation="180" maxMicrosecondsPerInvocation="8867" standardDeviationMicrosecondsPerInvocation="669"/>
      <ClassProfile name="edu.umd.cs.findbugs.classfile.engine.bcel.IsNullValueDataflowFactory" totalMilliseconds="39" invocations="232" avgMicrosecondsPerInvocation="170" maxMicrosecondsPerInvocation="4207" standardDeviationMicrosecondsPerInvocation="453"/>
      <ClassProfile name="edu.umd.cs.findbugs.detect.FindNoSideEffectMethods" totalMilliseconds="36" invocations="43" avgMicrosecondsPerInvocation="843" maxMicrosecondsPerInvocation="3811" standardDeviationMicrosecondsPerInvocation="913"/>
      <ClassProfile name="edu.umd.cs.findbugs.OpcodeStack$JumpInfoFactory" totalMilliseconds="35" invocations="402" avgMicrosecondsPerInvocation="87" maxMicrosecondsPerInvocation="1553" standardDeviationMicrosecondsPerInvocation="154"/>
      <ClassProfile name="edu.umd.cs.findbugs.classfile.engine.bcel.CFGFactory" totalMilliseconds="32" invocations="232" avgMicrosecondsPerInvocation="139" maxMicrosecondsPerInvocation="8206" standardDeviationMicrosecondsPerInvocation="587"/>
      <ClassProfile name="edu.umd.cs.findbugs.classfile.engine.bcel.MethodGenFactory" totalMilliseconds="27" invocations="237" avgMicrosecondsPerInvocation="116" maxMicrosecondsPerInvocation="17680" standardDeviationMicrosecondsPerInvocation="1145"/>
      <ClassProfile name="edu.umd.cs.findbugs.classfile.engine.bcel.UnconditionalValueDerefDataflowFactory" totalMilliseconds="25" invocations="232" avgMicrosecondsPerInvocation="110" maxMicrosecondsPerInvocation="1696" standardDeviationMicrosecondsPerInvocation="250"/>
      <ClassProfile name="edu.umd.cs.findbugs.classfile.engine.bcel.JavaClassAnalysisEngine" totalMilliseconds="24" invocations="138" avgMicrosecondsPerInvocation="175" maxMicrosecondsPerInvocation="8651" standardDeviationMicrosecondsPerInvocation="773"/>
      <ClassProfile name="edu.umd.cs.findbugs.ba.npe.NullDerefAndRedundantComparisonFinder" totalMilliseconds="24" invocations="232" avgMicrosecondsPerInvocation="103" maxMicrosecondsPerInvocation="2097" standardDeviationMicrosecondsPerInvocation="257"/>
      <ClassProfile name="edu.umd.cs.findbugs.detect.NoteDirectlyRelevantTypeQualifiers" totalMilliseconds="18" invocations="43" avgMicrosecondsPerInvocation="430" maxMicrosecondsPerInvocation="4478" standardDeviationMicrosecondsPerInvocation="741"/>
      <ClassProfile name="edu.umd.cs.findbugs.util.TopologicalSort" totalMilliseconds="17" invocations="502" avgMicrosecondsPerInvocation="33" maxMicrosecondsPerInvocation="1806" standardDeviationMicrosecondsPerInvocation="95"/>
      <ClassProfile name="edu.umd.cs.findbugs.detect.BuildObligationPolicyDatabase" totalMilliseconds="14" invocations="43" avgMicrosecondsPerInvocation="345" maxMicrosecondsPerInvocation="1407" standardDeviationMicrosecondsPerInvocation="362"/>
      <ClassProfile name="edu.umd.cs.findbugs.detect.FindOpenStream" totalMilliseconds="14" invocations="1" avgMicrosecondsPerInvocation="14783" maxMicrosecondsPerInvocation="14783" standardDeviationMicrosecondsPerInvocation="0"/>
      <ClassProfile name="edu.umd.cs.findbugs.detect.FindReturnRef" totalMilliseconds="14" invocations="1" avgMicrosecondsPerInvocation="14614" maxMicrosecondsPerInvocation="14614" standardDeviationMicrosecondsPerInvocation="0"/>
      <ClassProfile name="edu.umd.cs.findbugs.detect.FunctionsThatMightBeMistakenForProcedures" totalMilliseconds="14" invocations="43" avgMicrosecondsPerInvocation="334" maxMicrosecondsPerInvocation="2282" standardDeviationMicrosecondsPerInvocation="492"/>
      <ClassProfile name="edu.umd.cs.findbugs.detect.CalledMethods" totalMilliseconds="13" invocations="43" avgMicrosecondsPerInvocation="306" maxMicrosecondsPerInvocation="3082" standardDeviationMicrosecondsPerInvocation="574"/>
      <ClassProfile name="edu.umd.cs.findbugs.detect.OverridingEqualsNotSymmetrical" totalMilliseconds="12" invocations="43" avgMicrosecondsPerInvocation="294" maxMicrosecondsPerInvocation="6267" standardDeviationMicrosecondsPerInvocation="934"/>
      <ClassProfile name="edu.umd.cs.findbugs.detect.DumbMethods" totalMilliseconds="11" invocations="1" avgMicrosecondsPerInvocation="11728" maxMicrosecondsPerInvocation="11728" standardDeviationMicrosecondsPerInvocation="0"/>
      <ClassProfile name="edu.umd.cs.findbugs.detect.FindInconsistentSync2" totalMilliseconds="11" invocations="1" avgMicrosecondsPerInvocation="11365" maxMicrosecondsPerInvocation="11365" standardDeviationMicrosecondsPerInvocation="0"/>
    </FindBugsProfile>
  </FindBugsSummary>
  <ClassFeatures></ClassFeatures>
  <History></History>
</BugCollection>
