<?xml version="1.0" encoding="UTF-8"?>

<BugCollection version="4.7.3" sequence="0" timestamp="1698475146990" analysisTimestamp="1698511500449" release="">
  <Project projectName="">
    <Jar>/mnt/disk3/lty/JLeaks/data/classfile/bug-333-b69465908096a45ef619aa9401a53b3d9580d24387ab2b19c97b42e39b5dbe10.class</Jar>
  </Project>
  <BugInstance type="OBL_UNSATISFIED_OBLIGATION" priority="2" rank="20" abbrev="OBL" category="EXPERIMENTAL">
    <Class classname="org.xbill.DNS.ResolverConfig">
      <SourceLine classname="org.xbill.DNS.ResolverConfig" start="36" end="499" sourcefile="ResolverConfig.java" sourcepath="org/xbill/DNS/ResolverConfig.java"/>
    </Class>
    <Method classname="org.xbill.DNS.ResolverConfig" name="find95" signature="()V" isStatic="false">
      <SourceLine classname="org.xbill.DNS.ResolverConfig" start="389" end="400" startBytecode="0" endBytecode="208" sourcefile="ResolverConfig.java" sourcepath="org/xbill/DNS/ResolverConfig.java"/>
    </Method>
    <Class classname="java.io.InputStream" role="CLASS_REFTYPE">
      <SourceLine classname="java.io.InputStream" start="45" end="364" sourcefile="InputStream.java" sourcepath="java/io/InputStream.java"/>
    </Class>
    <Int value="1" role="INT_OBLIGATIONS_REMAINING"/>
    <SourceLine classname="org.xbill.DNS.ResolverConfig" start="395" end="395" startBytecode="49" endBytecode="49" sourcefile="ResolverConfig.java" sourcepath="org/xbill/DNS/ResolverConfig.java" role="SOURCE_LINE_OBLIGATION_CREATED"/>
    <SourceLine classname="org.xbill.DNS.ResolverConfig" start="396" end="396" startBytecode="55" endBytecode="55" sourcefile="ResolverConfig.java" sourcepath="org/xbill/DNS/ResolverConfig.java" role="SOURCE_LINE_PATH_CONTINUES"/>
    <SourceLine classname="org.xbill.DNS.ResolverConfig" start="399" end="399" startBytecode="67" endBytecode="67" sourcefile="ResolverConfig.java" sourcepath="org/xbill/DNS/ResolverConfig.java" role="SOURCE_LINE_PATH_CONTINUES"/>
    <SourceLine classname="org.xbill.DNS.ResolverConfig" start="400" end="400" startBytecode="71" endBytecode="71" sourcefile="ResolverConfig.java" sourcepath="org/xbill/DNS/ResolverConfig.java" role="SOURCE_LINE_PATH_CONTINUES"/>
    <String value="{InputStream x 1}" role="STRING_REMAINING_OBLIGATIONS"/>
  </BugInstance>
  <BugInstance type="OS_OPEN_STREAM_EXCEPTION_PATH" priority="3" rank="19" abbrev="OS" category="BAD_PRACTICE">
    <Class classname="org.xbill.DNS.ResolverConfig">
      <SourceLine classname="org.xbill.DNS.ResolverConfig" start="36" end="499" sourcefile="ResolverConfig.java" sourcepath="org/xbill/DNS/ResolverConfig.java"/>
    </Class>
    <Method classname="org.xbill.DNS.ResolverConfig" name="findResolvConf" signature="(Ljava/lang/String;)V" isStatic="false">
      <SourceLine classname="org.xbill.DNS.ResolverConfig" start="216" end="268" startBytecode="0" endBytecode="144" sourcefile="ResolverConfig.java" sourcepath="org/xbill/DNS/ResolverConfig.java"/>
    </Method>
    <Type descriptor="Ljava/io/Reader;" role="TYPE_CLOSEIT">
      <SourceLine classname="java.io.Reader" start="66" end="249" sourcefile="Reader.java" sourcepath="java/io/Reader.java"/>
    </Type>
    <SourceLine classname="org.xbill.DNS.ResolverConfig" start="222" end="222" startBytecode="23" endBytecode="23" sourcefile="ResolverConfig.java" sourcepath="org/xbill/DNS/ResolverConfig.java"/>
  </BugInstance>
  <Errors errors="0" missingClasses="2">
    <MissingClass>org.xbill.DNS.Name</MissingClass>
    <MissingClass>org.xbill.DNS.Options</MissingClass>
  </Errors>
  <FindBugsSummary timestamp="Sat, 28 Oct 2023 14:39:06 +0800" total_classes="1" referenced_classes="34" total_bugs="2" total_size="298" num_packages="1" java_version="1.8.0_382" vm_version="25.382-b05" cpu_seconds="9.51" clock_seconds="0.95" peak_mbytes="399.14" alloc_mbytes="1820.50" gc_seconds="0.04" priority_3="1" priority_2="1">
    <PackageStats package="org.xbill.DNS" total_bugs="2" total_types="1" total_size="298" priority_3="1" priority_2="1">
      <ClassStats class="org.xbill.DNS.ResolverConfig" sourceFile="ResolverConfig.java" interface="false" size="298" bugs="2" priority_3="1" priority_2="1"/>
    </PackageStats>
    <FindBugsProfile>
      <ClassProfile name="edu.umd.cs.findbugs.classfile.engine.ClassInfoAnalysisEngine" totalMilliseconds="121" invocations="455" avgMicrosecondsPerInvocation="267" maxMicrosecondsPerInvocation="12467" standardDeviationMicrosecondsPerInvocation="731"/>
      <ClassProfile name="edu.umd.cs.findbugs.detect.FunctionsThatMightBeMistakenForProcedures" totalMilliseconds="54" invocations="34" avgMicrosecondsPerInvocation="1596" maxMicrosecondsPerInvocation="46020" standardDeviationMicrosecondsPerInvocation="7741"/>
      <ClassProfile name="edu.umd.cs.findbugs.detect.FieldItemSummary" totalMilliseconds="35" invocations="34" avgMicrosecondsPerInvocation="1055" maxMicrosecondsPerInvocation="6397" standardDeviationMicrosecondsPerInvocation="1451"/>
      <ClassProfile name="edu.umd.cs.findbugs.classfile.engine.bcel.TypeDataflowFactory" totalMilliseconds="33" invocations="25" avgMicrosecondsPerInvocation="1354" maxMicrosecondsPerInvocation="6976" standardDeviationMicrosecondsPerInvocation="1785"/>
      <ClassProfile name="edu.umd.cs.findbugs.classfile.engine.bcel.ValueNumberDataflowFactory" totalMilliseconds="29" invocations="27" avgMicrosecondsPerInvocation="1105" maxMicrosecondsPerInvocation="9224" standardDeviationMicrosecondsPerInvocation="1910"/>
      <ClassProfile name="edu.umd.cs.findbugs.classfile.engine.bcel.IsNullValueDataflowFactory" totalMilliseconds="28" invocations="23" avgMicrosecondsPerInvocation="1223" maxMicrosecondsPerInvocation="5594" standardDeviationMicrosecondsPerInvocation="1642"/>
      <ClassProfile name="edu.umd.cs.findbugs.detect.FindNoSideEffectMethods" totalMilliseconds="27" invocations="34" avgMicrosecondsPerInvocation="800" maxMicrosecondsPerInvocation="3610" standardDeviationMicrosecondsPerInvocation="867"/>
      <ClassProfile name="edu.umd.cs.findbugs.OpcodeStack$JumpInfoFactory" totalMilliseconds="25" invocations="141" avgMicrosecondsPerInvocation="179" maxMicrosecondsPerInvocation="1727" standardDeviationMicrosecondsPerInvocation="211"/>
      <ClassProfile name="edu.umd.cs.findbugs.classfile.engine.bcel.UnconditionalValueDerefDataflowFactory" totalMilliseconds="21" invocations="23" avgMicrosecondsPerInvocation="931" maxMicrosecondsPerInvocation="6091" standardDeviationMicrosecondsPerInvocation="1477"/>
      <ClassProfile name="edu.umd.cs.findbugs.classfile.engine.bcel.MethodGenFactory" totalMilliseconds="20" invocations="23" avgMicrosecondsPerInvocation="911" maxMicrosecondsPerInvocation="17290" standardDeviationMicrosecondsPerInvocation="3494"/>
      <ClassProfile name="edu.umd.cs.findbugs.classfile.engine.bcel.JavaClassAnalysisEngine" totalMilliseconds="20" invocations="63" avgMicrosecondsPerInvocation="318" maxMicrosecondsPerInvocation="9120" standardDeviationMicrosecondsPerInvocation="1152"/>
      <ClassProfile name="edu.umd.cs.findbugs.classfile.engine.bcel.CFGFactory" totalMilliseconds="19" invocations="23" avgMicrosecondsPerInvocation="840" maxMicrosecondsPerInvocation="8660" standardDeviationMicrosecondsPerInvocation="1765"/>
      <ClassProfile name="edu.umd.cs.findbugs.util.TopologicalSort" totalMilliseconds="15" invocations="419" avgMicrosecondsPerInvocation="36" maxMicrosecondsPerInvocation="885" standardDeviationMicrosecondsPerInvocation="72"/>
      <ClassProfile name="edu.umd.cs.findbugs.detect.NoteDirectlyRelevantTypeQualifiers" totalMilliseconds="14" invocations="34" avgMicrosecondsPerInvocation="419" maxMicrosecondsPerInvocation="4527" standardDeviationMicrosecondsPerInvocation="787"/>
      <ClassProfile name="edu.umd.cs.findbugs.ba.npe.NullDerefAndRedundantComparisonFinder" totalMilliseconds="11" invocations="23" avgMicrosecondsPerInvocation="513" maxMicrosecondsPerInvocation="2588" standardDeviationMicrosecondsPerInvocation="614"/>
    </FindBugsProfile>
  </FindBugsSummary>
  <ClassFeatures></ClassFeatures>
  <History></History>
</BugCollection>
