<?xml version="1.0" encoding="UTF-8"?>

<BugCollection version="4.7.3" sequence="0" timestamp="1698475175369" analysisTimestamp="1698512992327" release="">
  <Project projectName="">
    <Jar>/mnt/disk3/lty/JLeaks/data/classfile/bug-559-4da85ee7b9fad115fcdbfe74c493d83078af27ae71fea925e42c0683eae6c8e2.class</Jar>
  </Project>
  <Errors errors="0" missingClasses="9">
    <MissingClass>javassist.ClassClassPath</MissingClass>
    <MissingClass>javassist.ClassPath</MissingClass>
    <MissingClass>javassist.ClassPathList</MissingClass>
    <MissingClass>javassist.DirClassPath</MissingClass>
    <MissingClass>javassist.JarClassPath</MissingClass>
    <MissingClass>javassist.JarDirClassPath</MissingClass>
    <MissingClass>javassist.LoaderClassPath</MissingClass>
    <MissingClass>javassist.NotFoundException</MissingClass>
    <MissingClass>javassist.bytecode.ClassFile</MissingClass>
  </Errors>
  <FindBugsSummary timestamp="Sat, 28 Oct 2023 14:39:35 +0800" total_classes="1" referenced_classes="19" total_bugs="0" total_size="129" num_packages="1" java_version="1.8.0_382" vm_version="25.382-b05" cpu_seconds="7.50" clock_seconds="0.78" peak_mbytes="394.89" alloc_mbytes="1820.50" gc_seconds="0.04">
    <PackageStats package="javassist" total_bugs="0" total_types="1" total_size="129">
      <ClassStats class="javassist.ClassPoolTail" sourceFile="ClassPoolTail.java" interface="false" size="129" bugs="0"/>
    </PackageStats>
    <FindBugsProfile>
      <ClassProfile name="edu.umd.cs.findbugs.classfile.engine.ClassInfoAnalysisEngine" totalMilliseconds="115" invocations="416" avgMicrosecondsPerInvocation="276" maxMicrosecondsPerInvocation="10148" standardDeviationMicrosecondsPerInvocation="702"/>
      <ClassProfile name="edu.umd.cs.findbugs.detect.BuildStringPassthruGraph" totalMilliseconds="50" invocations="19" avgMicrosecondsPerInvocation="2646" maxMicrosecondsPerInvocation="43145" standardDeviationMicrosecondsPerInvocation="9564"/>
      <ClassProfile name="edu.umd.cs.findbugs.detect.FieldItemSummary" totalMilliseconds="28" invocations="19" avgMicrosecondsPerInvocation="1506" maxMicrosecondsPerInvocation="6720" standardDeviationMicrosecondsPerInvocation="1671"/>
      <ClassProfile name="edu.umd.cs.findbugs.OpcodeStack$JumpInfoFactory" totalMilliseconds="21" invocations="103" avgMicrosecondsPerInvocation="212" maxMicrosecondsPerInvocation="1819" standardDeviationMicrosecondsPerInvocation="281"/>
      <ClassProfile name="edu.umd.cs.findbugs.classfile.engine.bcel.MethodGenFactory" totalMilliseconds="21" invocations="14" avgMicrosecondsPerInvocation="1515" maxMicrosecondsPerInvocation="17327" standardDeviationMicrosecondsPerInvocation="4390"/>
      <ClassProfile name="edu.umd.cs.findbugs.detect.FindNoSideEffectMethods" totalMilliseconds="19" invocations="19" avgMicrosecondsPerInvocation="1033" maxMicrosecondsPerInvocation="2967" standardDeviationMicrosecondsPerInvocation="922"/>
      <ClassProfile name="edu.umd.cs.findbugs.classfile.engine.bcel.ValueNumberDataflowFactory" totalMilliseconds="19" invocations="14" avgMicrosecondsPerInvocation="1378" maxMicrosecondsPerInvocation="6611" standardDeviationMicrosecondsPerInvocation="1712"/>
      <ClassProfile name="edu.umd.cs.findbugs.classfile.engine.bcel.IsNullValueDataflowFactory" totalMilliseconds="18" invocations="14" avgMicrosecondsPerInvocation="1325" maxMicrosecondsPerInvocation="6941" standardDeviationMicrosecondsPerInvocation="1712"/>
      <ClassProfile name="edu.umd.cs.findbugs.classfile.engine.bcel.JavaClassAnalysisEngine" totalMilliseconds="17" invocations="52" avgMicrosecondsPerInvocation="343" maxMicrosecondsPerInvocation="9774" standardDeviationMicrosecondsPerInvocation="1356"/>
      <ClassProfile name="edu.umd.cs.findbugs.classfile.engine.bcel.TypeDataflowFactory" totalMilliseconds="15" invocations="14" avgMicrosecondsPerInvocation="1105" maxMicrosecondsPerInvocation="4800" standardDeviationMicrosecondsPerInvocation="1235"/>
      <ClassProfile name="edu.umd.cs.findbugs.util.TopologicalSort" totalMilliseconds="14" invocations="372" avgMicrosecondsPerInvocation="40" maxMicrosecondsPerInvocation="619" standardDeviationMicrosecondsPerInvocation="74"/>
      <ClassProfile name="edu.umd.cs.findbugs.classfile.engine.bcel.UnconditionalValueDerefDataflowFactory" totalMilliseconds="13" invocations="14" avgMicrosecondsPerInvocation="963" maxMicrosecondsPerInvocation="3235" standardDeviationMicrosecondsPerInvocation="903"/>
      <ClassProfile name="edu.umd.cs.findbugs.classfile.engine.bcel.CFGFactory" totalMilliseconds="12" invocations="14" avgMicrosecondsPerInvocation="924" maxMicrosecondsPerInvocation="6914" standardDeviationMicrosecondsPerInvocation="1685"/>
      <ClassProfile name="edu.umd.cs.findbugs.detect.NoteDirectlyRelevantTypeQualifiers" totalMilliseconds="11" invocations="19" avgMicrosecondsPerInvocation="584" maxMicrosecondsPerInvocation="4782" standardDeviationMicrosecondsPerInvocation="1032"/>
    </FindBugsProfile>
  </FindBugsSummary>
  <ClassFeatures></ClassFeatures>
  <History></History>
</BugCollection>
