<?xml version="1.0" encoding="UTF-8"?>

<BugCollection version="4.7.3" sequence="0" timestamp="1698475193300" analysisTimestamp="1698513452487" release="">
  <Project projectName="">
    <Jar>/mnt/disk3/lty/JLeaks/data/classfile/bug-692-64a6ea088d36bbdabb3c0366a7389661490dcac7d21f6dd172fc64cd5e3f83e5.class</Jar>
  </Project>
  <Errors errors="0" missingClasses="14">
    <MissingClass>liquibase.change.AbstractChange</MissingClass>
    <MissingClass>liquibase.change.AbstractSQLChange$NormalizingStream</MissingClass>
    <MissingClass>liquibase.change.ChangeFactory</MissingClass>
    <MissingClass>liquibase.change.ChangeMetaData</MissingClass>
    <MissingClass>liquibase.change.ChangeStatus</MissingClass>
    <MissingClass>liquibase.change.CheckSum</MissingClass>
    <MissingClass>liquibase.change.DbmsTargetedChange</MissingClass>
    <MissingClass>liquibase.database.DatabaseList</MissingClass>
    <MissingClass>liquibase.database.core.HsqlDatabase</MissingClass>
    <MissingClass>liquibase.exception.UnexpectedLiquibaseException</MissingClass>
    <MissingClass>liquibase.exception.ValidationErrors</MissingClass>
    <MissingClass>liquibase.statement.core.CreateProcedureStatement</MissingClass>
    <MissingClass>liquibase.util.StreamUtil</MissingClass>
    <MissingClass>liquibase.util.StringUtils</MissingClass>
  </Errors>
  <FindBugsSummary timestamp="Sat, 28 Oct 2023 14:39:53 +0800" total_classes="1" referenced_classes="13" total_bugs="0" total_size="142" num_packages="1" java_version="1.8.0_382" vm_version="25.382-b05" cpu_seconds="6.20" clock_seconds="0.72" peak_mbytes="387.27" alloc_mbytes="1820.50" gc_seconds="0.04">
    <PackageStats package="liquibase.change.core" total_bugs="0" total_types="1" total_size="142">
      <ClassStats class="liquibase.change.core.CreateProcedureChange" sourceFile="CreateProcedureChange.java" interface="false" size="142" bugs="0"/>
    </PackageStats>
    <FindBugsProfile>
      <ClassProfile name="edu.umd.cs.findbugs.classfile.engine.ClassInfoAnalysisEngine" totalMilliseconds="103" invocations="346" avgMicrosecondsPerInvocation="298" maxMicrosecondsPerInvocation="11829" standardDeviationMicrosecondsPerInvocation="823"/>
      <ClassProfile name="edu.umd.cs.findbugs.detect.FieldItemSummary" totalMilliseconds="62" invocations="13" avgMicrosecondsPerInvocation="4838" maxMicrosecondsPerInvocation="44236" standardDeviationMicrosecondsPerInvocation="11509"/>
      <ClassProfile name="edu.umd.cs.findbugs.classfile.engine.bcel.MethodGenFactory" totalMilliseconds="19" invocations="34" avgMicrosecondsPerInvocation="581" maxMicrosecondsPerInvocation="17082" standardDeviationMicrosecondsPerInvocation="2874"/>
      <ClassProfile name="edu.umd.cs.findbugs.classfile.engine.bcel.IsNullValueDataflowFactory" totalMilliseconds="17" invocations="34" avgMicrosecondsPerInvocation="502" maxMicrosecondsPerInvocation="3743" standardDeviationMicrosecondsPerInvocation="907"/>
      <ClassProfile name="edu.umd.cs.findbugs.classfile.engine.bcel.ValueNumberDataflowFactory" totalMilliseconds="16" invocations="35" avgMicrosecondsPerInvocation="459" maxMicrosecondsPerInvocation="7203" standardDeviationMicrosecondsPerInvocation="1208"/>
      <ClassProfile name="edu.umd.cs.findbugs.classfile.engine.bcel.TypeDataflowFactory" totalMilliseconds="15" invocations="35" avgMicrosecondsPerInvocation="447" maxMicrosecondsPerInvocation="5013" standardDeviationMicrosecondsPerInvocation="954"/>
      <ClassProfile name="edu.umd.cs.findbugs.OpcodeStack$JumpInfoFactory" totalMilliseconds="15" invocations="90" avgMicrosecondsPerInvocation="168" maxMicrosecondsPerInvocation="1344" standardDeviationMicrosecondsPerInvocation="225"/>
      <ClassProfile name="edu.umd.cs.findbugs.classfile.engine.bcel.CFGFactory" totalMilliseconds="14" invocations="34" avgMicrosecondsPerInvocation="424" maxMicrosecondsPerInvocation="7116" standardDeviationMicrosecondsPerInvocation="1240"/>
      <ClassProfile name="edu.umd.cs.findbugs.classfile.engine.bcel.JavaClassAnalysisEngine" totalMilliseconds="14" invocations="49" avgMicrosecondsPerInvocation="287" maxMicrosecondsPerInvocation="8347" standardDeviationMicrosecondsPerInvocation="1200"/>
      <ClassProfile name="edu.umd.cs.findbugs.util.TopologicalSort" totalMilliseconds="13" invocations="286" avgMicrosecondsPerInvocation="47" maxMicrosecondsPerInvocation="667" standardDeviationMicrosecondsPerInvocation="91"/>
      <ClassProfile name="edu.umd.cs.findbugs.detect.FindNoSideEffectMethods" totalMilliseconds="13" invocations="13" avgMicrosecondsPerInvocation="1006" maxMicrosecondsPerInvocation="3434" standardDeviationMicrosecondsPerInvocation="910"/>
      <ClassProfile name="edu.umd.cs.findbugs.detect.FindOpenStream" totalMilliseconds="11" invocations="1" avgMicrosecondsPerInvocation="11911" maxMicrosecondsPerInvocation="11911" standardDeviationMicrosecondsPerInvocation="0"/>
    </FindBugsProfile>
  </FindBugsSummary>
  <ClassFeatures></ClassFeatures>
  <History></History>
</BugCollection>
