<?xml version="1.0" encoding="UTF-8"?>

<BugCollection version="4.7.3" sequence="0" timestamp="1698475186452" analysisTimestamp="1698513157099" release="">
  <Project projectName="">
    <Jar>/mnt/disk3/lty/JLeaks/data/classfile/bug-642-fbfde1a10eadf42d40aea6f12697908cb36fd019a66caad71f3264e09e34cd8d.class</Jar>
  </Project>
  <BugInstance type="OS_OPEN_STREAM_EXCEPTION_PATH" priority="3" rank="19" abbrev="OS" category="BAD_PRACTICE">
    <Class classname="org.junit.experimental.max.MaxHistory">
      <SourceLine classname="org.junit.experimental.max.MaxHistory" start="26" end="171" sourcefile="MaxHistory.java" sourcepath="org/junit/experimental/max/MaxHistory.java"/>
    </Class>
    <Method classname="org.junit.experimental.max.MaxHistory" name="save" signature="()V" isStatic="false">
      <SourceLine classname="org.junit.experimental.max.MaxHistory" start="78" end="82" startBytecode="0" endBytecode="14" sourcefile="MaxHistory.java" sourcepath="org/junit/experimental/max/MaxHistory.java"/>
    </Method>
    <Type descriptor="Ljava/io/OutputStream;" role="TYPE_CLOSEIT">
      <SourceLine classname="java.io.OutputStream" start="46" end="152" sourcefile="OutputStream.java" sourcepath="java/io/OutputStream.java"/>
    </Type>
    <SourceLine classname="org.junit.experimental.max.MaxHistory" start="78" end="78" startBytecode="0" endBytecode="0" sourcefile="MaxHistory.java" sourcepath="org/junit/experimental/max/MaxHistory.java"/>
  </BugInstance>
  <Errors errors="0" missingClasses="4">
    <MissingClass>org.junit.experimental.max.CouldNotReadCoreException</MissingClass>
    <MissingClass>org.junit.experimental.max.MaxHistory$RememberingListener</MissingClass>
    <MissingClass>org.junit.experimental.max.MaxHistory$TestComparator</MissingClass>
    <MissingClass>org.junit.runner.Description</MissingClass>
  </Errors>
  <FindBugsSummary timestamp="Sat, 28 Oct 2023 14:39:46 +0800" total_classes="1" referenced_classes="23" total_bugs="1" total_size="51" num_packages="1" java_version="1.8.0_382" vm_version="25.382-b05" cpu_seconds="6.72" clock_seconds="0.74" peak_mbytes="382.35" alloc_mbytes="1820.50" gc_seconds="0.04" priority_3="1">
    <PackageStats package="org.junit.experimental.max" total_bugs="1" total_types="1" total_size="51" priority_3="1">
      <ClassStats class="org.junit.experimental.max.MaxHistory" sourceFile="MaxHistory.java" interface="false" size="51" bugs="1" priority_3="1"/>
    </PackageStats>
    <FindBugsProfile>
      <ClassProfile name="edu.umd.cs.findbugs.classfile.engine.ClassInfoAnalysisEngine" totalMilliseconds="128" invocations="418" avgMicrosecondsPerInvocation="306" maxMicrosecondsPerInvocation="10071" standardDeviationMicrosecondsPerInvocation="715"/>
      <ClassProfile name="edu.umd.cs.findbugs.detect.FindNoSideEffectMethods" totalMilliseconds="67" invocations="23" avgMicrosecondsPerInvocation="2933" maxMicrosecondsPerInvocation="47106" standardDeviationMicrosecondsPerInvocation="9485"/>
      <ClassProfile name="edu.umd.cs.findbugs.detect.FieldItemSummary" totalMilliseconds="29" invocations="23" avgMicrosecondsPerInvocation="1272" maxMicrosecondsPerInvocation="6228" standardDeviationMicrosecondsPerInvocation="1528"/>
      <ClassProfile name="edu.umd.cs.findbugs.OpcodeStack$JumpInfoFactory" totalMilliseconds="26" invocations="114" avgMicrosecondsPerInvocation="229" maxMicrosecondsPerInvocation="1782" standardDeviationMicrosecondsPerInvocation="258"/>
      <ClassProfile name="edu.umd.cs.findbugs.classfile.engine.bcel.MethodGenFactory" totalMilliseconds="18" invocations="12" avgMicrosecondsPerInvocation="1577" maxMicrosecondsPerInvocation="17773" standardDeviationMicrosecondsPerInvocation="4883"/>
      <ClassProfile name="edu.umd.cs.findbugs.classfile.engine.bcel.JavaClassAnalysisEngine" totalMilliseconds="18" invocations="61" avgMicrosecondsPerInvocation="300" maxMicrosecondsPerInvocation="8393" standardDeviationMicrosecondsPerInvocation="1088"/>
      <ClassProfile name="edu.umd.cs.findbugs.util.TopologicalSort" totalMilliseconds="15" invocations="374" avgMicrosecondsPerInvocation="41" maxMicrosecondsPerInvocation="808" standardDeviationMicrosecondsPerInvocation="83"/>
      <ClassProfile name="edu.umd.cs.findbugs.classfile.engine.bcel.TypeDataflowFactory" totalMilliseconds="12" invocations="12" avgMicrosecondsPerInvocation="1056" maxMicrosecondsPerInvocation="7170" standardDeviationMicrosecondsPerInvocation="1922"/>
      <ClassProfile name="edu.umd.cs.findbugs.detect.NoteDirectlyRelevantTypeQualifiers" totalMilliseconds="12" invocations="23" avgMicrosecondsPerInvocation="526" maxMicrosecondsPerInvocation="4521" standardDeviationMicrosecondsPerInvocation="915"/>
      <ClassProfile name="edu.umd.cs.findbugs.classfile.engine.bcel.CFGFactory" totalMilliseconds="11" invocations="12" avgMicrosecondsPerInvocation="968" maxMicrosecondsPerInvocation="7675" standardDeviationMicrosecondsPerInvocation="2041"/>
      <ClassProfile name="edu.umd.cs.findbugs.classfile.engine.bcel.ValueNumberDataflowFactory" totalMilliseconds="11" invocations="12" avgMicrosecondsPerInvocation="938" maxMicrosecondsPerInvocation="7484" standardDeviationMicrosecondsPerInvocation="1985"/>
    </FindBugsProfile>
  </FindBugsSummary>
  <ClassFeatures></ClassFeatures>
  <History></History>
</BugCollection>
