<?xml version="1.0" encoding="UTF-8"?>

<BugCollection version="4.7.3" sequence="0" timestamp="1698475210431" analysisTimestamp="1698515003325" release="">
  <Project projectName="">
    <Jar>/mnt/disk3/lty/JLeaks/data/classfile/bug-813-cee5716a77128717274395bb7ca69facb2f3bc9c8776c65c931a52c3ebf6437d.class</Jar>
  </Project>
  <Errors errors="0" missingClasses="1">
    <MissingClass>fish.payara.arquillian.container.payara.process.ProcessOutputConsumer</MissingClass>
  </Errors>
  <FindBugsSummary timestamp="Sat, 28 Oct 2023 14:40:10 +0800" total_classes="1" referenced_classes="23" total_bugs="0" total_size="27" num_packages="1" java_version="1.8.0_382" vm_version="25.382-b05" cpu_seconds="5.38" clock_seconds="0.64" peak_mbytes="391.62" alloc_mbytes="1820.50" gc_seconds="0.04">
    <PackageStats package="fish.payara.arquillian.container.payara.process" total_bugs="0" total_types="1" total_size="27">
      <ClassStats class="fish.payara.arquillian.container.payara.process.ConsoleReader" sourceFile="ConsoleReader.java" interface="false" size="27" bugs="0"/>
    </PackageStats>
    <FindBugsProfile>
      <ClassProfile name="edu.umd.cs.findbugs.classfile.engine.ClassInfoAnalysisEngine" totalMilliseconds="107" invocations="339" avgMicrosecondsPerInvocation="318" maxMicrosecondsPerInvocation="9527" standardDeviationMicrosecondsPerInvocation="750"/>
      <ClassProfile name="edu.umd.cs.findbugs.detect.NoteDirectlyRelevantTypeQualifiers" totalMilliseconds="51" invocations="23" avgMicrosecondsPerInvocation="2224" maxMicrosecondsPerInvocation="42543" standardDeviationMicrosecondsPerInvocation="8645"/>
      <ClassProfile name="edu.umd.cs.findbugs.detect.FieldItemSummary" totalMilliseconds="22" invocations="23" avgMicrosecondsPerInvocation="982" maxMicrosecondsPerInvocation="6289" standardDeviationMicrosecondsPerInvocation="1545"/>
      <ClassProfile name="edu.umd.cs.findbugs.classfile.engine.bcel.MethodGenFactory" totalMilliseconds="19" invocations="5" avgMicrosecondsPerInvocation="3864" maxMicrosecondsPerInvocation="18424" standardDeviationMicrosecondsPerInvocation="7281"/>
      <ClassProfile name="edu.umd.cs.findbugs.OpcodeStack$JumpInfoFactory" totalMilliseconds="17" invocations="78" avgMicrosecondsPerInvocation="226" maxMicrosecondsPerInvocation="1873" standardDeviationMicrosecondsPerInvocation="273"/>
      <ClassProfile name="edu.umd.cs.findbugs.detect.FindNoSideEffectMethods" totalMilliseconds="16" invocations="23" avgMicrosecondsPerInvocation="724" maxMicrosecondsPerInvocation="3100" standardDeviationMicrosecondsPerInvocation="972"/>
      <ClassProfile name="edu.umd.cs.findbugs.classfile.engine.bcel.JavaClassAnalysisEngine" totalMilliseconds="15" invocations="42" avgMicrosecondsPerInvocation="365" maxMicrosecondsPerInvocation="8295" standardDeviationMicrosecondsPerInvocation="1276"/>
      <ClassProfile name="edu.umd.cs.findbugs.util.TopologicalSort" totalMilliseconds="13" invocations="306" avgMicrosecondsPerInvocation="44" maxMicrosecondsPerInvocation="587" standardDeviationMicrosecondsPerInvocation="77"/>
    </FindBugsProfile>
  </FindBugsSummary>
  <ClassFeatures></ClassFeatures>
  <History></History>
</BugCollection>
