<?xml version="1.0" encoding="UTF-8"?>

<BugCollection version="4.7.3" sequence="0" timestamp="1698475231182" analysisTimestamp="1698520426330" release="">
  <Project projectName="">
    <Jar>/mnt/disk3/lty/JLeaks/data/classfile/bug-953-6e3bce90e33cf63e84fe37216e11d54b0c8b78df31150bca5dce56fef42855a9.class</Jar>
  </Project>
  <Errors errors="0" missingClasses="7">
    <MissingClass>edu.stanford.nlp.ie.AbstractSequenceClassifier</MissingClass>
    <MissingClass>edu.stanford.nlp.ie.NERServer$NERClient</MissingClass>
    <MissingClass>edu.stanford.nlp.ie.NERServer$Session</MissingClass>
    <MissingClass>edu.stanford.nlp.ie.crf.CRFClassifier</MissingClass>
    <MissingClass>edu.stanford.nlp.util.StringUtils</MissingClass>
    <MissingClass>edu.stanford.nlp.util.logging.Redwood</MissingClass>
    <MissingClass>edu.stanford.nlp.util.logging.Redwood$RedwoodChannels</MissingClass>
  </Errors>
  <FindBugsSummary timestamp="Sat, 28 Oct 2023 14:40:31 +0800" total_classes="1" referenced_classes="20" total_bugs="0" total_size="73" num_packages="1" java_version="1.8.0_382" vm_version="25.382-b05" cpu_seconds="6.47" clock_seconds="0.72" peak_mbytes="403.82" alloc_mbytes="1820.50" gc_seconds="0.04">
    <PackageStats package="edu.stanford.nlp.ie" total_bugs="0" total_types="1" total_size="73">
      <ClassStats class="edu.stanford.nlp.ie.NERServer" sourceFile="NERServer.java" interface="false" size="73" bugs="0"/>
    </PackageStats>
    <FindBugsProfile>
      <ClassProfile name="edu.umd.cs.findbugs.classfile.engine.ClassInfoAnalysisEngine" totalMilliseconds="112" invocations="402" avgMicrosecondsPerInvocation="280" maxMicrosecondsPerInvocation="12170" standardDeviationMicrosecondsPerInvocation="769"/>
      <ClassProfile name="edu.umd.cs.findbugs.classfile.engine.bcel.JavaClassAnalysisEngine" totalMilliseconds="57" invocations="47" avgMicrosecondsPerInvocation="1219" maxMicrosecondsPerInvocation="41643" standardDeviationMicrosecondsPerInvocation="6092"/>
      <ClassProfile name="edu.umd.cs.findbugs.detect.FieldItemSummary" totalMilliseconds="28" invocations="20" avgMicrosecondsPerInvocation="1419" maxMicrosecondsPerInvocation="6468" standardDeviationMicrosecondsPerInvocation="1633"/>
      <ClassProfile name="edu.umd.cs.findbugs.detect.FindNoSideEffectMethods" totalMilliseconds="20" invocations="20" avgMicrosecondsPerInvocation="1029" maxMicrosecondsPerInvocation="3586" standardDeviationMicrosecondsPerInvocation="1077"/>
      <ClassProfile name="edu.umd.cs.findbugs.OpcodeStack$JumpInfoFactory" totalMilliseconds="19" invocations="81" avgMicrosecondsPerInvocation="243" maxMicrosecondsPerInvocation="1749" standardDeviationMicrosecondsPerInvocation="283"/>
      <ClassProfile name="edu.umd.cs.findbugs.classfile.engine.bcel.MethodGenFactory" totalMilliseconds="17" invocations="8" avgMicrosecondsPerInvocation="2249" maxMicrosecondsPerInvocation="16590" standardDeviationMicrosecondsPerInvocation="5424"/>
      <ClassProfile name="edu.umd.cs.findbugs.classfile.engine.bcel.ValueNumberDataflowFactory" totalMilliseconds="16" invocations="8" avgMicrosecondsPerInvocation="2060" maxMicrosecondsPerInvocation="7347" standardDeviationMicrosecondsPerInvocation="2773"/>
      <ClassProfile name="edu.umd.cs.findbugs.util.TopologicalSort" totalMilliseconds="15" invocations="361" avgMicrosecondsPerInvocation="41" maxMicrosecondsPerInvocation="692" standardDeviationMicrosecondsPerInvocation="81"/>
      <ClassProfile name="edu.umd.cs.findbugs.classfile.engine.bcel.TypeDataflowFactory" totalMilliseconds="13" invocations="8" avgMicrosecondsPerInvocation="1712" maxMicrosecondsPerInvocation="5350" standardDeviationMicrosecondsPerInvocation="2206"/>
      <ClassProfile name="edu.umd.cs.findbugs.classfile.engine.bcel.IsNullValueDataflowFactory" totalMilliseconds="13" invocations="8" avgMicrosecondsPerInvocation="1696" maxMicrosecondsPerInvocation="4972" standardDeviationMicrosecondsPerInvocation="1855"/>
      <ClassProfile name="edu.umd.cs.findbugs.detect.NoteDirectlyRelevantTypeQualifiers" totalMilliseconds="11" invocations="20" avgMicrosecondsPerInvocation="591" maxMicrosecondsPerInvocation="4757" standardDeviationMicrosecondsPerInvocation="1012"/>
      <ClassProfile name="edu.umd.cs.findbugs.classfile.engine.bcel.CFGFactory" totalMilliseconds="11" invocations="8" avgMicrosecondsPerInvocation="1409" maxMicrosecondsPerInvocation="7050" standardDeviationMicrosecondsPerInvocation="2250"/>
    </FindBugsProfile>
  </FindBugsSummary>
  <ClassFeatures></ClassFeatures>
  <History></History>
</BugCollection>
