<?xml version="1.0" encoding="UTF-8"?>

<BugCollection version="4.7.3" sequence="0" timestamp="1698475185332" analysisTimestamp="1698513133972" release="">
  <Project projectName="">
    <Jar>/mnt/disk3/lty/JLeaks/data/classfile/bug-634-b9e904e034a16e75a624101abf6045c44657a0b5311b567198d77471b39f9f73.class</Jar>
  </Project>
  <BugInstance type="OS_OPEN_STREAM_EXCEPTION_PATH" priority="3" rank="19" abbrev="OS" category="BAD_PRACTICE">
    <Class classname="org.jline.builtins.Less">
      <SourceLine classname="org.jline.builtins.Less" start="70" end="1474" sourcefile="Less.java" sourcepath="org/jline/builtins/Less.java"/>
    </Class>
    <Method classname="org.jline.builtins.Less" name="parseConfig" signature="(Ljava/nio/file/Path;)V" isStatic="false">
      <SourceLine classname="org.jline.builtins.Less" start="222" end="280" startBytecode="0" endBytecode="304" sourcefile="Less.java" sourcepath="org/jline/builtins/Less.java"/>
    </Method>
    <Type descriptor="Ljava/io/Reader;" role="TYPE_CLOSEIT">
      <SourceLine classname="java.io.Reader" start="66" end="249" sourcefile="Reader.java" sourcepath="java/io/Reader.java"/>
    </Type>
    <SourceLine classname="org.jline.builtins.Less" start="222" end="222" startBytecode="0" endBytecode="0" sourcefile="Less.java" sourcepath="org/jline/builtins/Less.java"/>
  </BugInstance>
  <Errors errors="0" missingClasses="27">
    <MissingClass>org.jline.builtins.Commands</MissingClass>
    <MissingClass>org.jline.builtins.ConfigurationPath</MissingClass>
    <MissingClass>org.jline.builtins.Less$1</MissingClass>
    <MissingClass>org.jline.builtins.Less$InterruptibleInputStream</MissingClass>
    <MissingClass>org.jline.builtins.Less$LineEditor</MissingClass>
    <MissingClass>org.jline.builtins.Less$Operation</MissingClass>
    <MissingClass>org.jline.builtins.Less$Pair</MissingClass>
    <MissingClass>org.jline.builtins.Less$SavedSourcePositions</MissingClass>
    <MissingClass>org.jline.builtins.Nano$Parser</MissingClass>
    <MissingClass>org.jline.builtins.Nano$PatternHistory</MissingClass>
    <MissingClass>org.jline.builtins.Nano$SyntaxHighlighter</MissingClass>
    <MissingClass>org.jline.builtins.Options</MissingClass>
    <MissingClass>org.jline.builtins.Source</MissingClass>
    <MissingClass>org.jline.builtins.Source$ResourceSource</MissingClass>
    <MissingClass>org.jline.builtins.Source$URLSource</MissingClass>
    <MissingClass>org.jline.keymap.BindingReader</MissingClass>
    <MissingClass>org.jline.keymap.KeyMap</MissingClass>
    <MissingClass>org.jline.terminal.Size</MissingClass>
    <MissingClass>org.jline.terminal.Terminal</MissingClass>
    <MissingClass>org.jline.terminal.Terminal$Signal</MissingClass>
    <MissingClass>org.jline.utils.AttributedString</MissingClass>
    <MissingClass>org.jline.utils.AttributedStringBuilder</MissingClass>
    <MissingClass>org.jline.utils.AttributedStyle</MissingClass>
    <MissingClass>org.jline.utils.Display</MissingClass>
    <MissingClass>org.jline.utils.InfoCmp$Capability</MissingClass>
    <MissingClass>org.jline.utils.NonBlockingReader</MissingClass>
    <MissingClass>org.jline.utils.Status</MissingClass>
  </Errors>
  <FindBugsSummary timestamp="Sat, 28 Oct 2023 14:39:45 +0800" total_classes="1" referenced_classes="61" total_bugs="1" total_size="953" num_packages="1" java_version="1.8.0_382" vm_version="25.382-b05" cpu_seconds="17.76" clock_seconds="1.65" peak_mbytes="466.60" alloc_mbytes="1820.50" gc_seconds="0.04" priority_3="1">
    <PackageStats package="org.jline.builtins" total_bugs="1" total_types="1" total_size="953" priority_3="1">
      <ClassStats class="org.jline.builtins.Less" sourceFile="Less.java" interface="false" size="953" bugs="1" priority_3="1"/>
    </PackageStats>
    <FindBugsProfile>
      <ClassProfile name="edu.umd.cs.findbugs.classfile.engine.ClassInfoAnalysisEngine" totalMilliseconds="160" invocations="753" avgMicrosecondsPerInvocation="213" maxMicrosecondsPerInvocation="17619" standardDeviationMicrosecondsPerInvocation="740"/>
      <ClassProfile name="edu.umd.cs.findbugs.classfile.engine.bcel.ValueNumberDataflowFactory" totalMilliseconds="93" invocations="49" avgMicrosecondsPerInvocation="1900" maxMicrosecondsPerInvocation="21606" standardDeviationMicrosecondsPerInvocation="3860"/>
      <ClassProfile name="edu.umd.cs.findbugs.classfile.engine.bcel.TypeDataflowFactory" totalMilliseconds="70" invocations="46" avgMicrosecondsPerInvocation="1528" maxMicrosecondsPerInvocation="13196" standardDeviationMicrosecondsPerInvocation="2452"/>
      <ClassProfile name="edu.umd.cs.findbugs.classfile.engine.bcel.IsNullValueDataflowFactory" totalMilliseconds="69" invocations="41" avgMicrosecondsPerInvocation="1687" maxMicrosecondsPerInvocation="14748" standardDeviationMicrosecondsPerInvocation="2915"/>
      <ClassProfile name="edu.umd.cs.findbugs.classfile.engine.bcel.JavaClassAnalysisEngine" totalMilliseconds="65" invocations="126" avgMicrosecondsPerInvocation="520" maxMicrosecondsPerInvocation="40707" standardDeviationMicrosecondsPerInvocation="3680"/>
      <ClassProfile name="edu.umd.cs.findbugs.OpcodeStack$JumpInfoFactory" totalMilliseconds="62" invocations="368" avgMicrosecondsPerInvocation="169" maxMicrosecondsPerInvocation="4267" standardDeviationMicrosecondsPerInvocation="312"/>
      <ClassProfile name="edu.umd.cs.findbugs.detect.FieldItemSummary" totalMilliseconds="59" invocations="61" avgMicrosecondsPerInvocation="980" maxMicrosecondsPerInvocation="6109" standardDeviationMicrosecondsPerInvocation="1313"/>
      <ClassProfile name="edu.umd.cs.findbugs.classfile.engine.bcel.UnconditionalValueDerefDataflowFactory" totalMilliseconds="54" invocations="41" avgMicrosecondsPerInvocation="1335" maxMicrosecondsPerInvocation="14588" standardDeviationMicrosecondsPerInvocation="2661"/>
      <ClassProfile name="edu.umd.cs.findbugs.detect.FindNoSideEffectMethods" totalMilliseconds="47" invocations="61" avgMicrosecondsPerInvocation="785" maxMicrosecondsPerInvocation="4166" standardDeviationMicrosecondsPerInvocation="1009"/>
      <ClassProfile name="edu.umd.cs.findbugs.classfile.engine.bcel.CFGFactory" totalMilliseconds="38" invocations="41" avgMicrosecondsPerInvocation="931" maxMicrosecondsPerInvocation="7739" standardDeviationMicrosecondsPerInvocation="1731"/>
      <ClassProfile name="edu.umd.cs.findbugs.ba.npe.NullDerefAndRedundantComparisonFinder" totalMilliseconds="36" invocations="41" avgMicrosecondsPerInvocation="895" maxMicrosecondsPerInvocation="11066" standardDeviationMicrosecondsPerInvocation="1854"/>
      <ClassProfile name="edu.umd.cs.findbugs.detect.FindOpenStream" totalMilliseconds="34" invocations="1" avgMicrosecondsPerInvocation="34855" maxMicrosecondsPerInvocation="34855" standardDeviationMicrosecondsPerInvocation="0"/>
      <ClassProfile name="edu.umd.cs.findbugs.classfile.engine.bcel.MethodGenFactory" totalMilliseconds="27" invocations="41" avgMicrosecondsPerInvocation="671" maxMicrosecondsPerInvocation="17653" standardDeviationMicrosecondsPerInvocation="2739"/>
      <ClassProfile name="edu.umd.cs.findbugs.detect.FindRefComparison$SpecialTypeAnalysis" totalMilliseconds="26" invocations="39" avgMicrosecondsPerInvocation="691" maxMicrosecondsPerInvocation="9212" standardDeviationMicrosecondsPerInvocation="1529"/>
      <ClassProfile name="edu.umd.cs.findbugs.detect.NoteDirectlyRelevantTypeQualifiers" totalMilliseconds="25" invocations="61" avgMicrosecondsPerInvocation="416" maxMicrosecondsPerInvocation="4357" standardDeviationMicrosecondsPerInvocation="717"/>
      <ClassProfile name="edu.umd.cs.findbugs.classfile.engine.bcel.ValueRangeAnalysisFactory" totalMilliseconds="23" invocations="41" avgMicrosecondsPerInvocation="561" maxMicrosecondsPerInvocation="15538" standardDeviationMicrosecondsPerInvocation="2415"/>
      <ClassProfile name="edu.umd.cs.findbugs.detect.StreamResourceTracker" totalMilliseconds="20" invocations="13" avgMicrosecondsPerInvocation="1605" maxMicrosecondsPerInvocation="4087" standardDeviationMicrosecondsPerInvocation="1195"/>
      <ClassProfile name="edu.umd.cs.findbugs.detect.CalledMethods" totalMilliseconds="18" invocations="61" avgMicrosecondsPerInvocation="301" maxMicrosecondsPerInvocation="4421" standardDeviationMicrosecondsPerInvocation="622"/>
      <ClassProfile name="edu.umd.cs.findbugs.util.TopologicalSort" totalMilliseconds="18" invocations="684" avgMicrosecondsPerInvocation="26" maxMicrosecondsPerInvocation="1007" standardDeviationMicrosecondsPerInvocation="62"/>
      <ClassProfile name="edu.umd.cs.findbugs.detect.FunctionsThatMightBeMistakenForProcedures" totalMilliseconds="16" invocations="61" avgMicrosecondsPerInvocation="271" maxMicrosecondsPerInvocation="2259" standardDeviationMicrosecondsPerInvocation="396"/>
      <ClassProfile name="edu.umd.cs.findbugs.classfile.engine.ClassDataAnalysisEngine" totalMilliseconds="15" invocations="759" avgMicrosecondsPerInvocation="20" maxMicrosecondsPerInvocation="591" standardDeviationMicrosecondsPerInvocation="31"/>
      <ClassProfile name="edu.umd.cs.findbugs.detect.OverridingEqualsNotSymmetrical" totalMilliseconds="15" invocations="61" avgMicrosecondsPerInvocation="256" maxMicrosecondsPerInvocation="6047" standardDeviationMicrosecondsPerInvocation="773"/>
      <ClassProfile name="edu.umd.cs.findbugs.detect.BuildObligationPolicyDatabase" totalMilliseconds="15" invocations="61" avgMicrosecondsPerInvocation="248" maxMicrosecondsPerInvocation="1084" standardDeviationMicrosecondsPerInvocation="266"/>
      <ClassProfile name="edu.umd.cs.findbugs.classfile.engine.bcel.LiveLocalStoreDataflowFactory" totalMilliseconds="14" invocations="37" avgMicrosecondsPerInvocation="380" maxMicrosecondsPerInvocation="3215" standardDeviationMicrosecondsPerInvocation="636"/>
      <ClassProfile name="edu.umd.cs.findbugs.detect.DuplicateBranches" totalMilliseconds="12" invocations="1" avgMicrosecondsPerInvocation="12892" maxMicrosecondsPerInvocation="12892" standardDeviationMicrosecondsPerInvocation="0"/>
      <ClassProfile name="edu.umd.cs.findbugs.detect.BuildStringPassthruGraph" totalMilliseconds="12" invocations="61" avgMicrosecondsPerInvocation="200" maxMicrosecondsPerInvocation="2481" standardDeviationMicrosecondsPerInvocation="381"/>
      <ClassProfile name="edu.umd.cs.findbugs.classfile.engine.bcel.ConstantDataflowFactory" totalMilliseconds="11" invocations="41" avgMicrosecondsPerInvocation="291" maxMicrosecondsPerInvocation="2891" standardDeviationMicrosecondsPerInvocation="550"/>
    </FindBugsProfile>
  </FindBugsSummary>
  <ClassFeatures></ClassFeatures>
  <History></History>
</BugCollection>
