<?xml version="1.0" encoding="UTF-8"?>

<BugCollection version="4.7.3" sequence="0" timestamp="1698475218047" analysisTimestamp="1698515112512" release="">
  <Project projectName="">
    <Jar>/mnt/disk3/lty/JLeaks/data/classfile/bug-865-856aa3c54d3e8493a4c667f6995f2eef7dd15b6e0a9add8689ba1a90fdb6b617.class</Jar>
  </Project>
  <Errors errors="0" missingClasses="14">
    <MissingClass>io.questdb.cairo.CairoSecurityContext</MissingClass>
    <MissingClass>io.questdb.cairo.RecordSinkFactory</MissingClass>
    <MissingClass>io.questdb.cairo.map.Map</MissingClass>
    <MissingClass>io.questdb.cairo.map.MapFactory</MissingClass>
    <MissingClass>io.questdb.cairo.sql.Function</MissingClass>
    <MissingClass>io.questdb.cairo.sql.RecordCursor</MissingClass>
    <MissingClass>io.questdb.cairo.sql.RecordCursorFactory</MissingClass>
    <MissingClass>io.questdb.cairo.sql.RecordMetadata</MissingClass>
    <MissingClass>io.questdb.griffin.SqlExecutionContext</MissingClass>
    <MissingClass>io.questdb.griffin.engine.EmptyTableRecordCursor</MissingClass>
    <MissingClass>io.questdb.griffin.engine.LimitOverflowException</MissingClass>
    <MissingClass>io.questdb.griffin.engine.groupby.SampleByFillNoneRecordCursor</MissingClass>
    <MissingClass>io.questdb.std.Misc</MissingClass>
    <MissingClass>io.questdb.std.ObjList</MissingClass>
  </Errors>
  <FindBugsSummary timestamp="Sat, 28 Oct 2023 14:40:18 +0800" total_classes="1" referenced_classes="9" total_bugs="0" total_size="46" num_packages="1" java_version="1.8.0_382" vm_version="25.382-b05" cpu_seconds="4.31" clock_seconds="0.61" peak_mbytes="411.68" alloc_mbytes="1820.50" gc_seconds="0.04">
    <PackageStats package="io.questdb.griffin.engine.groupby" total_bugs="0" total_types="1" total_size="46">
      <ClassStats class="io.questdb.griffin.engine.groupby.SampleByFillNoneRecordCursorFactory" sourceFile="SampleByFillNoneRecordCursorFactory.java" interface="false" size="46" bugs="0"/>
    </PackageStats>
    <FindBugsProfile>
      <ClassProfile name="edu.umd.cs.findbugs.classfile.engine.ClassInfoAnalysisEngine" totalMilliseconds="97" invocations="318" avgMicrosecondsPerInvocation="307" maxMicrosecondsPerInvocation="11951" standardDeviationMicrosecondsPerInvocation="861"/>
      <ClassProfile name="edu.umd.cs.findbugs.OpcodeStack$JumpInfoFactory" totalMilliseconds="55" invocations="40" avgMicrosecondsPerInvocation="1387" maxMicrosecondsPerInvocation="41522" standardDeviationMicrosecondsPerInvocation="6438"/>
      <ClassProfile name="edu.umd.cs.findbugs.detect.FieldItemSummary" totalMilliseconds="21" invocations="9" avgMicrosecondsPerInvocation="2362" maxMicrosecondsPerInvocation="8204" standardDeviationMicrosecondsPerInvocation="2601"/>
      <ClassProfile name="edu.umd.cs.findbugs.classfile.engine.bcel.MethodGenFactory" totalMilliseconds="17" invocations="6" avgMicrosecondsPerInvocation="2950" maxMicrosecondsPerInvocation="16622" standardDeviationMicrosecondsPerInvocation="6117"/>
      <ClassProfile name="edu.umd.cs.findbugs.classfile.engine.bcel.JavaClassAnalysisEngine" totalMilliseconds="14" invocations="31" avgMicrosecondsPerInvocation="459" maxMicrosecondsPerInvocation="8318" standardDeviationMicrosecondsPerInvocation="1494"/>
      <ClassProfile name="edu.umd.cs.findbugs.classfile.engine.bcel.CFGFactory" totalMilliseconds="13" invocations="6" avgMicrosecondsPerInvocation="2187" maxMicrosecondsPerInvocation="11683" standardDeviationMicrosecondsPerInvocation="4252"/>
      <ClassProfile name="edu.umd.cs.findbugs.util.TopologicalSort" totalMilliseconds="12" invocations="260" avgMicrosecondsPerInvocation="48" maxMicrosecondsPerInvocation="649" standardDeviationMicrosecondsPerInvocation="88"/>
      <ClassProfile name="edu.umd.cs.findbugs.classfile.engine.bcel.ValueNumberDataflowFactory" totalMilliseconds="12" invocations="6" avgMicrosecondsPerInvocation="2050" maxMicrosecondsPerInvocation="8306" standardDeviationMicrosecondsPerInvocation="2913"/>
      <ClassProfile name="edu.umd.cs.findbugs.detect.FindNoSideEffectMethods" totalMilliseconds="12" invocations="9" avgMicrosecondsPerInvocation="1353" maxMicrosecondsPerInvocation="5090" standardDeviationMicrosecondsPerInvocation="1580"/>
    </FindBugsProfile>
  </FindBugsSummary>
  <ClassFeatures></ClassFeatures>
  <History></History>
</BugCollection>
