<?xml version="1.0" encoding="UTF-8"?>

<BugCollection version="4.7.3" sequence="0" timestamp="1698475222643" analysisTimestamp="1698515805639" release="">
  <Project projectName="">
    <Jar>/mnt/disk3/lty/JLeaks/data/classfile/bug-896-c93aafe49b9293ca18639a7aa0c2a81494cf88c99a11189f104e8795e9ab93de.class</Jar>
  </Project>
  <Errors errors="0" missingClasses="11">
    <MissingClass>dpf.ap.gpinf.telegramextractor.Chat</MissingClass>
    <MissingClass>dpf.ap.gpinf.telegramextractor.Contact</MissingClass>
    <MissingClass>dpf.ap.gpinf.telegramextractor.Extractor</MissingClass>
    <MissingClass>dpf.ap.gpinf.telegramextractor.ReportGenerator</MissingClass>
    <MissingClass>dpf.sp.gpinf.indexer.parsers.jdbc.SQLite3DBParser</MissingClass>
    <MissingClass>org.apache.tika.extractor.EmbeddedDocumentExtractor</MissingClass>
    <MissingClass>org.apache.tika.extractor.ParsingEmbeddedDocumentExtractor</MissingClass>
    <MissingClass>org.apache.tika.metadata.Metadata</MissingClass>
    <MissingClass>org.apache.tika.metadata.TikaCoreProperties</MissingClass>
    <MissingClass>org.apache.tika.mime.MediaType</MissingClass>
    <MissingClass>org.apache.tika.parser.ParseContext</MissingClass>
  </Errors>
  <FindBugsSummary timestamp="Sat, 28 Oct 2023 14:40:22 +0800" total_classes="1" referenced_classes="23" total_bugs="0" total_size="67" num_packages="1" java_version="1.8.0_382" vm_version="25.382-b05" cpu_seconds="7.14" clock_seconds="0.79" peak_mbytes="407.63" alloc_mbytes="1820.50" gc_seconds="0.04">
    <PackageStats package="dpf.ap.gpinf.telegramextractor" total_bugs="0" total_types="1" total_size="67">
      <ClassStats class="dpf.ap.gpinf.telegramextractor.TelegramParser" sourceFile="TelegramParser.java" interface="false" size="67" bugs="0"/>
    </PackageStats>
    <FindBugsProfile>
      <ClassProfile name="edu.umd.cs.findbugs.classfile.engine.ClassInfoAnalysisEngine" totalMilliseconds="112" invocations="395" avgMicrosecondsPerInvocation="285" maxMicrosecondsPerInvocation="11647" standardDeviationMicrosecondsPerInvocation="757"/>
      <ClassProfile name="edu.umd.cs.findbugs.detect.FunctionsThatMightBeMistakenForProcedures" totalMilliseconds="49" invocations="23" avgMicrosecondsPerInvocation="2159" maxMicrosecondsPerInvocation="41439" standardDeviationMicrosecondsPerInvocation="8406"/>
      <ClassProfile name="edu.umd.cs.findbugs.detect.FieldItemSummary" totalMilliseconds="23" invocations="23" avgMicrosecondsPerInvocation="1008" maxMicrosecondsPerInvocation="5552" standardDeviationMicrosecondsPerInvocation="1363"/>
      <ClassProfile name="edu.umd.cs.findbugs.classfile.engine.bcel.ValueNumberDataflowFactory" totalMilliseconds="22" invocations="4" avgMicrosecondsPerInvocation="5582" maxMicrosecondsPerInvocation="14510" standardDeviationMicrosecondsPerInvocation="5732"/>
      <ClassProfile name="edu.umd.cs.findbugs.classfile.engine.bcel.IsNullValueDataflowFactory" totalMilliseconds="21" invocations="4" avgMicrosecondsPerInvocation="5470" maxMicrosecondsPerInvocation="16214" standardDeviationMicrosecondsPerInvocation="6516"/>
      <ClassProfile name="edu.umd.cs.findbugs.OpcodeStack$JumpInfoFactory" totalMilliseconds="21" invocations="92" avgMicrosecondsPerInvocation="231" maxMicrosecondsPerInvocation="1778" standardDeviationMicrosecondsPerInvocation="267"/>
      <ClassProfile name="edu.umd.cs.findbugs.classfile.engine.bcel.MethodGenFactory" totalMilliseconds="20" invocations="4" avgMicrosecondsPerInvocation="5206" maxMicrosecondsPerInvocation="18442" standardDeviationMicrosecondsPerInvocation="7678"/>
      <ClassProfile name="edu.umd.cs.findbugs.classfile.engine.bcel.TypeDataflowFactory" totalMilliseconds="20" invocations="4" avgMicrosecondsPerInvocation="5068" maxMicrosecondsPerInvocation="14159" standardDeviationMicrosecondsPerInvocation="5525"/>
      <ClassProfile name="edu.umd.cs.findbugs.classfile.engine.bcel.JavaClassAnalysisEngine" totalMilliseconds="16" invocations="56" avgMicrosecondsPerInvocation="296" maxMicrosecondsPerInvocation="8607" standardDeviationMicrosecondsPerInvocation="1157"/>
      <ClassProfile name="edu.umd.cs.findbugs.detect.FindNoSideEffectMethods" totalMilliseconds="15" invocations="23" avgMicrosecondsPerInvocation="694" maxMicrosecondsPerInvocation="3261" standardDeviationMicrosecondsPerInvocation="760"/>
      <ClassProfile name="edu.umd.cs.findbugs.classfile.engine.bcel.UnconditionalValueDerefDataflowFactory" totalMilliseconds="15" invocations="4" avgMicrosecondsPerInvocation="3859" maxMicrosecondsPerInvocation="13598" standardDeviationMicrosecondsPerInvocation="5653"/>
      <ClassProfile name="edu.umd.cs.findbugs.util.TopologicalSort" totalMilliseconds="14" invocations="348" avgMicrosecondsPerInvocation="42" maxMicrosecondsPerInvocation="965" standardDeviationMicrosecondsPerInvocation="85"/>
      <ClassProfile name="edu.umd.cs.findbugs.detect.NoteDirectlyRelevantTypeQualifiers" totalMilliseconds="14" invocations="23" avgMicrosecondsPerInvocation="616" maxMicrosecondsPerInvocation="3295" standardDeviationMicrosecondsPerInvocation="906"/>
      <ClassProfile name="edu.umd.cs.findbugs.classfile.engine.bcel.CFGFactory" totalMilliseconds="13" invocations="4" avgMicrosecondsPerInvocation="3475" maxMicrosecondsPerInvocation="7285" standardDeviationMicrosecondsPerInvocation="3159"/>
    </FindBugsProfile>
  </FindBugsSummary>
  <ClassFeatures></ClassFeatures>
  <History></History>
</BugCollection>
