<?xml version="1.0" encoding="UTF-8"?>

<BugCollection version="4.7.3" sequence="0" timestamp="1698475251237" analysisTimestamp="1698520709226" release="">
  <Project projectName="">
    <Jar>/mnt/disk3/lty/JLeaks/data/classfile/bug-1083-210a6d06c9f90fe5e7c09d672f2e4ad4da6377b8bebbcb3380d9566ba0eed9d9.class</Jar>
  </Project>
  <BugInstance type="OBL_UNSATISFIED_OBLIGATION_EXCEPTION_EDGE" priority="2" rank="20" abbrev="OBL" category="EXPERIMENTAL">
    <Class classname="org.parosproxy.paros.db.TableAlert">
      <SourceLine classname="org.parosproxy.paros.db.TableAlert" start="68" end="336" sourcefile="TableAlert.java" sourcepath="org/parosproxy/paros/db/TableAlert.java"/>
    </Class>
    <Method classname="org.parosproxy.paros.db.TableAlert" name="getAlertList" signature="()Ljava/util/Vector;" isStatic="false">
      <SourceLine classname="org.parosproxy.paros.db.TableAlert" start="327" end="336" startBytecode="0" endBytecode="141" sourcefile="TableAlert.java" sourcepath="org/parosproxy/paros/db/TableAlert.java"/>
    </Method>
    <Class classname="java.sql.ResultSet" role="CLASS_REFTYPE">
      <SourceLine classname="java.sql.ResultSet" start="4188" end="4289" sourcefile="ResultSet.java" sourcepath="java/sql/ResultSet.java"/>
    </Class>
    <Int value="1" role="INT_OBLIGATIONS_REMAINING"/>
    <SourceLine classname="org.parosproxy.paros.db.TableAlert" start="330" end="330" startBytecode="21" endBytecode="21" sourcefile="TableAlert.java" sourcepath="org/parosproxy/paros/db/TableAlert.java" role="SOURCE_LINE_OBLIGATION_CREATED"/>
    <SourceLine classname="org.parosproxy.paros.db.TableAlert" start="331" end="331" startBytecode="27" endBytecode="27" sourcefile="TableAlert.java" sourcepath="org/parosproxy/paros/db/TableAlert.java" role="SOURCE_LINE_PATH_CONTINUES"/>
    <String value="{Statement x 1,ResultSet x 1}" role="STRING_REMAINING_OBLIGATIONS"/>
  </BugInstance>
  <BugInstance type="OBL_UNSATISFIED_OBLIGATION_EXCEPTION_EDGE" priority="2" rank="20" abbrev="OBL" category="EXPERIMENTAL">
    <Class classname="org.parosproxy.paros.db.TableAlert">
      <SourceLine classname="org.parosproxy.paros.db.TableAlert" start="68" end="336" sourcefile="TableAlert.java" sourcepath="org/parosproxy/paros/db/TableAlert.java"/>
    </Class>
    <Method classname="org.parosproxy.paros.db.TableAlert" name="getAlertList" signature="()Ljava/util/Vector;" isStatic="false">
      <SourceLine classname="org.parosproxy.paros.db.TableAlert" start="327" end="336" startBytecode="0" endBytecode="141" sourcefile="TableAlert.java" sourcepath="org/parosproxy/paros/db/TableAlert.java"/>
    </Method>
    <Class classname="java.sql.Statement" role="CLASS_REFTYPE">
      <SourceLine classname="java.sql.Statement" start="1092" end="1368" sourcefile="Statement.java" sourcepath="java/sql/Statement.java"/>
    </Class>
    <Int value="1" role="INT_OBLIGATIONS_REMAINING"/>
    <SourceLine classname="org.parosproxy.paros.db.TableAlert" start="327" end="327" startBytecode="6" endBytecode="6" sourcefile="TableAlert.java" sourcepath="org/parosproxy/paros/db/TableAlert.java" role="SOURCE_LINE_OBLIGATION_CREATED"/>
    <SourceLine classname="org.parosproxy.paros.db.TableAlert" start="329" end="329" startBytecode="12" endBytecode="12" sourcefile="TableAlert.java" sourcepath="org/parosproxy/paros/db/TableAlert.java" role="SOURCE_LINE_PATH_CONTINUES"/>
    <SourceLine classname="org.parosproxy.paros.db.TableAlert" start="330" end="330" startBytecode="20" endBytecode="20" sourcefile="TableAlert.java" sourcepath="org/parosproxy/paros/db/TableAlert.java" role="SOURCE_LINE_PATH_CONTINUES"/>
    <SourceLine classname="org.parosproxy.paros.db.TableAlert" start="331" end="331" startBytecode="27" endBytecode="27" sourcefile="TableAlert.java" sourcepath="org/parosproxy/paros/db/TableAlert.java" role="SOURCE_LINE_PATH_CONTINUES"/>
    <String value="{Statement x 1,ResultSet x 1}" role="STRING_REMAINING_OBLIGATIONS"/>
  </BugInstance>
  <BugInstance type="OBL_UNSATISFIED_OBLIGATION_EXCEPTION_EDGE" priority="2" rank="20" abbrev="OBL" category="EXPERIMENTAL">
    <Class classname="org.parosproxy.paros.db.TableAlert">
      <SourceLine classname="org.parosproxy.paros.db.TableAlert" start="68" end="336" sourcefile="TableAlert.java" sourcepath="org/parosproxy/paros/db/TableAlert.java"/>
    </Class>
    <Method classname="org.parosproxy.paros.db.TableAlert" name="getAlertListByScan" signature="(I)Ljava/util/Vector;" isStatic="false">
      <SourceLine classname="org.parosproxy.paros.db.TableAlert" start="225" end="236" startBytecode="0" endBytecode="157" sourcefile="TableAlert.java" sourcepath="org/parosproxy/paros/db/TableAlert.java"/>
    </Method>
    <Class classname="java.sql.ResultSet" role="CLASS_REFTYPE">
      <SourceLine classname="java.sql.ResultSet" start="4188" end="4289" sourcefile="ResultSet.java" sourcepath="java/sql/ResultSet.java"/>
    </Class>
    <Int value="1" role="INT_OBLIGATIONS_REMAINING"/>
    <SourceLine classname="org.parosproxy.paros.db.TableAlert" start="229" end="229" startBytecode="29" endBytecode="29" sourcefile="TableAlert.java" sourcepath="org/parosproxy/paros/db/TableAlert.java" role="SOURCE_LINE_OBLIGATION_CREATED"/>
    <SourceLine classname="org.parosproxy.paros.db.TableAlert" start="230" end="230" startBytecode="36" endBytecode="36" sourcefile="TableAlert.java" sourcepath="org/parosproxy/paros/db/TableAlert.java" role="SOURCE_LINE_PATH_CONTINUES"/>
    <String value="{Statement x 1,ResultSet x 1}" role="STRING_REMAINING_OBLIGATIONS"/>
  </BugInstance>
  <BugInstance type="OBL_UNSATISFIED_OBLIGATION_EXCEPTION_EDGE" priority="2" rank="20" abbrev="OBL" category="EXPERIMENTAL">
    <Class classname="org.parosproxy.paros.db.TableAlert">
      <SourceLine classname="org.parosproxy.paros.db.TableAlert" start="68" end="336" sourcefile="TableAlert.java" sourcepath="org/parosproxy/paros/db/TableAlert.java"/>
    </Class>
    <Method classname="org.parosproxy.paros.db.TableAlert" name="getAlertListByScan" signature="(I)Ljava/util/Vector;" isStatic="false">
      <SourceLine classname="org.parosproxy.paros.db.TableAlert" start="225" end="236" startBytecode="0" endBytecode="157" sourcefile="TableAlert.java" sourcepath="org/parosproxy/paros/db/TableAlert.java"/>
    </Method>
    <Class classname="java.sql.Statement" role="CLASS_REFTYPE">
      <SourceLine classname="java.sql.Statement" start="1092" end="1368" sourcefile="Statement.java" sourcepath="java/sql/Statement.java"/>
    </Class>
    <Int value="1" role="INT_OBLIGATIONS_REMAINING"/>
    <SourceLine classname="org.parosproxy.paros.db.TableAlert" start="225" end="225" startBytecode="6" endBytecode="6" sourcefile="TableAlert.java" sourcepath="org/parosproxy/paros/db/TableAlert.java" role="SOURCE_LINE_OBLIGATION_CREATED"/>
    <SourceLine classname="org.parosproxy.paros.db.TableAlert" start="227" end="227" startBytecode="12" endBytecode="12" sourcefile="TableAlert.java" sourcepath="org/parosproxy/paros/db/TableAlert.java" role="SOURCE_LINE_PATH_CONTINUES"/>
    <SourceLine classname="org.parosproxy.paros.db.TableAlert" start="228" end="228" startBytecode="20" endBytecode="20" sourcefile="TableAlert.java" sourcepath="org/parosproxy/paros/db/TableAlert.java" role="SOURCE_LINE_PATH_CONTINUES"/>
    <SourceLine classname="org.parosproxy.paros.db.TableAlert" start="229" end="229" startBytecode="28" endBytecode="28" sourcefile="TableAlert.java" sourcepath="org/parosproxy/paros/db/TableAlert.java" role="SOURCE_LINE_PATH_CONTINUES"/>
    <SourceLine classname="org.parosproxy.paros.db.TableAlert" start="230" end="230" startBytecode="36" endBytecode="36" sourcefile="TableAlert.java" sourcepath="org/parosproxy/paros/db/TableAlert.java" role="SOURCE_LINE_PATH_CONTINUES"/>
    <String value="{Statement x 1,ResultSet x 1}" role="STRING_REMAINING_OBLIGATIONS"/>
  </BugInstance>
  <BugInstance type="OBL_UNSATISFIED_OBLIGATION_EXCEPTION_EDGE" priority="2" rank="20" abbrev="OBL" category="EXPERIMENTAL">
    <Class classname="org.parosproxy.paros.db.TableAlert">
      <SourceLine classname="org.parosproxy.paros.db.TableAlert" start="68" end="336" sourcefile="TableAlert.java" sourcepath="org/parosproxy/paros/db/TableAlert.java"/>
    </Class>
    <Method classname="org.parosproxy.paros.db.TableAlert" name="getAlertListBySession" signature="(J)Ljava/util/Vector;" isStatic="false">
      <SourceLine classname="org.parosproxy.paros.db.TableAlert" start="241" end="253" startBytecode="0" endBytecode="172" sourcefile="TableAlert.java" sourcepath="org/parosproxy/paros/db/TableAlert.java"/>
    </Method>
    <Class classname="java.sql.ResultSet" role="CLASS_REFTYPE">
      <SourceLine classname="java.sql.ResultSet" start="4188" end="4289" sourcefile="ResultSet.java" sourcepath="java/sql/ResultSet.java"/>
    </Class>
    <Int value="1" role="INT_OBLIGATIONS_REMAINING"/>
    <SourceLine classname="org.parosproxy.paros.db.TableAlert" start="245" end="245" startBytecode="30" endBytecode="30" sourcefile="TableAlert.java" sourcepath="org/parosproxy/paros/db/TableAlert.java" role="SOURCE_LINE_OBLIGATION_CREATED"/>
    <SourceLine classname="org.parosproxy.paros.db.TableAlert" start="246" end="246" startBytecode="37" endBytecode="37" sourcefile="TableAlert.java" sourcepath="org/parosproxy/paros/db/TableAlert.java" role="SOURCE_LINE_PATH_CONTINUES"/>
    <String value="{Statement x 1,ResultSet x 1}" role="STRING_REMAINING_OBLIGATIONS"/>
  </BugInstance>
  <BugInstance type="OBL_UNSATISFIED_OBLIGATION_EXCEPTION_EDGE" priority="2" rank="20" abbrev="OBL" category="EXPERIMENTAL">
    <Class classname="org.parosproxy.paros.db.TableAlert">
      <SourceLine classname="org.parosproxy.paros.db.TableAlert" start="68" end="336" sourcefile="TableAlert.java" sourcepath="org/parosproxy/paros/db/TableAlert.java"/>
    </Class>
    <Method classname="org.parosproxy.paros.db.TableAlert" name="getAlertListBySession" signature="(J)Ljava/util/Vector;" isStatic="false">
      <SourceLine classname="org.parosproxy.paros.db.TableAlert" start="241" end="253" startBytecode="0" endBytecode="172" sourcefile="TableAlert.java" sourcepath="org/parosproxy/paros/db/TableAlert.java"/>
    </Method>
    <Class classname="java.sql.Statement" role="CLASS_REFTYPE">
      <SourceLine classname="java.sql.Statement" start="1092" end="1368" sourcefile="Statement.java" sourcepath="java/sql/Statement.java"/>
    </Class>
    <Int value="1" role="INT_OBLIGATIONS_REMAINING"/>
    <SourceLine classname="org.parosproxy.paros.db.TableAlert" start="241" end="241" startBytecode="6" endBytecode="6" sourcefile="TableAlert.java" sourcepath="org/parosproxy/paros/db/TableAlert.java" role="SOURCE_LINE_OBLIGATION_CREATED"/>
    <SourceLine classname="org.parosproxy.paros.db.TableAlert" start="243" end="243" startBytecode="12" endBytecode="12" sourcefile="TableAlert.java" sourcepath="org/parosproxy/paros/db/TableAlert.java" role="SOURCE_LINE_PATH_CONTINUES"/>
    <SourceLine classname="org.parosproxy.paros.db.TableAlert" start="244" end="244" startBytecode="21" endBytecode="21" sourcefile="TableAlert.java" sourcepath="org/parosproxy/paros/db/TableAlert.java" role="SOURCE_LINE_PATH_CONTINUES"/>
    <SourceLine classname="org.parosproxy.paros.db.TableAlert" start="245" end="245" startBytecode="29" endBytecode="29" sourcefile="TableAlert.java" sourcepath="org/parosproxy/paros/db/TableAlert.java" role="SOURCE_LINE_PATH_CONTINUES"/>
    <SourceLine classname="org.parosproxy.paros.db.TableAlert" start="246" end="246" startBytecode="37" endBytecode="37" sourcefile="TableAlert.java" sourcepath="org/parosproxy/paros/db/TableAlert.java" role="SOURCE_LINE_PATH_CONTINUES"/>
    <String value="{Statement x 1,ResultSet x 1}" role="STRING_REMAINING_OBLIGATIONS"/>
  </BugInstance>
  <BugInstance type="OBL_UNSATISFIED_OBLIGATION_EXCEPTION_EDGE" priority="2" rank="20" abbrev="OBL" category="EXPERIMENTAL">
    <Class classname="org.parosproxy.paros.db.TableAlert">
      <SourceLine classname="org.parosproxy.paros.db.TableAlert" start="68" end="336" sourcefile="TableAlert.java" sourcepath="org/parosproxy/paros/db/TableAlert.java"/>
    </Class>
    <Method classname="org.parosproxy.paros.db.TableAlert" name="getAlertLists" signature="()Ljava/util/Vector;" isStatic="false">
      <SourceLine classname="org.parosproxy.paros.db.TableAlert" start="258" end="269" startBytecode="0" endBytecode="153" sourcefile="TableAlert.java" sourcepath="org/parosproxy/paros/db/TableAlert.java"/>
    </Method>
    <Class classname="java.sql.ResultSet" role="CLASS_REFTYPE">
      <SourceLine classname="java.sql.ResultSet" start="4188" end="4289" sourcefile="ResultSet.java" sourcepath="java/sql/ResultSet.java"/>
    </Class>
    <Int value="1" role="INT_OBLIGATIONS_REMAINING"/>
    <SourceLine classname="org.parosproxy.paros.db.TableAlert" start="261" end="261" startBytecode="21" endBytecode="21" sourcefile="TableAlert.java" sourcepath="org/parosproxy/paros/db/TableAlert.java" role="SOURCE_LINE_OBLIGATION_CREATED"/>
    <SourceLine classname="org.parosproxy.paros.db.TableAlert" start="262" end="262" startBytecode="27" endBytecode="27" sourcefile="TableAlert.java" sourcepath="org/parosproxy/paros/db/TableAlert.java" role="SOURCE_LINE_PATH_CONTINUES"/>
    <String value="{Statement x 1,ResultSet x 1}" role="STRING_REMAINING_OBLIGATIONS"/>
  </BugInstance>
  <BugInstance type="OBL_UNSATISFIED_OBLIGATION_EXCEPTION_EDGE" priority="2" rank="20" abbrev="OBL" category="EXPERIMENTAL">
    <Class classname="org.parosproxy.paros.db.TableAlert">
      <SourceLine classname="org.parosproxy.paros.db.TableAlert" start="68" end="336" sourcefile="TableAlert.java" sourcepath="org/parosproxy/paros/db/TableAlert.java"/>
    </Class>
    <Method classname="org.parosproxy.paros.db.TableAlert" name="getAlertLists" signature="()Ljava/util/Vector;" isStatic="false">
      <SourceLine classname="org.parosproxy.paros.db.TableAlert" start="258" end="269" startBytecode="0" endBytecode="153" sourcefile="TableAlert.java" sourcepath="org/parosproxy/paros/db/TableAlert.java"/>
    </Method>
    <Class classname="java.sql.Statement" role="CLASS_REFTYPE">
      <SourceLine classname="java.sql.Statement" start="1092" end="1368" sourcefile="Statement.java" sourcepath="java/sql/Statement.java"/>
    </Class>
    <Int value="1" role="INT_OBLIGATIONS_REMAINING"/>
    <SourceLine classname="org.parosproxy.paros.db.TableAlert" start="258" end="258" startBytecode="6" endBytecode="6" sourcefile="TableAlert.java" sourcepath="org/parosproxy/paros/db/TableAlert.java" role="SOURCE_LINE_OBLIGATION_CREATED"/>
    <SourceLine classname="org.parosproxy.paros.db.TableAlert" start="260" end="260" startBytecode="12" endBytecode="12" sourcefile="TableAlert.java" sourcepath="org/parosproxy/paros/db/TableAlert.java" role="SOURCE_LINE_PATH_CONTINUES"/>
    <SourceLine classname="org.parosproxy.paros.db.TableAlert" start="261" end="261" startBytecode="20" endBytecode="20" sourcefile="TableAlert.java" sourcepath="org/parosproxy/paros/db/TableAlert.java" role="SOURCE_LINE_PATH_CONTINUES"/>
    <SourceLine classname="org.parosproxy.paros.db.TableAlert" start="262" end="262" startBytecode="27" endBytecode="27" sourcefile="TableAlert.java" sourcepath="org/parosproxy/paros/db/TableAlert.java" role="SOURCE_LINE_PATH_CONTINUES"/>
    <String value="{Statement x 1,ResultSet x 1}" role="STRING_REMAINING_OBLIGATIONS"/>
  </BugInstance>
  <BugInstance type="OBL_UNSATISFIED_OBLIGATION_EXCEPTION_EDGE" priority="2" rank="20" abbrev="OBL" category="EXPERIMENTAL">
    <Class classname="org.parosproxy.paros.db.TableAlert">
      <SourceLine classname="org.parosproxy.paros.db.TableAlert" start="68" end="336" sourcefile="TableAlert.java" sourcepath="org/parosproxy/paros/db/TableAlert.java"/>
    </Class>
    <Method classname="org.parosproxy.paros.db.TableAlert" name="write" signature="(IILjava/lang/String;IILjava/lang/String;Ljava/lang/String;Ljava/lang/String;Ljava/lang/String;Ljava/lang/String;Ljava/lang/String;Ljava/lang/String;Ljava/lang/String;IIII)Lorg/parosproxy/paros/db/RecordAlert;" isStatic="false">
      <SourceLine classname="org.parosproxy.paros.db.TableAlert" start="170" end="193" startBytecode="0" endBytecode="377" sourcefile="TableAlert.java" sourcepath="org/parosproxy/paros/db/TableAlert.java"/>
    </Method>
    <Class classname="java.sql.ResultSet" role="CLASS_REFTYPE">
      <SourceLine classname="java.sql.ResultSet" start="4188" end="4289" sourcefile="ResultSet.java" sourcepath="java/sql/ResultSet.java"/>
    </Class>
    <Int value="1" role="INT_OBLIGATIONS_REMAINING"/>
    <SourceLine classname="org.parosproxy.paros.db.TableAlert" start="189" end="189" startBytecode="227" endBytecode="227" sourcefile="TableAlert.java" sourcepath="org/parosproxy/paros/db/TableAlert.java" role="SOURCE_LINE_OBLIGATION_CREATED"/>
    <SourceLine classname="org.parosproxy.paros.db.TableAlert" start="190" end="190" startBytecode="234" endBytecode="234" sourcefile="TableAlert.java" sourcepath="org/parosproxy/paros/db/TableAlert.java" role="SOURCE_LINE_PATH_CONTINUES"/>
    <String value="{ResultSet x 1}" role="STRING_REMAINING_OBLIGATIONS"/>
  </BugInstance>
  <BugInstance type="ODR_OPEN_DATABASE_RESOURCE_EXCEPTION_PATH" priority="3" rank="19" abbrev="ODR" category="BAD_PRACTICE">
    <Class classname="org.parosproxy.paros.db.TableAlert">
      <SourceLine classname="org.parosproxy.paros.db.TableAlert" start="68" end="336" sourcefile="TableAlert.java" sourcepath="org/parosproxy/paros/db/TableAlert.java"/>
    </Class>
    <Method classname="org.parosproxy.paros.db.TableAlert" name="getAlertList" signature="()Ljava/util/Vector;" isStatic="false">
      <SourceLine classname="org.parosproxy.paros.db.TableAlert" start="327" end="336" startBytecode="0" endBytecode="28" sourcefile="TableAlert.java" sourcepath="org/parosproxy/paros/db/TableAlert.java"/>
    </Method>
    <Type descriptor="Ljava/sql/PreparedStatement;" role="TYPE_CLOSEIT">
      <SourceLine classname="java.sql.PreparedStatement" start="1265" end="1318" sourcefile="PreparedStatement.java" sourcepath="java/sql/PreparedStatement.java"/>
    </Type>
    <SourceLine classname="org.parosproxy.paros.db.TableAlert" start="327" end="327" startBytecode="6" endBytecode="6" sourcefile="TableAlert.java" sourcepath="org/parosproxy/paros/db/TableAlert.java"/>
  </BugInstance>
  <BugInstance type="ODR_OPEN_DATABASE_RESOURCE_EXCEPTION_PATH" priority="3" rank="19" abbrev="ODR" category="BAD_PRACTICE">
    <Class classname="org.parosproxy.paros.db.TableAlert">
      <SourceLine classname="org.parosproxy.paros.db.TableAlert" start="68" end="336" sourcefile="TableAlert.java" sourcepath="org/parosproxy/paros/db/TableAlert.java"/>
    </Class>
    <Method classname="org.parosproxy.paros.db.TableAlert" name="getAlertListByScan" signature="(I)Ljava/util/Vector;" isStatic="false">
      <SourceLine classname="org.parosproxy.paros.db.TableAlert" start="225" end="236" startBytecode="0" endBytecode="32" sourcefile="TableAlert.java" sourcepath="org/parosproxy/paros/db/TableAlert.java"/>
    </Method>
    <Type descriptor="Ljava/sql/PreparedStatement;" role="TYPE_CLOSEIT">
      <SourceLine classname="java.sql.PreparedStatement" start="1265" end="1318" sourcefile="PreparedStatement.java" sourcepath="java/sql/PreparedStatement.java"/>
    </Type>
    <SourceLine classname="org.parosproxy.paros.db.TableAlert" start="225" end="225" startBytecode="6" endBytecode="6" sourcefile="TableAlert.java" sourcepath="org/parosproxy/paros/db/TableAlert.java"/>
  </BugInstance>
  <BugInstance type="ODR_OPEN_DATABASE_RESOURCE_EXCEPTION_PATH" priority="3" rank="19" abbrev="ODR" category="BAD_PRACTICE">
    <Class classname="org.parosproxy.paros.db.TableAlert">
      <SourceLine classname="org.parosproxy.paros.db.TableAlert" start="68" end="336" sourcefile="TableAlert.java" sourcepath="org/parosproxy/paros/db/TableAlert.java"/>
    </Class>
    <Method classname="org.parosproxy.paros.db.TableAlert" name="getAlertListBySession" signature="(J)Ljava/util/Vector;" isStatic="false">
      <SourceLine classname="org.parosproxy.paros.db.TableAlert" start="241" end="253" startBytecode="0" endBytecode="34" sourcefile="TableAlert.java" sourcepath="org/parosproxy/paros/db/TableAlert.java"/>
    </Method>
    <Type descriptor="Ljava/sql/PreparedStatement;" role="TYPE_CLOSEIT">
      <SourceLine classname="java.sql.PreparedStatement" start="1265" end="1318" sourcefile="PreparedStatement.java" sourcepath="java/sql/PreparedStatement.java"/>
    </Type>
    <SourceLine classname="org.parosproxy.paros.db.TableAlert" start="241" end="241" startBytecode="6" endBytecode="6" sourcefile="TableAlert.java" sourcepath="org/parosproxy/paros/db/TableAlert.java"/>
  </BugInstance>
  <BugInstance type="ODR_OPEN_DATABASE_RESOURCE_EXCEPTION_PATH" priority="3" rank="19" abbrev="ODR" category="BAD_PRACTICE">
    <Class classname="org.parosproxy.paros.db.TableAlert">
      <SourceLine classname="org.parosproxy.paros.db.TableAlert" start="68" end="336" sourcefile="TableAlert.java" sourcepath="org/parosproxy/paros/db/TableAlert.java"/>
    </Class>
    <Method classname="org.parosproxy.paros.db.TableAlert" name="getAlertLists" signature="()Ljava/util/Vector;" isStatic="false">
      <SourceLine classname="org.parosproxy.paros.db.TableAlert" start="258" end="269" startBytecode="0" endBytecode="30" sourcefile="TableAlert.java" sourcepath="org/parosproxy/paros/db/TableAlert.java"/>
    </Method>
    <Type descriptor="Ljava/sql/PreparedStatement;" role="TYPE_CLOSEIT">
      <SourceLine classname="java.sql.PreparedStatement" start="1265" end="1318" sourcefile="PreparedStatement.java" sourcepath="java/sql/PreparedStatement.java"/>
    </Type>
    <SourceLine classname="org.parosproxy.paros.db.TableAlert" start="258" end="258" startBytecode="6" endBytecode="6" sourcefile="TableAlert.java" sourcepath="org/parosproxy/paros/db/TableAlert.java"/>
  </BugInstance>
  <Errors errors="0" missingClasses="3">
    <MissingClass>org.parosproxy.paros.db.AbstractTable</MissingClass>
    <MissingClass>org.parosproxy.paros.db.DbUtils</MissingClass>
    <MissingClass>org.parosproxy.paros.db.RecordAlert</MissingClass>
  </Errors>
  <FindBugsSummary timestamp="Sat, 28 Oct 2023 14:40:51 +0800" total_classes="1" referenced_classes="13" total_bugs="13" total_size="194" num_packages="1" java_version="1.8.0_382" vm_version="25.382-b05" cpu_seconds="6.40" clock_seconds="0.76" peak_mbytes="407.77" alloc_mbytes="1820.50" gc_seconds="0.04" priority_3="4" priority_2="9">
    <PackageStats package="org.parosproxy.paros.db" total_bugs="13" total_types="1" total_size="194" priority_3="4" priority_2="9">
      <ClassStats class="org.parosproxy.paros.db.TableAlert" sourceFile="TableAlert.java" interface="false" size="194" bugs="13" priority_3="4" priority_2="9"/>
    </PackageStats>
    <FindBugsProfile>
      <ClassProfile name="edu.umd.cs.findbugs.classfile.engine.ClassInfoAnalysisEngine" totalMilliseconds="99" invocations="292" avgMicrosecondsPerInvocation="341" maxMicrosecondsPerInvocation="11072" standardDeviationMicrosecondsPerInvocation="841"/>
      <ClassProfile name="edu.umd.cs.findbugs.detect.FunctionsThatMightBeMistakenForProcedures" totalMilliseconds="48" invocations="13" avgMicrosecondsPerInvocation="3729" maxMicrosecondsPerInvocation="44963" standardDeviationMicrosecondsPerInvocation="11908"/>
      <ClassProfile name="edu.umd.cs.findbugs.classfile.engine.bcel.ValueNumberDataflowFactory" totalMilliseconds="20" invocations="14" avgMicrosecondsPerInvocation="1439" maxMicrosecondsPerInvocation="9218" standardDeviationMicrosecondsPerInvocation="2199"/>
      <ClassProfile name="edu.umd.cs.findbugs.classfile.engine.bcel.MethodGenFactory" totalMilliseconds="19" invocations="14" avgMicrosecondsPerInvocation="1409" maxMicrosecondsPerInvocation="17042" standardDeviationMicrosecondsPerInvocation="4337"/>
      <ClassProfile name="edu.umd.cs.findbugs.classfile.engine.bcel.IsNullValueDataflowFactory" totalMilliseconds="18" invocations="14" avgMicrosecondsPerInvocation="1351" maxMicrosecondsPerInvocation="6223" standardDeviationMicrosecondsPerInvocation="1475"/>
      <ClassProfile name="edu.umd.cs.findbugs.classfile.engine.bcel.TypeDataflowFactory" totalMilliseconds="18" invocations="14" avgMicrosecondsPerInvocation="1341" maxMicrosecondsPerInvocation="6575" standardDeviationMicrosecondsPerInvocation="1515"/>
      <ClassProfile name="edu.umd.cs.findbugs.detect.FieldItemSummary" totalMilliseconds="17" invocations="13" avgMicrosecondsPerInvocation="1376" maxMicrosecondsPerInvocation="5204" standardDeviationMicrosecondsPerInvocation="1546"/>
      <ClassProfile name="edu.umd.cs.findbugs.OpcodeStack$JumpInfoFactory" totalMilliseconds="16" invocations="75" avgMicrosecondsPerInvocation="221" maxMicrosecondsPerInvocation="1715" standardDeviationMicrosecondsPerInvocation="293"/>
      <ClassProfile name="edu.umd.cs.findbugs.classfile.engine.bcel.JavaClassAnalysisEngine" totalMilliseconds="15" invocations="35" avgMicrosecondsPerInvocation="439" maxMicrosecondsPerInvocation="8712" standardDeviationMicrosecondsPerInvocation="1460"/>
      <ClassProfile name="edu.umd.cs.findbugs.detect.FindOpenStream" totalMilliseconds="14" invocations="1" avgMicrosecondsPerInvocation="14846" maxMicrosecondsPerInvocation="14846" standardDeviationMicrosecondsPerInvocation="0"/>
      <ClassProfile name="edu.umd.cs.findbugs.classfile.engine.bcel.CFGFactory" totalMilliseconds="14" invocations="14" avgMicrosecondsPerInvocation="1037" maxMicrosecondsPerInvocation="7794" standardDeviationMicrosecondsPerInvocation="1901"/>
      <ClassProfile name="edu.umd.cs.findbugs.util.TopologicalSort" totalMilliseconds="13" invocations="260" avgMicrosecondsPerInvocation="52" maxMicrosecondsPerInvocation="783" standardDeviationMicrosecondsPerInvocation="93"/>
      <ClassProfile name="edu.umd.cs.findbugs.detect.FindNoSideEffectMethods" totalMilliseconds="13" invocations="13" avgMicrosecondsPerInvocation="1016" maxMicrosecondsPerInvocation="2738" standardDeviationMicrosecondsPerInvocation="786"/>
      <ClassProfile name="edu.umd.cs.findbugs.classfile.engine.bcel.UnconditionalValueDerefDataflowFactory" totalMilliseconds="13" invocations="14" avgMicrosecondsPerInvocation="931" maxMicrosecondsPerInvocation="3045" standardDeviationMicrosecondsPerInvocation="791"/>
    </FindBugsProfile>
  </FindBugsSummary>
  <ClassFeatures></ClassFeatures>
  <History></History>
</BugCollection>
