<?xml version="1.0" encoding="UTF-8"?>

<BugCollection version="4.7.3" sequence="0" timestamp="1698475157002" analysisTimestamp="1698512041848" release="">
  <Project projectName="">
    <Jar>/mnt/disk3/lty/JLeaks/data/classfile/bug-415-a6c93b7ff2823a5e74faf8699449074120afc86029ae21411dc461bf2f990306.class</Jar>
  </Project>
  <Errors errors="0" missingClasses="17">
    <MissingClass>javax.servlet.Filter</MissingClass>
    <MissingClass>javax.servlet.FilterChain</MissingClass>
    <MissingClass>javax.servlet.FilterConfig</MissingClass>
    <MissingClass>javax.servlet.ServletContext</MissingClass>
    <MissingClass>javax.servlet.ServletException</MissingClass>
    <MissingClass>javax.servlet.http.HttpServletResponse</MissingClass>
    <MissingClass>org.apache.log4j.xml.DOMConfigurator</MissingClass>
    <MissingClass>org.owasp.esapi.ESAPI</MissingClass>
    <MissingClass>org.owasp.esapi.Logger</MissingClass>
    <MissingClass>org.owasp.esapi.waf.ConfigurationException</MissingClass>
    <MissingClass>org.owasp.esapi.waf.actions.Action</MissingClass>
    <MissingClass>org.owasp.esapi.waf.actions.RedirectAction</MissingClass>
    <MissingClass>org.owasp.esapi.waf.configuration.AppGuardianConfiguration</MissingClass>
    <MissingClass>org.owasp.esapi.waf.configuration.ConfigurationParser</MissingClass>
    <MissingClass>org.owasp.esapi.waf.internal.InterceptingHTTPServletRequest</MissingClass>
    <MissingClass>org.owasp.esapi.waf.internal.InterceptingHTTPServletResponse</MissingClass>
    <MissingClass>org.owasp.esapi.waf.rules.Rule</MissingClass>
  </Errors>
  <FindBugsSummary timestamp="Sat, 28 Oct 2023 14:39:17 +0800" total_classes="1" referenced_classes="18" total_bugs="0" total_size="162" num_packages="1" java_version="1.8.0_382" vm_version="25.382-b05" cpu_seconds="7.09" clock_seconds="0.80" peak_mbytes="394.88" alloc_mbytes="1820.50" gc_seconds="0.04">
    <PackageStats package="org.owasp.esapi.waf" total_bugs="0" total_types="1" total_size="162">
      <ClassStats class="org.owasp.esapi.waf.ESAPIWebApplicationFirewallFilter" sourceFile="ESAPIWebApplicationFirewallFilter.java" interface="false" size="162" bugs="0"/>
    </PackageStats>
    <FindBugsProfile>
      <ClassProfile name="edu.umd.cs.findbugs.classfile.engine.ClassInfoAnalysisEngine" totalMilliseconds="112" invocations="393" avgMicrosecondsPerInvocation="286" maxMicrosecondsPerInvocation="12032" standardDeviationMicrosecondsPerInvocation="781"/>
      <ClassProfile name="edu.umd.cs.findbugs.detect.NoteDirectlyRelevantTypeQualifiers" totalMilliseconds="53" invocations="18" avgMicrosecondsPerInvocation="2981" maxMicrosecondsPerInvocation="43696" standardDeviationMicrosecondsPerInvocation="9933"/>
      <ClassProfile name="edu.umd.cs.findbugs.detect.FieldItemSummary" totalMilliseconds="25" invocations="18" avgMicrosecondsPerInvocation="1433" maxMicrosecondsPerInvocation="6307" standardDeviationMicrosecondsPerInvocation="1682"/>
      <ClassProfile name="edu.umd.cs.findbugs.classfile.engine.bcel.IsNullValueDataflowFactory" totalMilliseconds="25" invocations="8" avgMicrosecondsPerInvocation="3215" maxMicrosecondsPerInvocation="14873" standardDeviationMicrosecondsPerInvocation="4649"/>
      <ClassProfile name="edu.umd.cs.findbugs.classfile.engine.bcel.ValueNumberDataflowFactory" totalMilliseconds="24" invocations="8" avgMicrosecondsPerInvocation="3090" maxMicrosecondsPerInvocation="12700" standardDeviationMicrosecondsPerInvocation="4240"/>
      <ClassProfile name="edu.umd.cs.findbugs.OpcodeStack$JumpInfoFactory" totalMilliseconds="20" invocations="81" avgMicrosecondsPerInvocation="258" maxMicrosecondsPerInvocation="2906" standardDeviationMicrosecondsPerInvocation="429"/>
      <ClassProfile name="edu.umd.cs.findbugs.classfile.engine.bcel.TypeDataflowFactory" totalMilliseconds="20" invocations="8" avgMicrosecondsPerInvocation="2566" maxMicrosecondsPerInvocation="8710" standardDeviationMicrosecondsPerInvocation="2949"/>
      <ClassProfile name="edu.umd.cs.findbugs.classfile.engine.bcel.MethodGenFactory" totalMilliseconds="20" invocations="8" avgMicrosecondsPerInvocation="2552" maxMicrosecondsPerInvocation="17542" standardDeviationMicrosecondsPerInvocation="5684"/>
      <ClassProfile name="edu.umd.cs.findbugs.classfile.engine.bcel.UnconditionalValueDerefDataflowFactory" totalMilliseconds="18" invocations="8" avgMicrosecondsPerInvocation="2361" maxMicrosecondsPerInvocation="11273" standardDeviationMicrosecondsPerInvocation="3606"/>
      <ClassProfile name="edu.umd.cs.findbugs.detect.FindNoSideEffectMethods" totalMilliseconds="16" invocations="18" avgMicrosecondsPerInvocation="917" maxMicrosecondsPerInvocation="3430" standardDeviationMicrosecondsPerInvocation="996"/>
      <ClassProfile name="edu.umd.cs.findbugs.classfile.engine.bcel.JavaClassAnalysisEngine" totalMilliseconds="15" invocations="50" avgMicrosecondsPerInvocation="308" maxMicrosecondsPerInvocation="8518" standardDeviationMicrosecondsPerInvocation="1210"/>
      <ClassProfile name="edu.umd.cs.findbugs.util.TopologicalSort" totalMilliseconds="14" invocations="337" avgMicrosecondsPerInvocation="43" maxMicrosecondsPerInvocation="595" standardDeviationMicrosecondsPerInvocation="82"/>
      <ClassProfile name="edu.umd.cs.findbugs.classfile.engine.bcel.CFGFactory" totalMilliseconds="13" invocations="8" avgMicrosecondsPerInvocation="1748" maxMicrosecondsPerInvocation="7161" standardDeviationMicrosecondsPerInvocation="2233"/>
    </FindBugsProfile>
  </FindBugsSummary>
  <ClassFeatures></ClassFeatures>
  <History></History>
</BugCollection>
