<?xml version="1.0" encoding="UTF-8"?>

<BugCollection version="4.7.3" sequence="0" timestamp="1698475126231" analysisTimestamp="1698509048119" release="">
  <Project projectName="">
    <Jar>/mnt/disk3/lty/JLeaks/data/classfile/bug-154-121e0fa4e9a0f51559ae93468c5884f3c0937916da5ed57ba17c5b9a83e86af3.class</Jar>
  </Project>
  <Errors errors="0" missingClasses="26">
    <MissingClass>org.apache.commons.io.FileUtils</MissingClass>
    <MissingClass>org.apache.iotdb.db.concurrent.IoTDBThreadPoolFactory</MissingClass>
    <MissingClass>org.apache.iotdb.db.conf.IoTDBConfig</MissingClass>
    <MissingClass>org.apache.iotdb.db.conf.IoTDBDescriptor</MissingClass>
    <MissingClass>org.apache.iotdb.db.engine.fileSystem.SystemFileFactory</MissingClass>
    <MissingClass>org.apache.iotdb.db.engine.flush.TsFileFlushPolicy$DirectFlushPolicy</MissingClass>
    <MissingClass>org.apache.iotdb.db.engine.storagegroup.StorageGroupProcessor</MissingClass>
    <MissingClass>org.apache.iotdb.db.engine.storagegroup.TsFileResource</MissingClass>
    <MissingClass>org.apache.iotdb.db.exception.StorageEngineException</MissingClass>
    <MissingClass>org.apache.iotdb.db.exception.path.PathException</MissingClass>
    <MissingClass>org.apache.iotdb.db.exception.query.QueryProcessException</MissingClass>
    <MissingClass>org.apache.iotdb.db.exception.runtime.StorageEngineFailureException</MissingClass>
    <MissingClass>org.apache.iotdb.db.exception.storageGroup.StorageGroupException</MissingClass>
    <MissingClass>org.apache.iotdb.db.exception.storageGroup.StorageGroupNotSetException</MissingClass>
    <MissingClass>org.apache.iotdb.db.metadata.MManager</MissingClass>
    <MissingClass>org.apache.iotdb.db.metadata.MNode</MissingClass>
    <MissingClass>org.apache.iotdb.db.qp.physical.crud.BatchInsertPlan</MissingClass>
    <MissingClass>org.apache.iotdb.db.qp.physical.crud.InsertPlan</MissingClass>
    <MissingClass>org.apache.iotdb.db.service.IService</MissingClass>
    <MissingClass>org.apache.iotdb.db.service.ServiceType</MissingClass>
    <MissingClass>org.apache.iotdb.db.utils.FilePathUtils</MissingClass>
    <MissingClass>org.apache.iotdb.db.utils.UpgradeUtils</MissingClass>
    <MissingClass>org.apache.iotdb.tsfile.read.common.Path</MissingClass>
    <MissingClass>org.apache.iotdb.tsfile.read.expression.impl.SingleSeriesExpression</MissingClass>
    <MissingClass>org.slf4j.Logger</MissingClass>
    <MissingClass>org.slf4j.LoggerFactory</MissingClass>
  </Errors>
  <FindBugsSummary timestamp="Sat, 28 Oct 2023 14:38:46 +0800" total_classes="1" referenced_classes="40" total_bugs="0" total_size="216" num_packages="1" java_version="1.8.0_382" vm_version="25.382-b05" cpu_seconds="9.93" clock_seconds="0.97" peak_mbytes="409.16" alloc_mbytes="1820.50" gc_seconds="0.04">
    <PackageStats package="org.apache.iotdb.db.engine" total_bugs="0" total_types="1" total_size="216">
      <ClassStats class="org.apache.iotdb.db.engine.StorageEngine" sourceFile="StorageEngine.java" interface="false" size="216" bugs="0"/>
    </PackageStats>
    <FindBugsProfile>
      <ClassProfile name="edu.umd.cs.findbugs.classfile.engine.ClassInfoAnalysisEngine" totalMilliseconds="131" invocations="536" avgMicrosecondsPerInvocation="245" maxMicrosecondsPerInvocation="13765" standardDeviationMicrosecondsPerInvocation="731"/>
      <ClassProfile name="edu.umd.cs.findbugs.util.TopologicalSort" totalMilliseconds="61" invocations="463" avgMicrosecondsPerInvocation="133" maxMicrosecondsPerInvocation="44525" standardDeviationMicrosecondsPerInvocation="2066"/>
      <ClassProfile name="edu.umd.cs.findbugs.detect.FieldItemSummary" totalMilliseconds="38" invocations="40" avgMicrosecondsPerInvocation="972" maxMicrosecondsPerInvocation="8111" standardDeviationMicrosecondsPerInvocation="1665"/>
      <ClassProfile name="edu.umd.cs.findbugs.OpcodeStack$JumpInfoFactory" totalMilliseconds="35" invocations="172" avgMicrosecondsPerInvocation="205" maxMicrosecondsPerInvocation="2307" standardDeviationMicrosecondsPerInvocation="326"/>
      <ClassProfile name="edu.umd.cs.findbugs.classfile.engine.bcel.TypeDataflowFactory" totalMilliseconds="31" invocations="32" avgMicrosecondsPerInvocation="979" maxMicrosecondsPerInvocation="3975" standardDeviationMicrosecondsPerInvocation="936"/>
      <ClassProfile name="edu.umd.cs.findbugs.classfile.engine.bcel.ValueNumberDataflowFactory" totalMilliseconds="30" invocations="38" avgMicrosecondsPerInvocation="801" maxMicrosecondsPerInvocation="7464" standardDeviationMicrosecondsPerInvocation="1236"/>
      <ClassProfile name="edu.umd.cs.findbugs.detect.FindNoSideEffectMethods" totalMilliseconds="29" invocations="40" avgMicrosecondsPerInvocation="726" maxMicrosecondsPerInvocation="3384" standardDeviationMicrosecondsPerInvocation="873"/>
      <ClassProfile name="edu.umd.cs.findbugs.classfile.engine.bcel.IsNullValueDataflowFactory" totalMilliseconds="28" invocations="31" avgMicrosecondsPerInvocation="915" maxMicrosecondsPerInvocation="9273" standardDeviationMicrosecondsPerInvocation="1657"/>
      <ClassProfile name="edu.umd.cs.findbugs.classfile.engine.bcel.MethodGenFactory" totalMilliseconds="22" invocations="31" avgMicrosecondsPerInvocation="715" maxMicrosecondsPerInvocation="17514" standardDeviationMicrosecondsPerInvocation="3080"/>
      <ClassProfile name="edu.umd.cs.findbugs.classfile.engine.bcel.JavaClassAnalysisEngine" totalMilliseconds="21" invocations="91" avgMicrosecondsPerInvocation="241" maxMicrosecondsPerInvocation="9011" standardDeviationMicrosecondsPerInvocation="986"/>
      <ClassProfile name="edu.umd.cs.findbugs.classfile.engine.bcel.CFGFactory" totalMilliseconds="21" invocations="31" avgMicrosecondsPerInvocation="697" maxMicrosecondsPerInvocation="7157" standardDeviationMicrosecondsPerInvocation="1236"/>
      <ClassProfile name="edu.umd.cs.findbugs.classfile.engine.bcel.UnconditionalValueDerefDataflowFactory" totalMilliseconds="18" invocations="31" avgMicrosecondsPerInvocation="595" maxMicrosecondsPerInvocation="4419" standardDeviationMicrosecondsPerInvocation="816"/>
      <ClassProfile name="edu.umd.cs.findbugs.detect.NoteDirectlyRelevantTypeQualifiers" totalMilliseconds="15" invocations="40" avgMicrosecondsPerInvocation="387" maxMicrosecondsPerInvocation="5142" standardDeviationMicrosecondsPerInvocation="839"/>
      <ClassProfile name="edu.umd.cs.findbugs.ba.npe.NullDerefAndRedundantComparisonFinder" totalMilliseconds="13" invocations="31" avgMicrosecondsPerInvocation="445" maxMicrosecondsPerInvocation="3014" standardDeviationMicrosecondsPerInvocation="569"/>
      <ClassProfile name="edu.umd.cs.findbugs.classfile.engine.ClassDataAnalysisEngine" totalMilliseconds="13" invocations="538" avgMicrosecondsPerInvocation="25" maxMicrosecondsPerInvocation="491" standardDeviationMicrosecondsPerInvocation="35"/>
      <ClassProfile name="edu.umd.cs.findbugs.detect.OverridingEqualsNotSymmetrical" totalMilliseconds="12" invocations="40" avgMicrosecondsPerInvocation="317" maxMicrosecondsPerInvocation="6555" standardDeviationMicrosecondsPerInvocation="1026"/>
      <ClassProfile name="edu.umd.cs.findbugs.detect.FunctionsThatMightBeMistakenForProcedures" totalMilliseconds="11" invocations="40" avgMicrosecondsPerInvocation="292" maxMicrosecondsPerInvocation="2380" standardDeviationMicrosecondsPerInvocation="497"/>
    </FindBugsProfile>
  </FindBugsSummary>
  <ClassFeatures></ClassFeatures>
  <History></History>
</BugCollection>
