<?xml version="1.0" encoding="UTF-8"?>

<BugCollection version="4.7.3" sequence="0" timestamp="1698475157745" analysisTimestamp="1698512065346" release="">
  <Project projectName="">
    <Jar>/mnt/disk3/lty/JLeaks/data/classfile/bug-421-1d60834d37a5f2c1b2b73f73c34c71d0909d45cc407c0ff1def524a2dc3d2b14.class</Jar>
  </Project>
  <BugInstance type="OS_OPEN_STREAM_EXCEPTION_PATH" priority="3" rank="19" abbrev="OS" category="BAD_PRACTICE">
    <Class classname="org.evosuite.classpath.ClassPathHandler">
      <SourceLine classname="org.evosuite.classpath.ClassPathHandler" start="43" end="245" sourcefile="ClassPathHandler.java" sourcepath="org/evosuite/classpath/ClassPathHandler.java"/>
    </Class>
    <Method classname="org.evosuite.classpath.ClassPathHandler" name="writeClasspathToFile" signature="(Ljava/lang/String;)Ljava/lang/String;" isStatic="true">
      <SourceLine classname="org.evosuite.classpath.ClassPathHandler" start="160" end="172" startBytecode="0" endBytecode="39" sourcefile="ClassPathHandler.java" sourcepath="org/evosuite/classpath/ClassPathHandler.java"/>
    </Method>
    <Type descriptor="Ljava/io/Writer;" role="TYPE_CLOSEIT">
      <SourceLine classname="java.io.Writer" start="50" end="294" sourcefile="Writer.java" sourcepath="java/io/Writer.java"/>
    </Type>
    <SourceLine classname="org.evosuite.classpath.ClassPathHandler" start="163" end="163" startBytecode="12" endBytecode="12" sourcefile="ClassPathHandler.java" sourcepath="org/evosuite/classpath/ClassPathHandler.java"/>
  </BugInstance>
  <Errors errors="0" missingClasses="4">
    <MissingClass>org.evosuite.Properties</MissingClass>
    <MissingClass>org.evosuite.utils.LoggingUtils</MissingClass>
    <MissingClass>org.slf4j.Logger</MissingClass>
    <MissingClass>org.slf4j.LoggerFactory</MissingClass>
  </Errors>
  <FindBugsSummary timestamp="Sat, 28 Oct 2023 14:39:17 +0800" total_classes="1" referenced_classes="22" total_bugs="1" total_size="100" num_packages="1" java_version="1.8.0_382" vm_version="25.382-b05" cpu_seconds="7.38" clock_seconds="0.78" peak_mbytes="397.20" alloc_mbytes="1820.50" gc_seconds="0.04" priority_3="1">
    <PackageStats package="org.evosuite.classpath" total_bugs="1" total_types="1" total_size="100" priority_3="1">
      <ClassStats class="org.evosuite.classpath.ClassPathHandler" sourceFile="ClassPathHandler.java" interface="false" size="100" bugs="1" priority_3="1"/>
    </PackageStats>
    <FindBugsProfile>
      <ClassProfile name="edu.umd.cs.findbugs.classfile.engine.ClassInfoAnalysisEngine" totalMilliseconds="115" invocations="399" avgMicrosecondsPerInvocation="289" maxMicrosecondsPerInvocation="10925" standardDeviationMicrosecondsPerInvocation="747"/>
      <ClassProfile name="edu.umd.cs.findbugs.detect.FunctionsThatMightBeMistakenForProcedures" totalMilliseconds="54" invocations="22" avgMicrosecondsPerInvocation="2481" maxMicrosecondsPerInvocation="48210" standardDeviationMicrosecondsPerInvocation="9989"/>
      <ClassProfile name="edu.umd.cs.findbugs.detect.FieldItemSummary" totalMilliseconds="28" invocations="22" avgMicrosecondsPerInvocation="1304" maxMicrosecondsPerInvocation="6359" standardDeviationMicrosecondsPerInvocation="1828"/>
      <ClassProfile name="edu.umd.cs.findbugs.detect.FindNoSideEffectMethods" totalMilliseconds="21" invocations="22" avgMicrosecondsPerInvocation="981" maxMicrosecondsPerInvocation="6737" standardDeviationMicrosecondsPerInvocation="1511"/>
      <ClassProfile name="edu.umd.cs.findbugs.OpcodeStack$JumpInfoFactory" totalMilliseconds="20" invocations="92" avgMicrosecondsPerInvocation="220" maxMicrosecondsPerInvocation="1661" standardDeviationMicrosecondsPerInvocation="307"/>
      <ClassProfile name="edu.umd.cs.findbugs.classfile.engine.bcel.MethodGenFactory" totalMilliseconds="20" invocations="14" avgMicrosecondsPerInvocation="1435" maxMicrosecondsPerInvocation="17341" standardDeviationMicrosecondsPerInvocation="4413"/>
      <ClassProfile name="edu.umd.cs.findbugs.classfile.engine.bcel.JavaClassAnalysisEngine" totalMilliseconds="18" invocations="46" avgMicrosecondsPerInvocation="403" maxMicrosecondsPerInvocation="9884" standardDeviationMicrosecondsPerInvocation="1451"/>
      <ClassProfile name="edu.umd.cs.findbugs.classfile.engine.bcel.ValueNumberDataflowFactory" totalMilliseconds="17" invocations="14" avgMicrosecondsPerInvocation="1227" maxMicrosecondsPerInvocation="6941" standardDeviationMicrosecondsPerInvocation="1751"/>
      <ClassProfile name="edu.umd.cs.findbugs.classfile.engine.bcel.IsNullValueDataflowFactory" totalMilliseconds="16" invocations="14" avgMicrosecondsPerInvocation="1173" maxMicrosecondsPerInvocation="7219" standardDeviationMicrosecondsPerInvocation="1816"/>
      <ClassProfile name="edu.umd.cs.findbugs.util.TopologicalSort" totalMilliseconds="15" invocations="362" avgMicrosecondsPerInvocation="42" maxMicrosecondsPerInvocation="814" standardDeviationMicrosecondsPerInvocation="85"/>
      <ClassProfile name="edu.umd.cs.findbugs.classfile.engine.bcel.CFGFactory" totalMilliseconds="14" invocations="14" avgMicrosecondsPerInvocation="1052" maxMicrosecondsPerInvocation="7187" standardDeviationMicrosecondsPerInvocation="1774"/>
      <ClassProfile name="edu.umd.cs.findbugs.classfile.engine.bcel.TypeDataflowFactory" totalMilliseconds="14" invocations="14" avgMicrosecondsPerInvocation="1045" maxMicrosecondsPerInvocation="4920" standardDeviationMicrosecondsPerInvocation="1278"/>
      <ClassProfile name="edu.umd.cs.findbugs.detect.NoteDirectlyRelevantTypeQualifiers" totalMilliseconds="12" invocations="22" avgMicrosecondsPerInvocation="557" maxMicrosecondsPerInvocation="4678" standardDeviationMicrosecondsPerInvocation="1003"/>
    </FindBugsProfile>
  </FindBugsSummary>
  <ClassFeatures></ClassFeatures>
  <History></History>
</BugCollection>
