<?xml version="1.0" encoding="UTF-8"?>

<BugCollection version="4.7.3" sequence="0" timestamp="1698475113208" analysisTimestamp="1698508045903" release="">
  <Project projectName="">
    <Jar>/mnt/disk3/lty/JLeaks/data/classfile/bug-34-bdd6580e8c9cc71fd1a51494386ac8899f562832e409e5699686bb2fa760dd98.class</Jar>
  </Project>
  <Errors errors="0" missingClasses="7">
    <MissingClass>com.fasterxml.jackson.core.JsonFactory</MissingClass>
    <MissingClass>com.fasterxml.jackson.databind.ObjectMapper</MissingClass>
    <MissingClass>org.apache.log4j.Logger</MissingClass>
    <MissingClass>tachyon.Constants</MissingClass>
    <MissingClass>tachyon.UnderFileSystem</MissingClass>
    <MissingClass>tachyon.master.JsonObject</MissingClass>
    <MissingClass>tachyon.master.MasterInfo</MissingClass>
  </Errors>
  <FindBugsSummary timestamp="Sat, 28 Oct 2023 14:38:33 +0800" total_classes="1" referenced_classes="15" total_bugs="0" total_size="44" num_packages="1" java_version="1.8.0_382" vm_version="25.382-b05" cpu_seconds="31.67" clock_seconds="3.79" peak_mbytes="380.84" alloc_mbytes="1820.50" gc_seconds="0.19">
    <PackageStats package="tachyon.master" total_bugs="0" total_types="1" total_size="44">
      <ClassStats class="tachyon.master.Image" sourceFile="Image.java" interface="false" size="44" bugs="0"/>
    </PackageStats>
    <FindBugsProfile>
      <ClassProfile name="edu.umd.cs.findbugs.classfile.engine.ClassInfoAnalysisEngine" totalMilliseconds="518" invocations="322" avgMicrosecondsPerInvocation="1609" maxMicrosecondsPerInvocation="59889" standardDeviationMicrosecondsPerInvocation="4087"/>
      <ClassProfile name="edu.umd.cs.findbugs.detect.FindNoSideEffectMethods" totalMilliseconds="317" invocations="15" avgMicrosecondsPerInvocation="21199" maxMicrosecondsPerInvocation="224257" standardDeviationMicrosecondsPerInvocation="54788"/>
      <ClassProfile name="edu.umd.cs.findbugs.classfile.engine.bcel.MethodGenFactory" totalMilliseconds="121" invocations="5" avgMicrosecondsPerInvocation="24330" maxMicrosecondsPerInvocation="115295" standardDeviationMicrosecondsPerInvocation="45499"/>
      <ClassProfile name="edu.umd.cs.findbugs.detect.FieldItemSummary" totalMilliseconds="121" invocations="15" avgMicrosecondsPerInvocation="8082" maxMicrosecondsPerInvocation="33583" standardDeviationMicrosecondsPerInvocation="10268"/>
      <ClassProfile name="edu.umd.cs.findbugs.OpcodeStack$JumpInfoFactory" totalMilliseconds="113" invocations="72" avgMicrosecondsPerInvocation="1579" maxMicrosecondsPerInvocation="13735" standardDeviationMicrosecondsPerInvocation="2048"/>
      <ClassProfile name="edu.umd.cs.findbugs.classfile.engine.bcel.IsNullValueDataflowFactory" totalMilliseconds="86" invocations="5" avgMicrosecondsPerInvocation="17330" maxMicrosecondsPerInvocation="43737" standardDeviationMicrosecondsPerInvocation="15662"/>
      <ClassProfile name="edu.umd.cs.findbugs.classfile.engine.bcel.JavaClassAnalysisEngine" totalMilliseconds="81" invocations="42" avgMicrosecondsPerInvocation="1938" maxMicrosecondsPerInvocation="50375" standardDeviationMicrosecondsPerInvocation="7772"/>
      <ClassProfile name="edu.umd.cs.findbugs.classfile.engine.ClassDataAnalysisEngine" totalMilliseconds="76" invocations="325" avgMicrosecondsPerInvocation="234" maxMicrosecondsPerInvocation="3598" standardDeviationMicrosecondsPerInvocation="277"/>
      <ClassProfile name="edu.umd.cs.findbugs.util.TopologicalSort" totalMilliseconds="75" invocations="280" avgMicrosecondsPerInvocation="271" maxMicrosecondsPerInvocation="2774" standardDeviationMicrosecondsPerInvocation="402"/>
      <ClassProfile name="edu.umd.cs.findbugs.classfile.engine.bcel.ValueNumberDataflowFactory" totalMilliseconds="70" invocations="5" avgMicrosecondsPerInvocation="14164" maxMicrosecondsPerInvocation="43925" standardDeviationMicrosecondsPerInvocation="16385"/>
      <ClassProfile name="edu.umd.cs.findbugs.classfile.engine.bcel.CFGFactory" totalMilliseconds="67" invocations="5" avgMicrosecondsPerInvocation="13574" maxMicrosecondsPerInvocation="47111" standardDeviationMicrosecondsPerInvocation="17196"/>
      <ClassProfile name="edu.umd.cs.findbugs.classfile.engine.bcel.TypeDataflowFactory" totalMilliseconds="61" invocations="5" avgMicrosecondsPerInvocation="12240" maxMicrosecondsPerInvocation="32977" standardDeviationMicrosecondsPerInvocation="12378"/>
      <ClassProfile name="edu.umd.cs.findbugs.detect.FunctionsThatMightBeMistakenForProcedures" totalMilliseconds="57" invocations="15" avgMicrosecondsPerInvocation="3858" maxMicrosecondsPerInvocation="25481" standardDeviationMicrosecondsPerInvocation="6789"/>
      <ClassProfile name="edu.umd.cs.findbugs.detect.OverridingEqualsNotSymmetrical" totalMilliseconds="52" invocations="15" avgMicrosecondsPerInvocation="3529" maxMicrosecondsPerInvocation="33259" standardDeviationMicrosecondsPerInvocation="8114"/>
      <ClassProfile name="edu.umd.cs.findbugs.classfile.engine.bcel.UnconditionalValueDerefDataflowFactory" totalMilliseconds="52" invocations="5" avgMicrosecondsPerInvocation="10493" maxMicrosecondsPerInvocation="19688" standardDeviationMicrosecondsPerInvocation="7845"/>
      <ClassProfile name="edu.umd.cs.findbugs.detect.NoteDirectlyRelevantTypeQualifiers" totalMilliseconds="51" invocations="15" avgMicrosecondsPerInvocation="3433" maxMicrosecondsPerInvocation="25835" standardDeviationMicrosecondsPerInvocation="6318"/>
      <ClassProfile name="edu.umd.cs.findbugs.ba.npe.NullDerefAndRedundantComparisonFinder" totalMilliseconds="49" invocations="5" avgMicrosecondsPerInvocation="9972" maxMicrosecondsPerInvocation="25761" standardDeviationMicrosecondsPerInvocation="9101"/>
    </FindBugsProfile>
  </FindBugsSummary>
  <ClassFeatures></ClassFeatures>
  <History></History>
</BugCollection>
