<?xml version="1.0" encoding="UTF-8"?>

<BugCollection version="4.7.3" sequence="0" timestamp="1698475174445" analysisTimestamp="1698512979018" release="">
  <Project projectName="">
    <Jar>/mnt/disk3/lty/JLeaks/data/classfile/bug-552-d60ff2fbd30738becd15275470e71b8c0a0625451d2b843fd867a9b0018b2e4c.class</Jar>
  </Project>
  <Errors errors="0" missingClasses="2">
    <MissingClass>org.javalite.common.Util</MissingClass>
    <MissingClass>org.javalite.http.HttpException</MissingClass>
  </Errors>
  <FindBugsSummary timestamp="Sat, 28 Oct 2023 14:39:34 +0800" total_classes="1" referenced_classes="19" total_bugs="0" total_size="87" num_packages="1" java_version="1.8.0_382" vm_version="25.382-b05" cpu_seconds="6.60" clock_seconds="0.75" peak_mbytes="395.51" alloc_mbytes="1820.50" gc_seconds="0.04">
    <PackageStats package="org.javalite.http" total_bugs="0" total_types="1" total_size="87">
      <ClassStats class="org.javalite.http.Request" sourceFile="Request.java" interface="false" size="87" bugs="0"/>
    </PackageStats>
    <FindBugsProfile>
      <ClassProfile name="edu.umd.cs.findbugs.classfile.engine.ClassInfoAnalysisEngine" totalMilliseconds="110" invocations="360" avgMicrosecondsPerInvocation="306" maxMicrosecondsPerInvocation="10119" standardDeviationMicrosecondsPerInvocation="729"/>
      <ClassProfile name="edu.umd.cs.findbugs.detect.FunctionsThatMightBeMistakenForProcedures" totalMilliseconds="53" invocations="19" avgMicrosecondsPerInvocation="2816" maxMicrosecondsPerInvocation="47261" standardDeviationMicrosecondsPerInvocation="10485"/>
      <ClassProfile name="edu.umd.cs.findbugs.detect.FieldItemSummary" totalMilliseconds="22" invocations="19" avgMicrosecondsPerInvocation="1176" maxMicrosecondsPerInvocation="5420" standardDeviationMicrosecondsPerInvocation="1480"/>
      <ClassProfile name="edu.umd.cs.findbugs.classfile.engine.bcel.MethodGenFactory" totalMilliseconds="20" invocations="13" avgMicrosecondsPerInvocation="1563" maxMicrosecondsPerInvocation="18318" standardDeviationMicrosecondsPerInvocation="4837"/>
      <ClassProfile name="edu.umd.cs.findbugs.classfile.engine.bcel.TypeDataflowFactory" totalMilliseconds="18" invocations="13" avgMicrosecondsPerInvocation="1460" maxMicrosecondsPerInvocation="5839" standardDeviationMicrosecondsPerInvocation="1388"/>
      <ClassProfile name="edu.umd.cs.findbugs.ba.npe.NullDerefAndRedundantComparisonFinder" totalMilliseconds="18" invocations="12" avgMicrosecondsPerInvocation="1552" maxMicrosecondsPerInvocation="12113" standardDeviationMicrosecondsPerInvocation="3210"/>
      <ClassProfile name="edu.umd.cs.findbugs.detect.FindNoSideEffectMethods" totalMilliseconds="17" invocations="19" avgMicrosecondsPerInvocation="910" maxMicrosecondsPerInvocation="3599" standardDeviationMicrosecondsPerInvocation="1041"/>
      <ClassProfile name="edu.umd.cs.findbugs.classfile.engine.bcel.ValueNumberDataflowFactory" totalMilliseconds="17" invocations="13" avgMicrosecondsPerInvocation="1314" maxMicrosecondsPerInvocation="7251" standardDeviationMicrosecondsPerInvocation="1792"/>
      <ClassProfile name="edu.umd.cs.findbugs.OpcodeStack$JumpInfoFactory" totalMilliseconds="16" invocations="83" avgMicrosecondsPerInvocation="202" maxMicrosecondsPerInvocation="1734" standardDeviationMicrosecondsPerInvocation="292"/>
      <ClassProfile name="edu.umd.cs.findbugs.classfile.engine.bcel.JavaClassAnalysisEngine" totalMilliseconds="16" invocations="51" avgMicrosecondsPerInvocation="328" maxMicrosecondsPerInvocation="8589" standardDeviationMicrosecondsPerInvocation="1207"/>
      <ClassProfile name="edu.umd.cs.findbugs.classfile.engine.bcel.CFGFactory" totalMilliseconds="16" invocations="12" avgMicrosecondsPerInvocation="1333" maxMicrosecondsPerInvocation="7444" standardDeviationMicrosecondsPerInvocation="1918"/>
      <ClassProfile name="edu.umd.cs.findbugs.classfile.engine.bcel.IsNullValueDataflowFactory" totalMilliseconds="14" invocations="12" avgMicrosecondsPerInvocation="1200" maxMicrosecondsPerInvocation="5517" standardDeviationMicrosecondsPerInvocation="1404"/>
      <ClassProfile name="edu.umd.cs.findbugs.util.TopologicalSort" totalMilliseconds="13" invocations="325" avgMicrosecondsPerInvocation="42" maxMicrosecondsPerInvocation="626" standardDeviationMicrosecondsPerInvocation="76"/>
    </FindBugsProfile>
  </FindBugsSummary>
  <ClassFeatures></ClassFeatures>
  <History></History>
</BugCollection>
