<?xml version="1.0" encoding="UTF-8"?>

<BugCollection version="4.7.3" sequence="0" timestamp="1698475179865" analysisTimestamp="1698513057726" release="">
  <Project projectName="">
    <Jar>/mnt/disk3/lty/JLeaks/data/classfile/bug-593-8ad9bf08e04ee1fe1a2db9f5784ea13177a566c9f8e117929c99c5cb94ad1fda.class</Jar>
  </Project>
  <Errors errors="0" missingClasses="84">
    <MissingClass>hudson.BulkChange</MissingClass>
    <MissingClass>hudson.ClassicPluginStrategy</MissingClass>
    <MissingClass>hudson.ExtensionList</MissingClass>
    <MissingClass>hudson.Functions</MissingClass>
    <MissingClass>hudson.LocalPluginManager</MissingClass>
    <MissingClass>hudson.Messages</MissingClass>
    <MissingClass>hudson.Plugin</MissingClass>
    <MissingClass>hudson.PluginManager$1</MissingClass>
    <MissingClass>hudson.PluginManager$2</MissingClass>
    <MissingClass>hudson.PluginManager$3</MissingClass>
    <MissingClass>hudson.PluginManager$4</MissingClass>
    <MissingClass>hudson.PluginManager$5</MissingClass>
    <MissingClass>hudson.PluginManager$6</MissingClass>
    <MissingClass>hudson.PluginManager$7</MissingClass>
    <MissingClass>hudson.PluginManager$FailedPlugin</MissingClass>
    <MissingClass>hudson.PluginManager$MetadataCache</MissingClass>
    <MissingClass>hudson.PluginManager$PMConstructor</MissingClass>
    <MissingClass>hudson.PluginManager$UberClassLoader</MissingClass>
    <MissingClass>hudson.PluginManagerStaplerOverride</MissingClass>
    <MissingClass>hudson.PluginStrategy</MissingClass>
    <MissingClass>hudson.PluginWrapper</MissingClass>
    <MissingClass>hudson.PluginWrapper$Dependency</MissingClass>
    <MissingClass>hudson.PluginWrapper$PluginDisableResult</MissingClass>
    <MissingClass>hudson.PluginWrapper$PluginDisableStatus</MissingClass>
    <MissingClass>hudson.ProxyConfiguration</MissingClass>
    <MissingClass>hudson.Util</MissingClass>
    <MissingClass>hudson.XmlFile</MissingClass>
    <MissingClass>hudson.init.InitMilestone</MissingClass>
    <MissingClass>hudson.init.InitializerFinder</MissingClass>
    <MissingClass>hudson.model.AbstractModelObject</MissingClass>
    <MissingClass>hudson.model.Api</MissingClass>
    <MissingClass>hudson.model.DownloadService$Downloadable</MissingClass>
    <MissingClass>hudson.model.Failure</MissingClass>
    <MissingClass>hudson.model.Messages</MissingClass>
    <MissingClass>hudson.model.UpdateCenter</MissingClass>
    <MissingClass>hudson.model.UpdateCenter$CompleteBatchJob</MissingClass>
    <MissingClass>hudson.model.UpdateSite</MissingClass>
    <MissingClass>hudson.model.UpdateSite$Deprecation</MissingClass>
    <MissingClass>hudson.model.UpdateSite$Plugin</MissingClass>
    <MissingClass>hudson.model.UpdateSite$Warning</MissingClass>
    <MissingClass>hudson.security.ACL</MissingClass>
    <MissingClass>hudson.security.ACLContext</MissingClass>
    <MissingClass>hudson.security.Permission</MissingClass>
    <MissingClass>hudson.security.PermissionScope</MissingClass>
    <MissingClass>hudson.util.FormValidation</MissingClass>
    <MissingClass>hudson.util.FormValidation$Kind</MissingClass>
    <MissingClass>hudson.util.HttpResponses</MissingClass>
    <MissingClass>hudson.util.PersistedList</MissingClass>
    <MissingClass>hudson.util.Retrier</MissingClass>
    <MissingClass>hudson.util.Retrier$Builder</MissingClass>
    <MissingClass>hudson.util.Service</MissingClass>
    <MissingClass>hudson.util.VersionNumber</MissingClass>
    <MissingClass>javax.servlet.ServletContext</MissingClass>
    <MissingClass>javax.servlet.ServletException</MissingClass>
    <MissingClass>jenkins.InitReactorRunner</MissingClass>
    <MissingClass>jenkins.RestartRequiredException</MissingClass>
    <MissingClass>jenkins.YesNoMaybe</MissingClass>
    <MissingClass>jenkins.install.InstallState</MissingClass>
    <MissingClass>jenkins.install.InstallUtil</MissingClass>
    <MissingClass>jenkins.model.Jenkins</MissingClass>
    <MissingClass>jenkins.plugins.DetachedPluginsUtil</MissingClass>
    <MissingClass>jenkins.plugins.DetachedPluginsUtil$DetachedPlugin</MissingClass>
    <MissingClass>jenkins.security.CustomClassFilter$Contributed</MissingClass>
    <MissingClass>jenkins.util.SystemProperties</MissingClass>
    <MissingClass>jenkins.util.io.OnMaster</MissingClass>
    <MissingClass>net.sf.json.JSONArray</MissingClass>
    <MissingClass>net.sf.json.JSONObject</MissingClass>
    <MissingClass>org.apache.commons.fileupload.FileItem</MissingClass>
    <MissingClass>org.apache.commons.fileupload.disk.DiskFileItemFactory</MissingClass>
    <MissingClass>org.apache.commons.fileupload.servlet.ServletFileUpload</MissingClass>
    <MissingClass>org.apache.commons.io.FileUtils</MissingClass>
    <MissingClass>org.apache.commons.io.FilenameUtils</MissingClass>
    <MissingClass>org.apache.commons.io.IOUtils</MissingClass>
    <MissingClass>org.apache.commons.lang.StringUtils</MissingClass>
    <MissingClass>org.apache.commons.logging.LogFactory</MissingClass>
    <MissingClass>org.jvnet.hudson.reactor.Reactor</MissingClass>
    <MissingClass>org.jvnet.hudson.reactor.TaskBuilder</MissingClass>
    <MissingClass>org.kohsuke.stapler.HttpRedirect</MissingClass>
    <MissingClass>org.kohsuke.stapler.HttpResponses</MissingClass>
    <MissingClass>org.kohsuke.stapler.StaplerOverridable</MissingClass>
    <MissingClass>org.kohsuke.stapler.StaplerProxy</MissingClass>
    <MissingClass>org.kohsuke.stapler.StaplerRequest</MissingClass>
    <MissingClass>org.kohsuke.stapler.StaplerResponse</MissingClass>
    <MissingClass>org.springframework.security.core.Authentication</MissingClass>
  </Errors>
  <FindBugsSummary timestamp="Sat, 28 Oct 2023 14:39:39 +0800" total_classes="1" referenced_classes="84" total_bugs="0" total_size="885" num_packages="1" java_version="1.8.0_382" vm_version="25.382-b05" cpu_seconds="16.85" clock_seconds="1.68" peak_mbytes="468.81" alloc_mbytes="1820.50" gc_seconds="0.04">
    <PackageStats package="hudson" total_bugs="0" total_types="1" total_size="885">
      <ClassStats class="hudson.PluginManager" sourceFile="PluginManager.java" interface="false" size="885" bugs="0"/>
    </PackageStats>
    <FindBugsProfile>
      <ClassProfile name="edu.umd.cs.findbugs.classfile.engine.ClassInfoAnalysisEngine" totalMilliseconds="212" invocations="860" avgMicrosecondsPerInvocation="247" maxMicrosecondsPerInvocation="42731" standardDeviationMicrosecondsPerInvocation="1635"/>
      <ClassProfile name="edu.umd.cs.findbugs.classfile.engine.bcel.TypeDataflowFactory" totalMilliseconds="72" invocations="99" avgMicrosecondsPerInvocation="732" maxMicrosecondsPerInvocation="12219" standardDeviationMicrosecondsPerInvocation="1440"/>
      <ClassProfile name="edu.umd.cs.findbugs.classfile.engine.bcel.IsNullValueDataflowFactory" totalMilliseconds="69" invocations="91" avgMicrosecondsPerInvocation="765" maxMicrosecondsPerInvocation="6961" standardDeviationMicrosecondsPerInvocation="1174"/>
      <ClassProfile name="edu.umd.cs.findbugs.detect.FieldItemSummary" totalMilliseconds="66" invocations="84" avgMicrosecondsPerInvocation="789" maxMicrosecondsPerInvocation="6047" standardDeviationMicrosecondsPerInvocation="1153"/>
      <ClassProfile name="edu.umd.cs.findbugs.ba.npe.NullDerefAndRedundantComparisonFinder" totalMilliseconds="60" invocations="91" avgMicrosecondsPerInvocation="667" maxMicrosecondsPerInvocation="6369" standardDeviationMicrosecondsPerInvocation="1049"/>
      <ClassProfile name="edu.umd.cs.findbugs.classfile.engine.bcel.ValueNumberDataflowFactory" totalMilliseconds="58" invocations="101" avgMicrosecondsPerInvocation="578" maxMicrosecondsPerInvocation="15921" standardDeviationMicrosecondsPerInvocation="1669"/>
      <ClassProfile name="edu.umd.cs.findbugs.detect.FindNoSideEffectMethods" totalMilliseconds="56" invocations="84" avgMicrosecondsPerInvocation="674" maxMicrosecondsPerInvocation="6187" standardDeviationMicrosecondsPerInvocation="979"/>
      <ClassProfile name="edu.umd.cs.findbugs.classfile.engine.bcel.UnconditionalValueDerefDataflowFactory" totalMilliseconds="52" invocations="91" avgMicrosecondsPerInvocation="578" maxMicrosecondsPerInvocation="4159" standardDeviationMicrosecondsPerInvocation="849"/>
      <ClassProfile name="edu.umd.cs.findbugs.OpcodeStack$JumpInfoFactory" totalMilliseconds="52" invocations="356" avgMicrosecondsPerInvocation="147" maxMicrosecondsPerInvocation="3217" standardDeviationMicrosecondsPerInvocation="216"/>
      <ClassProfile name="edu.umd.cs.findbugs.detect.FindOpenStream" totalMilliseconds="45" invocations="1" avgMicrosecondsPerInvocation="45443" maxMicrosecondsPerInvocation="45443" standardDeviationMicrosecondsPerInvocation="0"/>
      <ClassProfile name="edu.umd.cs.findbugs.classfile.engine.bcel.CFGFactory" totalMilliseconds="40" invocations="91" avgMicrosecondsPerInvocation="442" maxMicrosecondsPerInvocation="10027" standardDeviationMicrosecondsPerInvocation="1069"/>
      <ClassProfile name="edu.umd.cs.findbugs.classfile.engine.bcel.JavaClassAnalysisEngine" totalMilliseconds="29" invocations="220" avgMicrosecondsPerInvocation="136" maxMicrosecondsPerInvocation="8715" standardDeviationMicrosecondsPerInvocation="627"/>
      <ClassProfile name="edu.umd.cs.findbugs.detect.FindRefComparison$SpecialTypeAnalysis" totalMilliseconds="29" invocations="79" avgMicrosecondsPerInvocation="371" maxMicrosecondsPerInvocation="4463" standardDeviationMicrosecondsPerInvocation="655"/>
      <ClassProfile name="edu.umd.cs.findbugs.classfile.engine.bcel.MethodGenFactory" totalMilliseconds="27" invocations="92" avgMicrosecondsPerInvocation="300" maxMicrosecondsPerInvocation="18013" standardDeviationMicrosecondsPerInvocation="1868"/>
      <ClassProfile name="edu.umd.cs.findbugs.detect.NoteDirectlyRelevantTypeQualifiers" totalMilliseconds="23" invocations="84" avgMicrosecondsPerInvocation="278" maxMicrosecondsPerInvocation="3440" standardDeviationMicrosecondsPerInvocation="470"/>
      <ClassProfile name="edu.umd.cs.findbugs.util.TopologicalSort" totalMilliseconds="20" invocations="703" avgMicrosecondsPerInvocation="29" maxMicrosecondsPerInvocation="1281" standardDeviationMicrosecondsPerInvocation="79"/>
      <ClassProfile name="edu.umd.cs.findbugs.detect.FunctionsThatMightBeMistakenForProcedures" totalMilliseconds="18" invocations="84" avgMicrosecondsPerInvocation="221" maxMicrosecondsPerInvocation="2414" standardDeviationMicrosecondsPerInvocation="398"/>
      <ClassProfile name="edu.umd.cs.findbugs.classfile.engine.ClassDataAnalysisEngine" totalMilliseconds="18" invocations="866" avgMicrosecondsPerInvocation="21" maxMicrosecondsPerInvocation="478" standardDeviationMicrosecondsPerInvocation="25"/>
      <ClassProfile name="edu.umd.cs.findbugs.detect.OverridingEqualsNotSymmetrical" totalMilliseconds="17" invocations="84" avgMicrosecondsPerInvocation="205" maxMicrosecondsPerInvocation="6364" standardDeviationMicrosecondsPerInvocation="693"/>
      <ClassProfile name="edu.umd.cs.findbugs.detect.CalledMethods" totalMilliseconds="16" invocations="84" avgMicrosecondsPerInvocation="202" maxMicrosecondsPerInvocation="4934" standardDeviationMicrosecondsPerInvocation="547"/>
      <ClassProfile name="edu.umd.cs.findbugs.detect.BuildObligationPolicyDatabase" totalMilliseconds="16" invocations="84" avgMicrosecondsPerInvocation="194" maxMicrosecondsPerInvocation="1913" standardDeviationMicrosecondsPerInvocation="278"/>
      <ClassProfile name="edu.umd.cs.findbugs.detect.BuildStringPassthruGraph" totalMilliseconds="13" invocations="84" avgMicrosecondsPerInvocation="163" maxMicrosecondsPerInvocation="1264" standardDeviationMicrosecondsPerInvocation="266"/>
      <ClassProfile name="edu.umd.cs.findbugs.detect.ExplicitSerialization" totalMilliseconds="11" invocations="84" avgMicrosecondsPerInvocation="140" maxMicrosecondsPerInvocation="1881" standardDeviationMicrosecondsPerInvocation="401"/>
      <ClassProfile name="edu.umd.cs.findbugs.ba.npe.TypeQualifierNullnessAnnotationDatabase" totalMilliseconds="11" invocations="3679" avgMicrosecondsPerInvocation="3" maxMicrosecondsPerInvocation="858" standardDeviationMicrosecondsPerInvocation="19"/>
      <ClassProfile name="edu.umd.cs.findbugs.classfile.engine.bcel.ConstantDataflowFactory" totalMilliseconds="11" invocations="91" avgMicrosecondsPerInvocation="122" maxMicrosecondsPerInvocation="3028" standardDeviationMicrosecondsPerInvocation="341"/>
    </FindBugsProfile>
  </FindBugsSummary>
  <ClassFeatures></ClassFeatures>
  <History></History>
</BugCollection>
