<?xml version="1.0" encoding="UTF-8"?>

<BugCollection version="4.7.3" sequence="0" timestamp="1698475250454" analysisTimestamp="1698520700702" release="">
  <Project projectName="">
    <Jar>/mnt/disk3/lty/JLeaks/data/classfile/bug-1078-e8d453cfb212b6f7f92818bddcc7fdd83e45cdb683df2872895ce96f96a5bb46.class</Jar>
  </Project>
  <Errors errors="0" missingClasses="6">
    <MissingClass>javax.json.Json</MissingClass>
    <MissingClass>javax.json.JsonReader</MissingClass>
    <MissingClass>javax.json.JsonWriter</MissingClass>
    <MissingClass>javax.json.JsonWriterFactory</MissingClass>
    <MissingClass>org.takes.Response</MissingClass>
    <MissingClass>org.takes.rs.RsWithBody</MissingClass>
  </Errors>
  <FindBugsSummary timestamp="Sat, 28 Oct 2023 14:40:50 +0800" total_classes="1" referenced_classes="19" total_bugs="0" total_size="37" num_packages="1" java_version="1.8.0_382" vm_version="25.382-b05" cpu_seconds="4.98" clock_seconds="0.65" peak_mbytes="381.56" alloc_mbytes="1820.50" gc_seconds="0.04">
    <PackageStats package="org.takes.rs" total_bugs="0" total_types="1" total_size="37">
      <ClassStats class="org.takes.rs.RsPrettyJSON" sourceFile="RsPrettyJSON.java" interface="false" size="37" bugs="0"/>
    </PackageStats>
    <FindBugsProfile>
      <ClassProfile name="edu.umd.cs.findbugs.classfile.engine.ClassInfoAnalysisEngine" totalMilliseconds="105" invocations="376" avgMicrosecondsPerInvocation="279" maxMicrosecondsPerInvocation="10576" standardDeviationMicrosecondsPerInvocation="747"/>
      <ClassProfile name="edu.umd.cs.findbugs.detect.FindNoSideEffectMethods" totalMilliseconds="55" invocations="19" avgMicrosecondsPerInvocation="2927" maxMicrosecondsPerInvocation="41182" standardDeviationMicrosecondsPerInvocation="9072"/>
      <ClassProfile name="edu.umd.cs.findbugs.detect.FieldItemSummary" totalMilliseconds="21" invocations="19" avgMicrosecondsPerInvocation="1134" maxMicrosecondsPerInvocation="4816" standardDeviationMicrosecondsPerInvocation="1376"/>
      <ClassProfile name="edu.umd.cs.findbugs.classfile.engine.bcel.MethodGenFactory" totalMilliseconds="19" invocations="7" avgMicrosecondsPerInvocation="2731" maxMicrosecondsPerInvocation="17810" standardDeviationMicrosecondsPerInvocation="6157"/>
      <ClassProfile name="edu.umd.cs.findbugs.classfile.engine.bcel.JavaClassAnalysisEngine" totalMilliseconds="14" invocations="43" avgMicrosecondsPerInvocation="336" maxMicrosecondsPerInvocation="8335" standardDeviationMicrosecondsPerInvocation="1268"/>
      <ClassProfile name="edu.umd.cs.findbugs.OpcodeStack$JumpInfoFactory" totalMilliseconds="13" invocations="84" avgMicrosecondsPerInvocation="162" maxMicrosecondsPerInvocation="1136" standardDeviationMicrosecondsPerInvocation="163"/>
      <ClassProfile name="edu.umd.cs.findbugs.util.TopologicalSort" totalMilliseconds="13" invocations="335" avgMicrosecondsPerInvocation="40" maxMicrosecondsPerInvocation="615" standardDeviationMicrosecondsPerInvocation="77"/>
    </FindBugsProfile>
  </FindBugsSummary>
  <ClassFeatures></ClassFeatures>
  <History></History>
</BugCollection>
