<?xml version="1.0" encoding="UTF-8"?>

<BugCollection version="4.7.3" sequence="0" timestamp="1698475197616" analysisTimestamp="1698513825721" release="">
  <Project projectName="">
    <Jar>/mnt/disk3/lty/JLeaks/data/classfile/bug-723-6a4488a6e42f5193eab7cfac463cc69921eff476e36834e6a240d4a03de0ed18.class</Jar>
  </Project>
  <Errors errors="0" missingClasses="3">
    <MissingClass>org.apache.ibatis.cache.Cache</MissingClass>
    <MissingClass>org.apache.ibatis.cache.CacheException</MissingClass>
    <MissingClass>org.apache.ibatis.cache.decorators.SerializedCache$CustomObjectInputStream</MissingClass>
  </Errors>
  <FindBugsSummary timestamp="Sat, 28 Oct 2023 14:39:57 +0800" total_classes="1" referenced_classes="18" total_bugs="0" total_size="47" num_packages="1" java_version="1.8.0_382" vm_version="25.382-b05" cpu_seconds="5.94" clock_seconds="0.69" peak_mbytes="382.07" alloc_mbytes="1820.50" gc_seconds="0.04">
    <PackageStats package="org.apache.ibatis.cache.decorators" total_bugs="0" total_types="1" total_size="47">
      <ClassStats class="org.apache.ibatis.cache.decorators.SerializedCache" sourceFile="SerializedCache.java" interface="false" size="47" bugs="0"/>
    </PackageStats>
    <FindBugsProfile>
      <ClassProfile name="edu.umd.cs.findbugs.classfile.engine.ClassInfoAnalysisEngine" totalMilliseconds="107" invocations="374" avgMicrosecondsPerInvocation="286" maxMicrosecondsPerInvocation="9311" standardDeviationMicrosecondsPerInvocation="715"/>
      <ClassProfile name="edu.umd.cs.findbugs.detect.NoteDirectlyRelevantTypeQualifiers" totalMilliseconds="51" invocations="18" avgMicrosecondsPerInvocation="2882" maxMicrosecondsPerInvocation="41738" standardDeviationMicrosecondsPerInvocation="9455"/>
      <ClassProfile name="edu.umd.cs.findbugs.detect.FieldItemSummary" totalMilliseconds="24" invocations="18" avgMicrosecondsPerInvocation="1378" maxMicrosecondsPerInvocation="5561" standardDeviationMicrosecondsPerInvocation="1653"/>
      <ClassProfile name="edu.umd.cs.findbugs.detect.FindNoSideEffectMethods" totalMilliseconds="21" invocations="18" avgMicrosecondsPerInvocation="1209" maxMicrosecondsPerInvocation="5722" standardDeviationMicrosecondsPerInvocation="1545"/>
      <ClassProfile name="edu.umd.cs.findbugs.OpcodeStack$JumpInfoFactory" totalMilliseconds="20" invocations="85" avgMicrosecondsPerInvocation="241" maxMicrosecondsPerInvocation="1551" standardDeviationMicrosecondsPerInvocation="318"/>
      <ClassProfile name="edu.umd.cs.findbugs.classfile.engine.bcel.MethodGenFactory" totalMilliseconds="18" invocations="12" avgMicrosecondsPerInvocation="1574" maxMicrosecondsPerInvocation="17522" standardDeviationMicrosecondsPerInvocation="4809"/>
      <ClassProfile name="edu.umd.cs.findbugs.classfile.engine.bcel.JavaClassAnalysisEngine" totalMilliseconds="17" invocations="49" avgMicrosecondsPerInvocation="351" maxMicrosecondsPerInvocation="8649" standardDeviationMicrosecondsPerInvocation="1243"/>
      <ClassProfile name="edu.umd.cs.findbugs.util.TopologicalSort" totalMilliseconds="14" invocations="332" avgMicrosecondsPerInvocation="42" maxMicrosecondsPerInvocation="599" standardDeviationMicrosecondsPerInvocation="76"/>
      <ClassProfile name="edu.umd.cs.findbugs.classfile.engine.bcel.CFGFactory" totalMilliseconds="12" invocations="12" avgMicrosecondsPerInvocation="1007" maxMicrosecondsPerInvocation="6984" standardDeviationMicrosecondsPerInvocation="1874"/>
      <ClassProfile name="edu.umd.cs.findbugs.classfile.engine.bcel.IsNullValueDataflowFactory" totalMilliseconds="11" invocations="12" avgMicrosecondsPerInvocation="929" maxMicrosecondsPerInvocation="6578" standardDeviationMicrosecondsPerInvocation="1738"/>
    </FindBugsProfile>
  </FindBugsSummary>
  <ClassFeatures></ClassFeatures>
  <History></History>
</BugCollection>
