<?xml version="1.0" encoding="UTF-8"?>

<BugCollection version="4.7.3" sequence="0" timestamp="1698475217887" analysisTimestamp="1698515108408" release="">
  <Project projectName="">
    <Jar>/mnt/disk3/lty/JLeaks/data/classfile/bug-864-856aa3c54d3e8493a4c667f6995f2eef7dd15b6e0a9add8689ba1a90fdb6b617.class</Jar>
  </Project>
  <Errors errors="0" missingClasses="14">
    <MissingClass>io.questdb.cairo.CairoSecurityContext</MissingClass>
    <MissingClass>io.questdb.cairo.RecordSinkFactory</MissingClass>
    <MissingClass>io.questdb.cairo.map.Map</MissingClass>
    <MissingClass>io.questdb.cairo.map.MapFactory</MissingClass>
    <MissingClass>io.questdb.cairo.sql.Function</MissingClass>
    <MissingClass>io.questdb.cairo.sql.RecordCursor</MissingClass>
    <MissingClass>io.questdb.cairo.sql.RecordCursorFactory</MissingClass>
    <MissingClass>io.questdb.cairo.sql.RecordMetadata</MissingClass>
    <MissingClass>io.questdb.griffin.SqlExecutionContext</MissingClass>
    <MissingClass>io.questdb.griffin.engine.EmptyTableRecordCursor</MissingClass>
    <MissingClass>io.questdb.griffin.engine.LimitOverflowException</MissingClass>
    <MissingClass>io.questdb.griffin.engine.groupby.SampleByFillNoneRecordCursor</MissingClass>
    <MissingClass>io.questdb.std.Misc</MissingClass>
    <MissingClass>io.questdb.std.ObjList</MissingClass>
  </Errors>
  <FindBugsSummary timestamp="Sat, 28 Oct 2023 14:40:17 +0800" total_classes="1" referenced_classes="9" total_bugs="0" total_size="46" num_packages="1" java_version="1.8.0_382" vm_version="25.382-b05" cpu_seconds="4.47" clock_seconds="0.60" peak_mbytes="391.97" alloc_mbytes="1820.50" gc_seconds="0.04">
    <PackageStats package="io.questdb.griffin.engine.groupby" total_bugs="0" total_types="1" total_size="46">
      <ClassStats class="io.questdb.griffin.engine.groupby.SampleByFillNoneRecordCursorFactory" sourceFile="SampleByFillNoneRecordCursorFactory.java" interface="false" size="46" bugs="0"/>
    </PackageStats>
    <FindBugsProfile>
      <ClassProfile name="edu.umd.cs.findbugs.classfile.engine.ClassInfoAnalysisEngine" totalMilliseconds="98" invocations="318" avgMicrosecondsPerInvocation="310" maxMicrosecondsPerInvocation="11675" standardDeviationMicrosecondsPerInvocation="851"/>
      <ClassProfile name="edu.umd.cs.findbugs.OpcodeStack$JumpInfoFactory" totalMilliseconds="55" invocations="40" avgMicrosecondsPerInvocation="1388" maxMicrosecondsPerInvocation="42305" standardDeviationMicrosecondsPerInvocation="6564"/>
      <ClassProfile name="edu.umd.cs.findbugs.classfile.engine.bcel.MethodGenFactory" totalMilliseconds="18" invocations="6" avgMicrosecondsPerInvocation="3109" maxMicrosecondsPerInvocation="17612" standardDeviationMicrosecondsPerInvocation="6489"/>
      <ClassProfile name="edu.umd.cs.findbugs.detect.FieldItemSummary" totalMilliseconds="16" invocations="9" avgMicrosecondsPerInvocation="1884" maxMicrosecondsPerInvocation="6170" standardDeviationMicrosecondsPerInvocation="2033"/>
      <ClassProfile name="edu.umd.cs.findbugs.classfile.engine.bcel.JavaClassAnalysisEngine" totalMilliseconds="14" invocations="31" avgMicrosecondsPerInvocation="480" maxMicrosecondsPerInvocation="8710" standardDeviationMicrosecondsPerInvocation="1562"/>
      <ClassProfile name="edu.umd.cs.findbugs.util.TopologicalSort" totalMilliseconds="13" invocations="260" avgMicrosecondsPerInvocation="50" maxMicrosecondsPerInvocation="1137" standardDeviationMicrosecondsPerInvocation="106"/>
      <ClassProfile name="edu.umd.cs.findbugs.classfile.engine.bcel.ValueNumberDataflowFactory" totalMilliseconds="11" invocations="6" avgMicrosecondsPerInvocation="1933" maxMicrosecondsPerInvocation="8075" standardDeviationMicrosecondsPerInvocation="2830"/>
    </FindBugsProfile>
  </FindBugsSummary>
  <ClassFeatures></ClassFeatures>
  <History></History>
</BugCollection>
