<?xml version="1.0" encoding="UTF-8"?>

<BugCollection version="4.7.3" sequence="0" timestamp="1698475118787" analysisTimestamp="1698508490712" release="">
  <Project projectName="">
    <Jar>/mnt/disk3/lty/JLeaks/data/classfile/bug-86-8a3eb1f32d35862afe728101b5450239e65e285cf92b8e1008e262b40d9194ad.class</Jar>
  </Project>
  <Errors errors="0" missingClasses="7">
    <MissingClass>org.apache.druid.common.guava.CombiningSequence$1</MissingClass>
    <MissingClass>org.apache.druid.common.guava.CombiningSequence$CombiningAccumulator</MissingClass>
    <MissingClass>org.apache.druid.common.guava.CombiningSequence$CombiningYieldingAccumulator</MissingClass>
    <MissingClass>org.apache.druid.java.util.common.guava.Accumulator</MissingClass>
    <MissingClass>org.apache.druid.java.util.common.guava.Sequence</MissingClass>
    <MissingClass>org.apache.druid.java.util.common.guava.Yielder</MissingClass>
    <MissingClass>org.apache.druid.java.util.common.guava.Yielders</MissingClass>
  </Errors>
  <FindBugsSummary timestamp="Sat, 28 Oct 2023 14:38:38 +0800" total_classes="1" referenced_classes="12" total_bugs="0" total_size="41" num_packages="1" java_version="1.8.0_382" vm_version="25.382-b05" cpu_seconds="27.33" clock_seconds="3.23" peak_mbytes="381.07" alloc_mbytes="1820.50" gc_seconds="0.22">
    <PackageStats package="org.apache.druid.common.guava" total_bugs="0" total_types="1" total_size="41">
      <ClassStats class="org.apache.druid.common.guava.CombiningSequence" sourceFile="CombiningSequence.java" interface="false" size="41" bugs="0"/>
    </PackageStats>
    <FindBugsProfile>
      <ClassProfile name="edu.umd.cs.findbugs.classfile.engine.ClassInfoAnalysisEngine" totalMilliseconds="463" invocations="314" avgMicrosecondsPerInvocation="1476" maxMicrosecondsPerInvocation="50641" standardDeviationMicrosecondsPerInvocation="3538"/>
      <ClassProfile name="edu.umd.cs.findbugs.classfile.engine.ClassDataAnalysisEngine" totalMilliseconds="292" invocations="316" avgMicrosecondsPerInvocation="926" maxMicrosecondsPerInvocation="220447" standardDeviationMicrosecondsPerInvocation="12372"/>
      <ClassProfile name="edu.umd.cs.findbugs.detect.FieldItemSummary" totalMilliseconds="111" invocations="12" avgMicrosecondsPerInvocation="9331" maxMicrosecondsPerInvocation="43554" standardDeviationMicrosecondsPerInvocation="13155"/>
      <ClassProfile name="edu.umd.cs.findbugs.classfile.engine.bcel.MethodGenFactory" totalMilliseconds="109" invocations="8" avgMicrosecondsPerInvocation="13645" maxMicrosecondsPerInvocation="101713" standardDeviationMicrosecondsPerInvocation="33292"/>
      <ClassProfile name="edu.umd.cs.findbugs.detect.FindNoSideEffectMethods" totalMilliseconds="80" invocations="12" avgMicrosecondsPerInvocation="6702" maxMicrosecondsPerInvocation="31126" standardDeviationMicrosecondsPerInvocation="8839"/>
      <ClassProfile name="edu.umd.cs.findbugs.OpcodeStack$JumpInfoFactory" totalMilliseconds="76" invocations="41" avgMicrosecondsPerInvocation="1858" maxMicrosecondsPerInvocation="9652" standardDeviationMicrosecondsPerInvocation="1842"/>
      <ClassProfile name="edu.umd.cs.findbugs.classfile.engine.bcel.JavaClassAnalysisEngine" totalMilliseconds="73" invocations="32" avgMicrosecondsPerInvocation="2304" maxMicrosecondsPerInvocation="43920" standardDeviationMicrosecondsPerInvocation="7657"/>
      <ClassProfile name="edu.umd.cs.findbugs.util.TopologicalSort" totalMilliseconds="69" invocations="274" avgMicrosecondsPerInvocation="251" maxMicrosecondsPerInvocation="3120" standardDeviationMicrosecondsPerInvocation="397"/>
      <ClassProfile name="edu.umd.cs.findbugs.classfile.engine.bcel.CFGFactory" totalMilliseconds="60" invocations="8" avgMicrosecondsPerInvocation="7526" maxMicrosecondsPerInvocation="43283" standardDeviationMicrosecondsPerInvocation="13575"/>
      <ClassProfile name="edu.umd.cs.findbugs.classfile.engine.bcel.ValueNumberDataflowFactory" totalMilliseconds="58" invocations="8" avgMicrosecondsPerInvocation="7322" maxMicrosecondsPerInvocation="41380" standardDeviationMicrosecondsPerInvocation="13058"/>
      <ClassProfile name="edu.umd.cs.findbugs.classfile.engine.bcel.IsNullValueDataflowFactory" totalMilliseconds="48" invocations="8" avgMicrosecondsPerInvocation="6116" maxMicrosecondsPerInvocation="32769" standardDeviationMicrosecondsPerInvocation="10285"/>
      <ClassProfile name="edu.umd.cs.findbugs.classfile.engine.bcel.TypeDataflowFactory" totalMilliseconds="48" invocations="8" avgMicrosecondsPerInvocation="6113" maxMicrosecondsPerInvocation="28972" standardDeviationMicrosecondsPerInvocation="8956"/>
      <ClassProfile name="edu.umd.cs.findbugs.detect.OverridingEqualsNotSymmetrical" totalMilliseconds="48" invocations="12" avgMicrosecondsPerInvocation="4049" maxMicrosecondsPerInvocation="32696" standardDeviationMicrosecondsPerInvocation="8915"/>
      <ClassProfile name="edu.umd.cs.findbugs.detect.NoteDirectlyRelevantTypeQualifiers" totalMilliseconds="44" invocations="12" avgMicrosecondsPerInvocation="3682" maxMicrosecondsPerInvocation="25604" standardDeviationMicrosecondsPerInvocation="6918"/>
      <ClassProfile name="edu.umd.cs.findbugs.detect.FunctionsThatMightBeMistakenForProcedures" totalMilliseconds="37" invocations="12" avgMicrosecondsPerInvocation="3109" maxMicrosecondsPerInvocation="15973" standardDeviationMicrosecondsPerInvocation="4572"/>
    </FindBugsProfile>
  </FindBugsSummary>
  <ClassFeatures></ClassFeatures>
  <History></History>
</BugCollection>
