<?xml version="1.0" encoding="UTF-8"?>

<BugCollection version="4.7.3" sequence="0" timestamp="1698475222043" analysisTimestamp="1698515796337" release="">
  <Project projectName="">
    <Jar>/mnt/disk3/lty/JLeaks/data/classfile/bug-892-1c8f39049a02d696f5094dce90e42238a8e7c248c6b50197323aba7062980f1b.class</Jar>
  </Project>
  <Errors errors="0" missingClasses="4">
    <MissingClass>com.thoughtworks.selenium.CommandProcessor</MissingClass>
    <MissingClass>com.thoughtworks.selenium.DefaultRemoteCommand</MissingClass>
    <MissingClass>com.thoughtworks.selenium.SeleniumException</MissingClass>
    <MissingClass>org.openqa.selenium.server.BrowserConfigurationOptions</MissingClass>
  </Errors>
  <FindBugsSummary timestamp="Sat, 28 Oct 2023 14:40:22 +0800" total_classes="1" referenced_classes="30" total_bugs="0" total_size="161" num_packages="1" java_version="1.8.0_382" vm_version="25.382-b05" cpu_seconds="8.50" clock_seconds="0.89" peak_mbytes="408.50" alloc_mbytes="1820.50" gc_seconds="0.04">
    <PackageStats package="com.thoughtworks.selenium" total_bugs="0" total_types="1" total_size="161">
      <ClassStats class="com.thoughtworks.selenium.HttpCommandProcessor" sourceFile="HttpCommandProcessor.java" interface="false" size="161" bugs="0"/>
    </PackageStats>
    <FindBugsProfile>
      <ClassProfile name="edu.umd.cs.findbugs.classfile.engine.ClassInfoAnalysisEngine" totalMilliseconds="122" invocations="453" avgMicrosecondsPerInvocation="269" maxMicrosecondsPerInvocation="11233" standardDeviationMicrosecondsPerInvocation="688"/>
      <ClassProfile name="edu.umd.cs.findbugs.detect.FindNoSideEffectMethods" totalMilliseconds="68" invocations="30" avgMicrosecondsPerInvocation="2283" maxMicrosecondsPerInvocation="43656" standardDeviationMicrosecondsPerInvocation="7753"/>
      <ClassProfile name="edu.umd.cs.findbugs.detect.FieldItemSummary" totalMilliseconds="34" invocations="30" avgMicrosecondsPerInvocation="1139" maxMicrosecondsPerInvocation="6651" standardDeviationMicrosecondsPerInvocation="1447"/>
      <ClassProfile name="edu.umd.cs.findbugs.OpcodeStack$JumpInfoFactory" totalMilliseconds="24" invocations="173" avgMicrosecondsPerInvocation="140" maxMicrosecondsPerInvocation="1891" standardDeviationMicrosecondsPerInvocation="220"/>
      <ClassProfile name="edu.umd.cs.findbugs.classfile.engine.bcel.MethodGenFactory" totalMilliseconds="21" invocations="20" avgMicrosecondsPerInvocation="1061" maxMicrosecondsPerInvocation="17985" standardDeviationMicrosecondsPerInvocation="3884"/>
      <ClassProfile name="edu.umd.cs.findbugs.classfile.engine.bcel.IsNullValueDataflowFactory" totalMilliseconds="20" invocations="20" avgMicrosecondsPerInvocation="1037" maxMicrosecondsPerInvocation="8198" standardDeviationMicrosecondsPerInvocation="1747"/>
      <ClassProfile name="edu.umd.cs.findbugs.classfile.engine.bcel.ValueNumberDataflowFactory" totalMilliseconds="20" invocations="22" avgMicrosecondsPerInvocation="915" maxMicrosecondsPerInvocation="7172" standardDeviationMicrosecondsPerInvocation="1454"/>
      <ClassProfile name="edu.umd.cs.findbugs.classfile.engine.bcel.TypeDataflowFactory" totalMilliseconds="19" invocations="22" avgMicrosecondsPerInvocation="885" maxMicrosecondsPerInvocation="5981" standardDeviationMicrosecondsPerInvocation="1219"/>
      <ClassProfile name="edu.umd.cs.findbugs.classfile.engine.bcel.JavaClassAnalysisEngine" totalMilliseconds="18" invocations="64" avgMicrosecondsPerInvocation="290" maxMicrosecondsPerInvocation="8438" standardDeviationMicrosecondsPerInvocation="1065"/>
      <ClassProfile name="edu.umd.cs.findbugs.util.TopologicalSort" totalMilliseconds="16" invocations="416" avgMicrosecondsPerInvocation="40" maxMicrosecondsPerInvocation="1141" standardDeviationMicrosecondsPerInvocation="91"/>
      <ClassProfile name="edu.umd.cs.findbugs.classfile.engine.bcel.CFGFactory" totalMilliseconds="16" invocations="20" avgMicrosecondsPerInvocation="822" maxMicrosecondsPerInvocation="7809" standardDeviationMicrosecondsPerInvocation="1629"/>
      <ClassProfile name="edu.umd.cs.findbugs.detect.NoteDirectlyRelevantTypeQualifiers" totalMilliseconds="15" invocations="30" avgMicrosecondsPerInvocation="515" maxMicrosecondsPerInvocation="4767" standardDeviationMicrosecondsPerInvocation="949"/>
      <ClassProfile name="edu.umd.cs.findbugs.classfile.engine.bcel.UnconditionalValueDerefDataflowFactory" totalMilliseconds="13" invocations="20" avgMicrosecondsPerInvocation="691" maxMicrosecondsPerInvocation="3072" standardDeviationMicrosecondsPerInvocation="759"/>
      <ClassProfile name="edu.umd.cs.findbugs.ba.npe.NullDerefAndRedundantComparisonFinder" totalMilliseconds="13" invocations="20" avgMicrosecondsPerInvocation="668" maxMicrosecondsPerInvocation="3748" standardDeviationMicrosecondsPerInvocation="797"/>
      <ClassProfile name="edu.umd.cs.findbugs.detect.OverridingEqualsNotSymmetrical" totalMilliseconds="12" invocations="30" avgMicrosecondsPerInvocation="405" maxMicrosecondsPerInvocation="6762" standardDeviationMicrosecondsPerInvocation="1196"/>
      <ClassProfile name="edu.umd.cs.findbugs.detect.FunctionsThatMightBeMistakenForProcedures" totalMilliseconds="11" invocations="30" avgMicrosecondsPerInvocation="387" maxMicrosecondsPerInvocation="3490" standardDeviationMicrosecondsPerInvocation="695"/>
      <ClassProfile name="edu.umd.cs.findbugs.classfile.engine.ClassDataAnalysisEngine" totalMilliseconds="11" invocations="455" avgMicrosecondsPerInvocation="24" maxMicrosecondsPerInvocation="442" standardDeviationMicrosecondsPerInvocation="32"/>
    </FindBugsProfile>
  </FindBugsSummary>
  <ClassFeatures></ClassFeatures>
  <History></History>
</BugCollection>
