<?xml version="1.0" encoding="UTF-8"?>

<BugCollection version="4.7.3" sequence="0" timestamp="1698475219539" analysisTimestamp="1698515595201" release="">
  <Project projectName="">
    <Jar>/mnt/disk3/lty/JLeaks/data/classfile/bug-875-939872e611737500abe6f67928f43ac5b9293a56c4732e7ecb0d2b2034d94d8b.class</Jar>
  </Project>
  <Errors errors="0" missingClasses="9">
    <MissingClass>org.apache.commons.pool2.PooledObject</MissingClass>
    <MissingClass>org.apache.commons.pool2.PooledObjectFactory</MissingClass>
    <MissingClass>org.apache.commons.pool2.impl.DefaultPooledObject</MissingClass>
    <MissingClass>redis.clients.jedis.BinaryJedis</MissingClass>
    <MissingClass>redis.clients.jedis.Client</MissingClass>
    <MissingClass>redis.clients.jedis.HostAndPort</MissingClass>
    <MissingClass>redis.clients.jedis.Jedis</MissingClass>
    <MissingClass>redis.clients.jedis.exceptions.InvalidURIException</MissingClass>
    <MissingClass>redis.clients.util.JedisURIHelper</MissingClass>
  </Errors>
  <FindBugsSummary timestamp="Sat, 28 Oct 2023 14:40:19 +0800" total_classes="1" referenced_classes="13" total_bugs="0" total_size="70" num_packages="1" java_version="1.8.0_382" vm_version="25.382-b05" cpu_seconds="5.57" clock_seconds="0.67" peak_mbytes="392.78" alloc_mbytes="1820.50" gc_seconds="0.04">
    <PackageStats package="redis.clients.jedis" total_bugs="0" total_types="1" total_size="70">
      <ClassStats class="redis.clients.jedis.JedisFactory" sourceFile="JedisFactory.java" interface="false" size="70" bugs="0"/>
    </PackageStats>
    <FindBugsProfile>
      <ClassProfile name="edu.umd.cs.findbugs.classfile.engine.ClassInfoAnalysisEngine" totalMilliseconds="108" invocations="348" avgMicrosecondsPerInvocation="311" maxMicrosecondsPerInvocation="10173" standardDeviationMicrosecondsPerInvocation="768"/>
      <ClassProfile name="edu.umd.cs.findbugs.detect.FunctionsThatMightBeMistakenForProcedures" totalMilliseconds="50" invocations="13" avgMicrosecondsPerInvocation="3884" maxMicrosecondsPerInvocation="45947" standardDeviationMicrosecondsPerInvocation="12149"/>
      <ClassProfile name="edu.umd.cs.findbugs.detect.FieldItemSummary" totalMilliseconds="21" invocations="13" avgMicrosecondsPerInvocation="1690" maxMicrosecondsPerInvocation="5483" standardDeviationMicrosecondsPerInvocation="1697"/>
      <ClassProfile name="edu.umd.cs.findbugs.classfile.engine.bcel.MethodGenFactory" totalMilliseconds="18" invocations="8" avgMicrosecondsPerInvocation="2290" maxMicrosecondsPerInvocation="16919" standardDeviationMicrosecondsPerInvocation="5530"/>
      <ClassProfile name="edu.umd.cs.findbugs.OpcodeStack$JumpInfoFactory" totalMilliseconds="17" invocations="87" avgMicrosecondsPerInvocation="199" maxMicrosecondsPerInvocation="1440" standardDeviationMicrosecondsPerInvocation="256"/>
      <ClassProfile name="edu.umd.cs.findbugs.detect.FindNoSideEffectMethods" totalMilliseconds="15" invocations="13" avgMicrosecondsPerInvocation="1186" maxMicrosecondsPerInvocation="3750" standardDeviationMicrosecondsPerInvocation="1187"/>
      <ClassProfile name="edu.umd.cs.findbugs.util.TopologicalSort" totalMilliseconds="15" invocations="306" avgMicrosecondsPerInvocation="50" maxMicrosecondsPerInvocation="810" standardDeviationMicrosecondsPerInvocation="101"/>
      <ClassProfile name="edu.umd.cs.findbugs.classfile.engine.bcel.JavaClassAnalysisEngine" totalMilliseconds="14" invocations="40" avgMicrosecondsPerInvocation="364" maxMicrosecondsPerInvocation="8355" standardDeviationMicrosecondsPerInvocation="1320"/>
      <ClassProfile name="edu.umd.cs.findbugs.classfile.engine.bcel.IsNullValueDataflowFactory" totalMilliseconds="13" invocations="8" avgMicrosecondsPerInvocation="1731" maxMicrosecondsPerInvocation="8731" standardDeviationMicrosecondsPerInvocation="2696"/>
      <ClassProfile name="edu.umd.cs.findbugs.classfile.engine.bcel.TypeDataflowFactory" totalMilliseconds="12" invocations="9" avgMicrosecondsPerInvocation="1440" maxMicrosecondsPerInvocation="5578" standardDeviationMicrosecondsPerInvocation="1537"/>
      <ClassProfile name="edu.umd.cs.findbugs.classfile.engine.bcel.ValueNumberDataflowFactory" totalMilliseconds="12" invocations="9" avgMicrosecondsPerInvocation="1409" maxMicrosecondsPerInvocation="7550" standardDeviationMicrosecondsPerInvocation="2217"/>
      <ClassProfile name="edu.umd.cs.findbugs.classfile.engine.bcel.CFGFactory" totalMilliseconds="12" invocations="8" avgMicrosecondsPerInvocation="1570" maxMicrosecondsPerInvocation="7697" standardDeviationMicrosecondsPerInvocation="2354"/>
    </FindBugsProfile>
  </FindBugsSummary>
  <ClassFeatures></ClassFeatures>
  <History></History>
</BugCollection>
