<?xml version="1.0" encoding="UTF-8"?>

<BugCollection version="4.7.3" sequence="0" timestamp="1698475235722" analysisTimestamp="1698520491081" release="">
  <Project projectName="">
    <Jar>/mnt/disk3/lty/JLeaks/data/classfile/bug-983-eeb06670d92741a8cc3c974d0cf0694fa24c2694f218c0ef2bb593e986d0f116.class</Jar>
  </Project>
  <BugInstance type="OBL_UNSATISFIED_OBLIGATION" priority="2" rank="20" abbrev="OBL" category="EXPERIMENTAL">
    <Class classname="org.traccar.database.QueryBuilder">
      <SourceLine classname="org.traccar.database.QueryBuilder" start="41" end="330" sourcefile="QueryBuilder.java" sourcepath="org/traccar/database/QueryBuilder.java"/>
    </Class>
    <Method classname="org.traccar.database.QueryBuilder" name="executeQuery" signature="(Lorg/traccar/model/Factory;)Ljava/util/Collection;" isStatic="false">
      <SourceLine classname="org.traccar.database.QueryBuilder" start="214" end="320" startBytecode="0" endBytecode="770" sourcefile="QueryBuilder.java" sourcepath="org/traccar/database/QueryBuilder.java"/>
    </Method>
    <Class classname="java.sql.ResultSet" role="CLASS_REFTYPE">
      <SourceLine classname="java.sql.ResultSet" start="4188" end="4289" sourcefile="ResultSet.java" sourcepath="java/sql/ResultSet.java"/>
    </Class>
    <Int value="1" role="INT_OBLIGATIONS_REMAINING"/>
    <SourceLine classname="org.traccar.database.QueryBuilder" start="216" end="216" startBytecode="12" endBytecode="12" sourcefile="QueryBuilder.java" sourcepath="org/traccar/database/QueryBuilder.java" role="SOURCE_LINE_OBLIGATION_CREATED"/>
    <SourceLine classname="org.traccar.database.QueryBuilder" start="217" end="217" startBytecode="18" endBytecode="18" sourcefile="QueryBuilder.java" sourcepath="org/traccar/database/QueryBuilder.java" role="SOURCE_LINE_PATH_CONTINUES"/>
    <SourceLine classname="org.traccar.database.QueryBuilder" start="219" end="219" startBytecode="26" endBytecode="26" sourcefile="QueryBuilder.java" sourcepath="org/traccar/database/QueryBuilder.java" role="SOURCE_LINE_PATH_CONTINUES"/>
    <SourceLine classname="org.traccar.database.QueryBuilder" start="221" end="221" startBytecode="35" endBytecode="35" sourcefile="QueryBuilder.java" sourcepath="org/traccar/database/QueryBuilder.java" role="SOURCE_LINE_PATH_CONTINUES"/>
    <SourceLine classname="org.traccar.database.QueryBuilder" start="223" end="223" startBytecode="44" endBytecode="44" sourcefile="QueryBuilder.java" sourcepath="org/traccar/database/QueryBuilder.java" role="SOURCE_LINE_PATH_CONTINUES"/>
    <SourceLine classname="org.traccar.database.QueryBuilder" start="312" end="312" startBytecode="373" endBytecode="373" sourcefile="QueryBuilder.java" sourcepath="org/traccar/database/QueryBuilder.java" role="SOURCE_LINE_PATH_CONTINUES"/>
    <SourceLine classname="org.traccar.database.QueryBuilder" start="320" end="320" startBytecode="449" endBytecode="449" sourcefile="QueryBuilder.java" sourcepath="org/traccar/database/QueryBuilder.java" role="SOURCE_LINE_PATH_CONTINUES"/>
    <String value="{ResultSet x 1}" role="STRING_REMAINING_OBLIGATIONS"/>
  </BugInstance>
  <BugInstance type="ODR_OPEN_DATABASE_RESOURCE" priority="2" rank="16" abbrev="ODR" category="BAD_PRACTICE">
    <Class classname="org.traccar.database.QueryBuilder">
      <SourceLine classname="org.traccar.database.QueryBuilder" start="41" end="330" sourcefile="QueryBuilder.java" sourcepath="org/traccar/database/QueryBuilder.java"/>
    </Class>
    <Method classname="org.traccar.database.QueryBuilder" name="&lt;init&gt;" signature="(Ljavax/sql/DataSource;Ljava/lang/String;)V" isStatic="false">
      <SourceLine classname="org.traccar.database.QueryBuilder" start="41" end="45" startBytecode="0" endBytecode="17" sourcefile="QueryBuilder.java" sourcepath="org/traccar/database/QueryBuilder.java"/>
    </Method>
    <Type descriptor="Ljava/sql/Connection;" role="TYPE_CLOSEIT">
      <SourceLine classname="java.sql.Connection" sourcefile="Connection.java" sourcepath="java/sql/Connection.java"/>
    </Type>
    <SourceLine classname="org.traccar.database.QueryBuilder" start="43" end="43" startBytecode="17" endBytecode="17" sourcefile="QueryBuilder.java" sourcepath="org/traccar/database/QueryBuilder.java"/>
  </BugInstance>
  <Errors errors="0" missingClasses="8">
    <MissingClass>org.traccar.database.QueryBuilder$1</MissingClass>
    <MissingClass>org.traccar.database.QueryBuilder$2</MissingClass>
    <MissingClass>org.traccar.database.QueryBuilder$3</MissingClass>
    <MissingClass>org.traccar.database.QueryBuilder$4</MissingClass>
    <MissingClass>org.traccar.database.QueryBuilder$5</MissingClass>
    <MissingClass>org.traccar.database.QueryBuilder$6</MissingClass>
    <MissingClass>org.traccar.database.QueryBuilder$ResultSetProcessor</MissingClass>
    <MissingClass>org.traccar.model.Factory</MissingClass>
  </Errors>
  <FindBugsSummary timestamp="Sat, 28 Oct 2023 14:40:35 +0800" total_classes="1" referenced_classes="33" total_bugs="2" total_size="155" num_packages="1" java_version="1.8.0_382" vm_version="25.382-b05" cpu_seconds="8.76" clock_seconds="0.90" peak_mbytes="408.78" alloc_mbytes="1820.50" gc_seconds="0.04" priority_2="2">
    <PackageStats package="org.traccar.database" total_bugs="2" total_types="1" total_size="155" priority_2="2">
      <ClassStats class="org.traccar.database.QueryBuilder" sourceFile="QueryBuilder.java" interface="false" size="155" bugs="2" priority_2="2"/>
    </PackageStats>
    <FindBugsProfile>
      <ClassProfile name="edu.umd.cs.findbugs.classfile.engine.ClassInfoAnalysisEngine" totalMilliseconds="119" invocations="414" avgMicrosecondsPerInvocation="289" maxMicrosecondsPerInvocation="11651" standardDeviationMicrosecondsPerInvocation="740"/>
      <ClassProfile name="edu.umd.cs.findbugs.detect.FindBugsSummaryStats" totalMilliseconds="41" invocations="33" avgMicrosecondsPerInvocation="1242" maxMicrosecondsPerInvocation="40818" standardDeviationMicrosecondsPerInvocation="6996"/>
      <ClassProfile name="edu.umd.cs.findbugs.detect.FieldItemSummary" totalMilliseconds="30" invocations="33" avgMicrosecondsPerInvocation="909" maxMicrosecondsPerInvocation="6356" standardDeviationMicrosecondsPerInvocation="1306"/>
      <ClassProfile name="edu.umd.cs.findbugs.classfile.engine.bcel.TypeDataflowFactory" totalMilliseconds="29" invocations="15" avgMicrosecondsPerInvocation="1996" maxMicrosecondsPerInvocation="7882" standardDeviationMicrosecondsPerInvocation="2317"/>
      <ClassProfile name="edu.umd.cs.findbugs.classfile.engine.bcel.ValueNumberDataflowFactory" totalMilliseconds="28" invocations="15" avgMicrosecondsPerInvocation="1917" maxMicrosecondsPerInvocation="10221" standardDeviationMicrosecondsPerInvocation="2879"/>
      <ClassProfile name="edu.umd.cs.findbugs.OpcodeStack$JumpInfoFactory" totalMilliseconds="27" invocations="126" avgMicrosecondsPerInvocation="221" maxMicrosecondsPerInvocation="1624" standardDeviationMicrosecondsPerInvocation="281"/>
      <ClassProfile name="edu.umd.cs.findbugs.classfile.engine.bcel.IsNullValueDataflowFactory" totalMilliseconds="26" invocations="14" avgMicrosecondsPerInvocation="1875" maxMicrosecondsPerInvocation="12776" standardDeviationMicrosecondsPerInvocation="3233"/>
      <ClassProfile name="edu.umd.cs.findbugs.detect.FindNoSideEffectMethods" totalMilliseconds="20" invocations="33" avgMicrosecondsPerInvocation="612" maxMicrosecondsPerInvocation="3431" standardDeviationMicrosecondsPerInvocation="798"/>
      <ClassProfile name="edu.umd.cs.findbugs.classfile.engine.bcel.UnconditionalValueDerefDataflowFactory" totalMilliseconds="20" invocations="14" avgMicrosecondsPerInvocation="1439" maxMicrosecondsPerInvocation="10674" standardDeviationMicrosecondsPerInvocation="2697"/>
      <ClassProfile name="edu.umd.cs.findbugs.classfile.engine.bcel.MethodGenFactory" totalMilliseconds="19" invocations="14" avgMicrosecondsPerInvocation="1426" maxMicrosecondsPerInvocation="16232" standardDeviationMicrosecondsPerInvocation="4117"/>
      <ClassProfile name="edu.umd.cs.findbugs.classfile.engine.bcel.JavaClassAnalysisEngine" totalMilliseconds="18" invocations="62" avgMicrosecondsPerInvocation="291" maxMicrosecondsPerInvocation="8557" standardDeviationMicrosecondsPerInvocation="1093"/>
      <ClassProfile name="edu.umd.cs.findbugs.classfile.engine.bcel.CFGFactory" totalMilliseconds="17" invocations="14" avgMicrosecondsPerInvocation="1229" maxMicrosecondsPerInvocation="7251" standardDeviationMicrosecondsPerInvocation="1916"/>
      <ClassProfile name="edu.umd.cs.findbugs.util.TopologicalSort" totalMilliseconds="15" invocations="373" avgMicrosecondsPerInvocation="41" maxMicrosecondsPerInvocation="822" standardDeviationMicrosecondsPerInvocation="77"/>
      <ClassProfile name="edu.umd.cs.findbugs.detect.NoteDirectlyRelevantTypeQualifiers" totalMilliseconds="12" invocations="33" avgMicrosecondsPerInvocation="383" maxMicrosecondsPerInvocation="4538" standardDeviationMicrosecondsPerInvocation="787"/>
      <ClassProfile name="edu.umd.cs.findbugs.ba.npe.NullDerefAndRedundantComparisonFinder" totalMilliseconds="11" invocations="14" avgMicrosecondsPerInvocation="827" maxMicrosecondsPerInvocation="3267" standardDeviationMicrosecondsPerInvocation="874"/>
      <ClassProfile name="edu.umd.cs.findbugs.detect.OverridingEqualsNotSymmetrical" totalMilliseconds="11" invocations="33" avgMicrosecondsPerInvocation="347" maxMicrosecondsPerInvocation="6267" standardDeviationMicrosecondsPerInvocation="1058"/>
      <ClassProfile name="edu.umd.cs.findbugs.detect.FunctionsThatMightBeMistakenForProcedures" totalMilliseconds="11" invocations="33" avgMicrosecondsPerInvocation="333" maxMicrosecondsPerInvocation="3597" standardDeviationMicrosecondsPerInvocation="660"/>
    </FindBugsProfile>
  </FindBugsSummary>
  <ClassFeatures></ClassFeatures>
  <History></History>
</BugCollection>
