<?xml version="1.0" encoding="UTF-8"?>

<BugCollection version="4.7.3" sequence="0" timestamp="1698475226795" analysisTimestamp="1698515977927" release="">
  <Project projectName="">
    <Jar>/mnt/disk3/lty/JLeaks/data/classfile/bug-924-ed8f16bc7b3bf3358815774ff9a8cb98d4ea45c16956d190c2172aa3663992f6.class</Jar>
  </Project>
  <Errors errors="0" missingClasses="8">
    <MissingClass>org.apache.commons.logging.Log</MissingClass>
    <MissingClass>org.apache.commons.logging.LogFactory</MissingClass>
    <MissingClass>org.springframework.http.HttpHeaders</MissingClass>
    <MissingClass>org.springframework.http.HttpInputMessage</MissingClass>
    <MissingClass>org.springframework.http.HttpOutputMessage</MissingClass>
    <MissingClass>org.springframework.http.MediaType</MissingClass>
    <MissingClass>org.springframework.util.Assert</MissingClass>
    <MissingClass>org.springframework.util.StringUtils</MissingClass>
  </Errors>
  <FindBugsSummary timestamp="Sat, 28 Oct 2023 14:40:26 +0800" total_classes="1" referenced_classes="20" total_bugs="0" total_size="74" num_packages="1" java_version="1.8.0_382" vm_version="25.382-b05" cpu_seconds="5.55" clock_seconds="0.69" peak_mbytes="403.92" alloc_mbytes="1820.50" gc_seconds="0.04">
    <PackageStats package="org.springframework.boot.devtools.tunnel.payload" total_bugs="0" total_types="1" total_size="74">
      <ClassStats class="org.springframework.boot.devtools.tunnel.payload.HttpTunnelPayload" sourceFile="HttpTunnelPayload.java" interface="false" size="74" bugs="0"/>
    </PackageStats>
    <FindBugsProfile>
      <ClassProfile name="edu.umd.cs.findbugs.classfile.engine.ClassInfoAnalysisEngine" totalMilliseconds="109" invocations="358" avgMicrosecondsPerInvocation="306" maxMicrosecondsPerInvocation="10554" standardDeviationMicrosecondsPerInvocation="767"/>
      <ClassProfile name="edu.umd.cs.findbugs.detect.BuildObligationPolicyDatabase" totalMilliseconds="47" invocations="20" avgMicrosecondsPerInvocation="2370" maxMicrosecondsPerInvocation="42604" standardDeviationMicrosecondsPerInvocation="9236"/>
      <ClassProfile name="edu.umd.cs.findbugs.detect.FieldItemSummary" totalMilliseconds="22" invocations="20" avgMicrosecondsPerInvocation="1138" maxMicrosecondsPerInvocation="6265" standardDeviationMicrosecondsPerInvocation="1650"/>
      <ClassProfile name="edu.umd.cs.findbugs.classfile.engine.bcel.MethodGenFactory" totalMilliseconds="19" invocations="11" avgMicrosecondsPerInvocation="1783" maxMicrosecondsPerInvocation="17605" standardDeviationMicrosecondsPerInvocation="5006"/>
      <ClassProfile name="edu.umd.cs.findbugs.OpcodeStack$JumpInfoFactory" totalMilliseconds="18" invocations="87" avgMicrosecondsPerInvocation="216" maxMicrosecondsPerInvocation="1672" standardDeviationMicrosecondsPerInvocation="270"/>
      <ClassProfile name="edu.umd.cs.findbugs.classfile.engine.bcel.ValueNumberDataflowFactory" totalMilliseconds="16" invocations="12" avgMicrosecondsPerInvocation="1351" maxMicrosecondsPerInvocation="7157" standardDeviationMicrosecondsPerInvocation="1976"/>
      <ClassProfile name="edu.umd.cs.findbugs.classfile.engine.bcel.JavaClassAnalysisEngine" totalMilliseconds="15" invocations="49" avgMicrosecondsPerInvocation="309" maxMicrosecondsPerInvocation="8738" standardDeviationMicrosecondsPerInvocation="1251"/>
      <ClassProfile name="edu.umd.cs.findbugs.util.TopologicalSort" totalMilliseconds="15" invocations="317" avgMicrosecondsPerInvocation="47" maxMicrosecondsPerInvocation="625" standardDeviationMicrosecondsPerInvocation="89"/>
      <ClassProfile name="edu.umd.cs.findbugs.detect.FindNoSideEffectMethods" totalMilliseconds="14" invocations="20" avgMicrosecondsPerInvocation="708" maxMicrosecondsPerInvocation="3528" standardDeviationMicrosecondsPerInvocation="901"/>
      <ClassProfile name="edu.umd.cs.findbugs.classfile.engine.bcel.IsNullValueDataflowFactory" totalMilliseconds="14" invocations="11" avgMicrosecondsPerInvocation="1280" maxMicrosecondsPerInvocation="6174" standardDeviationMicrosecondsPerInvocation="1676"/>
      <ClassProfile name="edu.umd.cs.findbugs.classfile.engine.bcel.TypeDataflowFactory" totalMilliseconds="12" invocations="12" avgMicrosecondsPerInvocation="1082" maxMicrosecondsPerInvocation="5388" standardDeviationMicrosecondsPerInvocation="1454"/>
      <ClassProfile name="edu.umd.cs.findbugs.classfile.engine.bcel.CFGFactory" totalMilliseconds="12" invocations="11" avgMicrosecondsPerInvocation="1091" maxMicrosecondsPerInvocation="7430" standardDeviationMicrosecondsPerInvocation="2038"/>
      <ClassProfile name="edu.umd.cs.findbugs.classfile.engine.bcel.UnconditionalValueDerefDataflowFactory" totalMilliseconds="11" invocations="11" avgMicrosecondsPerInvocation="1011" maxMicrosecondsPerInvocation="2693" standardDeviationMicrosecondsPerInvocation="1027"/>
    </FindBugsProfile>
  </FindBugsSummary>
  <ClassFeatures></ClassFeatures>
  <History></History>
</BugCollection>
