<?xml version="1.0" encoding="UTF-8"?>

<BugCollection version="4.7.3" sequence="0" timestamp="1698475241394" analysisTimestamp="1698520548921" release="">
  <Project projectName="">
    <Jar>/mnt/disk3/lty/JLeaks/data/classfile/bug-1020-7ad948ac7c1ca2c57f976e28ef2659e9bf581de82b97c259ee6ba5500107df52.class</Jar>
  </Project>
  <BugInstance type="OBL_UNSATISFIED_OBLIGATION" priority="2" rank="20" abbrev="OBL" category="EXPERIMENTAL">
    <Class classname="fitnesse.http.InputStreamResponse">
      <SourceLine classname="fitnesse.http.InputStreamResponse" start="9" end="45" sourcefile="InputStreamResponse.java" sourcepath="fitnesse/http/InputStreamResponse.java"/>
    </Class>
    <Method classname="fitnesse.http.InputStreamResponse" name="setBody" signature="(Ljava/io/File;)V" isStatic="false">
      <SourceLine classname="fitnesse.http.InputStreamResponse" start="42" end="45" startBytecode="0" endBytecode="57" sourcefile="InputStreamResponse.java" sourcepath="fitnesse/http/InputStreamResponse.java"/>
    </Method>
    <Class classname="java.io.InputStream" role="CLASS_REFTYPE">
      <SourceLine classname="java.io.InputStream" start="45" end="364" sourcefile="InputStream.java" sourcepath="java/io/InputStream.java"/>
    </Class>
    <Int value="1" role="INT_OBLIGATIONS_REMAINING"/>
    <SourceLine classname="fitnesse.http.InputStreamResponse" start="42" end="42" startBytecode="5" endBytecode="5" sourcefile="InputStreamResponse.java" sourcepath="fitnesse/http/InputStreamResponse.java" role="SOURCE_LINE_OBLIGATION_CREATED"/>
    <SourceLine classname="fitnesse.http.InputStreamResponse" start="43" end="43" startBytecode="9" endBytecode="9" sourcefile="InputStreamResponse.java" sourcepath="fitnesse/http/InputStreamResponse.java" role="SOURCE_LINE_PATH_CONTINUES"/>
    <SourceLine classname="fitnesse.http.InputStreamResponse" start="44" end="44" startBytecode="15" endBytecode="15" sourcefile="InputStreamResponse.java" sourcepath="fitnesse/http/InputStreamResponse.java" role="SOURCE_LINE_PATH_CONTINUES"/>
    <SourceLine classname="fitnesse.http.InputStreamResponse" start="45" end="45" startBytecode="21" endBytecode="21" sourcefile="InputStreamResponse.java" sourcepath="fitnesse/http/InputStreamResponse.java" role="SOURCE_LINE_PATH_CONTINUES"/>
    <String value="{InputStream x 1}" role="STRING_REMAINING_OBLIGATIONS"/>
  </BugInstance>
  <Errors errors="0" missingClasses="3">
    <MissingClass>fitnesse.http.Response</MissingClass>
    <MissingClass>fitnesse.http.ResponseSender</MissingClass>
    <MissingClass>fitnesse.util.StreamReader</MissingClass>
  </Errors>
  <FindBugsSummary timestamp="Sat, 28 Oct 2023 14:40:41 +0800" total_classes="1" referenced_classes="7" total_bugs="1" total_size="28" num_packages="1" java_version="1.8.0_382" vm_version="25.382-b05" cpu_seconds="4.03" clock_seconds="0.58" peak_mbytes="381.47" alloc_mbytes="1820.50" gc_seconds="0.04" priority_2="1">
    <PackageStats package="fitnesse.http" total_bugs="1" total_types="1" total_size="28" priority_2="1">
      <ClassStats class="fitnesse.http.InputStreamResponse" sourceFile="InputStreamResponse.java" interface="false" size="28" bugs="1" priority_2="1"/>
    </PackageStats>
    <FindBugsProfile>
      <ClassProfile name="edu.umd.cs.findbugs.classfile.engine.ClassInfoAnalysisEngine" totalMilliseconds="95" invocations="263" avgMicrosecondsPerInvocation="363" maxMicrosecondsPerInvocation="9155" standardDeviationMicrosecondsPerInvocation="825"/>
      <ClassProfile name="edu.umd.cs.findbugs.detect.FindNoSideEffectMethods" totalMilliseconds="50" invocations="7" avgMicrosecondsPerInvocation="7164" maxMicrosecondsPerInvocation="44568" standardDeviationMicrosecondsPerInvocation="15281"/>
      <ClassProfile name="edu.umd.cs.findbugs.classfile.engine.bcel.MethodGenFactory" totalMilliseconds="16" invocations="6" avgMicrosecondsPerInvocation="2786" maxMicrosecondsPerInvocation="15860" standardDeviationMicrosecondsPerInvocation="5849"/>
      <ClassProfile name="edu.umd.cs.findbugs.classfile.engine.bcel.JavaClassAnalysisEngine" totalMilliseconds="14" invocations="24" avgMicrosecondsPerInvocation="597" maxMicrosecondsPerInvocation="8246" standardDeviationMicrosecondsPerInvocation="1693"/>
      <ClassProfile name="edu.umd.cs.findbugs.detect.FieldItemSummary" totalMilliseconds="12" invocations="7" avgMicrosecondsPerInvocation="1850" maxMicrosecondsPerInvocation="4482" standardDeviationMicrosecondsPerInvocation="1450"/>
      <ClassProfile name="edu.umd.cs.findbugs.util.TopologicalSort" totalMilliseconds="12" invocations="231" avgMicrosecondsPerInvocation="52" maxMicrosecondsPerInvocation="699" standardDeviationMicrosecondsPerInvocation="89"/>
      <ClassProfile name="edu.umd.cs.findbugs.OpcodeStack$JumpInfoFactory" totalMilliseconds="11" invocations="39" avgMicrosecondsPerInvocation="303" maxMicrosecondsPerInvocation="1337" standardDeviationMicrosecondsPerInvocation="350"/>
    </FindBugsProfile>
  </FindBugsSummary>
  <ClassFeatures></ClassFeatures>
  <History></History>
</BugCollection>
