<?xml version="1.0" encoding="UTF-8"?>

<BugCollection version="4.7.3" sequence="0" timestamp="1698475145642" analysisTimestamp="1698511175384" release="">
  <Project projectName="">
    <Jar>/mnt/disk3/lty/JLeaks/data/classfile/bug-322-7a7d42d20571c8af94bba1d430e812bc599f93fa07590ebefa7d01d2977c31d4.class</Jar>
  </Project>
  <Errors errors="0" missingClasses="3">
    <MissingClass>com.github.davidmoten.rx.jdbc.OperationQueryUpdate$QueryUpdateOnSubscribe</MissingClass>
    <MissingClass>org.slf4j.LoggerFactory</MissingClass>
    <MissingClass>rx.Observable</MissingClass>
  </Errors>
  <FindBugsSummary timestamp="Sat, 28 Oct 2023 14:39:05 +0800" total_classes="1" referenced_classes="10" total_bugs="0" total_size="10" num_packages="1" java_version="1.8.0_382" vm_version="25.382-b05" cpu_seconds="4.11" clock_seconds="0.54" peak_mbytes="380.20" alloc_mbytes="1820.50" gc_seconds="0.04">
    <PackageStats package="com.github.davidmoten.rx.jdbc" total_bugs="0" total_types="1" total_size="10">
      <ClassStats class="com.github.davidmoten.rx.jdbc.OperationQueryUpdate" sourceFile="OperationQueryUpdate.java" interface="false" size="10" bugs="0"/>
    </PackageStats>
    <FindBugsProfile>
      <ClassProfile name="edu.umd.cs.findbugs.classfile.engine.ClassInfoAnalysisEngine" totalMilliseconds="99" invocations="303" avgMicrosecondsPerInvocation="327" maxMicrosecondsPerInvocation="10517" standardDeviationMicrosecondsPerInvocation="845"/>
      <ClassProfile name="edu.umd.cs.findbugs.classfile.engine.bcel.MethodGenFactory" totalMilliseconds="16" invocations="4" avgMicrosecondsPerInvocation="4018" maxMicrosecondsPerInvocation="15572" standardDeviationMicrosecondsPerInvocation="6670"/>
      <ClassProfile name="edu.umd.cs.findbugs.detect.FieldItemSummary" totalMilliseconds="15" invocations="10" avgMicrosecondsPerInvocation="1580" maxMicrosecondsPerInvocation="6446" standardDeviationMicrosecondsPerInvocation="2144"/>
      <ClassProfile name="edu.umd.cs.findbugs.classfile.engine.bcel.JavaClassAnalysisEngine" totalMilliseconds="13" invocations="27" avgMicrosecondsPerInvocation="510" maxMicrosecondsPerInvocation="8423" standardDeviationMicrosecondsPerInvocation="1601"/>
      <ClassProfile name="edu.umd.cs.findbugs.util.TopologicalSort" totalMilliseconds="12" invocations="264" avgMicrosecondsPerInvocation="48" maxMicrosecondsPerInvocation="595" standardDeviationMicrosecondsPerInvocation="87"/>
      <ClassProfile name="edu.umd.cs.findbugs.OpcodeStack$JumpInfoFactory" totalMilliseconds="12" invocations="39" avgMicrosecondsPerInvocation="325" maxMicrosecondsPerInvocation="1613" standardDeviationMicrosecondsPerInvocation="340"/>
      <ClassProfile name="edu.umd.cs.findbugs.detect.FindNoSideEffectMethods" totalMilliseconds="11" invocations="10" avgMicrosecondsPerInvocation="1127" maxMicrosecondsPerInvocation="5441" standardDeviationMicrosecondsPerInvocation="1632"/>
    </FindBugsProfile>
  </FindBugsSummary>
  <ClassFeatures></ClassFeatures>
  <History></History>
</BugCollection>
