<?xml version="1.0" encoding="UTF-8"?>

<BugCollection version="4.7.3" sequence="0" timestamp="1698475160125" analysisTimestamp="1698512119781" release="">
  <Project projectName="">
    <Jar>/mnt/disk3/lty/JLeaks/data/classfile/bug-440-40bbe82590c678617fe06cb63283181bba75f69ed363c955c7a45dd3d1e81484.class</Jar>
  </Project>
  <Errors errors="0" missingClasses="6">
    <MissingClass>org.reflections.Reflections</MissingClass>
    <MissingClass>org.reflections.scanners.ResourcesScanner</MissingClass>
    <MissingClass>org.reflections.util.ClasspathHelper</MissingClass>
    <MissingClass>org.reflections.util.ConfigurationBuilder</MissingClass>
    <MissingClass>org.slf4j.Logger</MissingClass>
    <MissingClass>org.slf4j.LoggerFactory</MissingClass>
  </Errors>
  <FindBugsSummary timestamp="Sat, 28 Oct 2023 14:39:20 +0800" total_classes="1" referenced_classes="19" total_bugs="0" total_size="119" num_packages="1" java_version="1.8.0_382" vm_version="25.382-b05" cpu_seconds="6.98" clock_seconds="0.77" peak_mbytes="405.30" alloc_mbytes="1820.50" gc_seconds="0.04">
    <PackageStats package="uk.gov.gchq.gaffer.commonutil" total_bugs="0" total_types="1" total_size="119">
      <ClassStats class="uk.gov.gchq.gaffer.commonutil.StreamUtil" sourceFile="StreamUtil.java" interface="false" size="119" bugs="0"/>
    </PackageStats>
    <FindBugsProfile>
      <ClassProfile name="edu.umd.cs.findbugs.classfile.engine.ClassInfoAnalysisEngine" totalMilliseconds="117" invocations="449" avgMicrosecondsPerInvocation="262" maxMicrosecondsPerInvocation="12325" standardDeviationMicrosecondsPerInvocation="751"/>
      <ClassProfile name="edu.umd.cs.findbugs.detect.FindNoSideEffectMethods" totalMilliseconds="58" invocations="19" avgMicrosecondsPerInvocation="3066" maxMicrosecondsPerInvocation="41948" standardDeviationMicrosecondsPerInvocation="9215"/>
      <ClassProfile name="edu.umd.cs.findbugs.detect.FieldItemSummary" totalMilliseconds="29" invocations="19" avgMicrosecondsPerInvocation="1533" maxMicrosecondsPerInvocation="6607" standardDeviationMicrosecondsPerInvocation="2087"/>
      <ClassProfile name="edu.umd.cs.findbugs.OpcodeStack$JumpInfoFactory" totalMilliseconds="28" invocations="136" avgMicrosecondsPerInvocation="207" maxMicrosecondsPerInvocation="1565" standardDeviationMicrosecondsPerInvocation="256"/>
      <ClassProfile name="edu.umd.cs.findbugs.classfile.engine.bcel.MethodGenFactory" totalMilliseconds="19" invocations="30" avgMicrosecondsPerInvocation="636" maxMicrosecondsPerInvocation="16795" standardDeviationMicrosecondsPerInvocation="3003"/>
      <ClassProfile name="edu.umd.cs.findbugs.classfile.engine.bcel.JavaClassAnalysisEngine" totalMilliseconds="16" invocations="50" avgMicrosecondsPerInvocation="334" maxMicrosecondsPerInvocation="8359" standardDeviationMicrosecondsPerInvocation="1192"/>
      <ClassProfile name="edu.umd.cs.findbugs.classfile.engine.bcel.TypeDataflowFactory" totalMilliseconds="16" invocations="30" avgMicrosecondsPerInvocation="533" maxMicrosecondsPerInvocation="4586" standardDeviationMicrosecondsPerInvocation="1008"/>
      <ClassProfile name="edu.umd.cs.findbugs.classfile.engine.bcel.IsNullValueDataflowFactory" totalMilliseconds="15" invocations="30" avgMicrosecondsPerInvocation="531" maxMicrosecondsPerInvocation="6758" standardDeviationMicrosecondsPerInvocation="1366"/>
      <ClassProfile name="edu.umd.cs.findbugs.classfile.engine.bcel.ValueNumberDataflowFactory" totalMilliseconds="14" invocations="30" avgMicrosecondsPerInvocation="489" maxMicrosecondsPerInvocation="6147" standardDeviationMicrosecondsPerInvocation="1117"/>
      <ClassProfile name="edu.umd.cs.findbugs.util.TopologicalSort" totalMilliseconds="14" invocations="408" avgMicrosecondsPerInvocation="35" maxMicrosecondsPerInvocation="1105" standardDeviationMicrosecondsPerInvocation="85"/>
      <ClassProfile name="edu.umd.cs.findbugs.classfile.engine.bcel.CFGFactory" totalMilliseconds="13" invocations="30" avgMicrosecondsPerInvocation="435" maxMicrosecondsPerInvocation="6622" standardDeviationMicrosecondsPerInvocation="1182"/>
      <ClassProfile name="edu.umd.cs.findbugs.classfile.engine.bcel.UnconditionalValueDerefDataflowFactory" totalMilliseconds="12" invocations="30" avgMicrosecondsPerInvocation="426" maxMicrosecondsPerInvocation="4661" standardDeviationMicrosecondsPerInvocation="988"/>
      <ClassProfile name="edu.umd.cs.findbugs.detect.NoteDirectlyRelevantTypeQualifiers" totalMilliseconds="11" invocations="19" avgMicrosecondsPerInvocation="619" maxMicrosecondsPerInvocation="4677" standardDeviationMicrosecondsPerInvocation="1056"/>
    </FindBugsProfile>
  </FindBugsSummary>
  <ClassFeatures></ClassFeatures>
  <History></History>
</BugCollection>
