<?xml version="1.0" encoding="UTF-8"?>

<BugCollection version="4.7.3" sequence="0" timestamp="1698475171893" analysisTimestamp="1698512270587" release="">
  <Project projectName="">
    <Jar>/mnt/disk3/lty/JLeaks/data/classfile/bug-533-ef4cb346a2c02991cdd33d8db8f378da16e17b3978349b64773a3ce4990292d6.class</Jar>
  </Project>
  <Errors errors="0" missingClasses="18">
    <MissingClass>com.impossibl.postgres.api.data.ACLItem</MissingClass>
    <MissingClass>com.impossibl.postgres.jdbc.Exceptions</MissingClass>
    <MissingClass>com.impossibl.postgres.jdbc.PGConnectionImpl</MissingClass>
    <MissingClass>com.impossibl.postgres.jdbc.PGDatabaseMetaData$AttributeData</MissingClass>
    <MissingClass>com.impossibl.postgres.jdbc.PGDatabaseMetaData$ColumnData</MissingClass>
    <MissingClass>com.impossibl.postgres.jdbc.PGDriver</MissingClass>
    <MissingClass>com.impossibl.postgres.jdbc.PGPreparedStatement</MissingClass>
    <MissingClass>com.impossibl.postgres.jdbc.PGResultSet</MissingClass>
    <MissingClass>com.impossibl.postgres.jdbc.PGStatement</MissingClass>
    <MissingClass>com.impossibl.postgres.jdbc.SQLTextEscapeFunctions</MissingClass>
    <MissingClass>com.impossibl.postgres.jdbc.SQLTypeMetaData</MissingClass>
    <MissingClass>com.impossibl.postgres.protocol.ResultField</MissingClass>
    <MissingClass>com.impossibl.postgres.protocol.ResultField$Format</MissingClass>
    <MissingClass>com.impossibl.postgres.system.Version</MissingClass>
    <MissingClass>com.impossibl.postgres.types.Registry</MissingClass>
    <MissingClass>com.impossibl.postgres.types.Type</MissingClass>
    <MissingClass>com.impossibl.postgres.utils.guava.Joiner</MissingClass>
    <MissingClass>com.impossibl.postgres.utils.guava.Strings</MissingClass>
  </Errors>
  <FindBugsSummary timestamp="Sat, 28 Oct 2023 14:39:31 +0800" total_classes="1" referenced_classes="28" total_bugs="0" total_size="1259" num_packages="1" java_version="1.8.0_382" vm_version="25.382-b05" cpu_seconds="15.78" clock_seconds="1.51" peak_mbytes="462.03" alloc_mbytes="1820.50" gc_seconds="0.04">
    <PackageStats package="com.impossibl.postgres.jdbc" total_bugs="0" total_types="1" total_size="1259">
      <ClassStats class="com.impossibl.postgres.jdbc.PGDatabaseMetaData" sourceFile="PGDatabaseMetaData.java" interface="false" size="1259" bugs="0"/>
    </PackageStats>
    <FindBugsProfile>
      <ClassProfile name="edu.umd.cs.findbugs.classfile.engine.ClassInfoAnalysisEngine" totalMilliseconds="116" invocations="431" avgMicrosecondsPerInvocation="270" maxMicrosecondsPerInvocation="18675" standardDeviationMicrosecondsPerInvocation="989"/>
      <ClassProfile name="edu.umd.cs.findbugs.classfile.engine.bcel.UnconditionalValueDerefDataflowFactory" totalMilliseconds="85" invocations="186" avgMicrosecondsPerInvocation="460" maxMicrosecondsPerInvocation="13297" standardDeviationMicrosecondsPerInvocation="1786"/>
      <ClassProfile name="edu.umd.cs.findbugs.classfile.engine.bcel.IsNullValueDataflowFactory" totalMilliseconds="79" invocations="186" avgMicrosecondsPerInvocation="429" maxMicrosecondsPerInvocation="11217" standardDeviationMicrosecondsPerInvocation="1466"/>
      <ClassProfile name="edu.umd.cs.findbugs.classfile.engine.bcel.ValueNumberDataflowFactory" totalMilliseconds="70" invocations="186" avgMicrosecondsPerInvocation="381" maxMicrosecondsPerInvocation="8815" standardDeviationMicrosecondsPerInvocation="1261"/>
      <ClassProfile name="edu.umd.cs.findbugs.classfile.engine.bcel.TypeDataflowFactory" totalMilliseconds="56" invocations="186" avgMicrosecondsPerInvocation="305" maxMicrosecondsPerInvocation="5556" standardDeviationMicrosecondsPerInvocation="874"/>
      <ClassProfile name="edu.umd.cs.findbugs.ba.npe.NullDerefAndRedundantComparisonFinder" totalMilliseconds="56" invocations="186" avgMicrosecondsPerInvocation="302" maxMicrosecondsPerInvocation="8885" standardDeviationMicrosecondsPerInvocation="1108"/>
      <ClassProfile name="edu.umd.cs.findbugs.detect.FunctionsThatMightBeMistakenForProcedures" totalMilliseconds="51" invocations="28" avgMicrosecondsPerInvocation="1855" maxMicrosecondsPerInvocation="42832" standardDeviationMicrosecondsPerInvocation="7914"/>
      <ClassProfile name="edu.umd.cs.findbugs.OpcodeStack$JumpInfoFactory" totalMilliseconds="47" invocations="353" avgMicrosecondsPerInvocation="135" maxMicrosecondsPerInvocation="2272" standardDeviationMicrosecondsPerInvocation="294"/>
      <ClassProfile name="edu.umd.cs.findbugs.detect.FindOpenStream" totalMilliseconds="44" invocations="1" avgMicrosecondsPerInvocation="44581" maxMicrosecondsPerInvocation="44581" standardDeviationMicrosecondsPerInvocation="0"/>
      <ClassProfile name="edu.umd.cs.findbugs.classfile.engine.bcel.CFGFactory" totalMilliseconds="36" invocations="186" avgMicrosecondsPerInvocation="195" maxMicrosecondsPerInvocation="7401" standardDeviationMicrosecondsPerInvocation="634"/>
      <ClassProfile name="edu.umd.cs.findbugs.detect.FieldItemSummary" totalMilliseconds="34" invocations="28" avgMicrosecondsPerInvocation="1227" maxMicrosecondsPerInvocation="6420" standardDeviationMicrosecondsPerInvocation="1857"/>
      <ClassProfile name="edu.umd.cs.findbugs.detect.FindRefComparison$SpecialTypeAnalysis" totalMilliseconds="33" invocations="55" avgMicrosecondsPerInvocation="615" maxMicrosecondsPerInvocation="7258" standardDeviationMicrosecondsPerInvocation="1311"/>
      <ClassProfile name="edu.umd.cs.findbugs.classfile.engine.bcel.MethodGenFactory" totalMilliseconds="27" invocations="186" avgMicrosecondsPerInvocation="147" maxMicrosecondsPerInvocation="17033" standardDeviationMicrosecondsPerInvocation="1248"/>
      <ClassProfile name="edu.umd.cs.findbugs.detect.FindNoSideEffectMethods" totalMilliseconds="25" invocations="28" avgMicrosecondsPerInvocation="900" maxMicrosecondsPerInvocation="5420" standardDeviationMicrosecondsPerInvocation="1429"/>
      <ClassProfile name="edu.umd.cs.findbugs.classfile.engine.bcel.JavaClassAnalysisEngine" totalMilliseconds="18" invocations="64" avgMicrosecondsPerInvocation="290" maxMicrosecondsPerInvocation="9097" standardDeviationMicrosecondsPerInvocation="1150"/>
      <ClassProfile name="edu.umd.cs.findbugs.classfile.engine.bcel.ConstantDataflowFactory" totalMilliseconds="16" invocations="186" avgMicrosecondsPerInvocation="89" maxMicrosecondsPerInvocation="3346" standardDeviationMicrosecondsPerInvocation="358"/>
      <ClassProfile name="edu.umd.cs.findbugs.util.TopologicalSort" totalMilliseconds="15" invocations="373" avgMicrosecondsPerInvocation="42" maxMicrosecondsPerInvocation="2038" standardDeviationMicrosecondsPerInvocation="121"/>
      <ClassProfile name="edu.umd.cs.findbugs.detect.NoteDirectlyRelevantTypeQualifiers" totalMilliseconds="15" invocations="28" avgMicrosecondsPerInvocation="539" maxMicrosecondsPerInvocation="4615" standardDeviationMicrosecondsPerInvocation="1051"/>
      <ClassProfile name="edu.umd.cs.findbugs.detect.CalledMethods" totalMilliseconds="13" invocations="28" avgMicrosecondsPerInvocation="487" maxMicrosecondsPerInvocation="5261" standardDeviationMicrosecondsPerInvocation="1160"/>
      <ClassProfile name="edu.umd.cs.findbugs.detect.FindUselessObjects" totalMilliseconds="13" invocations="1" avgMicrosecondsPerInvocation="13391" maxMicrosecondsPerInvocation="13391" standardDeviationMicrosecondsPerInvocation="0"/>
      <ClassProfile name="edu.umd.cs.findbugs.detect.FindDeadLocalStores" totalMilliseconds="13" invocations="1" avgMicrosecondsPerInvocation="13092" maxMicrosecondsPerInvocation="13092" standardDeviationMicrosecondsPerInvocation="0"/>
      <ClassProfile name="edu.umd.cs.findbugs.classfile.engine.bcel.ValueRangeAnalysisFactory" totalMilliseconds="12" invocations="186" avgMicrosecondsPerInvocation="68" maxMicrosecondsPerInvocation="2795" standardDeviationMicrosecondsPerInvocation="281"/>
      <ClassProfile name="edu.umd.cs.findbugs.detect.LoadOfKnownNullValue" totalMilliseconds="11" invocations="1" avgMicrosecondsPerInvocation="11980" maxMicrosecondsPerInvocation="11980" standardDeviationMicrosecondsPerInvocation="0"/>
      <ClassProfile name="edu.umd.cs.findbugs.detect.OverridingEqualsNotSymmetrical" totalMilliseconds="11" invocations="28" avgMicrosecondsPerInvocation="414" maxMicrosecondsPerInvocation="6199" standardDeviationMicrosecondsPerInvocation="1146"/>
      <ClassProfile name="edu.umd.cs.findbugs.detect.BuildObligationPolicyDatabase" totalMilliseconds="11" invocations="28" avgMicrosecondsPerInvocation="403" maxMicrosecondsPerInvocation="1506" standardDeviationMicrosecondsPerInvocation="472"/>
      <ClassProfile name="edu.umd.cs.findbugs.classfile.engine.ClassDataAnalysisEngine" totalMilliseconds="11" invocations="433" avgMicrosecondsPerInvocation="25" maxMicrosecondsPerInvocation="436" standardDeviationMicrosecondsPerInvocation="34"/>
    </FindBugsProfile>
  </FindBugsSummary>
  <ClassFeatures></ClassFeatures>
  <History></History>
</BugCollection>
