<?xml version="1.0" encoding="UTF-8"?>

<BugCollection version="4.7.3" sequence="0" timestamp="1698475131043" analysisTimestamp="1698509472409" release="">
  <Project projectName="">
    <Jar>/mnt/disk3/lty/JLeaks/data/classfile/bug-197-b27ed80074c4447bcd307b8e5d030640d2537ee5286af665c73949cece97fdfe.class</Jar>
  </Project>
  <Errors errors="0" missingClasses="6">
    <MissingClass>org.apache.commons.logging.Log</MissingClass>
    <MissingClass>org.apache.commons.logging.LogFactory</MissingClass>
    <MissingClass>org.apache.hadoop.mapreduce.RecordWriter</MissingClass>
    <MissingClass>org.apache.hadoop.mapreduce.lib.db.DBWritable</MissingClass>
    <MissingClass>org.apache.phoenix.mapreduce.util.ConnectionUtil</MissingClass>
    <MissingClass>org.apache.phoenix.mapreduce.util.PhoenixConfigurationUtil</MissingClass>
  </Errors>
  <FindBugsSummary timestamp="Sat, 28 Oct 2023 14:38:51 +0800" total_classes="1" referenced_classes="14" total_bugs="0" total_size="46" num_packages="1" java_version="1.8.0_382" vm_version="25.382-b05" cpu_seconds="31.82" clock_seconds="3.71" peak_mbytes="381.55" alloc_mbytes="1820.50" gc_seconds="0.22">
    <PackageStats package="org.apache.phoenix.mapreduce" total_bugs="0" total_types="1" total_size="46">
      <ClassStats class="org.apache.phoenix.mapreduce.PhoenixRecordWriter" sourceFile="PhoenixRecordWriter.java" interface="false" size="46" bugs="0"/>
    </PackageStats>
    <FindBugsProfile>
      <ClassProfile name="edu.umd.cs.findbugs.classfile.engine.ClassInfoAnalysisEngine" totalMilliseconds="522" invocations="399" avgMicrosecondsPerInvocation="1310" maxMicrosecondsPerInvocation="53083" standardDeviationMicrosecondsPerInvocation="3300"/>
      <ClassProfile name="edu.umd.cs.findbugs.detect.OverridingEqualsNotSymmetrical" totalMilliseconds="279" invocations="14" avgMicrosecondsPerInvocation="19988" maxMicrosecondsPerInvocation="230232" standardDeviationMicrosecondsPerInvocation="58820"/>
      <ClassProfile name="edu.umd.cs.findbugs.detect.FieldItemSummary" totalMilliseconds="133" invocations="14" avgMicrosecondsPerInvocation="9551" maxMicrosecondsPerInvocation="30648" standardDeviationMicrosecondsPerInvocation="11402"/>
      <ClassProfile name="edu.umd.cs.findbugs.classfile.engine.bcel.MethodGenFactory" totalMilliseconds="105" invocations="6" avgMicrosecondsPerInvocation="17518" maxMicrosecondsPerInvocation="96704" standardDeviationMicrosecondsPerInvocation="35425"/>
      <ClassProfile name="edu.umd.cs.findbugs.OpcodeStack$JumpInfoFactory" totalMilliseconds="95" invocations="80" avgMicrosecondsPerInvocation="1196" maxMicrosecondsPerInvocation="9720" standardDeviationMicrosecondsPerInvocation="1526"/>
      <ClassProfile name="edu.umd.cs.findbugs.classfile.engine.bcel.JavaClassAnalysisEngine" totalMilliseconds="87" invocations="39" avgMicrosecondsPerInvocation="2237" maxMicrosecondsPerInvocation="47681" standardDeviationMicrosecondsPerInvocation="7686"/>
      <ClassProfile name="edu.umd.cs.findbugs.detect.FindNoSideEffectMethods" totalMilliseconds="84" invocations="14" avgMicrosecondsPerInvocation="6002" maxMicrosecondsPerInvocation="19516" standardDeviationMicrosecondsPerInvocation="5650"/>
      <ClassProfile name="edu.umd.cs.findbugs.classfile.engine.ClassDataAnalysisEngine" totalMilliseconds="83" invocations="403" avgMicrosecondsPerInvocation="205" maxMicrosecondsPerInvocation="4162" standardDeviationMicrosecondsPerInvocation="256"/>
      <ClassProfile name="edu.umd.cs.findbugs.util.TopologicalSort" totalMilliseconds="75" invocations="358" avgMicrosecondsPerInvocation="211" maxMicrosecondsPerInvocation="2833" standardDeviationMicrosecondsPerInvocation="351"/>
      <ClassProfile name="edu.umd.cs.findbugs.classfile.engine.bcel.ValueNumberDataflowFactory" totalMilliseconds="70" invocations="7" avgMicrosecondsPerInvocation="10032" maxMicrosecondsPerInvocation="40680" standardDeviationMicrosecondsPerInvocation="12964"/>
      <ClassProfile name="edu.umd.cs.findbugs.classfile.engine.bcel.TypeDataflowFactory" totalMilliseconds="68" invocations="7" avgMicrosecondsPerInvocation="9786" maxMicrosecondsPerInvocation="32288" standardDeviationMicrosecondsPerInvocation="9806"/>
      <ClassProfile name="edu.umd.cs.findbugs.classfile.engine.bcel.CFGFactory" totalMilliseconds="66" invocations="6" avgMicrosecondsPerInvocation="11112" maxMicrosecondsPerInvocation="43745" standardDeviationMicrosecondsPerInvocation="14961"/>
      <ClassProfile name="edu.umd.cs.findbugs.classfile.engine.bcel.IsNullValueDataflowFactory" totalMilliseconds="63" invocations="6" avgMicrosecondsPerInvocation="10584" maxMicrosecondsPerInvocation="34414" standardDeviationMicrosecondsPerInvocation="11499"/>
      <ClassProfile name="edu.umd.cs.findbugs.detect.FunctionsThatMightBeMistakenForProcedures" totalMilliseconds="51" invocations="14" avgMicrosecondsPerInvocation="3677" maxMicrosecondsPerInvocation="29117" standardDeviationMicrosecondsPerInvocation="7557"/>
      <ClassProfile name="edu.umd.cs.findbugs.detect.NoteDirectlyRelevantTypeQualifiers" totalMilliseconds="49" invocations="14" avgMicrosecondsPerInvocation="3554" maxMicrosecondsPerInvocation="17638" standardDeviationMicrosecondsPerInvocation="4873"/>
      <ClassProfile name="edu.umd.cs.findbugs.detect.EqualsOperandShouldHaveClassCompatibleWithThis" totalMilliseconds="39" invocations="14" avgMicrosecondsPerInvocation="2839" maxMicrosecondsPerInvocation="21452" standardDeviationMicrosecondsPerInvocation="5750"/>
      <ClassProfile name="edu.umd.cs.findbugs.detect.FindSqlInjection" totalMilliseconds="39" invocations="1" avgMicrosecondsPerInvocation="39104" maxMicrosecondsPerInvocation="39104" standardDeviationMicrosecondsPerInvocation="0"/>
      <ClassProfile name="edu.umd.cs.findbugs.classfile.engine.bcel.UnconditionalValueDerefDataflowFactory" totalMilliseconds="36" invocations="6" avgMicrosecondsPerInvocation="6106" maxMicrosecondsPerInvocation="20961" standardDeviationMicrosecondsPerInvocation="7108"/>
    </FindBugsProfile>
  </FindBugsSummary>
  <ClassFeatures></ClassFeatures>
  <History></History>
</BugCollection>
