<?xml version="1.0" encoding="UTF-8"?>

<BugCollection version="4.7.3" sequence="0" timestamp="1698475152426" analysisTimestamp="1698511947591" release="">
  <Project projectName="">
    <Jar>/mnt/disk3/lty/JLeaks/data/classfile/bug-378-7c6029c4816d8910d459dcc8b8056238639f7d305b88583e0955783478c7b6b4.class</Jar>
  </Project>
  <BugInstance type="OS_OPEN_STREAM_EXCEPTION_PATH" priority="3" rank="19" abbrev="OS" category="BAD_PRACTICE">
    <Class classname="org.eclipse.collections.codegenerator.tools.FileUtils">
      <SourceLine classname="org.eclipse.collections.codegenerator.tools.FileUtils" start="30" end="188" sourcefile="FileUtils.java" sourcepath="org/eclipse/collections/codegenerator/tools/FileUtils.java"/>
    </Class>
    <Method classname="org.eclipse.collections.codegenerator.tools.FileUtils" name="recurse" signature="(Ljava/io/File;Ljava/io/File;Ljava/util/List;Ljava/lang/String;)V" isStatic="true">
      <SourceLine classname="org.eclipse.collections.codegenerator.tools.FileUtils" start="116" end="145" startBytecode="0" endBytecode="81" sourcefile="FileUtils.java" sourcepath="org/eclipse/collections/codegenerator/tools/FileUtils.java"/>
    </Method>
    <Type descriptor="Ljava/io/InputStream;" role="TYPE_CLOSEIT">
      <SourceLine classname="java.io.InputStream" start="45" end="364" sourcefile="InputStream.java" sourcepath="java/io/InputStream.java"/>
    </Type>
    <SourceLine classname="org.eclipse.collections.codegenerator.tools.FileUtils" start="131" end="131" startBytecode="73" endBytecode="73" sourcefile="FileUtils.java" sourcepath="org/eclipse/collections/codegenerator/tools/FileUtils.java"/>
  </BugInstance>
  <BugInstance type="OS_OPEN_STREAM_EXCEPTION_PATH" priority="3" rank="19" abbrev="OS" category="BAD_PRACTICE">
    <Class classname="org.eclipse.collections.codegenerator.tools.FileUtils">
      <SourceLine classname="org.eclipse.collections.codegenerator.tools.FileUtils" start="30" end="188" sourcefile="FileUtils.java" sourcepath="org/eclipse/collections/codegenerator/tools/FileUtils.java"/>
    </Class>
    <Method classname="org.eclipse.collections.codegenerator.tools.FileUtils" name="recurseURL" signature="(Ljava/net/URL;Ljava/util/List;Ljava/lang/String;)V" isStatic="true">
      <SourceLine classname="org.eclipse.collections.codegenerator.tools.FileUtils" start="99" end="112" startBytecode="0" endBytecode="36" sourcefile="FileUtils.java" sourcepath="org/eclipse/collections/codegenerator/tools/FileUtils.java"/>
    </Method>
    <Type descriptor="Ljava/io/InputStream;" role="TYPE_CLOSEIT">
      <SourceLine classname="java.io.InputStream" start="45" end="364" sourcefile="InputStream.java" sourcepath="java/io/InputStream.java"/>
    </Type>
    <SourceLine classname="org.eclipse.collections.codegenerator.tools.FileUtils" start="107" end="107" startBytecode="54" endBytecode="54" sourcefile="FileUtils.java" sourcepath="org/eclipse/collections/codegenerator/tools/FileUtils.java"/>
  </BugInstance>
  <BugInstance type="OS_OPEN_STREAM_EXCEPTION_PATH" priority="3" rank="19" abbrev="OS" category="BAD_PRACTICE">
    <Class classname="org.eclipse.collections.codegenerator.tools.FileUtils">
      <SourceLine classname="org.eclipse.collections.codegenerator.tools.FileUtils" start="30" end="188" sourcefile="FileUtils.java" sourcepath="org/eclipse/collections/codegenerator/tools/FileUtils.java"/>
    </Class>
    <Method classname="org.eclipse.collections.codegenerator.tools.FileUtils" name="writeToFile" signature="(Ljava/lang/String;Ljava/io/File;Z)V" isStatic="true">
      <SourceLine classname="org.eclipse.collections.codegenerator.tools.FileUtils" start="36" end="78" startBytecode="0" endBytecode="118" sourcefile="FileUtils.java" sourcepath="org/eclipse/collections/codegenerator/tools/FileUtils.java"/>
    </Method>
    <Type descriptor="Ljava/io/Writer;" role="TYPE_CLOSEIT">
      <SourceLine classname="java.io.Writer" start="50" end="294" sourcefile="Writer.java" sourcepath="java/io/Writer.java"/>
    </Type>
    <SourceLine classname="org.eclipse.collections.codegenerator.tools.FileUtils" start="45" end="45" startBytecode="37" endBytecode="37" sourcefile="FileUtils.java" sourcepath="org/eclipse/collections/codegenerator/tools/FileUtils.java"/>
  </BugInstance>
  <Errors errors="0" missingClasses="0"></Errors>
  <FindBugsSummary timestamp="Sat, 28 Oct 2023 14:39:12 +0800" total_classes="1" referenced_classes="33" total_bugs="3" total_size="80" num_packages="1" java_version="1.8.0_382" vm_version="25.382-b05" cpu_seconds="7.66" clock_seconds="0.81" peak_mbytes="406.97" alloc_mbytes="1820.50" gc_seconds="0.04" priority_3="3">
    <PackageStats package="org.eclipse.collections.codegenerator.tools" total_bugs="3" total_types="1" total_size="80" priority_3="3">
      <ClassStats class="org.eclipse.collections.codegenerator.tools.FileUtils" sourceFile="FileUtils.java" interface="false" size="80" bugs="3" priority_3="3"/>
    </PackageStats>
    <FindBugsProfile>
      <ClassProfile name="edu.umd.cs.findbugs.classfile.engine.ClassInfoAnalysisEngine" totalMilliseconds="122" invocations="484" avgMicrosecondsPerInvocation="253" maxMicrosecondsPerInvocation="11277" standardDeviationMicrosecondsPerInvocation="672"/>
      <ClassProfile name="edu.umd.cs.findbugs.detect.NoteDirectlyRelevantTypeQualifiers" totalMilliseconds="55" invocations="33" avgMicrosecondsPerInvocation="1679" maxMicrosecondsPerInvocation="43631" standardDeviationMicrosecondsPerInvocation="7455"/>
      <ClassProfile name="edu.umd.cs.findbugs.detect.FieldItemSummary" totalMilliseconds="32" invocations="33" avgMicrosecondsPerInvocation="989" maxMicrosecondsPerInvocation="6421" standardDeviationMicrosecondsPerInvocation="1393"/>
      <ClassProfile name="edu.umd.cs.findbugs.detect.FindNoSideEffectMethods" totalMilliseconds="27" invocations="33" avgMicrosecondsPerInvocation="847" maxMicrosecondsPerInvocation="3569" standardDeviationMicrosecondsPerInvocation="1077"/>
      <ClassProfile name="edu.umd.cs.findbugs.OpcodeStack$JumpInfoFactory" totalMilliseconds="25" invocations="135" avgMicrosecondsPerInvocation="186" maxMicrosecondsPerInvocation="1571" standardDeviationMicrosecondsPerInvocation="207"/>
      <ClassProfile name="edu.umd.cs.findbugs.classfile.engine.bcel.TypeDataflowFactory" totalMilliseconds="19" invocations="12" avgMicrosecondsPerInvocation="1612" maxMicrosecondsPerInvocation="5066" standardDeviationMicrosecondsPerInvocation="1646"/>
      <ClassProfile name="edu.umd.cs.findbugs.classfile.engine.bcel.MethodGenFactory" totalMilliseconds="18" invocations="9" avgMicrosecondsPerInvocation="2051" maxMicrosecondsPerInvocation="15892" standardDeviationMicrosecondsPerInvocation="4907"/>
      <ClassProfile name="edu.umd.cs.findbugs.classfile.engine.bcel.JavaClassAnalysisEngine" totalMilliseconds="18" invocations="62" avgMicrosecondsPerInvocation="292" maxMicrosecondsPerInvocation="8279" standardDeviationMicrosecondsPerInvocation="1062"/>
      <ClassProfile name="edu.umd.cs.findbugs.classfile.engine.bcel.IsNullValueDataflowFactory" totalMilliseconds="18" invocations="9" avgMicrosecondsPerInvocation="2006" maxMicrosecondsPerInvocation="6238" standardDeviationMicrosecondsPerInvocation="1752"/>
      <ClassProfile name="edu.umd.cs.findbugs.classfile.engine.bcel.ValueNumberDataflowFactory" totalMilliseconds="16" invocations="12" avgMicrosecondsPerInvocation="1380" maxMicrosecondsPerInvocation="6752" standardDeviationMicrosecondsPerInvocation="1884"/>
      <ClassProfile name="edu.umd.cs.findbugs.util.TopologicalSort" totalMilliseconds="15" invocations="449" avgMicrosecondsPerInvocation="34" maxMicrosecondsPerInvocation="611" standardDeviationMicrosecondsPerInvocation="66"/>
      <ClassProfile name="edu.umd.cs.findbugs.classfile.engine.bcel.CFGFactory" totalMilliseconds="13" invocations="9" avgMicrosecondsPerInvocation="1526" maxMicrosecondsPerInvocation="7028" standardDeviationMicrosecondsPerInvocation="2189"/>
      <ClassProfile name="edu.umd.cs.findbugs.classfile.engine.bcel.UnconditionalValueDerefDataflowFactory" totalMilliseconds="12" invocations="9" avgMicrosecondsPerInvocation="1408" maxMicrosecondsPerInvocation="3509" standardDeviationMicrosecondsPerInvocation="1143"/>
      <ClassProfile name="edu.umd.cs.findbugs.detect.FindOpenStream" totalMilliseconds="12" invocations="1" avgMicrosecondsPerInvocation="12591" maxMicrosecondsPerInvocation="12591" standardDeviationMicrosecondsPerInvocation="0"/>
      <ClassProfile name="edu.umd.cs.findbugs.classfile.engine.ClassDataAnalysisEngine" totalMilliseconds="11" invocations="487" avgMicrosecondsPerInvocation="22" maxMicrosecondsPerInvocation="451" standardDeviationMicrosecondsPerInvocation="32"/>
      <ClassProfile name="edu.umd.cs.findbugs.detect.OverridingEqualsNotSymmetrical" totalMilliseconds="11" invocations="33" avgMicrosecondsPerInvocation="334" maxMicrosecondsPerInvocation="6120" standardDeviationMicrosecondsPerInvocation="1040"/>
    </FindBugsProfile>
  </FindBugsSummary>
  <ClassFeatures></ClassFeatures>
  <History></History>
</BugCollection>
