<?xml version="1.0" encoding="UTF-8"?>

<BugCollection version="4.7.3" sequence="0" timestamp="1698475192752" analysisTimestamp="1698513445023" release="">
  <Project projectName="">
    <Jar>/mnt/disk3/lty/JLeaks/data/classfile/bug-688-9b2eb95875c95712aede1f4292c7f4e43d7fc9b5f7d851cec22203594c074331.class</Jar>
  </Project>
  <Errors errors="0" missingClasses="25">
    <MissingClass>com.linecorp.armeria.client.ClientDecoration</MissingClass>
    <MissingClass>com.linecorp.armeria.client.ClientOption</MissingClass>
    <MissingClass>com.linecorp.armeria.client.ClientOptions</MissingClass>
    <MissingClass>com.linecorp.armeria.client.Clients</MissingClass>
    <MissingClass>com.linecorp.armeria.client.WebClient</MissingClass>
    <MissingClass>com.linecorp.armeria.client.grpc.protocol.UnaryGrpcClient$GrpcFramingDecorator</MissingClass>
    <MissingClass>com.linecorp.armeria.common.AggregatedHttpResponse</MissingClass>
    <MissingClass>com.linecorp.armeria.common.HttpData</MissingClass>
    <MissingClass>com.linecorp.armeria.common.HttpHeaderNames</MissingClass>
    <MissingClass>com.linecorp.armeria.common.HttpHeaders</MissingClass>
    <MissingClass>com.linecorp.armeria.common.HttpMethod</MissingClass>
    <MissingClass>com.linecorp.armeria.common.HttpRequest</MissingClass>
    <MissingClass>com.linecorp.armeria.common.HttpResponse</MissingClass>
    <MissingClass>com.linecorp.armeria.common.HttpStatus</MissingClass>
    <MissingClass>com.linecorp.armeria.common.MediaType</MissingClass>
    <MissingClass>com.linecorp.armeria.common.RequestHeaders</MissingClass>
    <MissingClass>com.linecorp.armeria.common.RequestHeadersBuilder</MissingClass>
    <MissingClass>com.linecorp.armeria.common.ResponseHeaders</MissingClass>
    <MissingClass>com.linecorp.armeria.common.SerializationFormat</MissingClass>
    <MissingClass>com.linecorp.armeria.common.grpc.protocol.ArmeriaStatusException</MissingClass>
    <MissingClass>com.linecorp.armeria.common.grpc.protocol.GrpcHeaderNames</MissingClass>
    <MissingClass>com.linecorp.armeria.common.grpc.protocol.StatusMessageEscaper</MissingClass>
    <MissingClass>com.linecorp.armeria.internal.common.grpc.protocol.UnaryGrpcSerializationFormats</MissingClass>
    <MissingClass>io.netty.handler.codec.http.HttpHeaderValues</MissingClass>
    <MissingClass>io.netty.util.AsciiString</MissingClass>
  </Errors>
  <FindBugsSummary timestamp="Sat, 28 Oct 2023 14:39:52 +0800" total_classes="1" referenced_classes="21" total_bugs="0" total_size="44" num_packages="1" java_version="1.8.0_382" vm_version="25.382-b05" cpu_seconds="6.85" clock_seconds="0.75" peak_mbytes="391.63" alloc_mbytes="1820.50" gc_seconds="0.04">
    <PackageStats package="com.linecorp.armeria.client.grpc.protocol" total_bugs="0" total_types="1" total_size="44">
      <ClassStats class="com.linecorp.armeria.client.grpc.protocol.UnaryGrpcClient" sourceFile="UnaryGrpcClient.java" interface="false" size="44" bugs="0"/>
    </PackageStats>
    <FindBugsProfile>
      <ClassProfile name="edu.umd.cs.findbugs.classfile.engine.ClassInfoAnalysisEngine" totalMilliseconds="139" invocations="435" avgMicrosecondsPerInvocation="320" maxMicrosecondsPerInvocation="12967" standardDeviationMicrosecondsPerInvocation="823"/>
      <ClassProfile name="edu.umd.cs.findbugs.detect.FindNoSideEffectMethods" totalMilliseconds="68" invocations="21" avgMicrosecondsPerInvocation="3245" maxMicrosecondsPerInvocation="50250" standardDeviationMicrosecondsPerInvocation="10546"/>
      <ClassProfile name="edu.umd.cs.findbugs.detect.FieldItemSummary" totalMilliseconds="32" invocations="21" avgMicrosecondsPerInvocation="1544" maxMicrosecondsPerInvocation="7329" standardDeviationMicrosecondsPerInvocation="1993"/>
      <ClassProfile name="edu.umd.cs.findbugs.classfile.engine.bcel.JavaClassAnalysisEngine" totalMilliseconds="19" invocations="63" avgMicrosecondsPerInvocation="317" maxMicrosecondsPerInvocation="9111" standardDeviationMicrosecondsPerInvocation="1193"/>
      <ClassProfile name="edu.umd.cs.findbugs.classfile.engine.bcel.MethodGenFactory" totalMilliseconds="18" invocations="7" avgMicrosecondsPerInvocation="2598" maxMicrosecondsPerInvocation="16630" standardDeviationMicrosecondsPerInvocation="5732"/>
      <ClassProfile name="edu.umd.cs.findbugs.OpcodeStack$JumpInfoFactory" totalMilliseconds="17" invocations="91" avgMicrosecondsPerInvocation="193" maxMicrosecondsPerInvocation="1683" standardDeviationMicrosecondsPerInvocation="248"/>
      <ClassProfile name="edu.umd.cs.findbugs.util.TopologicalSort" totalMilliseconds="16" invocations="371" avgMicrosecondsPerInvocation="43" maxMicrosecondsPerInvocation="759" standardDeviationMicrosecondsPerInvocation="87"/>
      <ClassProfile name="edu.umd.cs.findbugs.detect.NoteDirectlyRelevantTypeQualifiers" totalMilliseconds="13" invocations="21" avgMicrosecondsPerInvocation="636" maxMicrosecondsPerInvocation="5563" standardDeviationMicrosecondsPerInvocation="1198"/>
      <ClassProfile name="edu.umd.cs.findbugs.classfile.engine.bcel.IsNullValueDataflowFactory" totalMilliseconds="12" invocations="7" avgMicrosecondsPerInvocation="1848" maxMicrosecondsPerInvocation="6891" standardDeviationMicrosecondsPerInvocation="2165"/>
      <ClassProfile name="edu.umd.cs.findbugs.detect.FunctionsThatMightBeMistakenForProcedures" totalMilliseconds="12" invocations="21" avgMicrosecondsPerInvocation="600" maxMicrosecondsPerInvocation="5153" standardDeviationMicrosecondsPerInvocation="1109"/>
      <ClassProfile name="edu.umd.cs.findbugs.classfile.engine.ClassDataAnalysisEngine" totalMilliseconds="12" invocations="438" avgMicrosecondsPerInvocation="28" maxMicrosecondsPerInvocation="963" standardDeviationMicrosecondsPerInvocation="60"/>
      <ClassProfile name="edu.umd.cs.findbugs.detect.OverridingEqualsNotSymmetrical" totalMilliseconds="12" invocations="21" avgMicrosecondsPerInvocation="578" maxMicrosecondsPerInvocation="7217" standardDeviationMicrosecondsPerInvocation="1523"/>
      <ClassProfile name="edu.umd.cs.findbugs.classfile.engine.bcel.ValueNumberDataflowFactory" totalMilliseconds="11" invocations="7" avgMicrosecondsPerInvocation="1585" maxMicrosecondsPerInvocation="6633" standardDeviationMicrosecondsPerInvocation="2124"/>
    </FindBugsProfile>
  </FindBugsSummary>
  <ClassFeatures></ClassFeatures>
  <History></History>
</BugCollection>
