<?xml version="1.0" encoding="UTF-8"?>

<BugCollection version="4.7.3" sequence="0" timestamp="1698475242026" analysisTimestamp="1698520560966" release="">
  <Project projectName="">
    <Jar>/mnt/disk3/lty/JLeaks/data/classfile/bug-1024-17cdafbf051d367e930a98863fb6b09702f9cc1fb47ced086348b42bf407b68d.class</Jar>
  </Project>
  <BugInstance type="OBL_UNSATISFIED_OBLIGATION_EXCEPTION_EDGE" priority="2" rank="20" abbrev="OBL" category="EXPERIMENTAL">
    <Class classname="fitnesse.wiki.fs.ZipFileVersionsController">
      <SourceLine classname="fitnesse.wiki.fs.ZipFileVersionsController" start="20" end="251" sourcefile="ZipFileVersionsController.java" sourcepath="fitnesse/wiki/fs/ZipFileVersionsController.java"/>
    </Class>
    <Method classname="fitnesse.wiki.fs.ZipFileVersionsController" name="addToZip" signature="(Ljava/io/File;Ljava/util/zip/ZipOutputStream;)V" isStatic="false">
      <SourceLine classname="fitnesse.wiki.fs.ZipFileVersionsController" start="173" end="185" startBytecode="0" endBytecode="198" sourcefile="ZipFileVersionsController.java" sourcepath="fitnesse/wiki/fs/ZipFileVersionsController.java"/>
    </Method>
    <Class classname="java.io.InputStream" role="CLASS_REFTYPE">
      <SourceLine classname="java.io.InputStream" start="45" end="364" sourcefile="InputStream.java" sourcepath="java/io/InputStream.java"/>
    </Class>
    <Int value="1" role="INT_OBLIGATIONS_REMAINING"/>
    <SourceLine classname="fitnesse.wiki.fs.ZipFileVersionsController" start="173" end="173" startBytecode="5" endBytecode="5" sourcefile="ZipFileVersionsController.java" sourcepath="fitnesse/wiki/fs/ZipFileVersionsController.java" role="SOURCE_LINE_OBLIGATION_CREATED"/>
    <SourceLine classname="fitnesse.wiki.fs.ZipFileVersionsController" start="177" end="177" startBytecode="9" endBytecode="9" sourcefile="ZipFileVersionsController.java" sourcepath="fitnesse/wiki/fs/ZipFileVersionsController.java" role="SOURCE_LINE_PATH_CONTINUES"/>
    <SourceLine classname="fitnesse.wiki.fs.ZipFileVersionsController" start="178" end="178" startBytecode="48" endBytecode="48" sourcefile="ZipFileVersionsController.java" sourcepath="fitnesse/wiki/fs/ZipFileVersionsController.java" role="SOURCE_LINE_PATH_CONTINUES"/>
    <SourceLine classname="fitnesse.wiki.fs.ZipFileVersionsController" start="179" end="179" startBytecode="61" endBytecode="61" sourcefile="ZipFileVersionsController.java" sourcepath="fitnesse/wiki/fs/ZipFileVersionsController.java" role="SOURCE_LINE_PATH_CONTINUES"/>
    <String value="{InputStream x 1}" role="STRING_REMAINING_OBLIGATIONS"/>
  </BugInstance>
  <BugInstance type="OS_OPEN_STREAM_EXCEPTION_PATH" priority="3" rank="19" abbrev="OS" category="BAD_PRACTICE">
    <Class classname="fitnesse.wiki.fs.ZipFileVersionsController">
      <SourceLine classname="fitnesse.wiki.fs.ZipFileVersionsController" start="20" end="251" sourcefile="ZipFileVersionsController.java" sourcepath="fitnesse/wiki/fs/ZipFileVersionsController.java"/>
    </Class>
    <Method classname="fitnesse.wiki.fs.ZipFileVersionsController" name="addToZip" signature="(Ljava/io/File;Ljava/util/zip/ZipOutputStream;)V" isStatic="false">
      <SourceLine classname="fitnesse.wiki.fs.ZipFileVersionsController" start="173" end="185" startBytecode="0" endBytecode="48" sourcefile="ZipFileVersionsController.java" sourcepath="fitnesse/wiki/fs/ZipFileVersionsController.java"/>
    </Method>
    <Type descriptor="Ljava/io/InputStream;" role="TYPE_CLOSEIT">
      <SourceLine classname="java.io.InputStream" start="45" end="364" sourcefile="InputStream.java" sourcepath="java/io/InputStream.java"/>
    </Type>
    <SourceLine classname="fitnesse.wiki.fs.ZipFileVersionsController" start="173" end="173" startBytecode="0" endBytecode="0" sourcefile="ZipFileVersionsController.java" sourcepath="fitnesse/wiki/fs/ZipFileVersionsController.java"/>
  </BugInstance>
  <Errors errors="0" missingClasses="11">
    <MissingClass>fitnesse.ConfigurationParameter</MissingClass>
    <MissingClass>fitnesse.wiki.NoSuchVersionException</MissingClass>
    <MissingClass>fitnesse.wiki.VersionInfo</MissingClass>
    <MissingClass>fitnesse.wiki.WikiImportProperty</MissingClass>
    <MissingClass>fitnesse.wiki.fs.DiskFileSystem</MissingClass>
    <MissingClass>fitnesse.wiki.fs.FileVersion</MissingClass>
    <MissingClass>fitnesse.wiki.fs.SimpleFileVersionsController</MissingClass>
    <MissingClass>fitnesse.wiki.fs.VersionsController</MissingClass>
    <MissingClass>fitnesse.wiki.fs.ZipFileVersionInfo</MissingClass>
    <MissingClass>fitnesse.wiki.fs.ZipFileVersionsController$ZipFileVersion</MissingClass>
    <MissingClass>util.FileUtil</MissingClass>
  </Errors>
  <FindBugsSummary timestamp="Sat, 28 Oct 2023 14:40:42 +0800" total_classes="1" referenced_classes="39" total_bugs="2" total_size="163" num_packages="1" java_version="1.8.0_382" vm_version="25.382-b05" cpu_seconds="10.15" clock_seconds="1.00" peak_mbytes="409.78" alloc_mbytes="1820.50" gc_seconds="0.04" priority_3="1" priority_2="1">
    <PackageStats package="fitnesse.wiki.fs" total_bugs="2" total_types="1" total_size="163" priority_3="1" priority_2="1">
      <ClassStats class="fitnesse.wiki.fs.ZipFileVersionsController" sourceFile="ZipFileVersionsController.java" interface="false" size="163" bugs="2" priority_3="1" priority_2="1"/>
    </PackageStats>
    <FindBugsProfile>
      <ClassProfile name="edu.umd.cs.findbugs.classfile.engine.ClassInfoAnalysisEngine" totalMilliseconds="140" invocations="612" avgMicrosecondsPerInvocation="229" maxMicrosecondsPerInvocation="12791" standardDeviationMicrosecondsPerInvocation="662"/>
      <ClassProfile name="edu.umd.cs.findbugs.detect.FindNoSideEffectMethods" totalMilliseconds="80" invocations="39" avgMicrosecondsPerInvocation="2065" maxMicrosecondsPerInvocation="45741" standardDeviationMicrosecondsPerInvocation="7188"/>
      <ClassProfile name="edu.umd.cs.findbugs.detect.FieldItemSummary" totalMilliseconds="44" invocations="39" avgMicrosecondsPerInvocation="1130" maxMicrosecondsPerInvocation="6303" standardDeviationMicrosecondsPerInvocation="1457"/>
      <ClassProfile name="edu.umd.cs.findbugs.OpcodeStack$JumpInfoFactory" totalMilliseconds="37" invocations="210" avgMicrosecondsPerInvocation="179" maxMicrosecondsPerInvocation="2897" standardDeviationMicrosecondsPerInvocation="322"/>
      <ClassProfile name="edu.umd.cs.findbugs.classfile.engine.bcel.IsNullValueDataflowFactory" totalMilliseconds="29" invocations="24" avgMicrosecondsPerInvocation="1244" maxMicrosecondsPerInvocation="5938" standardDeviationMicrosecondsPerInvocation="1664"/>
      <ClassProfile name="edu.umd.cs.findbugs.classfile.engine.bcel.TypeDataflowFactory" totalMilliseconds="25" invocations="24" avgMicrosecondsPerInvocation="1052" maxMicrosecondsPerInvocation="6719" standardDeviationMicrosecondsPerInvocation="1680"/>
      <ClassProfile name="edu.umd.cs.findbugs.classfile.engine.bcel.JavaClassAnalysisEngine" totalMilliseconds="21" invocations="79" avgMicrosecondsPerInvocation="275" maxMicrosecondsPerInvocation="8820" standardDeviationMicrosecondsPerInvocation="1011"/>
      <ClassProfile name="edu.umd.cs.findbugs.classfile.engine.bcel.ValueNumberDataflowFactory" totalMilliseconds="21" invocations="24" avgMicrosecondsPerInvocation="905" maxMicrosecondsPerInvocation="6886" standardDeviationMicrosecondsPerInvocation="1709"/>
      <ClassProfile name="edu.umd.cs.findbugs.classfile.engine.bcel.MethodGenFactory" totalMilliseconds="20" invocations="24" avgMicrosecondsPerInvocation="847" maxMicrosecondsPerInvocation="16607" standardDeviationMicrosecondsPerInvocation="3291"/>
      <ClassProfile name="edu.umd.cs.findbugs.classfile.engine.bcel.UnconditionalValueDerefDataflowFactory" totalMilliseconds="19" invocations="24" avgMicrosecondsPerInvocation="822" maxMicrosecondsPerInvocation="4264" standardDeviationMicrosecondsPerInvocation="1004"/>
      <ClassProfile name="edu.umd.cs.findbugs.classfile.engine.bcel.CFGFactory" totalMilliseconds="19" invocations="24" avgMicrosecondsPerInvocation="798" maxMicrosecondsPerInvocation="7570" standardDeviationMicrosecondsPerInvocation="1597"/>
      <ClassProfile name="edu.umd.cs.findbugs.detect.NoteDirectlyRelevantTypeQualifiers" totalMilliseconds="18" invocations="39" avgMicrosecondsPerInvocation="461" maxMicrosecondsPerInvocation="4578" standardDeviationMicrosecondsPerInvocation="763"/>
      <ClassProfile name="edu.umd.cs.findbugs.util.TopologicalSort" totalMilliseconds="17" invocations="566" avgMicrosecondsPerInvocation="31" maxMicrosecondsPerInvocation="867" standardDeviationMicrosecondsPerInvocation="70"/>
      <ClassProfile name="edu.umd.cs.findbugs.classfile.engine.ClassDataAnalysisEngine" totalMilliseconds="13" invocations="614" avgMicrosecondsPerInvocation="21" maxMicrosecondsPerInvocation="496" standardDeviationMicrosecondsPerInvocation="30"/>
      <ClassProfile name="edu.umd.cs.findbugs.detect.OverridingEqualsNotSymmetrical" totalMilliseconds="12" invocations="39" avgMicrosecondsPerInvocation="331" maxMicrosecondsPerInvocation="6085" standardDeviationMicrosecondsPerInvocation="953"/>
      <ClassProfile name="edu.umd.cs.findbugs.detect.FunctionsThatMightBeMistakenForProcedures" totalMilliseconds="12" invocations="39" avgMicrosecondsPerInvocation="325" maxMicrosecondsPerInvocation="3487" standardDeviationMicrosecondsPerInvocation="599"/>
      <ClassProfile name="edu.umd.cs.findbugs.ba.npe.NullDerefAndRedundantComparisonFinder" totalMilliseconds="12" invocations="24" avgMicrosecondsPerInvocation="510" maxMicrosecondsPerInvocation="2620" standardDeviationMicrosecondsPerInvocation="587"/>
      <ClassProfile name="edu.umd.cs.findbugs.detect.CalledMethods" totalMilliseconds="12" invocations="39" avgMicrosecondsPerInvocation="312" maxMicrosecondsPerInvocation="1958" standardDeviationMicrosecondsPerInvocation="410"/>
      <ClassProfile name="edu.umd.cs.findbugs.detect.BuildStringPassthruGraph" totalMilliseconds="11" invocations="39" avgMicrosecondsPerInvocation="286" maxMicrosecondsPerInvocation="2804" standardDeviationMicrosecondsPerInvocation="520"/>
    </FindBugsProfile>
  </FindBugsSummary>
  <ClassFeatures></ClassFeatures>
  <History></History>
</BugCollection>
