<?xml version="1.0" encoding="UTF-8"?>

<BugCollection version="4.7.3" sequence="0" timestamp="1698475154410" analysisTimestamp="1698511998879" release="">
  <Project projectName="">
    <Jar>/mnt/disk3/lty/JLeaks/data/classfile/bug-394-a5c238de04582c87c16f77176a468df73b952b353f116de6a663c822f16fda0c.class</Jar>
  </Project>
  <Errors errors="0" missingClasses="17">
    <MissingClass>org.elasticsearch.Version</MissingClass>
    <MissingClass>org.elasticsearch.common.bytes.BytesReference</MissingClass>
    <MissingClass>org.elasticsearch.common.compress.Compressor</MissingClass>
    <MissingClass>org.elasticsearch.common.compress.CompressorFactory</MissingClass>
    <MissingClass>org.elasticsearch.common.io.ThrowableObjectOutputStream</MissingClass>
    <MissingClass>org.elasticsearch.common.io.stream.BytesStreamOutput</MissingClass>
    <MissingClass>org.elasticsearch.common.io.stream.HandlesStreamOutput</MissingClass>
    <MissingClass>org.elasticsearch.common.io.stream.StreamOutput</MissingClass>
    <MissingClass>org.elasticsearch.transport.NotSerializableTransportException</MissingClass>
    <MissingClass>org.elasticsearch.transport.RemoteTransportException</MissingClass>
    <MissingClass>org.elasticsearch.transport.TransportChannel</MissingClass>
    <MissingClass>org.elasticsearch.transport.TransportResponse</MissingClass>
    <MissingClass>org.elasticsearch.transport.TransportResponseOptions</MissingClass>
    <MissingClass>org.elasticsearch.transport.netty.NettyHeader</MissingClass>
    <MissingClass>org.elasticsearch.transport.netty.NettyTransport</MissingClass>
    <MissingClass>org.elasticsearch.transport.support.TransportStatus</MissingClass>
    <MissingClass>org.jboss.netty.channel.Channel</MissingClass>
  </Errors>
  <FindBugsSummary timestamp="Sat, 28 Oct 2023 14:39:14 +0800" total_classes="1" referenced_classes="14" total_bugs="0" total_size="60" num_packages="1" java_version="1.8.0_382" vm_version="25.382-b05" cpu_seconds="4.95" clock_seconds="0.64" peak_mbytes="390.76" alloc_mbytes="1820.50" gc_seconds="0.04">
    <PackageStats package="org.elasticsearch.transport.netty" total_bugs="0" total_types="1" total_size="60">
      <ClassStats class="org.elasticsearch.transport.netty.NettyTransportChannel" sourceFile="NettyTransportChannel.java" interface="false" size="60" bugs="0"/>
    </PackageStats>
    <FindBugsProfile>
      <ClassProfile name="edu.umd.cs.findbugs.classfile.engine.ClassInfoAnalysisEngine" totalMilliseconds="144" invocations="332" avgMicrosecondsPerInvocation="435" maxMicrosecondsPerInvocation="40595" standardDeviationMicrosecondsPerInvocation="2332"/>
      <ClassProfile name="edu.umd.cs.findbugs.detect.FieldItemSummary" totalMilliseconds="20" invocations="14" avgMicrosecondsPerInvocation="1453" maxMicrosecondsPerInvocation="6313" standardDeviationMicrosecondsPerInvocation="1989"/>
      <ClassProfile name="edu.umd.cs.findbugs.classfile.engine.bcel.MethodGenFactory" totalMilliseconds="18" invocations="5" avgMicrosecondsPerInvocation="3641" maxMicrosecondsPerInvocation="16944" standardDeviationMicrosecondsPerInvocation="6653"/>
      <ClassProfile name="edu.umd.cs.findbugs.OpcodeStack$JumpInfoFactory" totalMilliseconds="17" invocations="63" avgMicrosecondsPerInvocation="278" maxMicrosecondsPerInvocation="2389" standardDeviationMicrosecondsPerInvocation="409"/>
      <ClassProfile name="edu.umd.cs.findbugs.classfile.engine.bcel.JavaClassAnalysisEngine" totalMilliseconds="14" invocations="43" avgMicrosecondsPerInvocation="336" maxMicrosecondsPerInvocation="8539" standardDeviationMicrosecondsPerInvocation="1308"/>
      <ClassProfile name="edu.umd.cs.findbugs.util.TopologicalSort" totalMilliseconds="13" invocations="279" avgMicrosecondsPerInvocation="47" maxMicrosecondsPerInvocation="731" standardDeviationMicrosecondsPerInvocation="86"/>
      <ClassProfile name="edu.umd.cs.findbugs.classfile.engine.bcel.ValueNumberDataflowFactory" totalMilliseconds="11" invocations="5" avgMicrosecondsPerInvocation="2372" maxMicrosecondsPerInvocation="6606" standardDeviationMicrosecondsPerInvocation="2308"/>
      <ClassProfile name="edu.umd.cs.findbugs.detect.FindNoSideEffectMethods" totalMilliseconds="11" invocations="14" avgMicrosecondsPerInvocation="841" maxMicrosecondsPerInvocation="4054" standardDeviationMicrosecondsPerInvocation="1142"/>
    </FindBugsProfile>
  </FindBugsSummary>
  <ClassFeatures></ClassFeatures>
  <History></History>
</BugCollection>
