<?xml version="1.0" encoding="UTF-8"?>

<BugCollection version="4.7.3" sequence="0" timestamp="1698475115339" analysisTimestamp="1698508176638" release="">
  <Project projectName="">
    <Jar>/mnt/disk3/lty/JLeaks/data/classfile/bug-54-7db66d8a4a5a1d0fc0baf1e116c57885f786ee095ef9059ce7265fbdf757ff95.class</Jar>
  </Project>
  <BugInstance type="OS_OPEN_STREAM_EXCEPTION_PATH" priority="3" rank="19" abbrev="OS" category="BAD_PRACTICE">
    <Class classname="org.apache.beam.runners.apex.ApexYarnLauncher">
      <SourceLine classname="org.apache.beam.runners.apex.ApexYarnLauncher" start="81" end="384" sourcefile="ApexYarnLauncher.java" sourcepath="org/apache/beam/runners/apex/ApexYarnLauncher.java"/>
    </Class>
    <Method classname="org.apache.beam.runners.apex.ApexYarnLauncher" name="createJar" signature="(Ljava/io/File;Ljava/io/File;)V" isStatic="true">
      <SourceLine classname="org.apache.beam.runners.apex.ApexYarnLauncher" start="236" end="294" startBytecode="0" endBytecode="126" sourcefile="ApexYarnLauncher.java" sourcepath="org/apache/beam/runners/apex/ApexYarnLauncher.java"/>
    </Method>
    <Type descriptor="Ljava/io/OutputStream;" role="TYPE_CLOSEIT">
      <SourceLine classname="java.io.OutputStream" start="46" end="152" sourcefile="OutputStream.java" sourcepath="java/io/OutputStream.java"/>
    </Type>
    <SourceLine classname="org.apache.beam.runners.apex.ApexYarnLauncher" start="245" end="245" startBytecode="131" endBytecode="131" sourcefile="ApexYarnLauncher.java" sourcepath="org/apache/beam/runners/apex/ApexYarnLauncher.java"/>
  </BugInstance>
  <BugInstance type="OS_OPEN_STREAM_EXCEPTION_PATH" priority="3" rank="19" abbrev="OS" category="BAD_PRACTICE">
    <Class classname="org.apache.beam.runners.apex.ApexYarnLauncher">
      <SourceLine classname="org.apache.beam.runners.apex.ApexYarnLauncher" start="81" end="384" sourcefile="ApexYarnLauncher.java" sourcepath="org/apache/beam/runners/apex/ApexYarnLauncher.java"/>
    </Class>
    <Method classname="org.apache.beam.runners.apex.ApexYarnLauncher" name="getYarnDeployDependencies" signature="()Ljava/util/List;" isStatic="true">
      <SourceLine classname="org.apache.beam.runners.apex.ApexYarnLauncher" start="176" end="225" startBytecode="0" endBytecode="185" sourcefile="ApexYarnLauncher.java" sourcepath="org/apache/beam/runners/apex/ApexYarnLauncher.java"/>
    </Method>
    <Type descriptor="Ljava/io/Reader;" role="TYPE_CLOSEIT">
      <SourceLine classname="java.io.Reader" start="66" end="249" sourcefile="Reader.java" sourcepath="java/io/Reader.java"/>
    </Type>
    <SourceLine classname="org.apache.beam.runners.apex.ApexYarnLauncher" start="177" end="177" startBytecode="8" endBytecode="8" sourcefile="ApexYarnLauncher.java" sourcepath="org/apache/beam/runners/apex/ApexYarnLauncher.java"/>
  </BugInstance>
  <Errors errors="0" missingClasses="21">
    <MissingClass>com.datatorrent.api.Attribute$AttributeMap</MissingClass>
    <MissingClass>com.datatorrent.api.Attribute$AttributeMap$DefaultAttributeMap</MissingClass>
    <MissingClass>com.datatorrent.api.DAG</MissingClass>
    <MissingClass>com.datatorrent.api.StreamingApplication</MissingClass>
    <MissingClass>com.google.common.base.Preconditions</MissingClass>
    <MissingClass>com.google.common.collect.Sets</MissingClass>
    <MissingClass>org.apache.apex.api.EmbeddedAppLauncher</MissingClass>
    <MissingClass>org.apache.apex.api.Launcher</MissingClass>
    <MissingClass>org.apache.apex.api.Launcher$LaunchMode</MissingClass>
    <MissingClass>org.apache.apex.api.YarnAppLauncher</MissingClass>
    <MissingClass>org.apache.beam.runners.apex.ApexYarnLauncher$1</MissingClass>
    <MissingClass>org.apache.beam.runners.apex.ApexYarnLauncher$2</MissingClass>
    <MissingClass>org.apache.beam.runners.apex.ApexYarnLauncher$3</MissingClass>
    <MissingClass>org.apache.beam.runners.apex.ApexYarnLauncher$LaunchParams</MissingClass>
    <MissingClass>org.apache.beam.runners.apex.ApexYarnLauncher$ProcessWatcher</MissingClass>
    <MissingClass>org.apache.commons.io.FileUtils</MissingClass>
    <MissingClass>org.apache.commons.io.IOUtils</MissingClass>
    <MissingClass>org.apache.commons.lang3.SerializationUtils</MissingClass>
    <MissingClass>org.apache.hadoop.conf.Configuration</MissingClass>
    <MissingClass>org.slf4j.Logger</MissingClass>
    <MissingClass>org.slf4j.LoggerFactory</MissingClass>
  </Errors>
  <FindBugsSummary timestamp="Sat, 28 Oct 2023 14:38:35 +0800" total_classes="1" referenced_classes="53" total_bugs="2" total_size="145" num_packages="1" java_version="1.8.0_382" vm_version="25.382-b05" cpu_seconds="9.96" clock_seconds="1.01" peak_mbytes="410.64" alloc_mbytes="1820.50" gc_seconds="0.04" priority_3="2">
    <PackageStats package="org.apache.beam.runners.apex" total_bugs="2" total_types="1" total_size="145" priority_3="2">
      <ClassStats class="org.apache.beam.runners.apex.ApexYarnLauncher" sourceFile="ApexYarnLauncher.java" interface="false" size="145" bugs="2" priority_3="2"/>
    </PackageStats>
    <FindBugsProfile>
      <ClassProfile name="edu.umd.cs.findbugs.classfile.engine.ClassInfoAnalysisEngine" totalMilliseconds="137" invocations="627" avgMicrosecondsPerInvocation="218" maxMicrosecondsPerInvocation="13576" standardDeviationMicrosecondsPerInvocation="662"/>
      <ClassProfile name="edu.umd.cs.findbugs.detect.FieldItemSummary" totalMilliseconds="46" invocations="53" avgMicrosecondsPerInvocation="868" maxMicrosecondsPerInvocation="6725" standardDeviationMicrosecondsPerInvocation="1189"/>
      <ClassProfile name="edu.umd.cs.findbugs.classfile.engine.bcel.MethodFactory" totalMilliseconds="44" invocations="31" avgMicrosecondsPerInvocation="1443" maxMicrosecondsPerInvocation="43433" standardDeviationMicrosecondsPerInvocation="7666"/>
      <ClassProfile name="edu.umd.cs.findbugs.OpcodeStack$JumpInfoFactory" totalMilliseconds="40" invocations="217" avgMicrosecondsPerInvocation="188" maxMicrosecondsPerInvocation="2356" standardDeviationMicrosecondsPerInvocation="248"/>
      <ClassProfile name="edu.umd.cs.findbugs.detect.FindNoSideEffectMethods" totalMilliseconds="40" invocations="53" avgMicrosecondsPerInvocation="761" maxMicrosecondsPerInvocation="4073" standardDeviationMicrosecondsPerInvocation="957"/>
      <ClassProfile name="edu.umd.cs.findbugs.classfile.engine.bcel.IsNullValueDataflowFactory" totalMilliseconds="30" invocations="11" avgMicrosecondsPerInvocation="2777" maxMicrosecondsPerInvocation="11862" standardDeviationMicrosecondsPerInvocation="3340"/>
      <ClassProfile name="edu.umd.cs.findbugs.classfile.engine.bcel.TypeDataflowFactory" totalMilliseconds="26" invocations="12" avgMicrosecondsPerInvocation="2167" maxMicrosecondsPerInvocation="7708" standardDeviationMicrosecondsPerInvocation="2340"/>
      <ClassProfile name="edu.umd.cs.findbugs.classfile.engine.bcel.ValueNumberDataflowFactory" totalMilliseconds="24" invocations="12" avgMicrosecondsPerInvocation="2045" maxMicrosecondsPerInvocation="8697" standardDeviationMicrosecondsPerInvocation="2840"/>
      <ClassProfile name="edu.umd.cs.findbugs.classfile.engine.bcel.JavaClassAnalysisEngine" totalMilliseconds="23" invocations="108" avgMicrosecondsPerInvocation="219" maxMicrosecondsPerInvocation="9169" standardDeviationMicrosecondsPerInvocation="902"/>
      <ClassProfile name="edu.umd.cs.findbugs.classfile.engine.bcel.MethodGenFactory" totalMilliseconds="20" invocations="11" avgMicrosecondsPerInvocation="1900" maxMicrosecondsPerInvocation="17726" standardDeviationMicrosecondsPerInvocation="5015"/>
      <ClassProfile name="edu.umd.cs.findbugs.classfile.engine.bcel.UnconditionalValueDerefDataflowFactory" totalMilliseconds="19" invocations="11" avgMicrosecondsPerInvocation="1804" maxMicrosecondsPerInvocation="4515" standardDeviationMicrosecondsPerInvocation="1694"/>
      <ClassProfile name="edu.umd.cs.findbugs.detect.NoteDirectlyRelevantTypeQualifiers" totalMilliseconds="18" invocations="53" avgMicrosecondsPerInvocation="342" maxMicrosecondsPerInvocation="4430" standardDeviationMicrosecondsPerInvocation="644"/>
      <ClassProfile name="edu.umd.cs.findbugs.classfile.engine.bcel.CFGFactory" totalMilliseconds="18" invocations="11" avgMicrosecondsPerInvocation="1644" maxMicrosecondsPerInvocation="7442" standardDeviationMicrosecondsPerInvocation="2197"/>
      <ClassProfile name="edu.umd.cs.findbugs.util.TopologicalSort" totalMilliseconds="17" invocations="570" avgMicrosecondsPerInvocation="30" maxMicrosecondsPerInvocation="683" standardDeviationMicrosecondsPerInvocation="65"/>
      <ClassProfile name="edu.umd.cs.findbugs.detect.FindOpenStream" totalMilliseconds="15" invocations="1" avgMicrosecondsPerInvocation="15462" maxMicrosecondsPerInvocation="15462" standardDeviationMicrosecondsPerInvocation="0"/>
      <ClassProfile name="edu.umd.cs.findbugs.classfile.engine.ClassDataAnalysisEngine" totalMilliseconds="14" invocations="633" avgMicrosecondsPerInvocation="22" maxMicrosecondsPerInvocation="452" standardDeviationMicrosecondsPerInvocation="27"/>
      <ClassProfile name="edu.umd.cs.findbugs.detect.OverridingEqualsNotSymmetrical" totalMilliseconds="13" invocations="53" avgMicrosecondsPerInvocation="259" maxMicrosecondsPerInvocation="6657" standardDeviationMicrosecondsPerInvocation="899"/>
      <ClassProfile name="edu.umd.cs.findbugs.detect.FunctionsThatMightBeMistakenForProcedures" totalMilliseconds="12" invocations="53" avgMicrosecondsPerInvocation="242" maxMicrosecondsPerInvocation="3530" standardDeviationMicrosecondsPerInvocation="529"/>
      <ClassProfile name="edu.umd.cs.findbugs.detect.BuildObligationPolicyDatabase" totalMilliseconds="12" invocations="53" avgMicrosecondsPerInvocation="228" maxMicrosecondsPerInvocation="1120" standardDeviationMicrosecondsPerInvocation="269"/>
      <ClassProfile name="edu.umd.cs.findbugs.detect.CalledMethods" totalMilliseconds="11" invocations="53" avgMicrosecondsPerInvocation="217" maxMicrosecondsPerInvocation="1257" standardDeviationMicrosecondsPerInvocation="272"/>
    </FindBugsProfile>
  </FindBugsSummary>
  <ClassFeatures></ClassFeatures>
  <History></History>
</BugCollection>
