<?xml version="1.0" encoding="UTF-8"?>

<BugCollection version="4.7.3" sequence="0" timestamp="1698475136602" analysisTimestamp="1698510809372" release="">
  <Project projectName="">
    <Jar>/mnt/disk3/lty/JLeaks/data/classfile/bug-245-efef1b20c386d69158716d3f306bbb202896be750d4ffe18d74cc4e2e650006a.class</Jar>
  </Project>
  <Errors errors="0" missingClasses="3">
    <MissingClass>com.google.devtools.build.lib.util.io.OutErr$1</MissingClass>
    <MissingClass>com.google.devtools.build.lib.util.io.OutErr$2</MissingClass>
    <MissingClass>com.google.devtools.build.lib.util.io.OutErr$SwitchingPrintStream</MissingClass>
  </Errors>
  <FindBugsSummary timestamp="Sat, 28 Oct 2023 14:38:56 +0800" total_classes="1" referenced_classes="18" total_bugs="0" total_size="47" num_packages="1" java_version="1.8.0_382" vm_version="25.382-b05" cpu_seconds="5.42" clock_seconds="0.69" peak_mbytes="401.91" alloc_mbytes="1820.50" gc_seconds="0.04">
    <PackageStats package="com.google.devtools.build.lib.util.io" total_bugs="0" total_types="1" total_size="47">
      <ClassStats class="com.google.devtools.build.lib.util.io.OutErr" sourceFile="OutErr.java" interface="false" size="47" bugs="0"/>
    </PackageStats>
    <FindBugsProfile>
      <ClassProfile name="edu.umd.cs.findbugs.classfile.engine.ClassInfoAnalysisEngine" totalMilliseconds="108" invocations="339" avgMicrosecondsPerInvocation="318" maxMicrosecondsPerInvocation="10013" standardDeviationMicrosecondsPerInvocation="771"/>
      <ClassProfile name="edu.umd.cs.findbugs.detect.BuildStringPassthruGraph" totalMilliseconds="49" invocations="18" avgMicrosecondsPerInvocation="2776" maxMicrosecondsPerInvocation="44517" standardDeviationMicrosecondsPerInvocation="10141"/>
      <ClassProfile name="edu.umd.cs.findbugs.detect.FieldItemSummary" totalMilliseconds="22" invocations="18" avgMicrosecondsPerInvocation="1234" maxMicrosecondsPerInvocation="6695" standardDeviationMicrosecondsPerInvocation="1794"/>
      <ClassProfile name="edu.umd.cs.findbugs.classfile.engine.bcel.MethodGenFactory" totalMilliseconds="21" invocations="12" avgMicrosecondsPerInvocation="1763" maxMicrosecondsPerInvocation="19941" standardDeviationMicrosecondsPerInvocation="5481"/>
      <ClassProfile name="edu.umd.cs.findbugs.detect.FindNoSideEffectMethods" totalMilliseconds="15" invocations="18" avgMicrosecondsPerInvocation="865" maxMicrosecondsPerInvocation="3748" standardDeviationMicrosecondsPerInvocation="1079"/>
      <ClassProfile name="edu.umd.cs.findbugs.classfile.engine.bcel.JavaClassAnalysisEngine" totalMilliseconds="15" invocations="38" avgMicrosecondsPerInvocation="398" maxMicrosecondsPerInvocation="8872" standardDeviationMicrosecondsPerInvocation="1434"/>
      <ClassProfile name="edu.umd.cs.findbugs.OpcodeStack$JumpInfoFactory" totalMilliseconds="14" invocations="71" avgMicrosecondsPerInvocation="210" maxMicrosecondsPerInvocation="1953" standardDeviationMicrosecondsPerInvocation="298"/>
      <ClassProfile name="edu.umd.cs.findbugs.util.TopologicalSort" totalMilliseconds="14" invocations="303" avgMicrosecondsPerInvocation="46" maxMicrosecondsPerInvocation="668" standardDeviationMicrosecondsPerInvocation="84"/>
      <ClassProfile name="edu.umd.cs.findbugs.classfile.engine.bcel.ValueNumberDataflowFactory" totalMilliseconds="13" invocations="12" avgMicrosecondsPerInvocation="1120" maxMicrosecondsPerInvocation="9706" standardDeviationMicrosecondsPerInvocation="2599"/>
      <ClassProfile name="edu.umd.cs.findbugs.classfile.engine.bcel.CFGFactory" totalMilliseconds="13" invocations="12" avgMicrosecondsPerInvocation="1119" maxMicrosecondsPerInvocation="10670" standardDeviationMicrosecondsPerInvocation="2882"/>
    </FindBugsProfile>
  </FindBugsSummary>
  <ClassFeatures></ClassFeatures>
  <History></History>
</BugCollection>
