<?xml version="1.0" encoding="UTF-8"?>

<BugCollection version="4.7.3" sequence="0" timestamp="1698475206663" analysisTimestamp="1698514948476" release="">
  <Project projectName="">
    <Jar>/mnt/disk3/lty/JLeaks/data/classfile/bug-787-2de969c97949c262de0b395985faf8373620ea54f1b3e2caa346a61fc02f6b67.class</Jar>
  </Project>
  <Errors errors="0" missingClasses="4">
    <MissingClass>org.opensolaris.opengrok.configuration.Project</MissingClass>
    <MissingClass>org.opensolaris.opengrok.index.Filter</MissingClass>
    <MissingClass>org.opensolaris.opengrok.index.IgnoredNames</MissingClass>
    <MissingClass>org.opensolaris.opengrok.util.IOUtils</MissingClass>
  </Errors>
  <FindBugsSummary timestamp="Sat, 28 Oct 2023 14:40:06 +0800" total_classes="1" referenced_classes="38" total_bugs="0" total_size="387" num_packages="1" java_version="1.8.0_382" vm_version="25.382-b05" cpu_seconds="9.69" clock_seconds="0.95" peak_mbytes="399.29" alloc_mbytes="1820.50" gc_seconds="0.04">
    <PackageStats package="org.opensolaris.opengrok.configuration" total_bugs="0" total_types="1" total_size="387">
      <ClassStats class="org.opensolaris.opengrok.configuration.Configuration" sourceFile="Configuration.java" interface="false" size="387" bugs="0"/>
    </PackageStats>
    <FindBugsProfile>
      <ClassProfile name="edu.umd.cs.findbugs.classfile.engine.ClassInfoAnalysisEngine" totalMilliseconds="135" invocations="508" avgMicrosecondsPerInvocation="266" maxMicrosecondsPerInvocation="12879" standardDeviationMicrosecondsPerInvocation="708"/>
      <ClassProfile name="edu.umd.cs.findbugs.detect.NoteDirectlyRelevantTypeQualifiers" totalMilliseconds="56" invocations="38" avgMicrosecondsPerInvocation="1488" maxMicrosecondsPerInvocation="40964" standardDeviationMicrosecondsPerInvocation="6543"/>
      <ClassProfile name="edu.umd.cs.findbugs.detect.FieldItemSummary" totalMilliseconds="38" invocations="38" avgMicrosecondsPerInvocation="1001" maxMicrosecondsPerInvocation="7836" standardDeviationMicrosecondsPerInvocation="1418"/>
      <ClassProfile name="edu.umd.cs.findbugs.detect.FindNoSideEffectMethods" totalMilliseconds="30" invocations="38" avgMicrosecondsPerInvocation="800" maxMicrosecondsPerInvocation="3685" standardDeviationMicrosecondsPerInvocation="906"/>
      <ClassProfile name="edu.umd.cs.findbugs.OpcodeStack$JumpInfoFactory" totalMilliseconds="28" invocations="241" avgMicrosecondsPerInvocation="119" maxMicrosecondsPerInvocation="1576" standardDeviationMicrosecondsPerInvocation="198"/>
      <ClassProfile name="edu.umd.cs.findbugs.classfile.engine.bcel.TypeDataflowFactory" totalMilliseconds="23" invocations="100" avgMicrosecondsPerInvocation="237" maxMicrosecondsPerInvocation="4754" standardDeviationMicrosecondsPerInvocation="729"/>
      <ClassProfile name="edu.umd.cs.findbugs.classfile.engine.bcel.ValueNumberDataflowFactory" totalMilliseconds="22" invocations="100" avgMicrosecondsPerInvocation="227" maxMicrosecondsPerInvocation="6581" standardDeviationMicrosecondsPerInvocation="762"/>
      <ClassProfile name="edu.umd.cs.findbugs.classfile.engine.bcel.IsNullValueDataflowFactory" totalMilliseconds="22" invocations="99" avgMicrosecondsPerInvocation="222" maxMicrosecondsPerInvocation="6261" standardDeviationMicrosecondsPerInvocation="754"/>
      <ClassProfile name="edu.umd.cs.findbugs.classfile.engine.bcel.MethodGenFactory" totalMilliseconds="21" invocations="99" avgMicrosecondsPerInvocation="214" maxMicrosecondsPerInvocation="16232" standardDeviationMicrosecondsPerInvocation="1620"/>
      <ClassProfile name="edu.umd.cs.findbugs.classfile.engine.bcel.CFGFactory" totalMilliseconds="19" invocations="99" avgMicrosecondsPerInvocation="196" maxMicrosecondsPerInvocation="6208" standardDeviationMicrosecondsPerInvocation="725"/>
      <ClassProfile name="edu.umd.cs.findbugs.classfile.engine.bcel.JavaClassAnalysisEngine" totalMilliseconds="18" invocations="67" avgMicrosecondsPerInvocation="278" maxMicrosecondsPerInvocation="8375" standardDeviationMicrosecondsPerInvocation="1031"/>
      <ClassProfile name="edu.umd.cs.findbugs.util.TopologicalSort" totalMilliseconds="16" invocations="471" avgMicrosecondsPerInvocation="35" maxMicrosecondsPerInvocation="1152" standardDeviationMicrosecondsPerInvocation="76"/>
      <ClassProfile name="edu.umd.cs.findbugs.classfile.engine.bcel.UnconditionalValueDerefDataflowFactory" totalMilliseconds="14" invocations="99" avgMicrosecondsPerInvocation="150" maxMicrosecondsPerInvocation="4934" standardDeviationMicrosecondsPerInvocation="515"/>
      <ClassProfile name="edu.umd.cs.findbugs.ba.npe.NullDerefAndRedundantComparisonFinder" totalMilliseconds="12" invocations="99" avgMicrosecondsPerInvocation="128" maxMicrosecondsPerInvocation="2837" standardDeviationMicrosecondsPerInvocation="346"/>
      <ClassProfile name="edu.umd.cs.findbugs.classfile.engine.ClassDataAnalysisEngine" totalMilliseconds="12" invocations="510" avgMicrosecondsPerInvocation="24" maxMicrosecondsPerInvocation="448" standardDeviationMicrosecondsPerInvocation="34"/>
      <ClassProfile name="edu.umd.cs.findbugs.detect.OverridingEqualsNotSymmetrical" totalMilliseconds="11" invocations="38" avgMicrosecondsPerInvocation="314" maxMicrosecondsPerInvocation="6210" standardDeviationMicrosecondsPerInvocation="985"/>
      <ClassProfile name="edu.umd.cs.findbugs.detect.FindReturnRef" totalMilliseconds="11" invocations="1" avgMicrosecondsPerInvocation="11838" maxMicrosecondsPerInvocation="11838" standardDeviationMicrosecondsPerInvocation="0"/>
      <ClassProfile name="edu.umd.cs.findbugs.detect.BuildObligationPolicyDatabase" totalMilliseconds="11" invocations="38" avgMicrosecondsPerInvocation="300" maxMicrosecondsPerInvocation="1670" standardDeviationMicrosecondsPerInvocation="355"/>
      <ClassProfile name="edu.umd.cs.findbugs.detect.FunctionsThatMightBeMistakenForProcedures" totalMilliseconds="11" invocations="38" avgMicrosecondsPerInvocation="291" maxMicrosecondsPerInvocation="3252" standardDeviationMicrosecondsPerInvocation="582"/>
    </FindBugsProfile>
  </FindBugsSummary>
  <ClassFeatures></ClassFeatures>
  <History></History>
</BugCollection>
