<?xml version="1.0" encoding="UTF-8"?>

<BugCollection version="4.7.3" sequence="0" timestamp="1698475249310" analysisTimestamp="1698520645913" release="">
  <Project projectName="">
    <Jar>/mnt/disk3/lty/JLeaks/data/classfile/bug-1071-102d1826fa70c3753601d586603a0f7bdd4e8d61f6c4914036dd37ac288b6e91.class</Jar>
  </Project>
  <Errors errors="0" missingClasses="14">
    <MissingClass>org.jboss.as.protocol.ProtocolChannel</MissingClass>
    <MissingClass>org.jboss.as.protocol.mgmt.FlushableDataOutputImpl</MissingClass>
    <MissingClass>org.jboss.as.protocol.mgmt.ManagementChannel$RequestReceiver</MissingClass>
    <MissingClass>org.jboss.as.protocol.mgmt.ManagementChannel$ResponseReceiver</MissingClass>
    <MissingClass>org.jboss.as.protocol.mgmt.ManagementProtocolHeader</MissingClass>
    <MissingClass>org.jboss.as.protocol.mgmt.ManagementRequest</MissingClass>
    <MissingClass>org.jboss.as.protocol.mgmt.ManagementRequestHeader</MissingClass>
    <MissingClass>org.jboss.as.protocol.mgmt.ManagementResponseHandler</MissingClass>
    <MissingClass>org.jboss.logging.Logger</MissingClass>
    <MissingClass>org.jboss.marshalling.ByteInput</MissingClass>
    <MissingClass>org.jboss.marshalling.Marshalling</MissingClass>
    <MissingClass>org.jboss.marshalling.SimpleDataInput</MissingClass>
    <MissingClass>org.jboss.remoting3.MessageInputStream</MissingClass>
    <MissingClass>org.xnio.IoUtils</MissingClass>
  </Errors>
  <FindBugsSummary timestamp="Sat, 28 Oct 2023 14:40:49 +0800" total_classes="1" referenced_classes="11" total_bugs="0" total_size="82" num_packages="1" java_version="1.8.0_382" vm_version="25.382-b05" cpu_seconds="4.72" clock_seconds="0.63" peak_mbytes="384.18" alloc_mbytes="1820.50" gc_seconds="0.04">
    <PackageStats package="org.jboss.as.protocol.mgmt" total_bugs="0" total_types="1" total_size="82">
      <ClassStats class="org.jboss.as.protocol.mgmt.ManagementChannel" sourceFile="ManagementChannel.java" interface="false" size="82" bugs="0"/>
    </PackageStats>
    <FindBugsProfile>
      <ClassProfile name="edu.umd.cs.findbugs.classfile.engine.ClassInfoAnalysisEngine" totalMilliseconds="92" invocations="261" avgMicrosecondsPerInvocation="354" maxMicrosecondsPerInvocation="12169" standardDeviationMicrosecondsPerInvocation="967"/>
      <ClassProfile name="edu.umd.cs.findbugs.OpcodeStack$JumpInfoFactory" totalMilliseconds="18" invocations="50" avgMicrosecondsPerInvocation="372" maxMicrosecondsPerInvocation="1706" standardDeviationMicrosecondsPerInvocation="450"/>
      <ClassProfile name="edu.umd.cs.findbugs.classfile.engine.bcel.MethodGenFactory" totalMilliseconds="16" invocations="18" avgMicrosecondsPerInvocation="909" maxMicrosecondsPerInvocation="14577" standardDeviationMicrosecondsPerInvocation="3321"/>
      <ClassProfile name="edu.umd.cs.findbugs.classfile.engine.bcel.IsNullValueDataflowFactory" totalMilliseconds="15" invocations="18" avgMicrosecondsPerInvocation="878" maxMicrosecondsPerInvocation="7152" standardDeviationMicrosecondsPerInvocation="1781"/>
      <ClassProfile name="edu.umd.cs.findbugs.classfile.engine.bcel.TypeDataflowFactory" totalMilliseconds="14" invocations="18" avgMicrosecondsPerInvocation="804" maxMicrosecondsPerInvocation="5337" standardDeviationMicrosecondsPerInvocation="1534"/>
      <ClassProfile name="edu.umd.cs.findbugs.classfile.engine.bcel.JavaClassAnalysisEngine" totalMilliseconds="14" invocations="34" avgMicrosecondsPerInvocation="417" maxMicrosecondsPerInvocation="8621" standardDeviationMicrosecondsPerInvocation="1471"/>
      <ClassProfile name="edu.umd.cs.findbugs.classfile.engine.bcel.ValueNumberDataflowFactory" totalMilliseconds="13" invocations="18" avgMicrosecondsPerInvocation="768" maxMicrosecondsPerInvocation="6336" standardDeviationMicrosecondsPerInvocation="1604"/>
      <ClassProfile name="edu.umd.cs.findbugs.classfile.engine.bcel.CFGFactory" totalMilliseconds="12" invocations="18" avgMicrosecondsPerInvocation="686" maxMicrosecondsPerInvocation="6757" standardDeviationMicrosecondsPerInvocation="1565"/>
      <ClassProfile name="edu.umd.cs.findbugs.util.TopologicalSort" totalMilliseconds="12" invocations="208" avgMicrosecondsPerInvocation="57" maxMicrosecondsPerInvocation="711" standardDeviationMicrosecondsPerInvocation="99"/>
      <ClassProfile name="edu.umd.cs.findbugs.classfile.engine.bcel.UnconditionalValueDerefDataflowFactory" totalMilliseconds="11" invocations="18" avgMicrosecondsPerInvocation="643" maxMicrosecondsPerInvocation="8058" standardDeviationMicrosecondsPerInvocation="1814"/>
    </FindBugsProfile>
  </FindBugsSummary>
  <ClassFeatures></ClassFeatures>
  <History></History>
</BugCollection>
