<?xml version="1.0" encoding="UTF-8"?>

<BugCollection version="4.7.3" sequence="0" timestamp="1698475124999" analysisTimestamp="1698508983537" release="">
  <Project projectName="">
    <Jar>/mnt/disk3/lty/JLeaks/data/classfile/bug-143-f384962ce7a471df5652f2941f1072b6d2c68c47dc97fbe5d5addbf6aec31aa4.class</Jar>
  </Project>
  <Errors errors="0" missingClasses="7">
    <MissingClass>org.apache.hadoop.mapred.JobConf</MissingClass>
    <MissingClass>org.apache.hadoop.mapred.RecordReader</MissingClass>
    <MissingClass>org.apache.hudi.exception.HoodieException</MissingClass>
    <MissingClass>org.apache.hudi.hadoop.realtime.RealtimeCompactedRecordReader</MissingClass>
    <MissingClass>org.apache.hudi.hadoop.realtime.RealtimeUnmergedRecordReader</MissingClass>
    <MissingClass>org.slf4j.Logger</MissingClass>
    <MissingClass>org.slf4j.LoggerFactory</MissingClass>
  </Errors>
  <FindBugsSummary timestamp="Sat, 28 Oct 2023 14:38:44 +0800" total_classes="1" referenced_classes="12" total_bugs="0" total_size="41" num_packages="1" java_version="1.8.0_382" vm_version="25.382-b05" cpu_seconds="4.67" clock_seconds="0.63" peak_mbytes="390.74" alloc_mbytes="1820.50" gc_seconds="0.04">
    <PackageStats package="org.apache.hudi.hadoop.realtime" total_bugs="0" total_types="1" total_size="41">
      <ClassStats class="org.apache.hudi.hadoop.realtime.HoodieRealtimeRecordReader" sourceFile="HoodieRealtimeRecordReader.java" interface="false" size="41" bugs="0"/>
    </PackageStats>
    <FindBugsProfile>
      <ClassProfile name="edu.umd.cs.findbugs.classfile.engine.ClassInfoAnalysisEngine" totalMilliseconds="106" invocations="323" avgMicrosecondsPerInvocation="329" maxMicrosecondsPerInvocation="11363" standardDeviationMicrosecondsPerInvocation="854"/>
      <ClassProfile name="edu.umd.cs.findbugs.detect.BuildStringPassthruGraph" totalMilliseconds="49" invocations="12" avgMicrosecondsPerInvocation="4140" maxMicrosecondsPerInvocation="45196" standardDeviationMicrosecondsPerInvocation="12399"/>
      <ClassProfile name="edu.umd.cs.findbugs.classfile.engine.bcel.MethodGenFactory" totalMilliseconds="20" invocations="14" avgMicrosecondsPerInvocation="1436" maxMicrosecondsPerInvocation="18714" standardDeviationMicrosecondsPerInvocation="4793"/>
      <ClassProfile name="edu.umd.cs.findbugs.detect.FieldItemSummary" totalMilliseconds="20" invocations="12" avgMicrosecondsPerInvocation="1672" maxMicrosecondsPerInvocation="6705" standardDeviationMicrosecondsPerInvocation="1995"/>
      <ClassProfile name="edu.umd.cs.findbugs.classfile.engine.bcel.JavaClassAnalysisEngine" totalMilliseconds="15" invocations="32" avgMicrosecondsPerInvocation="475" maxMicrosecondsPerInvocation="8642" standardDeviationMicrosecondsPerInvocation="1523"/>
      <ClassProfile name="edu.umd.cs.findbugs.OpcodeStack$JumpInfoFactory" totalMilliseconds="14" invocations="71" avgMicrosecondsPerInvocation="210" maxMicrosecondsPerInvocation="1886" standardDeviationMicrosecondsPerInvocation="299"/>
      <ClassProfile name="edu.umd.cs.findbugs.util.TopologicalSort" totalMilliseconds="14" invocations="281" avgMicrosecondsPerInvocation="52" maxMicrosecondsPerInvocation="1348" standardDeviationMicrosecondsPerInvocation="115"/>
      <ClassProfile name="edu.umd.cs.findbugs.detect.FindNoSideEffectMethods" totalMilliseconds="12" invocations="12" avgMicrosecondsPerInvocation="1024" maxMicrosecondsPerInvocation="4336" standardDeviationMicrosecondsPerInvocation="1206"/>
    </FindBugsProfile>
  </FindBugsSummary>
  <ClassFeatures></ClassFeatures>
  <History></History>
</BugCollection>
