<?xml version="1.0" encoding="UTF-8"?>

<BugCollection version="4.7.3" sequence="0" timestamp="1698475196072" analysisTimestamp="1698513802074" release="">
  <Project projectName="">
    <Jar>/mnt/disk3/lty/JLeaks/data/classfile/bug-712-3215e70ede3eec686efdb3e02bf345ea0cfb7baa84a418b47b1dd3c5bf4dd26b.class</Jar>
  </Project>
  <BugInstance type="OS_OPEN_STREAM" priority="2" rank="16" abbrev="OS" category="BAD_PRACTICE">
    <Class classname="com.microsoft.sqlserver.jdbc.SQLServerConnection">
      <SourceLine classname="com.microsoft.sqlserver.jdbc.SQLServerConnection" start="94" end="6277" sourcefile="SQLServerConnection.java" sourcepath="com/microsoft/sqlserver/jdbc/SQLServerConnection.java"/>
    </Class>
    <Method classname="com.microsoft.sqlserver.jdbc.SQLServerConnection" name="getMSIAuthToken" signature="(Ljava/lang/String;Ljava/lang/String;)Lcom/microsoft/sqlserver/jdbc/SqlFedAuthToken;" isStatic="false">
      <SourceLine classname="com.microsoft.sqlserver.jdbc.SQLServerConnection" start="4231" end="4376" startBytecode="0" endBytecode="392" sourcefile="SQLServerConnection.java" sourcepath="com/microsoft/sqlserver/jdbc/SQLServerConnection.java"/>
    </Method>
    <Type descriptor="Ljava/io/Reader;" role="TYPE_CLOSEIT">
      <SourceLine classname="java.io.Reader" start="66" end="249" sourcefile="Reader.java" sourcepath="java/io/Reader.java"/>
    </Type>
    <SourceLine classname="com.microsoft.sqlserver.jdbc.SQLServerConnection" start="4292" end="4292" startBytecode="338" endBytecode="338" sourcefile="SQLServerConnection.java" sourcepath="com/microsoft/sqlserver/jdbc/SQLServerConnection.java"/>
  </BugInstance>
  <Errors errors="0" missingClasses="70">
    <MissingClass>com.microsoft.sqlserver.jdbc.ActivityCorrelator</MissingClass>
    <MissingClass>com.microsoft.sqlserver.jdbc.ActivityId</MissingClass>
    <MissingClass>com.microsoft.sqlserver.jdbc.ApplicationIntent</MissingClass>
    <MissingClass>com.microsoft.sqlserver.jdbc.AuthenticationJNI</MissingClass>
    <MissingClass>com.microsoft.sqlserver.jdbc.AuthenticationScheme</MissingClass>
    <MissingClass>com.microsoft.sqlserver.jdbc.ColumnEncryptionSetting</MissingClass>
    <MissingClass>com.microsoft.sqlserver.jdbc.DLLException</MissingClass>
    <MissingClass>com.microsoft.sqlserver.jdbc.FailoverInfo</MissingClass>
    <MissingClass>com.microsoft.sqlserver.jdbc.FailoverMapSingleton</MissingClass>
    <MissingClass>com.microsoft.sqlserver.jdbc.FedAuthDllInfo</MissingClass>
    <MissingClass>com.microsoft.sqlserver.jdbc.ISQLServerConnection</MissingClass>
    <MissingClass>com.microsoft.sqlserver.jdbc.ISQLServerStatement</MissingClass>
    <MissingClass>com.microsoft.sqlserver.jdbc.JDBCSyntaxTranslator</MissingClass>
    <MissingClass>com.microsoft.sqlserver.jdbc.KerbAuthentication</MissingClass>
    <MissingClass>com.microsoft.sqlserver.jdbc.KeyStoreAuthentication</MissingClass>
    <MissingClass>com.microsoft.sqlserver.jdbc.Parameter</MissingClass>
    <MissingClass>com.microsoft.sqlserver.jdbc.ParameterUtils</MissingClass>
    <MissingClass>com.microsoft.sqlserver.jdbc.ParsedSQLCacheItem</MissingClass>
    <MissingClass>com.microsoft.sqlserver.jdbc.SQLCollation</MissingClass>
    <MissingClass>com.microsoft.sqlserver.jdbc.SQLServerADAL4JUtils</MissingClass>
    <MissingClass>com.microsoft.sqlserver.jdbc.SQLServerBlob</MissingClass>
    <MissingClass>com.microsoft.sqlserver.jdbc.SQLServerCallableStatement</MissingClass>
    <MissingClass>com.microsoft.sqlserver.jdbc.SQLServerClob</MissingClass>
    <MissingClass>com.microsoft.sqlserver.jdbc.SQLServerColumnEncryptionCertificateStoreProvider</MissingClass>
    <MissingClass>com.microsoft.sqlserver.jdbc.SQLServerColumnEncryptionJavaKeyStoreProvider</MissingClass>
    <MissingClass>com.microsoft.sqlserver.jdbc.SQLServerColumnEncryptionKeyStoreProvider</MissingClass>
    <MissingClass>com.microsoft.sqlserver.jdbc.SQLServerConnection$1</MissingClass>
    <MissingClass>com.microsoft.sqlserver.jdbc.SQLServerConnection$1ConnectionCommand</MissingClass>
    <MissingClass>com.microsoft.sqlserver.jdbc.SQLServerConnection$1DTCCommand</MissingClass>
    <MissingClass>com.microsoft.sqlserver.jdbc.SQLServerConnection$1LogonProcessor</MissingClass>
    <MissingClass>com.microsoft.sqlserver.jdbc.SQLServerConnection$ActiveDirectoryAuthentication</MissingClass>
    <MissingClass>com.microsoft.sqlserver.jdbc.SQLServerConnection$CityHash128Key</MissingClass>
    <MissingClass>com.microsoft.sqlserver.jdbc.SQLServerConnection$FedAuthTokenCommand</MissingClass>
    <MissingClass>com.microsoft.sqlserver.jdbc.SQLServerConnection$FederatedAuthenticationFeatureExtensionData</MissingClass>
    <MissingClass>com.microsoft.sqlserver.jdbc.SQLServerConnection$LogonCommand</MissingClass>
    <MissingClass>com.microsoft.sqlserver.jdbc.SQLServerConnection$PreparedStatementCacheEvictionListener</MissingClass>
    <MissingClass>com.microsoft.sqlserver.jdbc.SQLServerConnection$PreparedStatementHandle</MissingClass>
    <MissingClass>com.microsoft.sqlserver.jdbc.SQLServerConnection$SqlFedAuthInfo</MissingClass>
    <MissingClass>com.microsoft.sqlserver.jdbc.SQLServerConnection$State</MissingClass>
    <MissingClass>com.microsoft.sqlserver.jdbc.SQLServerConnectionPoolProxy</MissingClass>
    <MissingClass>com.microsoft.sqlserver.jdbc.SQLServerDatabaseMetaData</MissingClass>
    <MissingClass>com.microsoft.sqlserver.jdbc.SQLServerDriverBooleanProperty</MissingClass>
    <MissingClass>com.microsoft.sqlserver.jdbc.SQLServerDriverIntProperty</MissingClass>
    <MissingClass>com.microsoft.sqlserver.jdbc.SQLServerDriverObjectProperty</MissingClass>
    <MissingClass>com.microsoft.sqlserver.jdbc.SQLServerDriverStringProperty</MissingClass>
    <MissingClass>com.microsoft.sqlserver.jdbc.SQLServerException</MissingClass>
    <MissingClass>com.microsoft.sqlserver.jdbc.SQLServerNClob</MissingClass>
    <MissingClass>com.microsoft.sqlserver.jdbc.SQLServerPooledConnection</MissingClass>
    <MissingClass>com.microsoft.sqlserver.jdbc.SQLServerPreparedStatement</MissingClass>
    <MissingClass>com.microsoft.sqlserver.jdbc.SQLServerResultSet</MissingClass>
    <MissingClass>com.microsoft.sqlserver.jdbc.SQLServerSQLXML</MissingClass>
    <MissingClass>com.microsoft.sqlserver.jdbc.SQLServerSavepoint</MissingClass>
    <MissingClass>com.microsoft.sqlserver.jdbc.SQLServerStatement</MissingClass>
    <MissingClass>com.microsoft.sqlserver.jdbc.SQLServerStatementColumnEncryptionSetting</MissingClass>
    <MissingClass>com.microsoft.sqlserver.jdbc.SSLProtocol</MissingClass>
    <MissingClass>com.microsoft.sqlserver.jdbc.SSPIAuthentication</MissingClass>
    <MissingClass>com.microsoft.sqlserver.jdbc.ServerPortPlaceHolder</MissingClass>
    <MissingClass>com.microsoft.sqlserver.jdbc.SharedTimer</MissingClass>
    <MissingClass>com.microsoft.sqlserver.jdbc.SqlAuthentication</MissingClass>
    <MissingClass>com.microsoft.sqlserver.jdbc.SqlFedAuthToken</MissingClass>
    <MissingClass>com.microsoft.sqlserver.jdbc.StringUtils</MissingClass>
    <MissingClass>com.microsoft.sqlserver.jdbc.TDS</MissingClass>
    <MissingClass>com.microsoft.sqlserver.jdbc.TDSChannel</MissingClass>
    <MissingClass>com.microsoft.sqlserver.jdbc.TDSCommand</MissingClass>
    <MissingClass>com.microsoft.sqlserver.jdbc.TDSParser</MissingClass>
    <MissingClass>com.microsoft.sqlserver.jdbc.TDSReader</MissingClass>
    <MissingClass>com.microsoft.sqlserver.jdbc.TDSWriter</MissingClass>
    <MissingClass>com.microsoft.sqlserver.jdbc.Util</MissingClass>
    <MissingClass>mssql.googlecode.concurrentlinkedhashmap.ConcurrentLinkedHashMap</MissingClass>
    <MissingClass>mssql.googlecode.concurrentlinkedhashmap.ConcurrentLinkedHashMap$Builder</MissingClass>
  </Errors>
  <FindBugsSummary timestamp="Sat, 28 Oct 2023 14:39:56 +0800" total_classes="1" referenced_classes="94" total_bugs="1" total_size="3128" num_packages="1" java_version="1.8.0_382" vm_version="25.382-b05" cpu_seconds="24.79" clock_seconds="2.56" peak_mbytes="642.26" alloc_mbytes="1820.50" gc_seconds="0.05" priority_2="1">
    <PackageStats package="com.microsoft.sqlserver.jdbc" total_bugs="1" total_types="1" total_size="3128" priority_2="1">
      <ClassStats class="com.microsoft.sqlserver.jdbc.SQLServerConnection" sourceFile="SQLServerConnection.java" interface="false" size="3128" bugs="1" priority_2="1"/>
    </PackageStats>
    <FindBugsProfile>
      <ClassProfile name="edu.umd.cs.findbugs.classfile.engine.ClassInfoAnalysisEngine" totalMilliseconds="179" invocations="826" avgMicrosecondsPerInvocation="217" maxMicrosecondsPerInvocation="27917" standardDeviationMicrosecondsPerInvocation="1026"/>
      <ClassProfile name="edu.umd.cs.findbugs.ba.npe.NullDerefAndRedundantComparisonFinder" totalMilliseconds="161" invocations="217" avgMicrosecondsPerInvocation="746" maxMicrosecondsPerInvocation="21599" standardDeviationMicrosecondsPerInvocation="2534"/>
      <ClassProfile name="edu.umd.cs.findbugs.classfile.engine.bcel.ValueNumberDataflowFactory" totalMilliseconds="139" invocations="238" avgMicrosecondsPerInvocation="584" maxMicrosecondsPerInvocation="17037" standardDeviationMicrosecondsPerInvocation="1932"/>
      <ClassProfile name="edu.umd.cs.findbugs.classfile.engine.bcel.IsNullValueDataflowFactory" totalMilliseconds="135" invocations="217" avgMicrosecondsPerInvocation="623" maxMicrosecondsPerInvocation="17867" standardDeviationMicrosecondsPerInvocation="1906"/>
      <ClassProfile name="edu.umd.cs.findbugs.classfile.engine.bcel.UnconditionalValueDerefDataflowFactory" totalMilliseconds="123" invocations="217" avgMicrosecondsPerInvocation="567" maxMicrosecondsPerInvocation="20310" standardDeviationMicrosecondsPerInvocation="2070"/>
      <ClassProfile name="edu.umd.cs.findbugs.classfile.engine.bcel.TypeDataflowFactory" totalMilliseconds="119" invocations="238" avgMicrosecondsPerInvocation="501" maxMicrosecondsPerInvocation="12989" standardDeviationMicrosecondsPerInvocation="1373"/>
      <ClassProfile name="edu.umd.cs.findbugs.detect.FindNoSideEffectMethods" totalMilliseconds="114" invocations="94" avgMicrosecondsPerInvocation="1218" maxMicrosecondsPerInvocation="45518" standardDeviationMicrosecondsPerInvocation="4865"/>
      <ClassProfile name="edu.umd.cs.findbugs.OpcodeStack$JumpInfoFactory" totalMilliseconds="80" invocations="552" avgMicrosecondsPerInvocation="146" maxMicrosecondsPerInvocation="4663" standardDeviationMicrosecondsPerInvocation="349"/>
      <ClassProfile name="edu.umd.cs.findbugs.detect.FieldItemSummary" totalMilliseconds="76" invocations="94" avgMicrosecondsPerInvocation="808" maxMicrosecondsPerInvocation="15049" standardDeviationMicrosecondsPerInvocation="1756"/>
      <ClassProfile name="edu.umd.cs.findbugs.detect.FindOpenStream" totalMilliseconds="68" invocations="1" avgMicrosecondsPerInvocation="68889" maxMicrosecondsPerInvocation="68889" standardDeviationMicrosecondsPerInvocation="0"/>
      <ClassProfile name="edu.umd.cs.findbugs.classfile.engine.bcel.CFGFactory" totalMilliseconds="63" invocations="217" avgMicrosecondsPerInvocation="290" maxMicrosecondsPerInvocation="7736" standardDeviationMicrosecondsPerInvocation="723"/>
      <ClassProfile name="edu.umd.cs.findbugs.detect.FindRefComparison$SpecialTypeAnalysis" totalMilliseconds="41" invocations="176" avgMicrosecondsPerInvocation="233" maxMicrosecondsPerInvocation="8606" standardDeviationMicrosecondsPerInvocation="828"/>
      <ClassProfile name="edu.umd.cs.findbugs.classfile.engine.bcel.MethodGenFactory" totalMilliseconds="38" invocations="217" avgMicrosecondsPerInvocation="179" maxMicrosecondsPerInvocation="17823" standardDeviationMicrosecondsPerInvocation="1248"/>
      <ClassProfile name="edu.umd.cs.findbugs.classfile.engine.bcel.ValueRangeAnalysisFactory" totalMilliseconds="36" invocations="217" avgMicrosecondsPerInvocation="168" maxMicrosecondsPerInvocation="15418" standardDeviationMicrosecondsPerInvocation="1124"/>
      <ClassProfile name="edu.umd.cs.findbugs.classfile.engine.bcel.JavaClassAnalysisEngine" totalMilliseconds="32" invocations="229" avgMicrosecondsPerInvocation="141" maxMicrosecondsPerInvocation="8508" standardDeviationMicrosecondsPerInvocation="626"/>
      <ClassProfile name="edu.umd.cs.findbugs.classfile.engine.bcel.LiveLocalStoreDataflowFactory" totalMilliseconds="31" invocations="216" avgMicrosecondsPerInvocation="143" maxMicrosecondsPerInvocation="4052" standardDeviationMicrosecondsPerInvocation="426"/>
      <ClassProfile name="edu.umd.cs.findbugs.detect.NoteDirectlyRelevantTypeQualifiers" totalMilliseconds="28" invocations="94" avgMicrosecondsPerInvocation="298" maxMicrosecondsPerInvocation="4353" standardDeviationMicrosecondsPerInvocation="679"/>
      <ClassProfile name="edu.umd.cs.findbugs.detect.CalledMethods" totalMilliseconds="25" invocations="94" avgMicrosecondsPerInvocation="270" maxMicrosecondsPerInvocation="10886" standardDeviationMicrosecondsPerInvocation="1135"/>
      <ClassProfile name="edu.umd.cs.findbugs.detect.FindDeadLocalStores" totalMilliseconds="23" invocations="1" avgMicrosecondsPerInvocation="23982" maxMicrosecondsPerInvocation="23982" standardDeviationMicrosecondsPerInvocation="0"/>
      <ClassProfile name="edu.umd.cs.findbugs.classfile.engine.bcel.ConstantDataflowFactory" totalMilliseconds="23" invocations="217" avgMicrosecondsPerInvocation="107" maxMicrosecondsPerInvocation="3671" standardDeviationMicrosecondsPerInvocation="382"/>
      <ClassProfile name="edu.umd.cs.findbugs.detect.UnreadFields" totalMilliseconds="22" invocations="1" avgMicrosecondsPerInvocation="22816" maxMicrosecondsPerInvocation="22816" standardDeviationMicrosecondsPerInvocation="0"/>
      <ClassProfile name="edu.umd.cs.findbugs.util.TopologicalSort" totalMilliseconds="20" invocations="708" avgMicrosecondsPerInvocation="28" maxMicrosecondsPerInvocation="2138" standardDeviationMicrosecondsPerInvocation="90"/>
      <ClassProfile name="edu.umd.cs.findbugs.detect.BuildObligationPolicyDatabase" totalMilliseconds="19" invocations="94" avgMicrosecondsPerInvocation="210" maxMicrosecondsPerInvocation="1779" standardDeviationMicrosecondsPerInvocation="306"/>
      <ClassProfile name="edu.umd.cs.findbugs.detect.DumbMethods" totalMilliseconds="19" invocations="1" avgMicrosecondsPerInvocation="19501" maxMicrosecondsPerInvocation="19501" standardDeviationMicrosecondsPerInvocation="0"/>
      <ClassProfile name="edu.umd.cs.findbugs.detect.FindInconsistentSync2" totalMilliseconds="19" invocations="1" avgMicrosecondsPerInvocation="19376" maxMicrosecondsPerInvocation="19376" standardDeviationMicrosecondsPerInvocation="0"/>
      <ClassProfile name="edu.umd.cs.findbugs.detect.FunctionsThatMightBeMistakenForProcedures" totalMilliseconds="19" invocations="94" avgMicrosecondsPerInvocation="204" maxMicrosecondsPerInvocation="2336" standardDeviationMicrosecondsPerInvocation="352"/>
      <ClassProfile name="edu.umd.cs.findbugs.detect.BuildStringPassthruGraph" totalMilliseconds="19" invocations="94" avgMicrosecondsPerInvocation="203" maxMicrosecondsPerInvocation="3976" standardDeviationMicrosecondsPerInvocation="500"/>
      <ClassProfile name="edu.umd.cs.findbugs.classfile.engine.ClassDataAnalysisEngine" totalMilliseconds="18" invocations="833" avgMicrosecondsPerInvocation="22" maxMicrosecondsPerInvocation="470" standardDeviationMicrosecondsPerInvocation="28"/>
      <ClassProfile name="edu.umd.cs.findbugs.detect.FindNullDeref$CheckCallSitesAndReturnInstructions" totalMilliseconds="17" invocations="217" avgMicrosecondsPerInvocation="81" maxMicrosecondsPerInvocation="3340" standardDeviationMicrosecondsPerInvocation="260"/>
      <ClassProfile name="edu.umd.cs.findbugs.detect.OverridingEqualsNotSymmetrical" totalMilliseconds="17" invocations="94" avgMicrosecondsPerInvocation="185" maxMicrosecondsPerInvocation="6179" standardDeviationMicrosecondsPerInvocation="644"/>
      <ClassProfile name="edu.umd.cs.findbugs.ba.npe.TypeQualifierNullnessAnnotationDatabase" totalMilliseconds="16" invocations="7497" avgMicrosecondsPerInvocation="2" maxMicrosecondsPerInvocation="682" standardDeviationMicrosecondsPerInvocation="12"/>
    </FindBugsProfile>
  </FindBugsSummary>
  <ClassFeatures></ClassFeatures>
  <History></History>
</BugCollection>
