<?xml version="1.0" encoding="UTF-8"?>

<BugCollection version="4.7.3" sequence="0" timestamp="1698475218203" analysisTimestamp="1698515116651" release="">
  <Project projectName="">
    <Jar>/mnt/disk3/lty/JLeaks/data/classfile/bug-866-ae23f77c441fa597355e7ad1996a476032c9d42eebe100707437bafcfeb068db.class</Jar>
  </Project>
  <Errors errors="0" missingClasses="16">
    <MissingClass>io.questdb.cairo.CairoConfiguration</MissingClass>
    <MissingClass>io.questdb.cairo.CairoException</MissingClass>
    <MissingClass>io.questdb.cairo.EntryUnavailableException</MissingClass>
    <MissingClass>io.questdb.cairo.pool.AbstractPool</MissingClass>
    <MissingClass>io.questdb.cairo.pool.PoolConstants</MissingClass>
    <MissingClass>io.questdb.cairo.pool.PoolListener</MissingClass>
    <MissingClass>io.questdb.cairo.pool.ReaderPool$Entry</MissingClass>
    <MissingClass>io.questdb.cairo.pool.ReaderPool$R</MissingClass>
    <MissingClass>io.questdb.cairo.pool.ex.EntryLockedException</MissingClass>
    <MissingClass>io.questdb.cairo.pool.ex.PoolClosedException</MissingClass>
    <MissingClass>io.questdb.log.Log</MissingClass>
    <MissingClass>io.questdb.log.LogFactory</MissingClass>
    <MissingClass>io.questdb.log.LogRecord</MissingClass>
    <MissingClass>io.questdb.std.ConcurrentHashMap</MissingClass>
    <MissingClass>io.questdb.std.Unsafe</MissingClass>
    <MissingClass>io.questdb.std.datetime.microtime.MicrosecondClock</MissingClass>
  </Errors>
  <FindBugsSummary timestamp="Sat, 28 Oct 2023 14:40:18 +0800" total_classes="1" referenced_classes="12" total_bugs="0" total_size="197" num_packages="1" java_version="1.8.0_382" vm_version="25.382-b05" cpu_seconds="7.34" clock_seconds="0.84" peak_mbytes="396.47" alloc_mbytes="1820.50" gc_seconds="0.04">
    <PackageStats package="io.questdb.cairo.pool" total_bugs="0" total_types="1" total_size="197">
      <ClassStats class="io.questdb.cairo.pool.ReaderPool" sourceFile="ReaderPool.java" interface="false" size="197" bugs="0"/>
    </PackageStats>
    <FindBugsProfile>
      <ClassProfile name="edu.umd.cs.findbugs.classfile.engine.ClassInfoAnalysisEngine" totalMilliseconds="103" invocations="344" avgMicrosecondsPerInvocation="301" maxMicrosecondsPerInvocation="12817" standardDeviationMicrosecondsPerInvocation="877"/>
      <ClassProfile name="edu.umd.cs.findbugs.detect.BuildStringPassthruGraph" totalMilliseconds="48" invocations="12" avgMicrosecondsPerInvocation="4053" maxMicrosecondsPerInvocation="44942" standardDeviationMicrosecondsPerInvocation="12339"/>
      <ClassProfile name="edu.umd.cs.findbugs.classfile.engine.bcel.IsNullValueDataflowFactory" totalMilliseconds="34" invocations="21" avgMicrosecondsPerInvocation="1629" maxMicrosecondsPerInvocation="14875" standardDeviationMicrosecondsPerInvocation="3217"/>
      <ClassProfile name="edu.umd.cs.findbugs.classfile.engine.bcel.ValueNumberDataflowFactory" totalMilliseconds="31" invocations="21" avgMicrosecondsPerInvocation="1511" maxMicrosecondsPerInvocation="13615" standardDeviationMicrosecondsPerInvocation="3178"/>
      <ClassProfile name="edu.umd.cs.findbugs.OpcodeStack$JumpInfoFactory" totalMilliseconds="30" invocations="90" avgMicrosecondsPerInvocation="340" maxMicrosecondsPerInvocation="8422" standardDeviationMicrosecondsPerInvocation="939"/>
      <ClassProfile name="edu.umd.cs.findbugs.classfile.engine.bcel.TypeDataflowFactory" totalMilliseconds="26" invocations="21" avgMicrosecondsPerInvocation="1277" maxMicrosecondsPerInvocation="9893" standardDeviationMicrosecondsPerInvocation="2359"/>
      <ClassProfile name="edu.umd.cs.findbugs.classfile.engine.bcel.UnconditionalValueDerefDataflowFactory" totalMilliseconds="24" invocations="17" avgMicrosecondsPerInvocation="1466" maxMicrosecondsPerInvocation="9178" standardDeviationMicrosecondsPerInvocation="2193"/>
      <ClassProfile name="edu.umd.cs.findbugs.classfile.engine.bcel.CFGFactory" totalMilliseconds="21" invocations="21" avgMicrosecondsPerInvocation="1040" maxMicrosecondsPerInvocation="12404" standardDeviationMicrosecondsPerInvocation="2645"/>
      <ClassProfile name="edu.umd.cs.findbugs.classfile.engine.bcel.MethodGenFactory" totalMilliseconds="21" invocations="21" avgMicrosecondsPerInvocation="1010" maxMicrosecondsPerInvocation="17658" standardDeviationMicrosecondsPerInvocation="3739"/>
      <ClassProfile name="edu.umd.cs.findbugs.detect.FindOpenStream" totalMilliseconds="19" invocations="1" avgMicrosecondsPerInvocation="19842" maxMicrosecondsPerInvocation="19842" standardDeviationMicrosecondsPerInvocation="0"/>
      <ClassProfile name="edu.umd.cs.findbugs.detect.FieldItemSummary" totalMilliseconds="17" invocations="12" avgMicrosecondsPerInvocation="1458" maxMicrosecondsPerInvocation="4577" standardDeviationMicrosecondsPerInvocation="1618"/>
      <ClassProfile name="edu.umd.cs.findbugs.detect.FindNoSideEffectMethods" totalMilliseconds="16" invocations="12" avgMicrosecondsPerInvocation="1402" maxMicrosecondsPerInvocation="6242" standardDeviationMicrosecondsPerInvocation="1815"/>
      <ClassProfile name="edu.umd.cs.findbugs.classfile.engine.bcel.JavaClassAnalysisEngine" totalMilliseconds="15" invocations="45" avgMicrosecondsPerInvocation="340" maxMicrosecondsPerInvocation="8379" standardDeviationMicrosecondsPerInvocation="1257"/>
      <ClassProfile name="edu.umd.cs.findbugs.util.TopologicalSort" totalMilliseconds="13" invocations="296" avgMicrosecondsPerInvocation="45" maxMicrosecondsPerInvocation="626" standardDeviationMicrosecondsPerInvocation="80"/>
      <ClassProfile name="edu.umd.cs.findbugs.ba.npe.NullDerefAndRedundantComparisonFinder" totalMilliseconds="12" invocations="15" avgMicrosecondsPerInvocation="820" maxMicrosecondsPerInvocation="3579" standardDeviationMicrosecondsPerInvocation="892"/>
    </FindBugsProfile>
  </FindBugsSummary>
  <ClassFeatures></ClassFeatures>
  <History></History>
</BugCollection>
