<?xml version="1.0" encoding="UTF-8"?>

<BugCollection version="4.7.3" sequence="0" timestamp="1698475144194" analysisTimestamp="1698511021117" release="">
  <Project projectName="">
    <Jar>/mnt/disk3/lty/JLeaks/data/classfile/bug-310-6526d81948eb1bfa13c1a86cc22a02c0f150cf4c01212cd5b9c7fe75c798c7b8.class</Jar>
  </Project>
  <Errors errors="0" missingClasses="11">
    <MissingClass>org.apache.metamodel.DataContext</MissingClass>
    <MissingClass>org.apache.metamodel.query.builder.InitFromBuilder</MissingClass>
    <MissingClass>org.apache.metamodel.query.builder.SatisfiedSelectBuilder</MissingClass>
    <MissingClass>org.apache.metamodel.query.builder.TableFromBuilder</MissingClass>
    <MissingClass>org.apache.metamodel.schema.Column</MissingClass>
    <MissingClass>org.apache.metamodel.schema.Table</MissingClass>
    <MissingClass>org.eobjects.analyzer.connection.Datastore</MissingClass>
    <MissingClass>org.eobjects.analyzer.connection.DatastoreConnection</MissingClass>
    <MissingClass>org.eobjects.analyzer.data.InputColumn</MissingClass>
    <MissingClass>org.eobjects.datacleaner.bootstrap.WindowContext</MissingClass>
    <MissingClass>org.eobjects.datacleaner.windows.DataSetWindow</MissingClass>
  </Errors>
  <FindBugsSummary timestamp="Sat, 28 Oct 2023 14:39:04 +0800" total_classes="1" referenced_classes="18" total_bugs="0" total_size="42" num_packages="1" java_version="1.8.0_382" vm_version="25.382-b05" cpu_seconds="5.09" clock_seconds="0.66" peak_mbytes="392.94" alloc_mbytes="1820.50" gc_seconds="0.04">
    <PackageStats package="org.eobjects.datacleaner.actions" total_bugs="0" total_types="1" total_size="42">
      <ClassStats class="org.eobjects.datacleaner.actions.PreviewSourceDataActionListener" sourceFile="PreviewSourceDataActionListener.java" interface="false" size="42" bugs="0"/>
    </PackageStats>
    <FindBugsProfile>
      <ClassProfile name="edu.umd.cs.findbugs.classfile.engine.ClassInfoAnalysisEngine" totalMilliseconds="105" invocations="354" avgMicrosecondsPerInvocation="299" maxMicrosecondsPerInvocation="9927" standardDeviationMicrosecondsPerInvocation="738"/>
      <ClassProfile name="edu.umd.cs.findbugs.detect.FindNoSideEffectMethods" totalMilliseconds="53" invocations="18" avgMicrosecondsPerInvocation="2989" maxMicrosecondsPerInvocation="42327" standardDeviationMicrosecondsPerInvocation="9592"/>
      <ClassProfile name="edu.umd.cs.findbugs.detect.FieldItemSummary" totalMilliseconds="21" invocations="18" avgMicrosecondsPerInvocation="1184" maxMicrosecondsPerInvocation="6593" standardDeviationMicrosecondsPerInvocation="1860"/>
      <ClassProfile name="edu.umd.cs.findbugs.OpcodeStack$JumpInfoFactory" totalMilliseconds="21" invocations="77" avgMicrosecondsPerInvocation="273" maxMicrosecondsPerInvocation="1565" standardDeviationMicrosecondsPerInvocation="308"/>
      <ClassProfile name="edu.umd.cs.findbugs.classfile.engine.bcel.MethodGenFactory" totalMilliseconds="18" invocations="4" avgMicrosecondsPerInvocation="4591" maxMicrosecondsPerInvocation="17191" standardDeviationMicrosecondsPerInvocation="7280"/>
      <ClassProfile name="edu.umd.cs.findbugs.classfile.engine.bcel.JavaClassAnalysisEngine" totalMilliseconds="14" invocations="42" avgMicrosecondsPerInvocation="356" maxMicrosecondsPerInvocation="8368" standardDeviationMicrosecondsPerInvocation="1293"/>
      <ClassProfile name="edu.umd.cs.findbugs.util.TopologicalSort" totalMilliseconds="13" invocations="310" avgMicrosecondsPerInvocation="43" maxMicrosecondsPerInvocation="588" standardDeviationMicrosecondsPerInvocation="78"/>
      <ClassProfile name="edu.umd.cs.findbugs.classfile.engine.bcel.ValueNumberDataflowFactory" totalMilliseconds="13" invocations="4" avgMicrosecondsPerInvocation="3295" maxMicrosecondsPerInvocation="6388" standardDeviationMicrosecondsPerInvocation="2964"/>
      <ClassProfile name="edu.umd.cs.findbugs.classfile.engine.bcel.TypeDataflowFactory" totalMilliseconds="11" invocations="4" avgMicrosecondsPerInvocation="2937" maxMicrosecondsPerInvocation="5883" standardDeviationMicrosecondsPerInvocation="2432"/>
    </FindBugsProfile>
  </FindBugsSummary>
  <ClassFeatures></ClassFeatures>
  <History></History>
</BugCollection>
