<?xml version="1.0" encoding="UTF-8"?>

<BugCollection version="4.7.3" sequence="0" timestamp="1698475140446" analysisTimestamp="1698510965582" release="">
  <Project projectName="">
    <Jar>/mnt/disk3/lty/JLeaks/data/classfile/bug-278-113d4069abe682ffbb5247fb533c3325651b4d632a0c6e76be0cbdc89f3d633b.class</Jar>
  </Project>
  <Errors errors="0" missingClasses="1">
    <MissingClass>co.cask.cdap.internal.app.runtime.batch.distributed.MapReduceContainerLauncher$1</MissingClass>
  </Errors>
  <FindBugsSummary timestamp="Sat, 28 Oct 2023 14:39:00 +0800" total_classes="1" referenced_classes="31" total_bugs="0" total_size="50" num_packages="1" java_version="1.8.0_382" vm_version="25.382-b05" cpu_seconds="8.48" clock_seconds="0.86" peak_mbytes="396.14" alloc_mbytes="1820.50" gc_seconds="0.04">
    <PackageStats package="co.cask.cdap.internal.app.runtime.batch.distributed" total_bugs="0" total_types="1" total_size="50">
      <ClassStats class="co.cask.cdap.internal.app.runtime.batch.distributed.MapReduceContainerLauncher" sourceFile="MapReduceContainerLauncher.java" interface="false" size="50" bugs="0"/>
    </PackageStats>
    <FindBugsProfile>
      <ClassProfile name="edu.umd.cs.findbugs.classfile.engine.ClassInfoAnalysisEngine" totalMilliseconds="126" invocations="486" avgMicrosecondsPerInvocation="261" maxMicrosecondsPerInvocation="10131" standardDeviationMicrosecondsPerInvocation="657"/>
      <ClassProfile name="edu.umd.cs.findbugs.detect.FindNoSideEffectMethods" totalMilliseconds="75" invocations="31" avgMicrosecondsPerInvocation="2439" maxMicrosecondsPerInvocation="44842" standardDeviationMicrosecondsPerInvocation="7817"/>
      <ClassProfile name="edu.umd.cs.findbugs.detect.FieldItemSummary" totalMilliseconds="40" invocations="31" avgMicrosecondsPerInvocation="1295" maxMicrosecondsPerInvocation="6715" standardDeviationMicrosecondsPerInvocation="1566"/>
      <ClassProfile name="edu.umd.cs.findbugs.OpcodeStack$JumpInfoFactory" totalMilliseconds="28" invocations="186" avgMicrosecondsPerInvocation="152" maxMicrosecondsPerInvocation="1590" standardDeviationMicrosecondsPerInvocation="210"/>
      <ClassProfile name="edu.umd.cs.findbugs.classfile.engine.bcel.ValueNumberDataflowFactory" totalMilliseconds="20" invocations="4" avgMicrosecondsPerInvocation="5128" maxMicrosecondsPerInvocation="7860" standardDeviationMicrosecondsPerInvocation="2034"/>
      <ClassProfile name="edu.umd.cs.findbugs.classfile.engine.bcel.JavaClassAnalysisEngine" totalMilliseconds="19" invocations="64" avgMicrosecondsPerInvocation="310" maxMicrosecondsPerInvocation="8431" standardDeviationMicrosecondsPerInvocation="1068"/>
      <ClassProfile name="edu.umd.cs.findbugs.classfile.engine.bcel.IsNullValueDataflowFactory" totalMilliseconds="19" invocations="4" avgMicrosecondsPerInvocation="4877" maxMicrosecondsPerInvocation="8341" standardDeviationMicrosecondsPerInvocation="3123"/>
      <ClassProfile name="edu.umd.cs.findbugs.detect.NoteDirectlyRelevantTypeQualifiers" totalMilliseconds="19" invocations="31" avgMicrosecondsPerInvocation="620" maxMicrosecondsPerInvocation="4671" standardDeviationMicrosecondsPerInvocation="981"/>
      <ClassProfile name="edu.umd.cs.findbugs.classfile.engine.bcel.MethodGenFactory" totalMilliseconds="18" invocations="4" avgMicrosecondsPerInvocation="4699" maxMicrosecondsPerInvocation="17126" standardDeviationMicrosecondsPerInvocation="7184"/>
      <ClassProfile name="edu.umd.cs.findbugs.classfile.engine.bcel.TypeDataflowFactory" totalMilliseconds="17" invocations="4" avgMicrosecondsPerInvocation="4472" maxMicrosecondsPerInvocation="5051" standardDeviationMicrosecondsPerInvocation="572"/>
      <ClassProfile name="edu.umd.cs.findbugs.util.TopologicalSort" totalMilliseconds="16" invocations="452" avgMicrosecondsPerInvocation="37" maxMicrosecondsPerInvocation="958" standardDeviationMicrosecondsPerInvocation="82"/>
      <ClassProfile name="edu.umd.cs.findbugs.classfile.engine.bcel.UnconditionalValueDerefDataflowFactory" totalMilliseconds="15" invocations="4" avgMicrosecondsPerInvocation="3793" maxMicrosecondsPerInvocation="5549" standardDeviationMicrosecondsPerInvocation="2187"/>
      <ClassProfile name="edu.umd.cs.findbugs.detect.OverridingEqualsNotSymmetrical" totalMilliseconds="12" invocations="31" avgMicrosecondsPerInvocation="393" maxMicrosecondsPerInvocation="6335" standardDeviationMicrosecondsPerInvocation="1103"/>
      <ClassProfile name="edu.umd.cs.findbugs.detect.FunctionsThatMightBeMistakenForProcedures" totalMilliseconds="12" invocations="31" avgMicrosecondsPerInvocation="391" maxMicrosecondsPerInvocation="2341" standardDeviationMicrosecondsPerInvocation="558"/>
      <ClassProfile name="edu.umd.cs.findbugs.classfile.engine.bcel.CFGFactory" totalMilliseconds="11" invocations="4" avgMicrosecondsPerInvocation="2951" maxMicrosecondsPerInvocation="6831" standardDeviationMicrosecondsPerInvocation="2277"/>
      <ClassProfile name="edu.umd.cs.findbugs.classfile.engine.ClassDataAnalysisEngine" totalMilliseconds="11" invocations="488" avgMicrosecondsPerInvocation="24" maxMicrosecondsPerInvocation="467" standardDeviationMicrosecondsPerInvocation="32"/>
    </FindBugsProfile>
  </FindBugsSummary>
  <ClassFeatures></ClassFeatures>
  <History></History>
</BugCollection>
