<?xml version="1.0" encoding="UTF-8"?>

<BugCollection version="4.7.3" sequence="0" timestamp="1698475234642" analysisTimestamp="1698520461515" release="">
  <Project projectName="">
    <Jar>/mnt/disk3/lty/JLeaks/data/classfile/bug-976-189517bb5cb2e839c93338c0fbe2846628eb30b9176f87425bb45a21dfd0645d.class</Jar>
  </Project>
  <BugInstance type="OS_OPEN_STREAM" priority="2" rank="16" abbrev="OS" category="BAD_PRACTICE">
    <Class classname="amidst.clazz.real.RealClasses">
      <SourceLine classname="amidst.clazz.real.RealClasses" start="15" end="82" sourcefile="RealClasses.java" sourcepath="amidst/clazz/real/RealClasses.java"/>
    </Class>
    <Method classname="amidst.clazz.real.RealClasses" name="readJarFileEntry" signature="(Ljava/util/zip/ZipFile;Ljava/util/zip/ZipEntry;)Lamidst/clazz/real/RealClass;" isStatic="true">
      <SourceLine classname="amidst.clazz.real.RealClasses" start="59" end="72" startBytecode="0" endBytecode="37" sourcefile="RealClasses.java" sourcepath="amidst/clazz/real/RealClasses.java"/>
    </Method>
    <Type descriptor="Ljava/io/InputStream;" role="TYPE_CLOSEIT">
      <SourceLine classname="java.io.InputStream" start="45" end="364" sourcefile="InputStream.java" sourcepath="java/io/InputStream.java"/>
    </Type>
    <SourceLine classname="amidst.clazz.real.RealClasses" start="62" end="62" startBytecode="21" endBytecode="21" sourcefile="RealClasses.java" sourcepath="amidst/clazz/real/RealClasses.java"/>
  </BugInstance>
  <Errors errors="0" missingClasses="3">
    <MissingClass>amidst.clazz.real.JarFileParsingException</MissingClass>
    <MissingClass>amidst.clazz.real.RealClassBuilder</MissingClass>
    <MissingClass>amidst.clazz.real.RealClassCreationException</MissingClass>
  </Errors>
  <FindBugsSummary timestamp="Sat, 28 Oct 2023 14:40:34 +0800" total_classes="1" referenced_classes="29" total_bugs="1" total_size="49" num_packages="1" java_version="1.8.0_382" vm_version="25.382-b05" cpu_seconds="6.61" clock_seconds="0.72" peak_mbytes="393.56" alloc_mbytes="1820.50" gc_seconds="0.04" priority_2="1">
    <PackageStats package="amidst.clazz.real" total_bugs="1" total_types="1" total_size="49" priority_2="1">
      <ClassStats class="amidst.clazz.real.RealClasses" sourceFile="RealClasses.java" interface="false" size="49" bugs="1" priority_2="1"/>
    </PackageStats>
    <FindBugsProfile>
      <ClassProfile name="edu.umd.cs.findbugs.classfile.engine.ClassInfoAnalysisEngine" totalMilliseconds="150" invocations="386" avgMicrosecondsPerInvocation="391" maxMicrosecondsPerInvocation="42202" standardDeviationMicrosecondsPerInvocation="2254"/>
      <ClassProfile name="edu.umd.cs.findbugs.detect.FieldItemSummary" totalMilliseconds="27" invocations="29" avgMicrosecondsPerInvocation="948" maxMicrosecondsPerInvocation="5589" standardDeviationMicrosecondsPerInvocation="1473"/>
      <ClassProfile name="edu.umd.cs.findbugs.detect.FindNoSideEffectMethods" totalMilliseconds="22" invocations="29" avgMicrosecondsPerInvocation="765" maxMicrosecondsPerInvocation="4485" standardDeviationMicrosecondsPerInvocation="1118"/>
      <ClassProfile name="edu.umd.cs.findbugs.OpcodeStack$JumpInfoFactory" totalMilliseconds="20" invocations="95" avgMicrosecondsPerInvocation="215" maxMicrosecondsPerInvocation="1786" standardDeviationMicrosecondsPerInvocation="268"/>
      <ClassProfile name="edu.umd.cs.findbugs.classfile.engine.bcel.MethodGenFactory" totalMilliseconds="18" invocations="9" avgMicrosecondsPerInvocation="2096" maxMicrosecondsPerInvocation="16737" standardDeviationMicrosecondsPerInvocation="5178"/>
      <ClassProfile name="edu.umd.cs.findbugs.classfile.engine.bcel.JavaClassAnalysisEngine" totalMilliseconds="17" invocations="58" avgMicrosecondsPerInvocation="304" maxMicrosecondsPerInvocation="8552" standardDeviationMicrosecondsPerInvocation="1132"/>
      <ClassProfile name="edu.umd.cs.findbugs.util.TopologicalSort" totalMilliseconds="14" invocations="347" avgMicrosecondsPerInvocation="41" maxMicrosecondsPerInvocation="618" standardDeviationMicrosecondsPerInvocation="72"/>
      <ClassProfile name="edu.umd.cs.findbugs.classfile.engine.bcel.IsNullValueDataflowFactory" totalMilliseconds="12" invocations="9" avgMicrosecondsPerInvocation="1362" maxMicrosecondsPerInvocation="4905" standardDeviationMicrosecondsPerInvocation="1429"/>
      <ClassProfile name="edu.umd.cs.findbugs.detect.NoteDirectlyRelevantTypeQualifiers" totalMilliseconds="12" invocations="29" avgMicrosecondsPerInvocation="421" maxMicrosecondsPerInvocation="3002" standardDeviationMicrosecondsPerInvocation="669"/>
      <ClassProfile name="edu.umd.cs.findbugs.classfile.engine.bcel.CFGFactory" totalMilliseconds="11" invocations="9" avgMicrosecondsPerInvocation="1293" maxMicrosecondsPerInvocation="7193" standardDeviationMicrosecondsPerInvocation="2149"/>
      <ClassProfile name="edu.umd.cs.findbugs.classfile.engine.bcel.TypeDataflowFactory" totalMilliseconds="11" invocations="9" avgMicrosecondsPerInvocation="1281" maxMicrosecondsPerInvocation="5019" standardDeviationMicrosecondsPerInvocation="1502"/>
      <ClassProfile name="edu.umd.cs.findbugs.classfile.engine.bcel.ValueNumberDataflowFactory" totalMilliseconds="11" invocations="9" avgMicrosecondsPerInvocation="1253" maxMicrosecondsPerInvocation="6813" standardDeviationMicrosecondsPerInvocation="2013"/>
    </FindBugsProfile>
  </FindBugsSummary>
  <ClassFeatures></ClassFeatures>
  <History></History>
</BugCollection>
