<?xml version="1.0" encoding="UTF-8"?>

<BugCollection version="4.7.3" sequence="0" timestamp="1698475110972" analysisTimestamp="1698507729716" release="">
  <Project projectName="">
    <Jar>/mnt/disk3/lty/JLeaks/data/classfile/bug-13-4be138713aa02b710f6d4e07b1da910187035a7297d7919df5306f0c3cb7a3d4.class</Jar>
  </Project>
  <Errors errors="0" missingClasses="11">
    <MissingClass>com.google.common.io.Closer</MissingClass>
    <MissingClass>org.apache.commons.io.FilenameUtils</MissingClass>
    <MissingClass>tachyon.client.InStream</MissingClass>
    <MissingClass>tachyon.client.OutStream</MissingClass>
    <MissingClass>tachyon.client.ReadType</MissingClass>
    <MissingClass>tachyon.client.TachyonFS</MissingClass>
    <MissingClass>tachyon.client.TachyonFile</MissingClass>
    <MissingClass>tachyon.client.WriteType</MissingClass>
    <MissingClass>tachyon.command.Utils</MissingClass>
    <MissingClass>tachyon.thrift.ClientFileInfo</MissingClass>
    <MissingClass>tachyon.util.CommonUtils</MissingClass>
  </Errors>
  <FindBugsSummary timestamp="Sat, 28 Oct 2023 14:38:30 +0800" total_classes="1" referenced_classes="26" total_bugs="0" total_size="417" num_packages="1" java_version="1.8.0_382" vm_version="25.382-b05" cpu_seconds="56.58" clock_seconds="5.47" peak_mbytes="400.14" alloc_mbytes="1820.50" gc_seconds="0.22">
    <PackageStats package="tachyon.command" total_bugs="0" total_types="1" total_size="417">
      <ClassStats class="tachyon.command.TFsShell" sourceFile="TFsShell.java" interface="false" size="417" bugs="0"/>
    </PackageStats>
    <FindBugsProfile>
      <ClassProfile name="edu.umd.cs.findbugs.classfile.engine.ClassInfoAnalysisEngine" totalMilliseconds="570" invocations="457" avgMicrosecondsPerInvocation="1248" maxMicrosecondsPerInvocation="67879" standardDeviationMicrosecondsPerInvocation="3679"/>
      <ClassProfile name="edu.umd.cs.findbugs.classfile.engine.bcel.JavaClassAnalysisEngine" totalMilliseconds="317" invocations="80" avgMicrosecondsPerInvocation="3966" maxMicrosecondsPerInvocation="222249" standardDeviationMicrosecondsPerInvocation="25086"/>
      <ClassProfile name="edu.umd.cs.findbugs.classfile.engine.bcel.IsNullValueDataflowFactory" totalMilliseconds="235" invocations="23" avgMicrosecondsPerInvocation="10241" maxMicrosecondsPerInvocation="62413" standardDeviationMicrosecondsPerInvocation="12314"/>
      <ClassProfile name="edu.umd.cs.findbugs.classfile.engine.bcel.TypeDataflowFactory" totalMilliseconds="199" invocations="24" avgMicrosecondsPerInvocation="8318" maxMicrosecondsPerInvocation="30559" standardDeviationMicrosecondsPerInvocation="7794"/>
      <ClassProfile name="edu.umd.cs.findbugs.detect.FieldItemSummary" totalMilliseconds="188" invocations="26" avgMicrosecondsPerInvocation="7259" maxMicrosecondsPerInvocation="28834" standardDeviationMicrosecondsPerInvocation="8238"/>
      <ClassProfile name="edu.umd.cs.findbugs.classfile.engine.bcel.ValueNumberDataflowFactory" totalMilliseconds="172" invocations="24" avgMicrosecondsPerInvocation="7192" maxMicrosecondsPerInvocation="41468" standardDeviationMicrosecondsPerInvocation="9005"/>
      <ClassProfile name="edu.umd.cs.findbugs.ba.npe.NullDerefAndRedundantComparisonFinder" totalMilliseconds="155" invocations="23" avgMicrosecondsPerInvocation="6749" maxMicrosecondsPerInvocation="39276" standardDeviationMicrosecondsPerInvocation="7484"/>
      <ClassProfile name="edu.umd.cs.findbugs.classfile.engine.bcel.UnconditionalValueDerefDataflowFactory" totalMilliseconds="154" invocations="23" avgMicrosecondsPerInvocation="6701" maxMicrosecondsPerInvocation="38553" standardDeviationMicrosecondsPerInvocation="7555"/>
      <ClassProfile name="edu.umd.cs.findbugs.detect.FindNoSideEffectMethods" totalMilliseconds="143" invocations="26" avgMicrosecondsPerInvocation="5511" maxMicrosecondsPerInvocation="17209" standardDeviationMicrosecondsPerInvocation="5234"/>
      <ClassProfile name="edu.umd.cs.findbugs.classfile.engine.bcel.MethodGenFactory" totalMilliseconds="138" invocations="23" avgMicrosecondsPerInvocation="6004" maxMicrosecondsPerInvocation="110529" standardDeviationMicrosecondsPerInvocation="22308"/>
      <ClassProfile name="edu.umd.cs.findbugs.classfile.engine.bcel.CFGFactory" totalMilliseconds="133" invocations="23" avgMicrosecondsPerInvocation="5819" maxMicrosecondsPerInvocation="43538" standardDeviationMicrosecondsPerInvocation="8417"/>
      <ClassProfile name="edu.umd.cs.findbugs.OpcodeStack$JumpInfoFactory" totalMilliseconds="133" invocations="131" avgMicrosecondsPerInvocation="1020" maxMicrosecondsPerInvocation="10623" standardDeviationMicrosecondsPerInvocation="1352"/>
      <ClassProfile name="edu.umd.cs.findbugs.classfile.engine.ClassDataAnalysisEngine" totalMilliseconds="93" invocations="461" avgMicrosecondsPerInvocation="202" maxMicrosecondsPerInvocation="2510" standardDeviationMicrosecondsPerInvocation="219"/>
      <ClassProfile name="edu.umd.cs.findbugs.detect.FindOpenStream" totalMilliseconds="87" invocations="1" avgMicrosecondsPerInvocation="87620" maxMicrosecondsPerInvocation="87620" standardDeviationMicrosecondsPerInvocation="0"/>
      <ClassProfile name="edu.umd.cs.findbugs.util.TopologicalSort" totalMilliseconds="78" invocations="411" avgMicrosecondsPerInvocation="191" maxMicrosecondsPerInvocation="4376" standardDeviationMicrosecondsPerInvocation="329"/>
      <ClassProfile name="edu.umd.cs.findbugs.detect.FunctionsThatMightBeMistakenForProcedures" totalMilliseconds="67" invocations="26" avgMicrosecondsPerInvocation="2605" maxMicrosecondsPerInvocation="29480" standardDeviationMicrosecondsPerInvocation="5631"/>
      <ClassProfile name="edu.umd.cs.findbugs.detect.NoteDirectlyRelevantTypeQualifiers" totalMilliseconds="65" invocations="26" avgMicrosecondsPerInvocation="2530" maxMicrosecondsPerInvocation="26171" standardDeviationMicrosecondsPerInvocation="4979"/>
      <ClassProfile name="edu.umd.cs.findbugs.detect.OverridingEqualsNotSymmetrical" totalMilliseconds="63" invocations="26" avgMicrosecondsPerInvocation="2446" maxMicrosecondsPerInvocation="33760" standardDeviationMicrosecondsPerInvocation="6400"/>
      <ClassProfile name="edu.umd.cs.findbugs.detect.BuildStringPassthruGraph" totalMilliseconds="56" invocations="26" avgMicrosecondsPerInvocation="2173" maxMicrosecondsPerInvocation="19971" standardDeviationMicrosecondsPerInvocation="4273"/>
      <ClassProfile name="edu.umd.cs.findbugs.detect.FindRefComparison$SpecialTypeAnalysis" totalMilliseconds="51" invocations="23" avgMicrosecondsPerInvocation="2239" maxMicrosecondsPerInvocation="6417" standardDeviationMicrosecondsPerInvocation="1455"/>
      <ClassProfile name="edu.umd.cs.findbugs.detect.StreamResourceTracker" totalMilliseconds="46" invocations="65" avgMicrosecondsPerInvocation="709" maxMicrosecondsPerInvocation="6458" standardDeviationMicrosecondsPerInvocation="1041"/>
      <ClassProfile name="edu.umd.cs.findbugs.detect.RuntimeExceptionCapture" totalMilliseconds="43" invocations="1" avgMicrosecondsPerInvocation="43346" maxMicrosecondsPerInvocation="43346" standardDeviationMicrosecondsPerInvocation="0"/>
      <ClassProfile name="edu.umd.cs.findbugs.classfile.engine.bcel.ConstantDataflowFactory" totalMilliseconds="37" invocations="23" avgMicrosecondsPerInvocation="1637" maxMicrosecondsPerInvocation="9728" standardDeviationMicrosecondsPerInvocation="2471"/>
    </FindBugsProfile>
  </FindBugsSummary>
  <ClassFeatures></ClassFeatures>
  <History></History>
</BugCollection>
