<?xml version="1.0" encoding="UTF-8"?>

<BugCollection version="4.7.3" sequence="0" timestamp="1698475136034" analysisTimestamp="1698510798388" release="">
  <Project projectName="">
    <Jar>/mnt/disk3/lty/JLeaks/data/classfile/bug-240-7845e70fa9fd28a5705dc6375fb1da2ac0c5856ce2e58aead2d8d28852281e7b.class</Jar>
  </Project>
  <BugInstance type="OS_OPEN_STREAM_EXCEPTION_PATH" priority="3" rank="19" abbrev="OS" category="BAD_PRACTICE">
    <Class classname="com.keybox.manage.util.SSHUtil">
      <SourceLine classname="com.keybox.manage.util.SSHUtil" start="42" end="650" sourcefile="SSHUtil.java" sourcepath="com/keybox/manage/util/SSHUtil.java"/>
    </Class>
    <Method classname="com.keybox.manage.util.SSHUtil" name="addPubKey" signature="(Lcom/keybox/manage/model/HostSystem;Lcom/jcraft/jsch/Session;Ljava/lang/String;)Lcom/keybox/manage/model/HostSystem;" isStatic="true">
      <SourceLine classname="com.keybox.manage.util.SSHUtil" start="337" end="397" startBytecode="0" endBytecode="200" sourcefile="SSHUtil.java" sourcepath="com/keybox/manage/util/SSHUtil.java"/>
    </Method>
    <Type descriptor="Ljava/io/Reader;" role="TYPE_CLOSEIT">
      <SourceLine classname="java.io.Reader" start="66" end="249" sourcefile="Reader.java" sourcepath="java/io/Reader.java"/>
    </Type>
    <SourceLine classname="com.keybox.manage.util.SSHUtil" start="346" end="346" startBytecode="82" endBytecode="82" sourcefile="SSHUtil.java" sourcepath="com/keybox/manage/util/SSHUtil.java"/>
  </BugInstance>
  <BugInstance type="OS_OPEN_STREAM_EXCEPTION_PATH" priority="3" rank="19" abbrev="OS" category="BAD_PRACTICE">
    <Class classname="com.keybox.manage.util.SSHUtil">
      <SourceLine classname="com.keybox.manage.util.SSHUtil" start="42" end="650" sourcefile="SSHUtil.java" sourcepath="com/keybox/manage/util/SSHUtil.java"/>
    </Class>
    <Method classname="com.keybox.manage.util.SSHUtil" name="pushUpload" signature="(Lcom/keybox/manage/model/HostSystem;Lcom/jcraft/jsch/Session;Ljava/lang/String;Ljava/lang/String;)Lcom/keybox/manage/model/HostSystem;" isStatic="true">
      <SourceLine classname="com.keybox.manage.util.SSHUtil" start="285" end="320" startBytecode="0" endBytecode="62" sourcefile="SSHUtil.java" sourcepath="com/keybox/manage/util/SSHUtil.java"/>
    </Method>
    <Type descriptor="Ljava/io/InputStream;" role="TYPE_CLOSEIT">
      <SourceLine classname="java.io.InputStream" start="45" end="364" sourcefile="InputStream.java" sourcepath="java/io/InputStream.java"/>
    </Type>
    <SourceLine classname="com.keybox.manage.util.SSHUtil" start="302" end="302" startBytecode="59" endBytecode="59" sourcefile="SSHUtil.java" sourcepath="com/keybox/manage/util/SSHUtil.java"/>
  </BugInstance>
  <Errors errors="0" missingClasses="26">
    <MissingClass>com.jcraft.jsch.Channel</MissingClass>
    <MissingClass>com.jcraft.jsch.ChannelExec</MissingClass>
    <MissingClass>com.jcraft.jsch.ChannelSftp</MissingClass>
    <MissingClass>com.jcraft.jsch.ChannelShell</MissingClass>
    <MissingClass>com.jcraft.jsch.JSch</MissingClass>
    <MissingClass>com.jcraft.jsch.JSchException</MissingClass>
    <MissingClass>com.jcraft.jsch.KeyPair</MissingClass>
    <MissingClass>com.jcraft.jsch.Session</MissingClass>
    <MissingClass>com.keybox.common.util.AppConfig</MissingClass>
    <MissingClass>com.keybox.manage.db.PrivateKeyDB</MissingClass>
    <MissingClass>com.keybox.manage.db.ProfileSystemsDB</MissingClass>
    <MissingClass>com.keybox.manage.db.PublicKeyDB</MissingClass>
    <MissingClass>com.keybox.manage.db.SystemDB</MissingClass>
    <MissingClass>com.keybox.manage.db.SystemStatusDB</MissingClass>
    <MissingClass>com.keybox.manage.db.UserProfileDB</MissingClass>
    <MissingClass>com.keybox.manage.model.ApplicationKey</MissingClass>
    <MissingClass>com.keybox.manage.model.HostSystem</MissingClass>
    <MissingClass>com.keybox.manage.model.Profile</MissingClass>
    <MissingClass>com.keybox.manage.model.SchSession</MissingClass>
    <MissingClass>com.keybox.manage.model.SessionOutput</MissingClass>
    <MissingClass>com.keybox.manage.model.UserSchSessions</MissingClass>
    <MissingClass>com.keybox.manage.task.SecureShellTask</MissingClass>
    <MissingClass>org.apache.commons.io.FileUtils</MissingClass>
    <MissingClass>org.apache.commons.lang3.StringUtils</MissingClass>
    <MissingClass>org.slf4j.Logger</MissingClass>
    <MissingClass>org.slf4j.LoggerFactory</MissingClass>
  </Errors>
  <FindBugsSummary timestamp="Sat, 28 Oct 2023 14:38:56 +0800" total_classes="1" referenced_classes="32" total_bugs="2" total_size="311" num_packages="1" java_version="1.8.0_382" vm_version="25.382-b05" cpu_seconds="10.82" clock_seconds="1.07" peak_mbytes="399.19" alloc_mbytes="1820.50" gc_seconds="0.04" priority_3="2">
    <PackageStats package="com.keybox.manage.util" total_bugs="2" total_types="1" total_size="311" priority_3="2">
      <ClassStats class="com.keybox.manage.util.SSHUtil" sourceFile="SSHUtil.java" interface="false" size="311" bugs="2" priority_3="2"/>
    </PackageStats>
    <FindBugsProfile>
      <ClassProfile name="edu.umd.cs.findbugs.classfile.engine.ClassInfoAnalysisEngine" totalMilliseconds="127" invocations="477" avgMicrosecondsPerInvocation="266" maxMicrosecondsPerInvocation="14160" standardDeviationMicrosecondsPerInvocation="780"/>
      <ClassProfile name="edu.umd.cs.findbugs.OpcodeStack$JumpInfoFactory" totalMilliseconds="70" invocations="140" avgMicrosecondsPerInvocation="502" maxMicrosecondsPerInvocation="41171" standardDeviationMicrosecondsPerInvocation="3457"/>
      <ClassProfile name="edu.umd.cs.findbugs.detect.FieldItemSummary" totalMilliseconds="39" invocations="32" avgMicrosecondsPerInvocation="1229" maxMicrosecondsPerInvocation="6522" standardDeviationMicrosecondsPerInvocation="1451"/>
      <ClassProfile name="edu.umd.cs.findbugs.classfile.engine.bcel.IsNullValueDataflowFactory" totalMilliseconds="38" invocations="18" avgMicrosecondsPerInvocation="2111" maxMicrosecondsPerInvocation="12917" standardDeviationMicrosecondsPerInvocation="3142"/>
      <ClassProfile name="edu.umd.cs.findbugs.classfile.engine.bcel.TypeDataflowFactory" totalMilliseconds="34" invocations="18" avgMicrosecondsPerInvocation="1934" maxMicrosecondsPerInvocation="7986" standardDeviationMicrosecondsPerInvocation="1964"/>
      <ClassProfile name="edu.umd.cs.findbugs.classfile.engine.bcel.ValueNumberDataflowFactory" totalMilliseconds="31" invocations="19" avgMicrosecondsPerInvocation="1658" maxMicrosecondsPerInvocation="7257" standardDeviationMicrosecondsPerInvocation="1957"/>
      <ClassProfile name="edu.umd.cs.findbugs.classfile.engine.bcel.UnconditionalValueDerefDataflowFactory" totalMilliseconds="30" invocations="18" avgMicrosecondsPerInvocation="1685" maxMicrosecondsPerInvocation="14727" standardDeviationMicrosecondsPerInvocation="3289"/>
      <ClassProfile name="edu.umd.cs.findbugs.detect.FindNoSideEffectMethods" totalMilliseconds="28" invocations="32" avgMicrosecondsPerInvocation="899" maxMicrosecondsPerInvocation="3911" standardDeviationMicrosecondsPerInvocation="985"/>
      <ClassProfile name="edu.umd.cs.findbugs.classfile.engine.bcel.CFGFactory" totalMilliseconds="23" invocations="18" avgMicrosecondsPerInvocation="1328" maxMicrosecondsPerInvocation="7737" standardDeviationMicrosecondsPerInvocation="1732"/>
      <ClassProfile name="edu.umd.cs.findbugs.ba.npe.NullDerefAndRedundantComparisonFinder" totalMilliseconds="23" invocations="18" avgMicrosecondsPerInvocation="1296" maxMicrosecondsPerInvocation="6400" standardDeviationMicrosecondsPerInvocation="1783"/>
      <ClassProfile name="edu.umd.cs.findbugs.classfile.engine.bcel.MethodGenFactory" totalMilliseconds="23" invocations="18" avgMicrosecondsPerInvocation="1287" maxMicrosecondsPerInvocation="19623" standardDeviationMicrosecondsPerInvocation="4450"/>
      <ClassProfile name="edu.umd.cs.findbugs.classfile.engine.bcel.JavaClassAnalysisEngine" totalMilliseconds="19" invocations="86" avgMicrosecondsPerInvocation="229" maxMicrosecondsPerInvocation="8907" standardDeviationMicrosecondsPerInvocation="976"/>
      <ClassProfile name="edu.umd.cs.findbugs.detect.FindOpenStream" totalMilliseconds="18" invocations="1" avgMicrosecondsPerInvocation="18625" maxMicrosecondsPerInvocation="18625" standardDeviationMicrosecondsPerInvocation="0"/>
      <ClassProfile name="edu.umd.cs.findbugs.util.TopologicalSort" totalMilliseconds="16" invocations="417" avgMicrosecondsPerInvocation="39" maxMicrosecondsPerInvocation="707" standardDeviationMicrosecondsPerInvocation="71"/>
      <ClassProfile name="edu.umd.cs.findbugs.detect.NoteDirectlyRelevantTypeQualifiers" totalMilliseconds="14" invocations="32" avgMicrosecondsPerInvocation="444" maxMicrosecondsPerInvocation="4897" standardDeviationMicrosecondsPerInvocation="852"/>
      <ClassProfile name="edu.umd.cs.findbugs.detect.FunctionsThatMightBeMistakenForProcedures" totalMilliseconds="12" invocations="32" avgMicrosecondsPerInvocation="396" maxMicrosecondsPerInvocation="3601" standardDeviationMicrosecondsPerInvocation="705"/>
      <ClassProfile name="edu.umd.cs.findbugs.detect.OverridingEqualsNotSymmetrical" totalMilliseconds="12" invocations="32" avgMicrosecondsPerInvocation="384" maxMicrosecondsPerInvocation="6551" standardDeviationMicrosecondsPerInvocation="1123"/>
      <ClassProfile name="edu.umd.cs.findbugs.detect.FindRefComparison$SpecialTypeAnalysis" totalMilliseconds="12" invocations="18" avgMicrosecondsPerInvocation="681" maxMicrosecondsPerInvocation="3516" standardDeviationMicrosecondsPerInvocation="822"/>
      <ClassProfile name="edu.umd.cs.findbugs.classfile.engine.ClassDataAnalysisEngine" totalMilliseconds="11" invocations="479" avgMicrosecondsPerInvocation="25" maxMicrosecondsPerInvocation="477" standardDeviationMicrosecondsPerInvocation="30"/>
      <ClassProfile name="edu.umd.cs.findbugs.detect.CalledMethods" totalMilliseconds="11" invocations="32" avgMicrosecondsPerInvocation="347" maxMicrosecondsPerInvocation="2801" standardDeviationMicrosecondsPerInvocation="620"/>
    </FindBugsProfile>
  </FindBugsSummary>
  <ClassFeatures></ClassFeatures>
  <History></History>
</BugCollection>
