<?xml version="1.0" encoding="UTF-8"?>

<BugCollection version="4.7.3" sequence="0" timestamp="1698475115571" analysisTimestamp="1698508183172" release="">
  <Project projectName="">
    <Jar>/mnt/disk3/lty/JLeaks/data/classfile/bug-56-7db66d8a4a5a1d0fc0baf1e116c57885f786ee095ef9059ce7265fbdf757ff95.class</Jar>
  </Project>
  <BugInstance type="OS_OPEN_STREAM_EXCEPTION_PATH" priority="3" rank="19" abbrev="OS" category="BAD_PRACTICE">
    <Class classname="org.apache.beam.runners.apex.ApexYarnLauncher">
      <SourceLine classname="org.apache.beam.runners.apex.ApexYarnLauncher" start="81" end="384" sourcefile="ApexYarnLauncher.java" sourcepath="org/apache/beam/runners/apex/ApexYarnLauncher.java"/>
    </Class>
    <Method classname="org.apache.beam.runners.apex.ApexYarnLauncher" name="createJar" signature="(Ljava/io/File;Ljava/io/File;)V" isStatic="true">
      <SourceLine classname="org.apache.beam.runners.apex.ApexYarnLauncher" start="236" end="294" startBytecode="0" endBytecode="126" sourcefile="ApexYarnLauncher.java" sourcepath="org/apache/beam/runners/apex/ApexYarnLauncher.java"/>
    </Method>
    <Type descriptor="Ljava/io/OutputStream;" role="TYPE_CLOSEIT">
      <SourceLine classname="java.io.OutputStream" start="46" end="152" sourcefile="OutputStream.java" sourcepath="java/io/OutputStream.java"/>
    </Type>
    <SourceLine classname="org.apache.beam.runners.apex.ApexYarnLauncher" start="245" end="245" startBytecode="131" endBytecode="131" sourcefile="ApexYarnLauncher.java" sourcepath="org/apache/beam/runners/apex/ApexYarnLauncher.java"/>
  </BugInstance>
  <BugInstance type="OS_OPEN_STREAM_EXCEPTION_PATH" priority="3" rank="19" abbrev="OS" category="BAD_PRACTICE">
    <Class classname="org.apache.beam.runners.apex.ApexYarnLauncher">
      <SourceLine classname="org.apache.beam.runners.apex.ApexYarnLauncher" start="81" end="384" sourcefile="ApexYarnLauncher.java" sourcepath="org/apache/beam/runners/apex/ApexYarnLauncher.java"/>
    </Class>
    <Method classname="org.apache.beam.runners.apex.ApexYarnLauncher" name="getYarnDeployDependencies" signature="()Ljava/util/List;" isStatic="true">
      <SourceLine classname="org.apache.beam.runners.apex.ApexYarnLauncher" start="176" end="225" startBytecode="0" endBytecode="185" sourcefile="ApexYarnLauncher.java" sourcepath="org/apache/beam/runners/apex/ApexYarnLauncher.java"/>
    </Method>
    <Type descriptor="Ljava/io/Reader;" role="TYPE_CLOSEIT">
      <SourceLine classname="java.io.Reader" start="66" end="249" sourcefile="Reader.java" sourcepath="java/io/Reader.java"/>
    </Type>
    <SourceLine classname="org.apache.beam.runners.apex.ApexYarnLauncher" start="177" end="177" startBytecode="8" endBytecode="8" sourcefile="ApexYarnLauncher.java" sourcepath="org/apache/beam/runners/apex/ApexYarnLauncher.java"/>
  </BugInstance>
  <Errors errors="0" missingClasses="21">
    <MissingClass>com.datatorrent.api.Attribute$AttributeMap</MissingClass>
    <MissingClass>com.datatorrent.api.Attribute$AttributeMap$DefaultAttributeMap</MissingClass>
    <MissingClass>com.datatorrent.api.DAG</MissingClass>
    <MissingClass>com.datatorrent.api.StreamingApplication</MissingClass>
    <MissingClass>com.google.common.base.Preconditions</MissingClass>
    <MissingClass>com.google.common.collect.Sets</MissingClass>
    <MissingClass>org.apache.apex.api.EmbeddedAppLauncher</MissingClass>
    <MissingClass>org.apache.apex.api.Launcher</MissingClass>
    <MissingClass>org.apache.apex.api.Launcher$LaunchMode</MissingClass>
    <MissingClass>org.apache.apex.api.YarnAppLauncher</MissingClass>
    <MissingClass>org.apache.beam.runners.apex.ApexYarnLauncher$1</MissingClass>
    <MissingClass>org.apache.beam.runners.apex.ApexYarnLauncher$2</MissingClass>
    <MissingClass>org.apache.beam.runners.apex.ApexYarnLauncher$3</MissingClass>
    <MissingClass>org.apache.beam.runners.apex.ApexYarnLauncher$LaunchParams</MissingClass>
    <MissingClass>org.apache.beam.runners.apex.ApexYarnLauncher$ProcessWatcher</MissingClass>
    <MissingClass>org.apache.commons.io.FileUtils</MissingClass>
    <MissingClass>org.apache.commons.io.IOUtils</MissingClass>
    <MissingClass>org.apache.commons.lang3.SerializationUtils</MissingClass>
    <MissingClass>org.apache.hadoop.conf.Configuration</MissingClass>
    <MissingClass>org.slf4j.Logger</MissingClass>
    <MissingClass>org.slf4j.LoggerFactory</MissingClass>
  </Errors>
  <FindBugsSummary timestamp="Sat, 28 Oct 2023 14:38:35 +0800" total_classes="1" referenced_classes="53" total_bugs="2" total_size="145" num_packages="1" java_version="1.8.0_382" vm_version="25.382-b05" cpu_seconds="9.53" clock_seconds="1.02" peak_mbytes="410.36" alloc_mbytes="1820.50" gc_seconds="0.04" priority_3="2">
    <PackageStats package="org.apache.beam.runners.apex" total_bugs="2" total_types="1" total_size="145" priority_3="2">
      <ClassStats class="org.apache.beam.runners.apex.ApexYarnLauncher" sourceFile="ApexYarnLauncher.java" interface="false" size="145" bugs="2" priority_3="2"/>
    </PackageStats>
    <FindBugsProfile>
      <ClassProfile name="edu.umd.cs.findbugs.classfile.engine.ClassInfoAnalysisEngine" totalMilliseconds="138" invocations="627" avgMicrosecondsPerInvocation="220" maxMicrosecondsPerInvocation="12892" standardDeviationMicrosecondsPerInvocation="652"/>
      <ClassProfile name="edu.umd.cs.findbugs.OpcodeStack$JumpInfoFactory" totalMilliseconds="82" invocations="217" avgMicrosecondsPerInvocation="378" maxMicrosecondsPerInvocation="43122" standardDeviationMicrosecondsPerInvocation="2915"/>
      <ClassProfile name="edu.umd.cs.findbugs.detect.FieldItemSummary" totalMilliseconds="46" invocations="53" avgMicrosecondsPerInvocation="869" maxMicrosecondsPerInvocation="6693" standardDeviationMicrosecondsPerInvocation="1175"/>
      <ClassProfile name="edu.umd.cs.findbugs.detect.FindNoSideEffectMethods" totalMilliseconds="39" invocations="53" avgMicrosecondsPerInvocation="753" maxMicrosecondsPerInvocation="2916" standardDeviationMicrosecondsPerInvocation="906"/>
      <ClassProfile name="edu.umd.cs.findbugs.classfile.engine.bcel.IsNullValueDataflowFactory" totalMilliseconds="31" invocations="11" avgMicrosecondsPerInvocation="2873" maxMicrosecondsPerInvocation="12801" standardDeviationMicrosecondsPerInvocation="3595"/>
      <ClassProfile name="edu.umd.cs.findbugs.classfile.engine.bcel.TypeDataflowFactory" totalMilliseconds="25" invocations="12" avgMicrosecondsPerInvocation="2139" maxMicrosecondsPerInvocation="7935" standardDeviationMicrosecondsPerInvocation="2342"/>
      <ClassProfile name="edu.umd.cs.findbugs.classfile.engine.bcel.JavaClassAnalysisEngine" totalMilliseconds="24" invocations="108" avgMicrosecondsPerInvocation="226" maxMicrosecondsPerInvocation="9298" standardDeviationMicrosecondsPerInvocation="928"/>
      <ClassProfile name="edu.umd.cs.findbugs.classfile.engine.bcel.ValueNumberDataflowFactory" totalMilliseconds="23" invocations="12" avgMicrosecondsPerInvocation="1977" maxMicrosecondsPerInvocation="8692" standardDeviationMicrosecondsPerInvocation="2668"/>
      <ClassProfile name="edu.umd.cs.findbugs.classfile.engine.bcel.MethodGenFactory" totalMilliseconds="21" invocations="11" avgMicrosecondsPerInvocation="1913" maxMicrosecondsPerInvocation="17866" standardDeviationMicrosecondsPerInvocation="5055"/>
      <ClassProfile name="edu.umd.cs.findbugs.classfile.engine.bcel.UnconditionalValueDerefDataflowFactory" totalMilliseconds="20" invocations="11" avgMicrosecondsPerInvocation="1865" maxMicrosecondsPerInvocation="4531" standardDeviationMicrosecondsPerInvocation="1749"/>
      <ClassProfile name="edu.umd.cs.findbugs.detect.NoteDirectlyRelevantTypeQualifiers" totalMilliseconds="18" invocations="53" avgMicrosecondsPerInvocation="353" maxMicrosecondsPerInvocation="4681" standardDeviationMicrosecondsPerInvocation="679"/>
      <ClassProfile name="edu.umd.cs.findbugs.util.TopologicalSort" totalMilliseconds="17" invocations="570" avgMicrosecondsPerInvocation="30" maxMicrosecondsPerInvocation="700" standardDeviationMicrosecondsPerInvocation="63"/>
      <ClassProfile name="edu.umd.cs.findbugs.classfile.engine.bcel.CFGFactory" totalMilliseconds="17" invocations="11" avgMicrosecondsPerInvocation="1554" maxMicrosecondsPerInvocation="6711" standardDeviationMicrosecondsPerInvocation="1969"/>
      <ClassProfile name="edu.umd.cs.findbugs.detect.FindOpenStream" totalMilliseconds="16" invocations="1" avgMicrosecondsPerInvocation="16661" maxMicrosecondsPerInvocation="16661" standardDeviationMicrosecondsPerInvocation="0"/>
      <ClassProfile name="edu.umd.cs.findbugs.classfile.engine.ClassDataAnalysisEngine" totalMilliseconds="14" invocations="633" avgMicrosecondsPerInvocation="22" maxMicrosecondsPerInvocation="613" standardDeviationMicrosecondsPerInvocation="35"/>
      <ClassProfile name="edu.umd.cs.findbugs.detect.OverridingEqualsNotSymmetrical" totalMilliseconds="13" invocations="53" avgMicrosecondsPerInvocation="262" maxMicrosecondsPerInvocation="6489" standardDeviationMicrosecondsPerInvocation="877"/>
      <ClassProfile name="edu.umd.cs.findbugs.detect.FunctionsThatMightBeMistakenForProcedures" totalMilliseconds="13" invocations="53" avgMicrosecondsPerInvocation="255" maxMicrosecondsPerInvocation="3505" standardDeviationMicrosecondsPerInvocation="544"/>
      <ClassProfile name="edu.umd.cs.findbugs.detect.BuildObligationPolicyDatabase" totalMilliseconds="12" invocations="53" avgMicrosecondsPerInvocation="237" maxMicrosecondsPerInvocation="1189" standardDeviationMicrosecondsPerInvocation="282"/>
      <ClassProfile name="edu.umd.cs.findbugs.detect.CalledMethods" totalMilliseconds="12" invocations="53" avgMicrosecondsPerInvocation="227" maxMicrosecondsPerInvocation="2148" standardDeviationMicrosecondsPerInvocation="344"/>
      <ClassProfile name="edu.umd.cs.findbugs.detect.BuildStringPassthruGraph" totalMilliseconds="11" invocations="53" avgMicrosecondsPerInvocation="209" maxMicrosecondsPerInvocation="2646" standardDeviationMicrosecondsPerInvocation="425"/>
    </FindBugsProfile>
  </FindBugsSummary>
  <ClassFeatures></ClassFeatures>
  <History></History>
</BugCollection>
