<?xml version="1.0" encoding="UTF-8"?>

<BugCollection version="4.7.3" sequence="0" timestamp="1698475122363" analysisTimestamp="1698508910117" release="">
  <Project projectName="">
    <Jar>/mnt/disk3/lty/JLeaks/data/classfile/bug-119-06b7a947f3b24584858f215d3f2c76b9890b0c57780f5c7a03934d7659d7cecc.class</Jar>
  </Project>
  <Errors errors="0" missingClasses="27">
    <MissingClass>com.google.common.base.Preconditions</MissingClass>
    <MissingClass>org.apache.commons.logging.Log</MissingClass>
    <MissingClass>org.apache.commons.logging.LogFactory</MissingClass>
    <MissingClass>org.apache.hadoop.conf.Configuration</MissingClass>
    <MissingClass>org.apache.hadoop.fs.FileStatus</MissingClass>
    <MissingClass>org.apache.hadoop.fs.FileSystem</MissingClass>
    <MissingClass>org.apache.hadoop.fs.Path</MissingClass>
    <MissingClass>org.apache.hadoop.hbase.HTableDescriptor</MissingClass>
    <MissingClass>org.apache.hadoop.hbase.RemoteExceptionHandler</MissingClass>
    <MissingClass>org.apache.hadoop.hbase.monitoring.MonitoredTask</MissingClass>
    <MissingClass>org.apache.hadoop.hbase.monitoring.TaskMonitor</MissingClass>
    <MissingClass>org.apache.hadoop.hbase.regionserver.HRegion</MissingClass>
    <MissingClass>org.apache.hadoop.hbase.regionserver.wal.HLog</MissingClass>
    <MissingClass>org.apache.hadoop.hbase.regionserver.wal.HLog$Entry</MissingClass>
    <MissingClass>org.apache.hadoop.hbase.regionserver.wal.HLog$Reader</MissingClass>
    <MissingClass>org.apache.hadoop.hbase.regionserver.wal.HLog$Writer</MissingClass>
    <MissingClass>org.apache.hadoop.hbase.regionserver.wal.HLogKey</MissingClass>
    <MissingClass>org.apache.hadoop.hbase.regionserver.wal.HLogSplitter$CorruptedLogFileException</MissingClass>
    <MissingClass>org.apache.hadoop.hbase.regionserver.wal.HLogSplitter$EntryBuffers</MissingClass>
    <MissingClass>org.apache.hadoop.hbase.regionserver.wal.HLogSplitter$OutputSink</MissingClass>
    <MissingClass>org.apache.hadoop.hbase.regionserver.wal.HLogSplitter$WriterAndPath</MissingClass>
    <MissingClass>org.apache.hadoop.hbase.regionserver.wal.OrphanHLogAfterSplitException</MissingClass>
    <MissingClass>org.apache.hadoop.hbase.util.Bytes</MissingClass>
    <MissingClass>org.apache.hadoop.hbase.util.CancelableProgressable</MissingClass>
    <MissingClass>org.apache.hadoop.hbase.util.EnvironmentEdgeManager</MissingClass>
    <MissingClass>org.apache.hadoop.hbase.util.FSUtils</MissingClass>
    <MissingClass>org.apache.hadoop.hbase.zookeeper.ZKSplitLog</MissingClass>
  </Errors>
  <FindBugsSummary timestamp="Sat, 28 Oct 2023 14:38:42 +0800" total_classes="1" referenced_classes="33" total_bugs="0" total_size="426" num_packages="1" java_version="1.8.0_382" vm_version="25.382-b05" cpu_seconds="71.26" clock_seconds="6.64" peak_mbytes="409.46" alloc_mbytes="1820.50" gc_seconds="0.22">
    <PackageStats package="org.apache.hadoop.hbase.regionserver.wal" total_bugs="0" total_types="1" total_size="426">
      <ClassStats class="org.apache.hadoop.hbase.regionserver.wal.HLogSplitter" sourceFile="HLogSplitter.java" interface="false" size="426" bugs="0"/>
    </PackageStats>
    <FindBugsProfile>
      <ClassProfile name="edu.umd.cs.findbugs.classfile.engine.ClassInfoAnalysisEngine" totalMilliseconds="553" invocations="458" avgMicrosecondsPerInvocation="1207" maxMicrosecondsPerInvocation="73758" standardDeviationMicrosecondsPerInvocation="3807"/>
      <ClassProfile name="edu.umd.cs.findbugs.classfile.engine.bcel.ValueNumberDataflowFactory" totalMilliseconds="412" invocations="36" avgMicrosecondsPerInvocation="11462" maxMicrosecondsPerInvocation="125424" standardDeviationMicrosecondsPerInvocation="25672"/>
      <ClassProfile name="edu.umd.cs.findbugs.detect.FieldItemSummary" totalMilliseconds="406" invocations="33" avgMicrosecondsPerInvocation="12323" maxMicrosecondsPerInvocation="231819" standardDeviationMicrosecondsPerInvocation="39584"/>
      <ClassProfile name="edu.umd.cs.findbugs.classfile.engine.bcel.IsNullValueDataflowFactory" totalMilliseconds="402" invocations="32" avgMicrosecondsPerInvocation="12574" maxMicrosecondsPerInvocation="138977" standardDeviationMicrosecondsPerInvocation="24778"/>
      <ClassProfile name="edu.umd.cs.findbugs.classfile.engine.bcel.TypeDataflowFactory" totalMilliseconds="365" invocations="35" avgMicrosecondsPerInvocation="10455" maxMicrosecondsPerInvocation="89196" standardDeviationMicrosecondsPerInvocation="18908"/>
      <ClassProfile name="edu.umd.cs.findbugs.classfile.engine.bcel.UnconditionalValueDerefDataflowFactory" totalMilliseconds="300" invocations="32" avgMicrosecondsPerInvocation="9384" maxMicrosecondsPerInvocation="132589" standardDeviationMicrosecondsPerInvocation="25239"/>
      <ClassProfile name="edu.umd.cs.findbugs.ba.npe.NullDerefAndRedundantComparisonFinder" totalMilliseconds="198" invocations="32" avgMicrosecondsPerInvocation="6197" maxMicrosecondsPerInvocation="84734" standardDeviationMicrosecondsPerInvocation="14636"/>
      <ClassProfile name="edu.umd.cs.findbugs.OpcodeStack$JumpInfoFactory" totalMilliseconds="174" invocations="162" avgMicrosecondsPerInvocation="1076" maxMicrosecondsPerInvocation="13983" standardDeviationMicrosecondsPerInvocation="1868"/>
      <ClassProfile name="edu.umd.cs.findbugs.classfile.engine.bcel.CFGFactory" totalMilliseconds="163" invocations="32" avgMicrosecondsPerInvocation="5099" maxMicrosecondsPerInvocation="46859" standardDeviationMicrosecondsPerInvocation="9228"/>
      <ClassProfile name="edu.umd.cs.findbugs.detect.FindNoSideEffectMethods" totalMilliseconds="151" invocations="33" avgMicrosecondsPerInvocation="4579" maxMicrosecondsPerInvocation="21512" standardDeviationMicrosecondsPerInvocation="5901"/>
      <ClassProfile name="edu.umd.cs.findbugs.classfile.engine.bcel.MethodGenFactory" totalMilliseconds="145" invocations="32" avgMicrosecondsPerInvocation="4540" maxMicrosecondsPerInvocation="109295" standardDeviationMicrosecondsPerInvocation="18893"/>
      <ClassProfile name="edu.umd.cs.findbugs.detect.FindRefComparison$SpecialTypeAnalysis" totalMilliseconds="114" invocations="30" avgMicrosecondsPerInvocation="3816" maxMicrosecondsPerInvocation="63637" standardDeviationMicrosecondsPerInvocation="11332"/>
      <ClassProfile name="edu.umd.cs.findbugs.classfile.engine.ClassDataAnalysisEngine" totalMilliseconds="99" invocations="462" avgMicrosecondsPerInvocation="216" maxMicrosecondsPerInvocation="3878" standardDeviationMicrosecondsPerInvocation="263"/>
      <ClassProfile name="edu.umd.cs.findbugs.classfile.engine.bcel.JavaClassAnalysisEngine" totalMilliseconds="94" invocations="86" avgMicrosecondsPerInvocation="1094" maxMicrosecondsPerInvocation="43076" standardDeviationMicrosecondsPerInvocation="4786"/>
      <ClassProfile name="edu.umd.cs.findbugs.detect.FunctionsThatMightBeMistakenForProcedures" totalMilliseconds="91" invocations="33" avgMicrosecondsPerInvocation="2769" maxMicrosecondsPerInvocation="29900" standardDeviationMicrosecondsPerInvocation="5838"/>
      <ClassProfile name="edu.umd.cs.findbugs.util.TopologicalSort" totalMilliseconds="80" invocations="392" avgMicrosecondsPerInvocation="204" maxMicrosecondsPerInvocation="4362" standardDeviationMicrosecondsPerInvocation="352"/>
      <ClassProfile name="edu.umd.cs.findbugs.classfile.engine.bcel.ConstantDataflowFactory" totalMilliseconds="74" invocations="32" avgMicrosecondsPerInvocation="2341" maxMicrosecondsPerInvocation="43196" standardDeviationMicrosecondsPerInvocation="7664"/>
      <ClassProfile name="edu.umd.cs.findbugs.detect.NoteDirectlyRelevantTypeQualifiers" totalMilliseconds="68" invocations="33" avgMicrosecondsPerInvocation="2069" maxMicrosecondsPerInvocation="29758" standardDeviationMicrosecondsPerInvocation="5059"/>
      <ClassProfile name="edu.umd.cs.findbugs.detect.OverridingEqualsNotSymmetrical" totalMilliseconds="67" invocations="33" avgMicrosecondsPerInvocation="2058" maxMicrosecondsPerInvocation="33151" standardDeviationMicrosecondsPerInvocation="5642"/>
      <ClassProfile name="edu.umd.cs.findbugs.detect.FindDeadLocalStores" totalMilliseconds="60" invocations="1" avgMicrosecondsPerInvocation="60698" maxMicrosecondsPerInvocation="60698" standardDeviationMicrosecondsPerInvocation="0"/>
      <ClassProfile name="edu.umd.cs.findbugs.ba.npe.TypeQualifierNullnessAnnotationDatabase" totalMilliseconds="56" invocations="2499" avgMicrosecondsPerInvocation="22" maxMicrosecondsPerInvocation="6363" standardDeviationMicrosecondsPerInvocation="186"/>
      <ClassProfile name="edu.umd.cs.findbugs.detect.FindOpenStream" totalMilliseconds="52" invocations="1" avgMicrosecondsPerInvocation="52808" maxMicrosecondsPerInvocation="52808" standardDeviationMicrosecondsPerInvocation="0"/>
    </FindBugsProfile>
  </FindBugsSummary>
  <ClassFeatures></ClassFeatures>
  <History></History>
</BugCollection>
