<?xml version="1.0" encoding="UTF-8"?>

<BugCollection version="4.7.3" sequence="0" timestamp="1698475230410" analysisTimestamp="1698516754113" release="">
  <Project projectName="">
    <Jar>/mnt/disk3/lty/JLeaks/data/classfile/bug-948-6ea5399a32c48fdb9ed35d34390fc9c612613d2e6dd3749db2e0e0c7a33106dc.class</Jar>
  </Project>
  <BugInstance type="OS_OPEN_STREAM_EXCEPTION_PATH" priority="3" rank="19" abbrev="OS" category="BAD_PRACTICE">
    <Class classname="edu.stanford.nlp.dcoref.SieveCoreferenceSystem">
      <SourceLine classname="edu.stanford.nlp.dcoref.SieveCoreferenceSystem" start="90" end="1767" sourcefile="SieveCoreferenceSystem.java" sourcepath="edu/stanford/nlp/dcoref/SieveCoreferenceSystem.java"/>
    </Class>
    <Method classname="edu.stanford.nlp.dcoref.SieveCoreferenceSystem" name="getConllEvalSummary" signature="(Ljava/lang/String;Ljava/lang/String;Ljava/lang/String;)Ljava/lang/String;" isStatic="true">
      <SourceLine classname="edu.stanford.nlp.dcoref.SieveCoreferenceSystem" start="1084" end="1104" startBytecode="0" endBytecode="100" sourcefile="SieveCoreferenceSystem.java" sourcepath="edu/stanford/nlp/dcoref/SieveCoreferenceSystem.java"/>
    </Method>
    <Type descriptor="Ljava/io/Writer;" role="TYPE_CLOSEIT">
      <SourceLine classname="java.io.Writer" start="50" end="294" sourcefile="Writer.java" sourcepath="java/io/Writer.java"/>
    </Type>
    <SourceLine classname="edu.stanford.nlp.dcoref.SieveCoreferenceSystem" start="1087" end="1087" startBytecode="54" endBytecode="54" sourcefile="SieveCoreferenceSystem.java" sourcepath="edu/stanford/nlp/dcoref/SieveCoreferenceSystem.java"/>
    <SourceLine classname="edu.stanford.nlp.dcoref.SieveCoreferenceSystem" start="1088" end="1088" startBytecode="65" endBytecode="65" sourcefile="SieveCoreferenceSystem.java" sourcepath="edu/stanford/nlp/dcoref/SieveCoreferenceSystem.java" role="SOURCE_LINE_ANOTHER_INSTANCE"/>
  </BugInstance>
  <BugInstance type="OS_OPEN_STREAM_EXCEPTION_PATH" priority="3" rank="19" abbrev="OS" category="BAD_PRACTICE">
    <Class classname="edu.stanford.nlp.dcoref.SieveCoreferenceSystem">
      <SourceLine classname="edu.stanford.nlp.dcoref.SieveCoreferenceSystem" start="90" end="1767" sourcefile="SieveCoreferenceSystem.java" sourcepath="edu/stanford/nlp/dcoref/SieveCoreferenceSystem.java"/>
    </Class>
    <Method classname="edu.stanford.nlp.dcoref.SieveCoreferenceSystem" name="initializeAndRunCoref" signature="(Ljava/util/Properties;)Ljava/lang/String;" isStatic="true">
      <SourceLine classname="edu.stanford.nlp.dcoref.SieveCoreferenceSystem" start="319" end="396" startBytecode="0" endBytecode="247" sourcefile="SieveCoreferenceSystem.java" sourcepath="edu/stanford/nlp/dcoref/SieveCoreferenceSystem.java"/>
    </Method>
    <Type descriptor="Ljava/io/InputStream;" role="TYPE_CLOSEIT">
      <SourceLine classname="java.io.InputStream" start="45" end="364" sourcefile="InputStream.java" sourcepath="java/io/InputStream.java"/>
    </Type>
    <SourceLine classname="edu.stanford.nlp.dcoref.SieveCoreferenceSystem" start="369" end="369" startBytecode="353" endBytecode="353" sourcefile="SieveCoreferenceSystem.java" sourcepath="edu/stanford/nlp/dcoref/SieveCoreferenceSystem.java"/>
  </BugInstance>
  <BugInstance type="OS_OPEN_STREAM_EXCEPTION_PATH" priority="3" rank="19" abbrev="OS" category="BAD_PRACTICE">
    <Class classname="edu.stanford.nlp.dcoref.SieveCoreferenceSystem">
      <SourceLine classname="edu.stanford.nlp.dcoref.SieveCoreferenceSystem" start="90" end="1767" sourcefile="SieveCoreferenceSystem.java" sourcepath="edu/stanford/nlp/dcoref/SieveCoreferenceSystem.java"/>
    </Class>
    <Method classname="edu.stanford.nlp.dcoref.SieveCoreferenceSystem" name="runConllEval" signature="(Ljava/lang/String;Ljava/lang/String;Ljava/lang/String;Ljava/lang/String;Ljava/lang/String;)V" isStatic="true">
      <SourceLine classname="edu.stanford.nlp.dcoref.SieveCoreferenceSystem" start="1074" end="1080" startBytecode="0" endBytecode="46" sourcefile="SieveCoreferenceSystem.java" sourcepath="edu/stanford/nlp/dcoref/SieveCoreferenceSystem.java"/>
    </Method>
    <Type descriptor="Ljava/io/Writer;" role="TYPE_CLOSEIT">
      <SourceLine classname="java.io.Writer" start="50" end="294" sourcefile="Writer.java" sourcepath="java/io/Writer.java"/>
    </Type>
    <SourceLine classname="edu.stanford.nlp.dcoref.SieveCoreferenceSystem" start="1075" end="1075" startBytecode="31" endBytecode="31" sourcefile="SieveCoreferenceSystem.java" sourcepath="edu/stanford/nlp/dcoref/SieveCoreferenceSystem.java"/>
    <SourceLine classname="edu.stanford.nlp.dcoref.SieveCoreferenceSystem" start="1076" end="1076" startBytecode="48" endBytecode="48" sourcefile="SieveCoreferenceSystem.java" sourcepath="edu/stanford/nlp/dcoref/SieveCoreferenceSystem.java" role="SOURCE_LINE_ANOTHER_INSTANCE"/>
  </BugInstance>
  <Errors errors="0" missingClasses="52">
    <MissingClass>edu.stanford.nlp.classify.LogisticClassifier</MissingClass>
    <MissingClass>edu.stanford.nlp.coref.data.CorefChain</MissingClass>
    <MissingClass>edu.stanford.nlp.coref.data.CorefChain$CorefMention</MissingClass>
    <MissingClass>edu.stanford.nlp.coref.data.Dictionaries$Animacy</MissingClass>
    <MissingClass>edu.stanford.nlp.coref.data.Dictionaries$Gender</MissingClass>
    <MissingClass>edu.stanford.nlp.coref.data.Dictionaries$MentionType</MissingClass>
    <MissingClass>edu.stanford.nlp.coref.data.Dictionaries$Number</MissingClass>
    <MissingClass>edu.stanford.nlp.dcoref.ACEMentionExtractor</MissingClass>
    <MissingClass>edu.stanford.nlp.dcoref.CoNLL2011DocumentReader$Document</MissingClass>
    <MissingClass>edu.stanford.nlp.dcoref.CoNLLMentionExtractor</MissingClass>
    <MissingClass>edu.stanford.nlp.dcoref.Constants</MissingClass>
    <MissingClass>edu.stanford.nlp.dcoref.CorefChain</MissingClass>
    <MissingClass>edu.stanford.nlp.dcoref.CorefChain$CorefMention</MissingClass>
    <MissingClass>edu.stanford.nlp.dcoref.CorefChain$CorefMentionComparator</MissingClass>
    <MissingClass>edu.stanford.nlp.dcoref.CorefCluster</MissingClass>
    <MissingClass>edu.stanford.nlp.dcoref.CorefScorer</MissingClass>
    <MissingClass>edu.stanford.nlp.dcoref.CorefScorer$SubScoreType</MissingClass>
    <MissingClass>edu.stanford.nlp.dcoref.Dictionaries</MissingClass>
    <MissingClass>edu.stanford.nlp.dcoref.Dictionaries$Animacy</MissingClass>
    <MissingClass>edu.stanford.nlp.dcoref.Dictionaries$Gender</MissingClass>
    <MissingClass>edu.stanford.nlp.dcoref.Dictionaries$MentionType</MissingClass>
    <MissingClass>edu.stanford.nlp.dcoref.Dictionaries$Number</MissingClass>
    <MissingClass>edu.stanford.nlp.dcoref.Dictionaries$Person</MissingClass>
    <MissingClass>edu.stanford.nlp.dcoref.Document</MissingClass>
    <MissingClass>edu.stanford.nlp.dcoref.MUCMentionExtractor</MissingClass>
    <MissingClass>edu.stanford.nlp.dcoref.Mention</MissingClass>
    <MissingClass>edu.stanford.nlp.dcoref.MentionExtractor</MissingClass>
    <MissingClass>edu.stanford.nlp.dcoref.ScorerBCubed</MissingClass>
    <MissingClass>edu.stanford.nlp.dcoref.ScorerBCubed$BCubedType</MissingClass>
    <MissingClass>edu.stanford.nlp.dcoref.ScorerMUC</MissingClass>
    <MissingClass>edu.stanford.nlp.dcoref.ScorerPairwise</MissingClass>
    <MissingClass>edu.stanford.nlp.dcoref.Semantics</MissingClass>
    <MissingClass>edu.stanford.nlp.dcoref.SieveCoreferenceSystem$1</MissingClass>
    <MissingClass>edu.stanford.nlp.dcoref.sievepasses.DeterministicCorefSieve</MissingClass>
    <MissingClass>edu.stanford.nlp.dcoref.sievepasses.ExactStringMatch</MissingClass>
    <MissingClass>edu.stanford.nlp.io.IOUtils</MissingClass>
    <MissingClass>edu.stanford.nlp.io.RuntimeIOException</MissingClass>
    <MissingClass>edu.stanford.nlp.io.StringOutputStream</MissingClass>
    <MissingClass>edu.stanford.nlp.ling.CoreLabel</MissingClass>
    <MissingClass>edu.stanford.nlp.pipeline.Annotation</MissingClass>
    <MissingClass>edu.stanford.nlp.semgraph.SemanticGraph</MissingClass>
    <MissingClass>edu.stanford.nlp.stats.ClassicCounter</MissingClass>
    <MissingClass>edu.stanford.nlp.stats.Counter</MissingClass>
    <MissingClass>edu.stanford.nlp.trees.Tree</MissingClass>
    <MissingClass>edu.stanford.nlp.util.CoreMap</MissingClass>
    <MissingClass>edu.stanford.nlp.util.Generics</MissingClass>
    <MissingClass>edu.stanford.nlp.util.IntPair</MissingClass>
    <MissingClass>edu.stanford.nlp.util.IntTuple</MissingClass>
    <MissingClass>edu.stanford.nlp.util.Pair</MissingClass>
    <MissingClass>edu.stanford.nlp.util.StringUtils</MissingClass>
    <MissingClass>edu.stanford.nlp.util.SystemUtils</MissingClass>
    <MissingClass>edu.stanford.nlp.util.logging.NewlineLogFormatter</MissingClass>
  </Errors>
  <FindBugsSummary timestamp="Sat, 28 Oct 2023 14:40:30 +0800" total_classes="1" referenced_classes="61" total_bugs="3" total_size="1092" num_packages="1" java_version="1.8.0_382" vm_version="25.382-b05" cpu_seconds="19.58" clock_seconds="2.02" peak_mbytes="625.49" alloc_mbytes="1820.50" gc_seconds="0.05" priority_3="3">
    <PackageStats package="edu.stanford.nlp.dcoref" total_bugs="3" total_types="1" total_size="1092" priority_3="3">
      <ClassStats class="edu.stanford.nlp.dcoref.SieveCoreferenceSystem" sourceFile="SieveCoreferenceSystem.java" interface="false" size="1092" bugs="3" priority_3="3"/>
    </PackageStats>
    <FindBugsProfile>
      <ClassProfile name="edu.umd.cs.findbugs.classfile.engine.ClassInfoAnalysisEngine" totalMilliseconds="158" invocations="774" avgMicrosecondsPerInvocation="205" maxMicrosecondsPerInvocation="18846" standardDeviationMicrosecondsPerInvocation="774"/>
      <ClassProfile name="edu.umd.cs.findbugs.classfile.engine.bcel.UnconditionalValueDerefDataflowFactory" totalMilliseconds="116" invocations="44" avgMicrosecondsPerInvocation="2644" maxMicrosecondsPerInvocation="19043" standardDeviationMicrosecondsPerInvocation="4065"/>
      <ClassProfile name="edu.umd.cs.findbugs.classfile.engine.bcel.IsNullValueDataflowFactory" totalMilliseconds="108" invocations="44" avgMicrosecondsPerInvocation="2466" maxMicrosecondsPerInvocation="14471" standardDeviationMicrosecondsPerInvocation="2969"/>
      <ClassProfile name="edu.umd.cs.findbugs.detect.FindNoSideEffectMethods" totalMilliseconds="100" invocations="61" avgMicrosecondsPerInvocation="1650" maxMicrosecondsPerInvocation="49002" standardDeviationMicrosecondsPerInvocation="6278"/>
      <ClassProfile name="edu.umd.cs.findbugs.classfile.engine.bcel.ValueNumberDataflowFactory" totalMilliseconds="98" invocations="48" avgMicrosecondsPerInvocation="2059" maxMicrosecondsPerInvocation="14624" standardDeviationMicrosecondsPerInvocation="2924"/>
      <ClassProfile name="edu.umd.cs.findbugs.ba.npe.NullDerefAndRedundantComparisonFinder" totalMilliseconds="92" invocations="44" avgMicrosecondsPerInvocation="2093" maxMicrosecondsPerInvocation="18711" standardDeviationMicrosecondsPerInvocation="3274"/>
      <ClassProfile name="edu.umd.cs.findbugs.OpcodeStack$JumpInfoFactory" totalMilliseconds="84" invocations="339" avgMicrosecondsPerInvocation="248" maxMicrosecondsPerInvocation="2805" standardDeviationMicrosecondsPerInvocation="392"/>
      <ClassProfile name="edu.umd.cs.findbugs.classfile.engine.bcel.TypeDataflowFactory" totalMilliseconds="81" invocations="47" avgMicrosecondsPerInvocation="1725" maxMicrosecondsPerInvocation="8814" standardDeviationMicrosecondsPerInvocation="1689"/>
      <ClassProfile name="edu.umd.cs.findbugs.detect.FieldItemSummary" totalMilliseconds="67" invocations="61" avgMicrosecondsPerInvocation="1104" maxMicrosecondsPerInvocation="7657" standardDeviationMicrosecondsPerInvocation="1637"/>
      <ClassProfile name="edu.umd.cs.findbugs.detect.FindOpenStream" totalMilliseconds="50" invocations="1" avgMicrosecondsPerInvocation="50779" maxMicrosecondsPerInvocation="50779" standardDeviationMicrosecondsPerInvocation="0"/>
      <ClassProfile name="edu.umd.cs.findbugs.classfile.engine.bcel.CFGFactory" totalMilliseconds="46" invocations="44" avgMicrosecondsPerInvocation="1053" maxMicrosecondsPerInvocation="9394" standardDeviationMicrosecondsPerInvocation="1469"/>
      <ClassProfile name="edu.umd.cs.findbugs.detect.FindRefComparison$SpecialTypeAnalysis" totalMilliseconds="33" invocations="40" avgMicrosecondsPerInvocation="836" maxMicrosecondsPerInvocation="4512" standardDeviationMicrosecondsPerInvocation="1075"/>
      <ClassProfile name="edu.umd.cs.findbugs.detect.NoteDirectlyRelevantTypeQualifiers" totalMilliseconds="28" invocations="61" avgMicrosecondsPerInvocation="474" maxMicrosecondsPerInvocation="4253" standardDeviationMicrosecondsPerInvocation="786"/>
      <ClassProfile name="edu.umd.cs.findbugs.classfile.engine.bcel.JavaClassAnalysisEngine" totalMilliseconds="26" invocations="154" avgMicrosecondsPerInvocation="172" maxMicrosecondsPerInvocation="8530" standardDeviationMicrosecondsPerInvocation="722"/>
      <ClassProfile name="edu.umd.cs.findbugs.classfile.engine.bcel.ConstantDataflowFactory" totalMilliseconds="26" invocations="44" avgMicrosecondsPerInvocation="604" maxMicrosecondsPerInvocation="4465" standardDeviationMicrosecondsPerInvocation="1021"/>
      <ClassProfile name="edu.umd.cs.findbugs.classfile.engine.bcel.MethodGenFactory" totalMilliseconds="26" invocations="44" avgMicrosecondsPerInvocation="595" maxMicrosecondsPerInvocation="19154" standardDeviationMicrosecondsPerInvocation="2835"/>
      <ClassProfile name="edu.umd.cs.findbugs.detect.FindUselessObjects" totalMilliseconds="24" invocations="1" avgMicrosecondsPerInvocation="24346" maxMicrosecondsPerInvocation="24346" standardDeviationMicrosecondsPerInvocation="0"/>
      <ClassProfile name="edu.umd.cs.findbugs.detect.CalledMethods" totalMilliseconds="22" invocations="61" avgMicrosecondsPerInvocation="367" maxMicrosecondsPerInvocation="7077" standardDeviationMicrosecondsPerInvocation="968"/>
      <ClassProfile name="edu.umd.cs.findbugs.detect.UnreadFields" totalMilliseconds="20" invocations="1" avgMicrosecondsPerInvocation="20971" maxMicrosecondsPerInvocation="20971" standardDeviationMicrosecondsPerInvocation="0"/>
      <ClassProfile name="edu.umd.cs.findbugs.classfile.engine.bcel.ValueRangeAnalysisFactory" totalMilliseconds="19" invocations="44" avgMicrosecondsPerInvocation="438" maxMicrosecondsPerInvocation="5312" standardDeviationMicrosecondsPerInvocation="1123"/>
      <ClassProfile name="edu.umd.cs.findbugs.util.TopologicalSort" totalMilliseconds="18" invocations="663" avgMicrosecondsPerInvocation="28" maxMicrosecondsPerInvocation="1143" standardDeviationMicrosecondsPerInvocation="76"/>
      <ClassProfile name="edu.umd.cs.findbugs.detect.DumbMethods" totalMilliseconds="16" invocations="1" avgMicrosecondsPerInvocation="16746" maxMicrosecondsPerInvocation="16746" standardDeviationMicrosecondsPerInvocation="0"/>
      <ClassProfile name="edu.umd.cs.findbugs.detect.BuildStringPassthruGraph" totalMilliseconds="16" invocations="61" avgMicrosecondsPerInvocation="265" maxMicrosecondsPerInvocation="3627" standardDeviationMicrosecondsPerInvocation="573"/>
      <ClassProfile name="edu.umd.cs.findbugs.classfile.engine.ClassDataAnalysisEngine" totalMilliseconds="15" invocations="778" avgMicrosecondsPerInvocation="20" maxMicrosecondsPerInvocation="435" standardDeviationMicrosecondsPerInvocation="24"/>
      <ClassProfile name="edu.umd.cs.findbugs.detect.FunctionsThatMightBeMistakenForProcedures" totalMilliseconds="15" invocations="61" avgMicrosecondsPerInvocation="255" maxMicrosecondsPerInvocation="2948" standardDeviationMicrosecondsPerInvocation="449"/>
      <ClassProfile name="edu.umd.cs.findbugs.detect.OverridingEqualsNotSymmetrical" totalMilliseconds="15" invocations="61" avgMicrosecondsPerInvocation="255" maxMicrosecondsPerInvocation="6064" standardDeviationMicrosecondsPerInvocation="775"/>
      <ClassProfile name="edu.umd.cs.findbugs.detect.ExplicitSerialization" totalMilliseconds="15" invocations="61" avgMicrosecondsPerInvocation="251" maxMicrosecondsPerInvocation="9780" standardDeviationMicrosecondsPerInvocation="1266"/>
    </FindBugsProfile>
  </FindBugsSummary>
  <ClassFeatures></ClassFeatures>
  <History></History>
</BugCollection>
