<?xml version="1.0" encoding="UTF-8"?>

<BugCollection version="4.7.3" sequence="0" timestamp="1698475216995" analysisTimestamp="1698515096526" release="">
  <Project projectName="">
    <Jar>/mnt/disk3/lty/JLeaks/data/classfile/bug-858-d845e858d6a239e4814137ffc0bba103ecd6cf82abcf6a0dae40c7b0a86021db.class</Jar>
  </Project>
  <Errors errors="0" missingClasses="4">
    <MissingClass>io.prometheus.client.CollectorRegistry</MissingClass>
    <MissingClass>io.prometheus.client.exporter.common.TextFormat</MissingClass>
    <MissingClass>javax.servlet.http.HttpServlet</MissingClass>
    <MissingClass>javax.servlet.http.HttpServletResponse</MissingClass>
  </Errors>
  <FindBugsSummary timestamp="Sat, 28 Oct 2023 14:40:16 +0800" total_classes="1" referenced_classes="6" total_bugs="0" total_size="20" num_packages="1" java_version="1.8.0_382" vm_version="25.382-b05" cpu_seconds="3.64" clock_seconds="0.52" peak_mbytes="388.73" alloc_mbytes="1820.50" gc_seconds="0.04">
    <PackageStats package="io.prometheus.client.exporter" total_bugs="0" total_types="1" total_size="20">
      <ClassStats class="io.prometheus.client.exporter.MetricsServlet" sourceFile="MetricsServlet.java" interface="false" size="20" bugs="0"/>
    </PackageStats>
    <FindBugsProfile>
      <ClassProfile name="edu.umd.cs.findbugs.classfile.engine.ClassInfoAnalysisEngine" totalMilliseconds="88" invocations="218" avgMicrosecondsPerInvocation="403" maxMicrosecondsPerInvocation="8961" standardDeviationMicrosecondsPerInvocation="923"/>
      <ClassProfile name="edu.umd.cs.findbugs.OpcodeStack$JumpInfoFactory" totalMilliseconds="17" invocations="28" avgMicrosecondsPerInvocation="627" maxMicrosecondsPerInvocation="3914" standardDeviationMicrosecondsPerInvocation="809"/>
      <ClassProfile name="edu.umd.cs.findbugs.classfile.engine.bcel.MethodGenFactory" totalMilliseconds="15" invocations="4" avgMicrosecondsPerInvocation="3818" maxMicrosecondsPerInvocation="14665" standardDeviationMicrosecondsPerInvocation="6263"/>
      <ClassProfile name="edu.umd.cs.findbugs.classfile.engine.bcel.JavaClassAnalysisEngine" totalMilliseconds="13" invocations="20" avgMicrosecondsPerInvocation="660" maxMicrosecondsPerInvocation="8316" standardDeviationMicrosecondsPerInvocation="1817"/>
      <ClassProfile name="edu.umd.cs.findbugs.util.TopologicalSort" totalMilliseconds="11" invocations="185" avgMicrosecondsPerInvocation="62" maxMicrosecondsPerInvocation="844" standardDeviationMicrosecondsPerInvocation="107"/>
    </FindBugsProfile>
  </FindBugsSummary>
  <ClassFeatures></ClassFeatures>
  <History></History>
</BugCollection>
