<?xml version="1.0" encoding="UTF-8"?>

<BugCollection version="4.7.3" sequence="0" timestamp="1698475158745" analysisTimestamp="1698512085759" release="">
  <Project projectName="">
    <Jar>/mnt/disk3/lty/JLeaks/data/classfile/bug-429-1b7b9bbb12285b81da0115f5dbf7bdccc66c8f6196e294f938ed37b5451ce958.class</Jar>
  </Project>
  <Errors errors="0" missingClasses="11">
    <MissingClass>com.martiansoftware.nailgun.Alias</MissingClass>
    <MissingClass>com.martiansoftware.nailgun.AliasManager</MissingClass>
    <MissingClass>com.martiansoftware.nailgun.NGContext</MissingClass>
    <MissingClass>com.martiansoftware.nailgun.NGExitException</MissingClass>
    <MissingClass>com.martiansoftware.nailgun.NGInputStream</MissingClass>
    <MissingClass>com.martiansoftware.nailgun.NGOutputStream</MissingClass>
    <MissingClass>com.martiansoftware.nailgun.NGSecurityManager</MissingClass>
    <MissingClass>com.martiansoftware.nailgun.NGServer</MissingClass>
    <MissingClass>com.martiansoftware.nailgun.NGSessionPool</MissingClass>
    <MissingClass>com.martiansoftware.nailgun.ThreadLocalInputStream</MissingClass>
    <MissingClass>com.martiansoftware.nailgun.ThreadLocalPrintStream</MissingClass>
  </Errors>
  <FindBugsSummary timestamp="Sat, 28 Oct 2023 14:39:18 +0800" total_classes="1" referenced_classes="64" total_bugs="0" total_size="186" num_packages="1" java_version="1.8.0_382" vm_version="25.382-b05" cpu_seconds="9.91" clock_seconds="1.03" peak_mbytes="398.89" alloc_mbytes="1820.50" gc_seconds="0.04">
    <PackageStats package="com.martiansoftware.nailgun" total_bugs="0" total_types="1" total_size="186">
      <ClassStats class="com.martiansoftware.nailgun.NGSession" sourceFile="NGSession.java" interface="false" size="186" bugs="0"/>
    </PackageStats>
    <FindBugsProfile>
      <ClassProfile name="edu.umd.cs.findbugs.classfile.engine.ClassInfoAnalysisEngine" totalMilliseconds="125" invocations="519" avgMicrosecondsPerInvocation="241" maxMicrosecondsPerInvocation="11743" standardDeviationMicrosecondsPerInvocation="658"/>
      <ClassProfile name="edu.umd.cs.findbugs.detect.FindNoSideEffectMethods" totalMilliseconds="75" invocations="64" avgMicrosecondsPerInvocation="1185" maxMicrosecondsPerInvocation="42709" standardDeviationMicrosecondsPerInvocation="5277"/>
      <ClassProfile name="edu.umd.cs.findbugs.classfile.engine.bcel.TypeDataflowFactory" totalMilliseconds="48" invocations="8" avgMicrosecondsPerInvocation="6033" maxMicrosecondsPerInvocation="24053" standardDeviationMicrosecondsPerInvocation="8182"/>
      <ClassProfile name="edu.umd.cs.findbugs.detect.FieldItemSummary" totalMilliseconds="40" invocations="64" avgMicrosecondsPerInvocation="631" maxMicrosecondsPerInvocation="4289" standardDeviationMicrosecondsPerInvocation="935"/>
      <ClassProfile name="edu.umd.cs.findbugs.classfile.engine.bcel.ValueNumberDataflowFactory" totalMilliseconds="38" invocations="8" avgMicrosecondsPerInvocation="4807" maxMicrosecondsPerInvocation="16764" standardDeviationMicrosecondsPerInvocation="5726"/>
      <ClassProfile name="edu.umd.cs.findbugs.OpcodeStack$JumpInfoFactory" totalMilliseconds="37" invocations="185" avgMicrosecondsPerInvocation="201" maxMicrosecondsPerInvocation="2829" standardDeviationMicrosecondsPerInvocation="280"/>
      <ClassProfile name="edu.umd.cs.findbugs.detect.StreamResourceTracker" totalMilliseconds="30" invocations="15" avgMicrosecondsPerInvocation="2059" maxMicrosecondsPerInvocation="4029" standardDeviationMicrosecondsPerInvocation="582"/>
      <ClassProfile name="edu.umd.cs.findbugs.classfile.engine.bcel.IsNullValueDataflowFactory" totalMilliseconds="29" invocations="7" avgMicrosecondsPerInvocation="4171" maxMicrosecondsPerInvocation="19598" standardDeviationMicrosecondsPerInvocation="6612"/>
      <ClassProfile name="edu.umd.cs.findbugs.classfile.engine.bcel.JavaClassAnalysisEngine" totalMilliseconds="22" invocations="111" avgMicrosecondsPerInvocation="199" maxMicrosecondsPerInvocation="8499" standardDeviationMicrosecondsPerInvocation="823"/>
      <ClassProfile name="edu.umd.cs.findbugs.classfile.engine.bcel.MethodGenFactory" totalMilliseconds="19" invocations="7" avgMicrosecondsPerInvocation="2806" maxMicrosecondsPerInvocation="16976" standardDeviationMicrosecondsPerInvocation="5817"/>
      <ClassProfile name="edu.umd.cs.findbugs.classfile.engine.bcel.CFGFactory" totalMilliseconds="17" invocations="7" avgMicrosecondsPerInvocation="2538" maxMicrosecondsPerInvocation="7636" standardDeviationMicrosecondsPerInvocation="3137"/>
      <ClassProfile name="edu.umd.cs.findbugs.ba.npe.NullDerefAndRedundantComparisonFinder" totalMilliseconds="17" invocations="7" avgMicrosecondsPerInvocation="2489" maxMicrosecondsPerInvocation="12510" standardDeviationMicrosecondsPerInvocation="4118"/>
      <ClassProfile name="edu.umd.cs.findbugs.detect.NoteDirectlyRelevantTypeQualifiers" totalMilliseconds="16" invocations="64" avgMicrosecondsPerInvocation="257" maxMicrosecondsPerInvocation="2296" standardDeviationMicrosecondsPerInvocation="411"/>
      <ClassProfile name="edu.umd.cs.findbugs.detect.OverridingEqualsNotSymmetrical" totalMilliseconds="16" invocations="64" avgMicrosecondsPerInvocation="257" maxMicrosecondsPerInvocation="8286" standardDeviationMicrosecondsPerInvocation="1041"/>
      <ClassProfile name="edu.umd.cs.findbugs.util.TopologicalSort" totalMilliseconds="15" invocations="470" avgMicrosecondsPerInvocation="33" maxMicrosecondsPerInvocation="1132" standardDeviationMicrosecondsPerInvocation="76"/>
      <ClassProfile name="edu.umd.cs.findbugs.classfile.engine.bcel.UnconditionalValueDerefDataflowFactory" totalMilliseconds="15" invocations="7" avgMicrosecondsPerInvocation="2251" maxMicrosecondsPerInvocation="11024" standardDeviationMicrosecondsPerInvocation="3616"/>
      <ClassProfile name="edu.umd.cs.findbugs.detect.FindRefComparison$SpecialTypeAnalysis" totalMilliseconds="13" invocations="7" avgMicrosecondsPerInvocation="1945" maxMicrosecondsPerInvocation="11497" standardDeviationMicrosecondsPerInvocation="3914"/>
      <ClassProfile name="edu.umd.cs.findbugs.classfile.engine.ClassDataAnalysisEngine" totalMilliseconds="12" invocations="523" avgMicrosecondsPerInvocation="24" maxMicrosecondsPerInvocation="565" standardDeviationMicrosecondsPerInvocation="36"/>
      <ClassProfile name="edu.umd.cs.findbugs.detect.BuildObligationPolicyDatabase" totalMilliseconds="12" invocations="64" avgMicrosecondsPerInvocation="187" maxMicrosecondsPerInvocation="1213" standardDeviationMicrosecondsPerInvocation="252"/>
      <ClassProfile name="edu.umd.cs.findbugs.detect.FunctionsThatMightBeMistakenForProcedures" totalMilliseconds="11" invocations="64" avgMicrosecondsPerInvocation="182" maxMicrosecondsPerInvocation="3138" standardDeviationMicrosecondsPerInvocation="434"/>
    </FindBugsProfile>
  </FindBugsSummary>
  <ClassFeatures></ClassFeatures>
  <History></History>
</BugCollection>
