<?xml version="1.0" encoding="UTF-8"?>

<BugCollection version="4.7.3" sequence="0" timestamp="1698475115679" analysisTimestamp="1698508186476" release="">
  <Project projectName="">
    <Jar>/mnt/disk3/lty/JLeaks/data/classfile/bug-57-7d04dffdbd5347c900f62e5626d8dadeafe6e7f461758cba851ac9e1fb99e28e.class</Jar>
  </Project>
  <Errors errors="0" missingClasses="17">
    <MissingClass>com.google.api.client.http.HttpHeaders</MissingClass>
    <MissingClass>com.google.api.client.http.HttpResponse</MissingClass>
    <MissingClass>com.google.api.client.util.BackOff</MissingClass>
    <MissingClass>com.google.api.client.util.BackOffUtils</MissingClass>
    <MissingClass>com.google.api.client.util.ExponentialBackOff$Builder</MissingClass>
    <MissingClass>com.google.api.client.util.NanoClock</MissingClass>
    <MissingClass>com.google.api.client.util.Preconditions</MissingClass>
    <MissingClass>com.google.api.client.util.Sleeper</MissingClass>
    <MissingClass>com.google.api.services.storage.Storage</MissingClass>
    <MissingClass>com.google.api.services.storage.Storage$Objects</MissingClass>
    <MissingClass>com.google.api.services.storage.Storage$Objects$Get</MissingClass>
    <MissingClass>com.google.cloud.dataflow.sdk.util.ApiErrorExtractor</MissingClass>
    <MissingClass>com.google.cloud.dataflow.sdk.util.gcsio.ClientRequestHelper</MissingClass>
    <MissingClass>com.google.cloud.dataflow.sdk.util.gcsio.GoogleCloudStorageExceptions</MissingClass>
    <MissingClass>com.google.cloud.dataflow.sdk.util.gcsio.StorageResourceId</MissingClass>
    <MissingClass>org.slf4j.Logger</MissingClass>
    <MissingClass>org.slf4j.LoggerFactory</MissingClass>
  </Errors>
  <FindBugsSummary timestamp="Sat, 28 Oct 2023 14:38:35 +0800" total_classes="1" referenced_classes="30" total_bugs="0" total_size="216" num_packages="1" java_version="1.8.0_382" vm_version="25.382-b05" cpu_seconds="7.72" clock_seconds="0.83" peak_mbytes="386.62" alloc_mbytes="1820.50" gc_seconds="0.04">
    <PackageStats package="com.google.cloud.dataflow.sdk.util.gcsio" total_bugs="0" total_types="1" total_size="216">
      <ClassStats class="com.google.cloud.dataflow.sdk.util.gcsio.GoogleCloudStorageReadChannel" sourceFile="GoogleCloudStorageReadChannel.java" interface="false" size="216" bugs="0"/>
    </PackageStats>
    <FindBugsProfile>
      <ClassProfile name="edu.umd.cs.findbugs.classfile.engine.ClassInfoAnalysisEngine" totalMilliseconds="117" invocations="461" avgMicrosecondsPerInvocation="255" maxMicrosecondsPerInvocation="12957" standardDeviationMicrosecondsPerInvocation="774"/>
      <ClassProfile name="edu.umd.cs.findbugs.detect.NoteDirectlyRelevantTypeQualifiers" totalMilliseconds="53" invocations="30" avgMicrosecondsPerInvocation="1797" maxMicrosecondsPerInvocation="42090" standardDeviationMicrosecondsPerInvocation="7533"/>
      <ClassProfile name="edu.umd.cs.findbugs.detect.FieldItemSummary" totalMilliseconds="29" invocations="30" avgMicrosecondsPerInvocation="967" maxMicrosecondsPerInvocation="6998" standardDeviationMicrosecondsPerInvocation="1747"/>
      <ClassProfile name="edu.umd.cs.findbugs.OpcodeStack$JumpInfoFactory" totalMilliseconds="27" invocations="125" avgMicrosecondsPerInvocation="222" maxMicrosecondsPerInvocation="2188" standardDeviationMicrosecondsPerInvocation="313"/>
      <ClassProfile name="edu.umd.cs.findbugs.classfile.engine.bcel.ValueNumberDataflowFactory" totalMilliseconds="26" invocations="24" avgMicrosecondsPerInvocation="1123" maxMicrosecondsPerInvocation="9645" standardDeviationMicrosecondsPerInvocation="2477"/>
      <ClassProfile name="edu.umd.cs.findbugs.classfile.engine.bcel.MethodGenFactory" totalMilliseconds="21" invocations="23" avgMicrosecondsPerInvocation="921" maxMicrosecondsPerInvocation="18126" standardDeviationMicrosecondsPerInvocation="3674"/>
      <ClassProfile name="edu.umd.cs.findbugs.classfile.engine.bcel.IsNullValueDataflowFactory" totalMilliseconds="20" invocations="23" avgMicrosecondsPerInvocation="897" maxMicrosecondsPerInvocation="6559" standardDeviationMicrosecondsPerInvocation="1850"/>
      <ClassProfile name="edu.umd.cs.findbugs.classfile.engine.bcel.TypeDataflowFactory" totalMilliseconds="19" invocations="24" avgMicrosecondsPerInvocation="833" maxMicrosecondsPerInvocation="5957" standardDeviationMicrosecondsPerInvocation="1658"/>
      <ClassProfile name="edu.umd.cs.findbugs.classfile.engine.bcel.JavaClassAnalysisEngine" totalMilliseconds="18" invocations="70" avgMicrosecondsPerInvocation="258" maxMicrosecondsPerInvocation="8805" standardDeviationMicrosecondsPerInvocation="1100"/>
      <ClassProfile name="edu.umd.cs.findbugs.detect.FindNoSideEffectMethods" totalMilliseconds="16" invocations="30" avgMicrosecondsPerInvocation="560" maxMicrosecondsPerInvocation="3603" standardDeviationMicrosecondsPerInvocation="873"/>
      <ClassProfile name="edu.umd.cs.findbugs.classfile.engine.bcel.CFGFactory" totalMilliseconds="16" invocations="23" avgMicrosecondsPerInvocation="697" maxMicrosecondsPerInvocation="7702" standardDeviationMicrosecondsPerInvocation="1672"/>
      <ClassProfile name="edu.umd.cs.findbugs.util.TopologicalSort" totalMilliseconds="14" invocations="409" avgMicrosecondsPerInvocation="36" maxMicrosecondsPerInvocation="677" standardDeviationMicrosecondsPerInvocation="74"/>
      <ClassProfile name="edu.umd.cs.findbugs.classfile.engine.bcel.UnconditionalValueDerefDataflowFactory" totalMilliseconds="14" invocations="23" avgMicrosecondsPerInvocation="611" maxMicrosecondsPerInvocation="6854" standardDeviationMicrosecondsPerInvocation="1457"/>
      <ClassProfile name="edu.umd.cs.findbugs.ba.npe.NullDerefAndRedundantComparisonFinder" totalMilliseconds="12" invocations="23" avgMicrosecondsPerInvocation="530" maxMicrosecondsPerInvocation="4228" standardDeviationMicrosecondsPerInvocation="964"/>
      <ClassProfile name="edu.umd.cs.findbugs.classfile.engine.ClassDataAnalysisEngine" totalMilliseconds="11" invocations="464" avgMicrosecondsPerInvocation="23" maxMicrosecondsPerInvocation="643" standardDeviationMicrosecondsPerInvocation="40"/>
    </FindBugsProfile>
  </FindBugsSummary>
  <ClassFeatures></ClassFeatures>
  <History></History>
</BugCollection>
