<?xml version="1.0" encoding="UTF-8"?>

<BugCollection version="4.7.3" sequence="0" timestamp="1698475125547" analysisTimestamp="1698508994001" release="">
  <Project projectName="">
    <Jar>/mnt/disk3/lty/JLeaks/data/classfile/bug-148-247f9c39fee1e5bc1eff58a1fa7daf886e3f9a974e6be70384f8f29fc4029b95.class</Jar>
  </Project>
  <Errors errors="0" missingClasses="55">
    <MissingClass>com.baidu.hugegraph.HugeException</MissingClass>
    <MissingClass>com.baidu.hugegraph.HugeGraph</MissingClass>
    <MissingClass>com.baidu.hugegraph.StandardHugeGraph$StandardHugeGraphParams</MissingClass>
    <MissingClass>com.baidu.hugegraph.StandardHugeGraph$SysTransaction</MissingClass>
    <MissingClass>com.baidu.hugegraph.StandardHugeGraph$TinkerPopTransaction</MissingClass>
    <MissingClass>com.baidu.hugegraph.analyzer.AnalyzerFactory</MissingClass>
    <MissingClass>com.baidu.hugegraph.auth.AuthManager</MissingClass>
    <MissingClass>com.baidu.hugegraph.auth.StandardAuthManager</MissingClass>
    <MissingClass>com.baidu.hugegraph.backend.BackendException</MissingClass>
    <MissingClass>com.baidu.hugegraph.backend.cache.CachedGraphTransaction</MissingClass>
    <MissingClass>com.baidu.hugegraph.backend.cache.CachedSchemaTransaction</MissingClass>
    <MissingClass>com.baidu.hugegraph.backend.id.SnowflakeIdGenerator</MissingClass>
    <MissingClass>com.baidu.hugegraph.backend.serializer.SerializerFactory</MissingClass>
    <MissingClass>com.baidu.hugegraph.backend.store.BackendProviderFactory</MissingClass>
    <MissingClass>com.baidu.hugegraph.backend.store.BackendStore</MissingClass>
    <MissingClass>com.baidu.hugegraph.backend.store.BackendStoreProvider</MissingClass>
    <MissingClass>com.baidu.hugegraph.backend.store.BackendStoreSystemInfo</MissingClass>
    <MissingClass>com.baidu.hugegraph.backend.store.raft.RaftBackendStoreProvider</MissingClass>
    <MissingClass>com.baidu.hugegraph.backend.store.ram.RamTable</MissingClass>
    <MissingClass>com.baidu.hugegraph.backend.tx.GraphTransaction</MissingClass>
    <MissingClass>com.baidu.hugegraph.backend.tx.SchemaTransaction</MissingClass>
    <MissingClass>com.baidu.hugegraph.config.ConfigOption</MissingClass>
    <MissingClass>com.baidu.hugegraph.config.CoreOptions</MissingClass>
    <MissingClass>com.baidu.hugegraph.config.HugeConfig</MissingClass>
    <MissingClass>com.baidu.hugegraph.event.EventHub</MissingClass>
    <MissingClass>com.baidu.hugegraph.exception.NotAllowException</MissingClass>
    <MissingClass>com.baidu.hugegraph.io.HugeGraphIoRegistry</MissingClass>
    <MissingClass>com.baidu.hugegraph.schema.EdgeLabel</MissingClass>
    <MissingClass>com.baidu.hugegraph.schema.IndexLabel</MissingClass>
    <MissingClass>com.baidu.hugegraph.schema.PropertyKey</MissingClass>
    <MissingClass>com.baidu.hugegraph.schema.SchemaLabel</MissingClass>
    <MissingClass>com.baidu.hugegraph.schema.SchemaManager</MissingClass>
    <MissingClass>com.baidu.hugegraph.schema.VertexLabel</MissingClass>
    <MissingClass>com.baidu.hugegraph.structure.HugeEdge</MissingClass>
    <MissingClass>com.baidu.hugegraph.structure.HugeFeatures</MissingClass>
    <MissingClass>com.baidu.hugegraph.structure.HugeVertex</MissingClass>
    <MissingClass>com.baidu.hugegraph.task.ServerInfoManager</MissingClass>
    <MissingClass>com.baidu.hugegraph.task.TaskManager</MissingClass>
    <MissingClass>com.baidu.hugegraph.task.TaskScheduler</MissingClass>
    <MissingClass>com.baidu.hugegraph.type.define.GraphMode</MissingClass>
    <MissingClass>com.baidu.hugegraph.type.define.GraphReadMode</MissingClass>
    <MissingClass>com.baidu.hugegraph.util.E</MissingClass>
    <MissingClass>com.baidu.hugegraph.util.LockUtil</MissingClass>
    <MissingClass>com.baidu.hugegraph.util.Log</MissingClass>
    <MissingClass>com.baidu.hugegraph.variables.HugeVariables</MissingClass>
    <MissingClass>com.google.common.collect.ImmutableSet</MissingClass>
    <MissingClass>com.google.common.util.concurrent.RateLimiter</MissingClass>
    <MissingClass>org.apache.tinkerpop.gremlin.structure.Edge</MissingClass>
    <MissingClass>org.apache.tinkerpop.gremlin.structure.Graph$Exceptions</MissingClass>
    <MissingClass>org.apache.tinkerpop.gremlin.structure.Transaction</MissingClass>
    <MissingClass>org.apache.tinkerpop.gremlin.structure.Vertex</MissingClass>
    <MissingClass>org.apache.tinkerpop.gremlin.structure.io.Io$Builder</MissingClass>
    <MissingClass>org.apache.tinkerpop.gremlin.structure.io.Mapper$Builder</MissingClass>
    <MissingClass>org.apache.tinkerpop.gremlin.structure.util.StringFactory</MissingClass>
    <MissingClass>org.slf4j.Logger</MissingClass>
  </Errors>
  <FindBugsSummary timestamp="Sat, 28 Oct 2023 14:38:45 +0800" total_classes="1" referenced_classes="27" total_bugs="0" total_size="488" num_packages="1" java_version="1.8.0_382" vm_version="25.382-b05" cpu_seconds="9.73" clock_seconds="1.05" peak_mbytes="420.02" alloc_mbytes="1820.50" gc_seconds="0.04">
    <PackageStats package="com.baidu.hugegraph" total_bugs="0" total_types="1" total_size="488">
      <ClassStats class="com.baidu.hugegraph.StandardHugeGraph" sourceFile="StandardHugeGraph.java" interface="false" size="488" bugs="0"/>
    </PackageStats>
    <FindBugsProfile>
      <ClassProfile name="edu.umd.cs.findbugs.classfile.engine.ClassInfoAnalysisEngine" totalMilliseconds="165" invocations="447" avgMicrosecondsPerInvocation="369" maxMicrosecondsPerInvocation="41214" standardDeviationMicrosecondsPerInvocation="2135"/>
      <ClassProfile name="edu.umd.cs.findbugs.detect.FieldItemSummary" totalMilliseconds="39" invocations="27" avgMicrosecondsPerInvocation="1475" maxMicrosecondsPerInvocation="6635" standardDeviationMicrosecondsPerInvocation="1839"/>
      <ClassProfile name="edu.umd.cs.findbugs.classfile.engine.bcel.IsNullValueDataflowFactory" totalMilliseconds="33" invocations="130" avgMicrosecondsPerInvocation="255" maxMicrosecondsPerInvocation="5448" standardDeviationMicrosecondsPerInvocation="508"/>
      <ClassProfile name="edu.umd.cs.findbugs.classfile.engine.bcel.TypeDataflowFactory" totalMilliseconds="32" invocations="134" avgMicrosecondsPerInvocation="245" maxMicrosecondsPerInvocation="3871" standardDeviationMicrosecondsPerInvocation="446"/>
      <ClassProfile name="edu.umd.cs.findbugs.classfile.engine.bcel.ValueNumberDataflowFactory" totalMilliseconds="29" invocations="136" avgMicrosecondsPerInvocation="218" maxMicrosecondsPerInvocation="6888" standardDeviationMicrosecondsPerInvocation="616"/>
      <ClassProfile name="edu.umd.cs.findbugs.detect.FindNoSideEffectMethods" totalMilliseconds="29" invocations="27" avgMicrosecondsPerInvocation="1080" maxMicrosecondsPerInvocation="4866" standardDeviationMicrosecondsPerInvocation="1386"/>
      <ClassProfile name="edu.umd.cs.findbugs.classfile.engine.bcel.CFGFactory" totalMilliseconds="28" invocations="130" avgMicrosecondsPerInvocation="220" maxMicrosecondsPerInvocation="5976" standardDeviationMicrosecondsPerInvocation="542"/>
      <ClassProfile name="edu.umd.cs.findbugs.OpcodeStack$JumpInfoFactory" totalMilliseconds="28" invocations="214" avgMicrosecondsPerInvocation="131" maxMicrosecondsPerInvocation="1895" standardDeviationMicrosecondsPerInvocation="216"/>
      <ClassProfile name="edu.umd.cs.findbugs.ba.npe.NullDerefAndRedundantComparisonFinder" totalMilliseconds="25" invocations="128" avgMicrosecondsPerInvocation="195" maxMicrosecondsPerInvocation="2476" standardDeviationMicrosecondsPerInvocation="267"/>
      <ClassProfile name="edu.umd.cs.findbugs.classfile.engine.bcel.MethodGenFactory" totalMilliseconds="24" invocations="130" avgMicrosecondsPerInvocation="189" maxMicrosecondsPerInvocation="19576" standardDeviationMicrosecondsPerInvocation="1707"/>
      <ClassProfile name="edu.umd.cs.findbugs.classfile.engine.bcel.UnconditionalValueDerefDataflowFactory" totalMilliseconds="20" invocations="128" avgMicrosecondsPerInvocation="159" maxMicrosecondsPerInvocation="1958" standardDeviationMicrosecondsPerInvocation="207"/>
      <ClassProfile name="edu.umd.cs.findbugs.classfile.engine.bcel.JavaClassAnalysisEngine" totalMilliseconds="18" invocations="102" avgMicrosecondsPerInvocation="184" maxMicrosecondsPerInvocation="8820" standardDeviationMicrosecondsPerInvocation="895"/>
      <ClassProfile name="edu.umd.cs.findbugs.detect.NoteDirectlyRelevantTypeQualifiers" totalMilliseconds="17" invocations="27" avgMicrosecondsPerInvocation="631" maxMicrosecondsPerInvocation="4688" standardDeviationMicrosecondsPerInvocation="965"/>
      <ClassProfile name="edu.umd.cs.findbugs.util.TopologicalSort" totalMilliseconds="16" invocations="331" avgMicrosecondsPerInvocation="49" maxMicrosecondsPerInvocation="1753" standardDeviationMicrosecondsPerInvocation="115"/>
      <ClassProfile name="edu.umd.cs.findbugs.detect.CalledMethods" totalMilliseconds="15" invocations="27" avgMicrosecondsPerInvocation="579" maxMicrosecondsPerInvocation="4674" standardDeviationMicrosecondsPerInvocation="995"/>
      <ClassProfile name="edu.umd.cs.findbugs.detect.FunctionsThatMightBeMistakenForProcedures" totalMilliseconds="12" invocations="27" avgMicrosecondsPerInvocation="454" maxMicrosecondsPerInvocation="2315" standardDeviationMicrosecondsPerInvocation="616"/>
      <ClassProfile name="edu.umd.cs.findbugs.classfile.engine.ClassDataAnalysisEngine" totalMilliseconds="11" invocations="452" avgMicrosecondsPerInvocation="25" maxMicrosecondsPerInvocation="461" standardDeviationMicrosecondsPerInvocation="31"/>
      <ClassProfile name="edu.umd.cs.findbugs.detect.OverridingEqualsNotSymmetrical" totalMilliseconds="11" invocations="27" avgMicrosecondsPerInvocation="421" maxMicrosecondsPerInvocation="6530" standardDeviationMicrosecondsPerInvocation="1214"/>
    </FindBugsProfile>
  </FindBugsSummary>
  <ClassFeatures></ClassFeatures>
  <History></History>
</BugCollection>
