<?xml version="1.0" encoding="UTF-8"?>

<BugCollection version="4.7.3" sequence="0" timestamp="1698475222195" analysisTimestamp="1698515799634" release="">
  <Project projectName="">
    <Jar>/mnt/disk3/lty/JLeaks/data/classfile/bug-893-b01aa8271794fbfad62b226e2fe864c276fa7bee42db8c2b0e1964c92b518cba.class</Jar>
  </Project>
  <BugInstance type="OS_OPEN_STREAM_EXCEPTION_PATH" priority="3" rank="19" abbrev="OS" category="BAD_PRACTICE">
    <Class classname="gpinf.util.FileUtil">
      <SourceLine classname="gpinf.util.FileUtil" start="17" end="121" sourcefile="FileUtil.java" sourcepath="gpinf/util/FileUtil.java"/>
    </Class>
    <Method classname="gpinf.util.FileUtil" name="read" signature="(Ljava/io/File;ZJ)Ljava/lang/String;" isStatic="true">
      <SourceLine classname="gpinf.util.FileUtil" start="35" end="52" startBytecode="0" endBytecode="63" sourcefile="FileUtil.java" sourcepath="gpinf/util/FileUtil.java"/>
    </Method>
    <Type descriptor="Ljava/io/Reader;" role="TYPE_CLOSEIT">
      <SourceLine classname="java.io.Reader" start="66" end="249" sourcefile="Reader.java" sourcepath="java/io/Reader.java"/>
    </Type>
    <SourceLine classname="gpinf.util.FileUtil" start="39" end="39" startBytecode="51" endBytecode="51" sourcefile="FileUtil.java" sourcepath="gpinf/util/FileUtil.java"/>
  </BugInstance>
  <Errors errors="0" missingClasses="0"></Errors>
  <FindBugsSummary timestamp="Sat, 28 Oct 2023 14:40:22 +0800" total_classes="1" referenced_classes="22" total_bugs="1" total_size="42" num_packages="1" java_version="1.8.0_382" vm_version="25.382-b05" cpu_seconds="5.92" clock_seconds="0.69" peak_mbytes="403.72" alloc_mbytes="1820.50" gc_seconds="0.04" priority_3="1">
    <PackageStats package="gpinf.util" total_bugs="1" total_types="1" total_size="42" priority_3="1">
      <ClassStats class="gpinf.util.FileUtil" sourceFile="FileUtil.java" interface="false" size="42" bugs="1" priority_3="1"/>
    </PackageStats>
    <FindBugsProfile>
      <ClassProfile name="edu.umd.cs.findbugs.classfile.engine.ClassInfoAnalysisEngine" totalMilliseconds="113" invocations="355" avgMicrosecondsPerInvocation="319" maxMicrosecondsPerInvocation="9716" standardDeviationMicrosecondsPerInvocation="743"/>
      <ClassProfile name="edu.umd.cs.findbugs.detect.FunctionsThatMightBeMistakenForProcedures" totalMilliseconds="49" invocations="22" avgMicrosecondsPerInvocation="2237" maxMicrosecondsPerInvocation="44268" standardDeviationMicrosecondsPerInvocation="9180"/>
      <ClassProfile name="edu.umd.cs.findbugs.detect.FieldItemSummary" totalMilliseconds="22" invocations="22" avgMicrosecondsPerInvocation="1019" maxMicrosecondsPerInvocation="5466" standardDeviationMicrosecondsPerInvocation="1403"/>
      <ClassProfile name="edu.umd.cs.findbugs.classfile.engine.bcel.MethodGenFactory" totalMilliseconds="19" invocations="5" avgMicrosecondsPerInvocation="3922" maxMicrosecondsPerInvocation="18372" standardDeviationMicrosecondsPerInvocation="7227"/>
      <ClassProfile name="edu.umd.cs.findbugs.detect.FindNoSideEffectMethods" totalMilliseconds="16" invocations="22" avgMicrosecondsPerInvocation="767" maxMicrosecondsPerInvocation="3981" standardDeviationMicrosecondsPerInvocation="906"/>
      <ClassProfile name="edu.umd.cs.findbugs.OpcodeStack$JumpInfoFactory" totalMilliseconds="16" invocations="78" avgMicrosecondsPerInvocation="211" maxMicrosecondsPerInvocation="1434" standardDeviationMicrosecondsPerInvocation="240"/>
      <ClassProfile name="edu.umd.cs.findbugs.classfile.engine.bcel.JavaClassAnalysisEngine" totalMilliseconds="16" invocations="43" avgMicrosecondsPerInvocation="376" maxMicrosecondsPerInvocation="8804" standardDeviationMicrosecondsPerInvocation="1338"/>
      <ClassProfile name="edu.umd.cs.findbugs.classfile.engine.bcel.TypeDataflowFactory" totalMilliseconds="14" invocations="6" avgMicrosecondsPerInvocation="2368" maxMicrosecondsPerInvocation="5246" standardDeviationMicrosecondsPerInvocation="1899"/>
      <ClassProfile name="edu.umd.cs.findbugs.util.TopologicalSort" totalMilliseconds="14" invocations="323" avgMicrosecondsPerInvocation="43" maxMicrosecondsPerInvocation="638" standardDeviationMicrosecondsPerInvocation="77"/>
      <ClassProfile name="edu.umd.cs.findbugs.classfile.engine.bcel.ValueNumberDataflowFactory" totalMilliseconds="13" invocations="6" avgMicrosecondsPerInvocation="2331" maxMicrosecondsPerInvocation="6708" standardDeviationMicrosecondsPerInvocation="2275"/>
      <ClassProfile name="edu.umd.cs.findbugs.classfile.engine.bcel.IsNullValueDataflowFactory" totalMilliseconds="12" invocations="5" avgMicrosecondsPerInvocation="2550" maxMicrosecondsPerInvocation="10070" standardDeviationMicrosecondsPerInvocation="3847"/>
    </FindBugsProfile>
  </FindBugsSummary>
  <ClassFeatures></ClassFeatures>
  <History></History>
</BugCollection>
