<?xml version="1.0" encoding="UTF-8"?>

<BugCollection version="4.7.3" sequence="0" timestamp="1698475138814" analysisTimestamp="1698510846465" release="">
  <Project projectName="">
    <Jar>/mnt/disk3/lty/JLeaks/data/classfile/bug-264-b5cc11b6303cea718b836ed9b2146dc03328ae52b672531080572fcc1102b9d4.class</Jar>
  </Project>
  <BugInstance type="OBL_UNSATISFIED_OBLIGATION_EXCEPTION_EDGE" priority="2" rank="20" abbrev="OBL" category="EXPERIMENTAL">
    <Class classname="org.bytedeco.javacpp.Loader">
      <SourceLine classname="org.bytedeco.javacpp.Loader" start="54" end="731" sourcefile="Loader.java" sourcepath="org/bytedeco/javacpp/Loader.java"/>
    </Class>
    <Method classname="org.bytedeco.javacpp.Loader" name="extractResource" signature="(Ljava/net/URL;Ljava/io/File;Ljava/lang/String;Ljava/lang/String;)Ljava/io/File;" isStatic="true">
      <SourceLine classname="org.bytedeco.javacpp.Loader" start="286" end="316" startBytecode="0" endBytecode="374" sourcefile="Loader.java" sourcepath="org/bytedeco/javacpp/Loader.java"/>
    </Method>
    <Class classname="java.io.OutputStream" role="CLASS_REFTYPE">
      <SourceLine classname="java.io.OutputStream" start="46" end="152" sourcefile="OutputStream.java" sourcepath="java/io/OutputStream.java"/>
    </Class>
    <Int value="1" role="INT_OBLIGATIONS_REMAINING"/>
    <SourceLine classname="org.bytedeco.javacpp.Loader" start="302" end="302" startBytecode="100" endBytecode="100" sourcefile="Loader.java" sourcepath="org/bytedeco/javacpp/Loader.java" role="SOURCE_LINE_OBLIGATION_CREATED"/>
    <SourceLine classname="org.bytedeco.javacpp.Loader" start="303" end="303" startBytecode="105" endBytecode="105" sourcefile="Loader.java" sourcepath="org/bytedeco/javacpp/Loader.java" role="SOURCE_LINE_PATH_CONTINUES"/>
    <SourceLine classname="org.bytedeco.javacpp.Loader" start="305" end="305" startBytecode="112" endBytecode="112" sourcefile="Loader.java" sourcepath="org/bytedeco/javacpp/Loader.java" role="SOURCE_LINE_PATH_CONTINUES"/>
    <SourceLine classname="org.bytedeco.javacpp.Loader" start="310" end="310" startBytecode="152" endBytecode="152" sourcefile="Loader.java" sourcepath="org/bytedeco/javacpp/Loader.java" role="SOURCE_LINE_PATH_CONTINUES"/>
    <SourceLine classname="org.bytedeco.javacpp.Loader" start="311" end="311" startBytecode="154" endBytecode="154" sourcefile="Loader.java" sourcepath="org/bytedeco/javacpp/Loader.java" role="SOURCE_LINE_PATH_CONTINUES"/>
    <SourceLine classname="org.bytedeco.javacpp.Loader" start="314" end="314" startBytecode="170" endBytecode="170" sourcefile="Loader.java" sourcepath="org/bytedeco/javacpp/Loader.java" role="SOURCE_LINE_PATH_CONTINUES"/>
    <String value="{OutputStream x 1}" role="STRING_REMAINING_OBLIGATIONS"/>
  </BugInstance>
  <BugInstance type="OS_OPEN_STREAM" priority="2" rank="16" abbrev="OS" category="BAD_PRACTICE">
    <Class classname="org.bytedeco.javacpp.Loader">
      <SourceLine classname="org.bytedeco.javacpp.Loader" start="54" end="731" sourcefile="Loader.java" sourcepath="org/bytedeco/javacpp/Loader.java"/>
    </Class>
    <Method classname="org.bytedeco.javacpp.Loader" name="loadProperties" signature="(Ljava/lang/String;)Ljava/util/Properties;" isStatic="true">
      <SourceLine classname="org.bytedeco.javacpp.Loader" start="123" end="151" startBytecode="0" endBytecode="86" sourcefile="Loader.java" sourcepath="org/bytedeco/javacpp/Loader.java"/>
    </Method>
    <Type descriptor="Ljava/io/Reader;" role="TYPE_CLOSEIT">
      <SourceLine classname="java.io.Reader" start="66" end="249" sourcefile="Reader.java" sourcepath="java/io/Reader.java"/>
    </Type>
    <SourceLine classname="org.bytedeco.javacpp.Loader" start="134" end="134" startBytecode="100" endBytecode="100" sourcefile="Loader.java" sourcepath="org/bytedeco/javacpp/Loader.java"/>
    <SourceLine classname="org.bytedeco.javacpp.Loader" start="143" end="143" startBytecode="140" endBytecode="140" sourcefile="Loader.java" sourcepath="org/bytedeco/javacpp/Loader.java" role="SOURCE_LINE_ANOTHER_INSTANCE"/>
  </BugInstance>
  <BugInstance type="OS_OPEN_STREAM_EXCEPTION_PATH" priority="3" rank="19" abbrev="OS" category="BAD_PRACTICE">
    <Class classname="org.bytedeco.javacpp.Loader">
      <SourceLine classname="org.bytedeco.javacpp.Loader" start="54" end="731" sourcefile="Loader.java" sourcepath="org/bytedeco/javacpp/Loader.java"/>
    </Class>
    <Method classname="org.bytedeco.javacpp.Loader" name="extractResource" signature="(Ljava/net/URL;Ljava/io/File;Ljava/lang/String;Ljava/lang/String;)Ljava/io/File;" isStatic="true">
      <SourceLine classname="org.bytedeco.javacpp.Loader" start="286" end="316" startBytecode="0" endBytecode="84" sourcefile="Loader.java" sourcepath="org/bytedeco/javacpp/Loader.java"/>
    </Method>
    <Type descriptor="Ljava/io/OutputStream;" role="TYPE_CLOSEIT">
      <SourceLine classname="java.io.OutputStream" start="46" end="152" sourcefile="OutputStream.java" sourcepath="java/io/OutputStream.java"/>
    </Type>
    <SourceLine classname="org.bytedeco.javacpp.Loader" start="302" end="302" startBytecode="94" endBytecode="94" sourcefile="Loader.java" sourcepath="org/bytedeco/javacpp/Loader.java"/>
  </BugInstance>
  <Errors errors="0" missingClasses="5">
    <MissingClass>org.bytedeco.javacpp.ClassProperties</MissingClass>
    <MissingClass>org.bytedeco.javacpp.Loader$1</MissingClass>
    <MissingClass>org.bytedeco.javacpp.Loader$2</MissingClass>
    <MissingClass>org.bytedeco.javacpp.annotation.Platform</MissingClass>
    <MissingClass>org.bytedeco.javacpp.tools.Logger</MissingClass>
  </Errors>
  <FindBugsSummary timestamp="Sat, 28 Oct 2023 14:38:58 +0800" total_classes="1" referenced_classes="40" total_bugs="3" total_size="331" num_packages="1" java_version="1.8.0_382" vm_version="25.382-b05" cpu_seconds="12.89" clock_seconds="1.24" peak_mbytes="400.91" alloc_mbytes="1820.50" gc_seconds="0.04" priority_3="1" priority_2="2">
    <PackageStats package="org.bytedeco.javacpp" total_bugs="3" total_types="1" total_size="331" priority_3="1" priority_2="2">
      <ClassStats class="org.bytedeco.javacpp.Loader" sourceFile="Loader.java" interface="false" size="331" bugs="3" priority_3="1" priority_2="2"/>
    </PackageStats>
    <FindBugsProfile>
      <ClassProfile name="edu.umd.cs.findbugs.classfile.engine.ClassInfoAnalysisEngine" totalMilliseconds="134" invocations="528" avgMicrosecondsPerInvocation="254" maxMicrosecondsPerInvocation="13117" standardDeviationMicrosecondsPerInvocation="721"/>
      <ClassProfile name="edu.umd.cs.findbugs.detect.FieldItemSummary" totalMilliseconds="83" invocations="40" avgMicrosecondsPerInvocation="2084" maxMicrosecondsPerInvocation="44054" standardDeviationMicrosecondsPerInvocation="6849"/>
      <ClassProfile name="edu.umd.cs.findbugs.classfile.engine.bcel.TypeDataflowFactory" totalMilliseconds="61" invocations="29" avgMicrosecondsPerInvocation="2136" maxMicrosecondsPerInvocation="10130" standardDeviationMicrosecondsPerInvocation="2588"/>
      <ClassProfile name="edu.umd.cs.findbugs.classfile.engine.bcel.ValueNumberDataflowFactory" totalMilliseconds="61" invocations="29" avgMicrosecondsPerInvocation="2115" maxMicrosecondsPerInvocation="9767" standardDeviationMicrosecondsPerInvocation="2764"/>
      <ClassProfile name="edu.umd.cs.findbugs.classfile.engine.bcel.IsNullValueDataflowFactory" totalMilliseconds="53" invocations="24" avgMicrosecondsPerInvocation="2236" maxMicrosecondsPerInvocation="15550" standardDeviationMicrosecondsPerInvocation="3935"/>
      <ClassProfile name="edu.umd.cs.findbugs.OpcodeStack$JumpInfoFactory" totalMilliseconds="39" invocations="211" avgMicrosecondsPerInvocation="188" maxMicrosecondsPerInvocation="2006" standardDeviationMicrosecondsPerInvocation="259"/>
      <ClassProfile name="edu.umd.cs.findbugs.classfile.engine.bcel.UnconditionalValueDerefDataflowFactory" totalMilliseconds="35" invocations="24" avgMicrosecondsPerInvocation="1469" maxMicrosecondsPerInvocation="12838" standardDeviationMicrosecondsPerInvocation="2800"/>
      <ClassProfile name="edu.umd.cs.findbugs.detect.FindNoSideEffectMethods" totalMilliseconds="32" invocations="40" avgMicrosecondsPerInvocation="820" maxMicrosecondsPerInvocation="3533" standardDeviationMicrosecondsPerInvocation="956"/>
      <ClassProfile name="edu.umd.cs.findbugs.classfile.engine.bcel.CFGFactory" totalMilliseconds="25" invocations="24" avgMicrosecondsPerInvocation="1075" maxMicrosecondsPerInvocation="7275" standardDeviationMicrosecondsPerInvocation="1570"/>
      <ClassProfile name="edu.umd.cs.findbugs.classfile.engine.bcel.MethodGenFactory" totalMilliseconds="23" invocations="24" avgMicrosecondsPerInvocation="974" maxMicrosecondsPerInvocation="18049" standardDeviationMicrosecondsPerInvocation="3565"/>
      <ClassProfile name="edu.umd.cs.findbugs.ba.npe.NullDerefAndRedundantComparisonFinder" totalMilliseconds="22" invocations="24" avgMicrosecondsPerInvocation="950" maxMicrosecondsPerInvocation="3855" standardDeviationMicrosecondsPerInvocation="1262"/>
      <ClassProfile name="edu.umd.cs.findbugs.classfile.engine.bcel.JavaClassAnalysisEngine" totalMilliseconds="22" invocations="75" avgMicrosecondsPerInvocation="298" maxMicrosecondsPerInvocation="8872" standardDeviationMicrosecondsPerInvocation="1054"/>
      <ClassProfile name="edu.umd.cs.findbugs.util.TopologicalSort" totalMilliseconds="16" invocations="487" avgMicrosecondsPerInvocation="34" maxMicrosecondsPerInvocation="850" standardDeviationMicrosecondsPerInvocation="70"/>
      <ClassProfile name="edu.umd.cs.findbugs.detect.NoteDirectlyRelevantTypeQualifiers" totalMilliseconds="16" invocations="40" avgMicrosecondsPerInvocation="421" maxMicrosecondsPerInvocation="4615" standardDeviationMicrosecondsPerInvocation="742"/>
      <ClassProfile name="edu.umd.cs.findbugs.ba.obl.ObligationAnalysis" totalMilliseconds="16" invocations="24" avgMicrosecondsPerInvocation="700" maxMicrosecondsPerInvocation="4069" standardDeviationMicrosecondsPerInvocation="963"/>
      <ClassProfile name="edu.umd.cs.findbugs.detect.FindRefComparison$SpecialTypeAnalysis" totalMilliseconds="16" invocations="23" avgMicrosecondsPerInvocation="697" maxMicrosecondsPerInvocation="7235" standardDeviationMicrosecondsPerInvocation="1487"/>
      <ClassProfile name="edu.umd.cs.findbugs.detect.FunctionsThatMightBeMistakenForProcedures" totalMilliseconds="13" invocations="40" avgMicrosecondsPerInvocation="343" maxMicrosecondsPerInvocation="4608" standardDeviationMicrosecondsPerInvocation="769"/>
      <ClassProfile name="edu.umd.cs.findbugs.classfile.engine.ClassDataAnalysisEngine" totalMilliseconds="13" invocations="531" avgMicrosecondsPerInvocation="24" maxMicrosecondsPerInvocation="463" standardDeviationMicrosecondsPerInvocation="31"/>
      <ClassProfile name="edu.umd.cs.findbugs.detect.FindOpenStream" totalMilliseconds="12" invocations="1" avgMicrosecondsPerInvocation="12884" maxMicrosecondsPerInvocation="12884" standardDeviationMicrosecondsPerInvocation="0"/>
      <ClassProfile name="edu.umd.cs.findbugs.detect.OverridingEqualsNotSymmetrical" totalMilliseconds="12" invocations="40" avgMicrosecondsPerInvocation="316" maxMicrosecondsPerInvocation="6691" standardDeviationMicrosecondsPerInvocation="1034"/>
      <ClassProfile name="edu.umd.cs.findbugs.detect.BuildStringPassthruGraph" totalMilliseconds="11" invocations="40" avgMicrosecondsPerInvocation="297" maxMicrosecondsPerInvocation="2658" standardDeviationMicrosecondsPerInvocation="502"/>
      <ClassProfile name="edu.umd.cs.findbugs.detect.CalledMethods" totalMilliseconds="11" invocations="40" avgMicrosecondsPerInvocation="288" maxMicrosecondsPerInvocation="2229" standardDeviationMicrosecondsPerInvocation="434"/>
    </FindBugsProfile>
  </FindBugsSummary>
  <ClassFeatures></ClassFeatures>
  <History></History>
</BugCollection>
