<?xml version="1.0" encoding="UTF-8"?>

<BugCollection version="4.7.3" sequence="0" timestamp="1698475231018" analysisTimestamp="1698519692779" release="">
  <Project projectName="">
    <Jar>/mnt/disk3/lty/JLeaks/data/classfile/bug-952-794fdaba69fdf050168a662e47175eed8617337a5cbdaf20e15dae5f0beb3958.class</Jar>
  </Project>
  <BugInstance type="OBL_UNSATISFIED_OBLIGATION_EXCEPTION_EDGE" priority="2" rank="20" abbrev="OBL" category="EXPERIMENTAL">
    <Class classname="edu.stanford.nlp.io.IOUtils">
      <SourceLine classname="edu.stanford.nlp.io.IOUtils" start="28" end="2114" sourcefile="IOUtils.java" sourcepath="edu/stanford/nlp/io/IOUtils.java"/>
    </Class>
    <Method classname="edu.stanford.nlp.io.IOUtils" name="getFileInputStream" signature="(Ljava/lang/String;)Ljava/io/InputStream;" isStatic="true">
      <SourceLine classname="edu.stanford.nlp.io.IOUtils" start="1482" end="1489" startBytecode="0" endBytecode="104" sourcefile="IOUtils.java" sourcepath="edu/stanford/nlp/io/IOUtils.java"/>
    </Method>
    <Class classname="java.io.InputStream" role="CLASS_REFTYPE">
      <SourceLine classname="java.io.InputStream" start="45" end="364" sourcefile="InputStream.java" sourcepath="java/io/InputStream.java"/>
    </Class>
    <Int value="1" role="INT_OBLIGATIONS_REMAINING"/>
    <SourceLine classname="edu.stanford.nlp.io.IOUtils" start="1482" end="1482" startBytecode="5" endBytecode="5" sourcefile="IOUtils.java" sourcepath="edu/stanford/nlp/io/IOUtils.java" role="SOURCE_LINE_OBLIGATION_CREATED"/>
    <SourceLine classname="edu.stanford.nlp.io.IOUtils" start="1483" end="1483" startBytecode="9" endBytecode="9" sourcefile="IOUtils.java" sourcepath="edu/stanford/nlp/io/IOUtils.java" role="SOURCE_LINE_PATH_CONTINUES"/>
    <SourceLine classname="edu.stanford.nlp.io.IOUtils" start="1485" end="1485" startBytecode="30" endBytecode="30" sourcefile="IOUtils.java" sourcepath="edu/stanford/nlp/io/IOUtils.java" role="SOURCE_LINE_PATH_CONTINUES"/>
    <SourceLine classname="edu.stanford.nlp.io.IOUtils" start="1487" end="1487" startBytecode="39" endBytecode="39" sourcefile="IOUtils.java" sourcepath="edu/stanford/nlp/io/IOUtils.java" role="SOURCE_LINE_PATH_CONTINUES"/>
    <String value="{InputStream x 1}" role="STRING_REMAINING_OBLIGATIONS"/>
  </BugInstance>
  <BugInstance type="OBL_UNSATISFIED_OBLIGATION_EXCEPTION_EDGE" priority="2" rank="20" abbrev="OBL" category="EXPERIMENTAL">
    <Class classname="edu.stanford.nlp.io.IOUtils">
      <SourceLine classname="edu.stanford.nlp.io.IOUtils" start="28" end="2114" sourcefile="IOUtils.java" sourcepath="edu/stanford/nlp/io/IOUtils.java"/>
    </Class>
    <Method classname="edu.stanford.nlp.io.IOUtils" name="getFileOutputStream" signature="(Ljava/lang/String;)Ljava/io/OutputStream;" isStatic="true">
      <SourceLine classname="edu.stanford.nlp.io.IOUtils" start="1499" end="1506" startBytecode="0" endBytecode="104" sourcefile="IOUtils.java" sourcepath="edu/stanford/nlp/io/IOUtils.java"/>
    </Method>
    <Class classname="java.io.OutputStream" role="CLASS_REFTYPE">
      <SourceLine classname="java.io.OutputStream" start="46" end="152" sourcefile="OutputStream.java" sourcepath="java/io/OutputStream.java"/>
    </Class>
    <Int value="1" role="INT_OBLIGATIONS_REMAINING"/>
    <SourceLine classname="edu.stanford.nlp.io.IOUtils" start="1499" end="1499" startBytecode="5" endBytecode="5" sourcefile="IOUtils.java" sourcepath="edu/stanford/nlp/io/IOUtils.java" role="SOURCE_LINE_OBLIGATION_CREATED"/>
    <SourceLine classname="edu.stanford.nlp.io.IOUtils" start="1500" end="1500" startBytecode="9" endBytecode="9" sourcefile="IOUtils.java" sourcepath="edu/stanford/nlp/io/IOUtils.java" role="SOURCE_LINE_PATH_CONTINUES"/>
    <SourceLine classname="edu.stanford.nlp.io.IOUtils" start="1502" end="1502" startBytecode="30" endBytecode="30" sourcefile="IOUtils.java" sourcepath="edu/stanford/nlp/io/IOUtils.java" role="SOURCE_LINE_PATH_CONTINUES"/>
    <SourceLine classname="edu.stanford.nlp.io.IOUtils" start="1504" end="1504" startBytecode="39" endBytecode="39" sourcefile="IOUtils.java" sourcepath="edu/stanford/nlp/io/IOUtils.java" role="SOURCE_LINE_PATH_CONTINUES"/>
    <String value="{OutputStream x 1}" role="STRING_REMAINING_OBLIGATIONS"/>
  </BugInstance>
  <BugInstance type="OBL_UNSATISFIED_OBLIGATION_EXCEPTION_EDGE" priority="2" rank="20" abbrev="OBL" category="EXPERIMENTAL">
    <Class classname="edu.stanford.nlp.io.IOUtils">
      <SourceLine classname="edu.stanford.nlp.io.IOUtils" start="28" end="2114" sourcefile="IOUtils.java" sourcepath="edu/stanford/nlp/io/IOUtils.java"/>
    </Class>
    <Method classname="edu.stanford.nlp.io.IOUtils" name="getFileOutputStream" signature="(Ljava/lang/String;Z)Ljava/io/OutputStream;" isStatic="true">
      <SourceLine classname="edu.stanford.nlp.io.IOUtils" start="1510" end="1517" startBytecode="0" endBytecode="105" sourcefile="IOUtils.java" sourcepath="edu/stanford/nlp/io/IOUtils.java"/>
    </Method>
    <Class classname="java.io.OutputStream" role="CLASS_REFTYPE">
      <SourceLine classname="java.io.OutputStream" start="46" end="152" sourcefile="OutputStream.java" sourcepath="java/io/OutputStream.java"/>
    </Class>
    <Int value="1" role="INT_OBLIGATIONS_REMAINING"/>
    <SourceLine classname="edu.stanford.nlp.io.IOUtils" start="1510" end="1510" startBytecode="6" endBytecode="6" sourcefile="IOUtils.java" sourcepath="edu/stanford/nlp/io/IOUtils.java" role="SOURCE_LINE_OBLIGATION_CREATED"/>
    <SourceLine classname="edu.stanford.nlp.io.IOUtils" start="1511" end="1511" startBytecode="10" endBytecode="10" sourcefile="IOUtils.java" sourcepath="edu/stanford/nlp/io/IOUtils.java" role="SOURCE_LINE_PATH_CONTINUES"/>
    <SourceLine classname="edu.stanford.nlp.io.IOUtils" start="1513" end="1513" startBytecode="31" endBytecode="31" sourcefile="IOUtils.java" sourcepath="edu/stanford/nlp/io/IOUtils.java" role="SOURCE_LINE_PATH_CONTINUES"/>
    <SourceLine classname="edu.stanford.nlp.io.IOUtils" start="1515" end="1515" startBytecode="40" endBytecode="40" sourcefile="IOUtils.java" sourcepath="edu/stanford/nlp/io/IOUtils.java" role="SOURCE_LINE_PATH_CONTINUES"/>
    <String value="{OutputStream x 1}" role="STRING_REMAINING_OBLIGATIONS"/>
  </BugInstance>
  <BugInstance type="OS_OPEN_STREAM_EXCEPTION_PATH" priority="3" rank="19" abbrev="OS" category="BAD_PRACTICE">
    <Class classname="edu.stanford.nlp.io.IOUtils">
      <SourceLine classname="edu.stanford.nlp.io.IOUtils" start="28" end="2114" sourcefile="IOUtils.java" sourcepath="edu/stanford/nlp/io/IOUtils.java"/>
    </Class>
    <Method classname="edu.stanford.nlp.io.IOUtils" name="readObjectFromFile" signature="(Ljava/io/File;)Ljava/lang/Object;" isStatic="true">
      <SourceLine classname="edu.stanford.nlp.io.IOUtils" start="278" end="288" startBytecode="0" endBytecode="41" sourcefile="IOUtils.java" sourcepath="edu/stanford/nlp/io/IOUtils.java"/>
    </Method>
    <Type descriptor="Ljava/io/InputStream;" role="TYPE_CLOSEIT">
      <SourceLine classname="java.io.InputStream" start="45" end="364" sourcefile="InputStream.java" sourcepath="java/io/InputStream.java"/>
    </Type>
    <SourceLine classname="edu.stanford.nlp.io.IOUtils" start="278" end="278" startBytecode="0" endBytecode="0" sourcefile="IOUtils.java" sourcepath="edu/stanford/nlp/io/IOUtils.java"/>
    <SourceLine classname="edu.stanford.nlp.io.IOUtils" start="284" end="284" startBytecode="45" endBytecode="45" sourcefile="IOUtils.java" sourcepath="edu/stanford/nlp/io/IOUtils.java" role="SOURCE_LINE_ANOTHER_INSTANCE"/>
  </BugInstance>
  <BugInstance type="OS_OPEN_STREAM_EXCEPTION_PATH" priority="3" rank="19" abbrev="OS" category="BAD_PRACTICE">
    <Class classname="edu.stanford.nlp.io.IOUtils">
      <SourceLine classname="edu.stanford.nlp.io.IOUtils" start="28" end="2114" sourcefile="IOUtils.java" sourcepath="edu/stanford/nlp/io/IOUtils.java"/>
    </Class>
    <Method classname="edu.stanford.nlp.io.IOUtils" name="readObjectFromURLOrClasspathOrFileSystem" signature="(Ljava/lang/String;)Ljava/lang/Object;" isStatic="true">
      <SourceLine classname="edu.stanford.nlp.io.IOUtils" start="310" end="313" startBytecode="0" endBytecode="13" sourcefile="IOUtils.java" sourcepath="edu/stanford/nlp/io/IOUtils.java"/>
    </Method>
    <Type descriptor="Ljava/io/InputStream;" role="TYPE_CLOSEIT">
      <SourceLine classname="java.io.InputStream" start="45" end="364" sourcefile="InputStream.java" sourcepath="java/io/InputStream.java"/>
    </Type>
    <SourceLine classname="edu.stanford.nlp.io.IOUtils" start="310" end="310" startBytecode="0" endBytecode="0" sourcefile="IOUtils.java" sourcepath="edu/stanford/nlp/io/IOUtils.java"/>
  </BugInstance>
  <BugInstance type="OS_OPEN_STREAM_EXCEPTION_PATH" priority="3" rank="19" abbrev="OS" category="BAD_PRACTICE">
    <Class classname="edu.stanford.nlp.io.IOUtils">
      <SourceLine classname="edu.stanford.nlp.io.IOUtils" start="28" end="2114" sourcefile="IOUtils.java" sourcepath="edu/stanford/nlp/io/IOUtils.java"/>
    </Class>
    <Method classname="edu.stanford.nlp.io.IOUtils" name="slurpURL" signature="(Ljava/net/URL;)Ljava/lang/String;" isStatic="true">
      <SourceLine classname="edu.stanford.nlp.io.IOUtils" start="1245" end="1256" startBytecode="0" endBytecode="44" sourcefile="IOUtils.java" sourcepath="edu/stanford/nlp/io/IOUtils.java"/>
    </Method>
    <Type descriptor="Ljava/io/Reader;" role="TYPE_CLOSEIT">
      <SourceLine classname="java.io.Reader" start="66" end="249" sourcefile="Reader.java" sourcepath="java/io/Reader.java"/>
    </Type>
    <SourceLine classname="edu.stanford.nlp.io.IOUtils" start="1249" end="1249" startBytecode="22" endBytecode="22" sourcefile="IOUtils.java" sourcepath="edu/stanford/nlp/io/IOUtils.java"/>
  </BugInstance>
  <BugInstance type="OS_OPEN_STREAM_EXCEPTION_PATH" priority="3" rank="19" abbrev="OS" category="BAD_PRACTICE">
    <Class classname="edu.stanford.nlp.io.IOUtils">
      <SourceLine classname="edu.stanford.nlp.io.IOUtils" start="28" end="2114" sourcefile="IOUtils.java" sourcepath="edu/stanford/nlp/io/IOUtils.java"/>
    </Class>
    <Method classname="edu.stanford.nlp.io.IOUtils" name="slurpURL" signature="(Ljava/net/URL;Ljava/lang/String;)Ljava/lang/String;" isStatic="true">
      <SourceLine classname="edu.stanford.nlp.io.IOUtils" start="1205" end="1223" startBytecode="0" endBytecode="64" sourcefile="IOUtils.java" sourcepath="edu/stanford/nlp/io/IOUtils.java"/>
    </Method>
    <Type descriptor="Ljava/io/Reader;" role="TYPE_CLOSEIT">
      <SourceLine classname="java.io.Reader" start="66" end="249" sourcefile="Reader.java" sourcepath="java/io/Reader.java"/>
    </Type>
    <SourceLine classname="edu.stanford.nlp.io.IOUtils" start="1216" end="1216" startBytecode="63" endBytecode="63" sourcefile="IOUtils.java" sourcepath="edu/stanford/nlp/io/IOUtils.java"/>
  </BugInstance>
  <BugInstance type="OS_OPEN_STREAM_EXCEPTION_PATH" priority="3" rank="19" abbrev="OS" category="BAD_PRACTICE">
    <Class classname="edu.stanford.nlp.io.IOUtils">
      <SourceLine classname="edu.stanford.nlp.io.IOUtils" start="28" end="2114" sourcefile="IOUtils.java" sourcepath="edu/stanford/nlp/io/IOUtils.java"/>
    </Class>
    <Method classname="edu.stanford.nlp.io.IOUtils" name="stringFromFile" signature="(Ljava/lang/String;Ljava/lang/String;)Ljava/lang/String;" isStatic="true">
      <SourceLine classname="edu.stanford.nlp.io.IOUtils" start="1669" end="1681" startBytecode="0" endBytecode="43" sourcefile="IOUtils.java" sourcepath="edu/stanford/nlp/io/IOUtils.java"/>
    </Method>
    <Type descriptor="Ljava/io/Reader;" role="TYPE_CLOSEIT">
      <SourceLine classname="java.io.Reader" start="66" end="249" sourcefile="Reader.java" sourcepath="java/io/Reader.java"/>
    </Type>
    <SourceLine classname="edu.stanford.nlp.io.IOUtils" start="1670" end="1670" startBytecode="8" endBytecode="8" sourcefile="IOUtils.java" sourcepath="edu/stanford/nlp/io/IOUtils.java"/>
  </BugInstance>
  <BugInstance type="OS_OPEN_STREAM_EXCEPTION_PATH" priority="3" rank="19" abbrev="OS" category="BAD_PRACTICE">
    <Class classname="edu.stanford.nlp.io.IOUtils">
      <SourceLine classname="edu.stanford.nlp.io.IOUtils" start="28" end="2114" sourcefile="IOUtils.java" sourcepath="edu/stanford/nlp/io/IOUtils.java"/>
    </Class>
    <Method classname="edu.stanford.nlp.io.IOUtils" name="writeObjectToFile" signature="(Ljava/lang/Object;Ljava/io/File;Z)Ljava/io/File;" isStatic="true">
      <SourceLine classname="edu.stanford.nlp.io.IOUtils" start="77" end="85" startBytecode="0" endBytecode="32" sourcefile="IOUtils.java" sourcepath="edu/stanford/nlp/io/IOUtils.java"/>
    </Method>
    <Type descriptor="Ljava/io/OutputStream;" role="TYPE_CLOSEIT">
      <SourceLine classname="java.io.OutputStream" start="46" end="152" sourcefile="OutputStream.java" sourcepath="java/io/OutputStream.java"/>
    </Type>
    <SourceLine classname="edu.stanford.nlp.io.IOUtils" start="82" end="82" startBytecode="40" endBytecode="40" sourcefile="IOUtils.java" sourcepath="edu/stanford/nlp/io/IOUtils.java"/>
  </BugInstance>
  <BugInstance type="OS_OPEN_STREAM_EXCEPTION_PATH" priority="3" rank="19" abbrev="OS" category="BAD_PRACTICE">
    <Class classname="edu.stanford.nlp.io.IOUtils">
      <SourceLine classname="edu.stanford.nlp.io.IOUtils" start="28" end="2114" sourcefile="IOUtils.java" sourcepath="edu/stanford/nlp/io/IOUtils.java"/>
    </Class>
    <Method classname="edu.stanford.nlp.io.IOUtils" name="writeStringToTempFile" signature="(Ljava/lang/String;Ljava/lang/String;Ljava/lang/String;)Ljava/io/File;" isStatic="true">
      <SourceLine classname="edu.stanford.nlp.io.IOUtils" start="204" end="212" startBytecode="0" endBytecode="33" sourcefile="IOUtils.java" sourcepath="edu/stanford/nlp/io/IOUtils.java"/>
    </Method>
    <Type descriptor="Ljava/io/OutputStream;" role="TYPE_CLOSEIT">
      <SourceLine classname="java.io.OutputStream" start="46" end="152" sourcefile="OutputStream.java" sourcepath="java/io/OutputStream.java"/>
    </Type>
    <SourceLine classname="edu.stanford.nlp.io.IOUtils" start="208" end="208" startBytecode="37" endBytecode="37" sourcefile="IOUtils.java" sourcepath="edu/stanford/nlp/io/IOUtils.java"/>
    <SourceLine classname="edu.stanford.nlp.io.IOUtils" start="206" end="206" startBytecode="17" endBytecode="17" sourcefile="IOUtils.java" sourcepath="edu/stanford/nlp/io/IOUtils.java" role="SOURCE_LINE_ANOTHER_INSTANCE"/>
  </BugInstance>
  <Errors errors="0" missingClasses="15">
    <MissingClass>edu.stanford.nlp.io.BZip2PipedOutputStream</MissingClass>
    <MissingClass>edu.stanford.nlp.io.EncodingFileReader</MissingClass>
    <MissingClass>edu.stanford.nlp.io.IOUtils$1</MissingClass>
    <MissingClass>edu.stanford.nlp.io.IOUtils$2</MissingClass>
    <MissingClass>edu.stanford.nlp.io.IOUtils$EolPreservingLineReaderIterable</MissingClass>
    <MissingClass>edu.stanford.nlp.io.IOUtils$GetLinesIterable</MissingClass>
    <MissingClass>edu.stanford.nlp.io.IOUtils$LineReaderIterable</MissingClass>
    <MissingClass>edu.stanford.nlp.io.RuntimeIOException</MissingClass>
    <MissingClass>edu.stanford.nlp.util.ErasureUtils</MissingClass>
    <MissingClass>edu.stanford.nlp.util.Generics</MissingClass>
    <MissingClass>edu.stanford.nlp.util.StreamGobbler</MissingClass>
    <MissingClass>edu.stanford.nlp.util.StringUtils</MissingClass>
    <MissingClass>edu.stanford.nlp.util.Timing</MissingClass>
    <MissingClass>edu.stanford.nlp.util.logging.Redwood</MissingClass>
    <MissingClass>edu.stanford.nlp.util.logging.Redwood$RedwoodChannels</MissingClass>
  </Errors>
  <FindBugsSummary timestamp="Sat, 28 Oct 2023 14:40:31 +0800" total_classes="1" referenced_classes="71" total_bugs="10" total_size="710" num_packages="1" java_version="1.8.0_382" vm_version="25.382-b05" cpu_seconds="14.20" clock_seconds="1.36" peak_mbytes="402.10" alloc_mbytes="1820.50" gc_seconds="0.04" priority_3="7" priority_2="3">
    <PackageStats package="edu.stanford.nlp.io" total_bugs="10" total_types="1" total_size="710" priority_3="7" priority_2="3">
      <ClassStats class="edu.stanford.nlp.io.IOUtils" sourceFile="IOUtils.java" interface="false" size="710" bugs="10" priority_3="7" priority_2="3"/>
    </PackageStats>
    <FindBugsProfile>
      <ClassProfile name="edu.umd.cs.findbugs.classfile.engine.ClassInfoAnalysisEngine" totalMilliseconds="162" invocations="674" avgMicrosecondsPerInvocation="240" maxMicrosecondsPerInvocation="17452" standardDeviationMicrosecondsPerInvocation="772"/>
      <ClassProfile name="edu.umd.cs.findbugs.OpcodeStack$JumpInfoFactory" totalMilliseconds="55" invocations="320" avgMicrosecondsPerInvocation="174" maxMicrosecondsPerInvocation="2087" standardDeviationMicrosecondsPerInvocation="264"/>
      <ClassProfile name="edu.umd.cs.findbugs.detect.FieldItemSummary" totalMilliseconds="55" invocations="71" avgMicrosecondsPerInvocation="779" maxMicrosecondsPerInvocation="11650" standardDeviationMicrosecondsPerInvocation="1734"/>
      <ClassProfile name="edu.umd.cs.findbugs.classfile.engine.bcel.TypeDataflowFactory" totalMilliseconds="54" invocations="116" avgMicrosecondsPerInvocation="472" maxMicrosecondsPerInvocation="5274" standardDeviationMicrosecondsPerInvocation="736"/>
      <ClassProfile name="edu.umd.cs.findbugs.detect.BuildObligationPolicyDatabase" totalMilliseconds="52" invocations="71" avgMicrosecondsPerInvocation="740" maxMicrosecondsPerInvocation="40673" standardDeviationMicrosecondsPerInvocation="4781"/>
      <ClassProfile name="edu.umd.cs.findbugs.detect.FindNoSideEffectMethods" totalMilliseconds="45" invocations="71" avgMicrosecondsPerInvocation="646" maxMicrosecondsPerInvocation="8536" standardDeviationMicrosecondsPerInvocation="1213"/>
      <ClassProfile name="edu.umd.cs.findbugs.classfile.engine.bcel.IsNullValueDataflowFactory" totalMilliseconds="45" invocations="109" avgMicrosecondsPerInvocation="417" maxMicrosecondsPerInvocation="5983" standardDeviationMicrosecondsPerInvocation="724"/>
      <ClassProfile name="edu.umd.cs.findbugs.classfile.engine.bcel.ValueNumberDataflowFactory" totalMilliseconds="43" invocations="116" avgMicrosecondsPerInvocation="374" maxMicrosecondsPerInvocation="7275" standardDeviationMicrosecondsPerInvocation="794"/>
      <ClassProfile name="edu.umd.cs.findbugs.classfile.engine.bcel.CFGFactory" totalMilliseconds="35" invocations="109" avgMicrosecondsPerInvocation="329" maxMicrosecondsPerInvocation="6812" standardDeviationMicrosecondsPerInvocation="680"/>
      <ClassProfile name="edu.umd.cs.findbugs.classfile.engine.bcel.UnconditionalValueDerefDataflowFactory" totalMilliseconds="33" invocations="109" avgMicrosecondsPerInvocation="308" maxMicrosecondsPerInvocation="3326" standardDeviationMicrosecondsPerInvocation="534"/>
      <ClassProfile name="edu.umd.cs.findbugs.ba.npe.NullDerefAndRedundantComparisonFinder" totalMilliseconds="32" invocations="109" avgMicrosecondsPerInvocation="296" maxMicrosecondsPerInvocation="4813" standardDeviationMicrosecondsPerInvocation="533"/>
      <ClassProfile name="edu.umd.cs.findbugs.classfile.engine.bcel.JavaClassAnalysisEngine" totalMilliseconds="27" invocations="131" avgMicrosecondsPerInvocation="206" maxMicrosecondsPerInvocation="10730" standardDeviationMicrosecondsPerInvocation="956"/>
      <ClassProfile name="edu.umd.cs.findbugs.classfile.engine.bcel.MethodGenFactory" totalMilliseconds="26" invocations="109" avgMicrosecondsPerInvocation="239" maxMicrosecondsPerInvocation="16746" standardDeviationMicrosecondsPerInvocation="1591"/>
      <ClassProfile name="edu.umd.cs.findbugs.detect.FindOpenStream" totalMilliseconds="20" invocations="1" avgMicrosecondsPerInvocation="20602" maxMicrosecondsPerInvocation="20602" standardDeviationMicrosecondsPerInvocation="0"/>
      <ClassProfile name="edu.umd.cs.findbugs.detect.NoteDirectlyRelevantTypeQualifiers" totalMilliseconds="20" invocations="71" avgMicrosecondsPerInvocation="285" maxMicrosecondsPerInvocation="5517" standardDeviationMicrosecondsPerInvocation="702"/>
      <ClassProfile name="edu.umd.cs.findbugs.util.TopologicalSort" totalMilliseconds="18" invocations="618" avgMicrosecondsPerInvocation="29" maxMicrosecondsPerInvocation="1342" standardDeviationMicrosecondsPerInvocation="84"/>
      <ClassProfile name="edu.umd.cs.findbugs.detect.OverridingEqualsNotSymmetrical" totalMilliseconds="15" invocations="71" avgMicrosecondsPerInvocation="212" maxMicrosecondsPerInvocation="7310" standardDeviationMicrosecondsPerInvocation="861"/>
      <ClassProfile name="edu.umd.cs.findbugs.classfile.engine.ClassDataAnalysisEngine" totalMilliseconds="14" invocations="678" avgMicrosecondsPerInvocation="21" maxMicrosecondsPerInvocation="439" standardDeviationMicrosecondsPerInvocation="27"/>
      <ClassProfile name="edu.umd.cs.findbugs.detect.BuildStringPassthruGraph" totalMilliseconds="13" invocations="71" avgMicrosecondsPerInvocation="194" maxMicrosecondsPerInvocation="3546" standardDeviationMicrosecondsPerInvocation="472"/>
      <ClassProfile name="edu.umd.cs.findbugs.classfile.engine.bcel.ConstantDataflowFactory" totalMilliseconds="13" invocations="109" avgMicrosecondsPerInvocation="123" maxMicrosecondsPerInvocation="1630" standardDeviationMicrosecondsPerInvocation="241"/>
      <ClassProfile name="edu.umd.cs.findbugs.detect.FunctionsThatMightBeMistakenForProcedures" totalMilliseconds="13" invocations="71" avgMicrosecondsPerInvocation="188" maxMicrosecondsPerInvocation="2382" standardDeviationMicrosecondsPerInvocation="345"/>
      <ClassProfile name="edu.umd.cs.findbugs.detect.FindRefComparison$SpecialTypeAnalysis" totalMilliseconds="12" invocations="108" avgMicrosecondsPerInvocation="119" maxMicrosecondsPerInvocation="941" standardDeviationMicrosecondsPerInvocation="167"/>
      <ClassProfile name="edu.umd.cs.findbugs.detect.CalledMethods" totalMilliseconds="11" invocations="71" avgMicrosecondsPerInvocation="167" maxMicrosecondsPerInvocation="2562" standardDeviationMicrosecondsPerInvocation="349"/>
      <ClassProfile name="edu.umd.cs.findbugs.detect.DumbMethods" totalMilliseconds="11" invocations="1" avgMicrosecondsPerInvocation="11569" maxMicrosecondsPerInvocation="11569" standardDeviationMicrosecondsPerInvocation="0"/>
      <ClassProfile name="edu.umd.cs.findbugs.ba.obl.ObligationAnalysis" totalMilliseconds="11" invocations="109" avgMicrosecondsPerInvocation="106" maxMicrosecondsPerInvocation="896" standardDeviationMicrosecondsPerInvocation="148"/>
    </FindBugsProfile>
  </FindBugsSummary>
  <ClassFeatures></ClassFeatures>
  <History></History>
</BugCollection>
