<?xml version="1.0" encoding="UTF-8"?>

<BugCollection version="4.7.3" sequence="0" timestamp="1698475166509" analysisTimestamp="1698512196670" release="">
  <Project projectName="">
    <Jar>/mnt/disk3/lty/JLeaks/data/classfile/bug-491-e41260283a62ce578b08a0f872005e51c7719aeab44613b180f068cbbc74ea9b.class</Jar>
  </Project>
  <Errors errors="0" missingClasses="5">
    <MissingClass>org.HdrHistogram.DoubleHistogram</MissingClass>
    <MissingClass>org.HdrHistogram.EncodableHistogram</MissingClass>
    <MissingClass>org.HdrHistogram.Histogram</MissingClass>
    <MissingClass>org.HdrHistogram.HistogramLogProcessor$HistogramLogProcessorConfiguration</MissingClass>
    <MissingClass>org.HdrHistogram.HistogramLogReader</MissingClass>
  </Errors>
  <FindBugsSummary timestamp="Sat, 28 Oct 2023 14:39:26 +0800" total_classes="1" referenced_classes="59" total_bugs="0" total_size="122" num_packages="1" java_version="1.8.0_382" vm_version="25.382-b05" cpu_seconds="9.55" clock_seconds="0.99" peak_mbytes="398.89" alloc_mbytes="1820.50" gc_seconds="0.04">
    <PackageStats package="org.HdrHistogram" total_bugs="0" total_types="1" total_size="122">
      <ClassStats class="org.HdrHistogram.HistogramLogProcessor" sourceFile="HistogramLogProcessor.java" interface="false" size="122" bugs="0"/>
    </PackageStats>
    <FindBugsProfile>
      <ClassProfile name="edu.umd.cs.findbugs.classfile.engine.ClassInfoAnalysisEngine" totalMilliseconds="128" invocations="503" avgMicrosecondsPerInvocation="254" maxMicrosecondsPerInvocation="10643" standardDeviationMicrosecondsPerInvocation="656"/>
      <ClassProfile name="edu.umd.cs.findbugs.OpcodeStack$JumpInfoFactory" totalMilliseconds="76" invocations="159" avgMicrosecondsPerInvocation="482" maxMicrosecondsPerInvocation="42192" standardDeviationMicrosecondsPerInvocation="3338"/>
      <ClassProfile name="edu.umd.cs.findbugs.classfile.engine.bcel.ValueNumberDataflowFactory" totalMilliseconds="41" invocations="7" avgMicrosecondsPerInvocation="5882" maxMicrosecondsPerInvocation="20878" standardDeviationMicrosecondsPerInvocation="7183"/>
      <ClassProfile name="edu.umd.cs.findbugs.detect.FieldItemSummary" totalMilliseconds="40" invocations="59" avgMicrosecondsPerInvocation="692" maxMicrosecondsPerInvocation="4558" standardDeviationMicrosecondsPerInvocation="1112"/>
      <ClassProfile name="edu.umd.cs.findbugs.detect.FindNoSideEffectMethods" totalMilliseconds="33" invocations="59" avgMicrosecondsPerInvocation="563" maxMicrosecondsPerInvocation="4994" standardDeviationMicrosecondsPerInvocation="894"/>
      <ClassProfile name="edu.umd.cs.findbugs.classfile.engine.bcel.TypeDataflowFactory" totalMilliseconds="31" invocations="7" avgMicrosecondsPerInvocation="4485" maxMicrosecondsPerInvocation="13125" standardDeviationMicrosecondsPerInvocation="4650"/>
      <ClassProfile name="edu.umd.cs.findbugs.classfile.engine.bcel.IsNullValueDataflowFactory" totalMilliseconds="25" invocations="5" avgMicrosecondsPerInvocation="5018" maxMicrosecondsPerInvocation="15911" standardDeviationMicrosecondsPerInvocation="5862"/>
      <ClassProfile name="edu.umd.cs.findbugs.classfile.engine.bcel.JavaClassAnalysisEngine" totalMilliseconds="21" invocations="93" avgMicrosecondsPerInvocation="229" maxMicrosecondsPerInvocation="8516" standardDeviationMicrosecondsPerInvocation="898"/>
      <ClassProfile name="edu.umd.cs.findbugs.classfile.engine.bcel.MethodGenFactory" totalMilliseconds="20" invocations="5" avgMicrosecondsPerInvocation="4077" maxMicrosecondsPerInvocation="17812" standardDeviationMicrosecondsPerInvocation="6908"/>
      <ClassProfile name="edu.umd.cs.findbugs.detect.StreamResourceTracker" totalMilliseconds="19" invocations="10" avgMicrosecondsPerInvocation="1973" maxMicrosecondsPerInvocation="4623" standardDeviationMicrosecondsPerInvocation="1218"/>
      <ClassProfile name="edu.umd.cs.findbugs.classfile.engine.bcel.UnconditionalValueDerefDataflowFactory" totalMilliseconds="19" invocations="5" avgMicrosecondsPerInvocation="3946" maxMicrosecondsPerInvocation="14090" standardDeviationMicrosecondsPerInvocation="5122"/>
      <ClassProfile name="edu.umd.cs.findbugs.classfile.engine.bcel.CFGFactory" totalMilliseconds="16" invocations="5" avgMicrosecondsPerInvocation="3324" maxMicrosecondsPerInvocation="8669" standardDeviationMicrosecondsPerInvocation="3378"/>
      <ClassProfile name="edu.umd.cs.findbugs.util.TopologicalSort" totalMilliseconds="15" invocations="462" avgMicrosecondsPerInvocation="34" maxMicrosecondsPerInvocation="1126" standardDeviationMicrosecondsPerInvocation="75"/>
      <ClassProfile name="edu.umd.cs.findbugs.detect.NoteDirectlyRelevantTypeQualifiers" totalMilliseconds="15" invocations="59" avgMicrosecondsPerInvocation="266" maxMicrosecondsPerInvocation="2537" standardDeviationMicrosecondsPerInvocation="465"/>
      <ClassProfile name="edu.umd.cs.findbugs.detect.OverridingEqualsNotSymmetrical" totalMilliseconds="12" invocations="59" avgMicrosecondsPerInvocation="214" maxMicrosecondsPerInvocation="5523" standardDeviationMicrosecondsPerInvocation="719"/>
      <ClassProfile name="edu.umd.cs.findbugs.classfile.engine.ClassDataAnalysisEngine" totalMilliseconds="11" invocations="507" avgMicrosecondsPerInvocation="22" maxMicrosecondsPerInvocation="487" standardDeviationMicrosecondsPerInvocation="30"/>
      <ClassProfile name="edu.umd.cs.findbugs.detect.FunctionsThatMightBeMistakenForProcedures" totalMilliseconds="11" invocations="59" avgMicrosecondsPerInvocation="191" maxMicrosecondsPerInvocation="3108" standardDeviationMicrosecondsPerInvocation="442"/>
    </FindBugsProfile>
  </FindBugsSummary>
  <ClassFeatures></ClassFeatures>
  <History></History>
</BugCollection>
