<?xml version="1.0" encoding="UTF-8"?>

<BugCollection version="4.7.3" sequence="0" timestamp="1698475151690" analysisTimestamp="1698511570968" release="">
  <Project projectName="">
    <Jar>/mnt/disk3/lty/JLeaks/data/classfile/bug-372-cedbb42db7cd6195ea4a3d6e079d5fe0b01cac6a4d095b897de0442587144f87.class</Jar>
  </Project>
  <BugInstance type="OBL_UNSATISFIED_OBLIGATION" priority="2" rank="20" abbrev="OBL" category="EXPERIMENTAL">
    <Class classname="com.dtstack.flinkx.rdb.util.DBUtil">
      <SourceLine classname="com.dtstack.flinkx.rdb.util.DBUtil" start="40" end="162" sourcefile="DBUtil.java" sourcepath="com/dtstack/flinkx/rdb/util/DBUtil.java"/>
    </Class>
    <Method classname="com.dtstack.flinkx.rdb.util.DBUtil" name="executeBatch" signature="(Ljava/sql/Connection;Ljava/util/List;)V" isStatic="true">
      <SourceLine classname="com.dtstack.flinkx.rdb.util.DBUtil" start="135" end="148" startBytecode="0" endBytecode="185" sourcefile="DBUtil.java" sourcepath="com/dtstack/flinkx/rdb/util/DBUtil.java"/>
    </Method>
    <Class classname="java.sql.Statement" role="CLASS_REFTYPE">
      <SourceLine classname="java.sql.Statement" start="1092" end="1368" sourcefile="Statement.java" sourcepath="java/sql/Statement.java"/>
    </Class>
    <Int value="1" role="INT_OBLIGATIONS_REMAINING"/>
    <SourceLine classname="com.dtstack.flinkx.rdb.util.DBUtil" start="140" end="140" startBytecode="15" endBytecode="15" sourcefile="DBUtil.java" sourcepath="com/dtstack/flinkx/rdb/util/DBUtil.java" role="SOURCE_LINE_OBLIGATION_CREATED"/>
    <SourceLine classname="com.dtstack.flinkx.rdb.util.DBUtil" start="141" end="141" startBytecode="21" endBytecode="21" sourcefile="DBUtil.java" sourcepath="com/dtstack/flinkx/rdb/util/DBUtil.java" role="SOURCE_LINE_PATH_CONTINUES"/>
    <SourceLine classname="com.dtstack.flinkx.rdb.util.DBUtil" start="144" end="144" startBytecode="59" endBytecode="59" sourcefile="DBUtil.java" sourcepath="com/dtstack/flinkx/rdb/util/DBUtil.java" role="SOURCE_LINE_PATH_CONTINUES"/>
    <SourceLine classname="com.dtstack.flinkx.rdb.util.DBUtil" start="147" end="147" startBytecode="66" endBytecode="66" sourcefile="DBUtil.java" sourcepath="com/dtstack/flinkx/rdb/util/DBUtil.java" role="SOURCE_LINE_PATH_CONTINUES"/>
    <SourceLine classname="com.dtstack.flinkx.rdb.util.DBUtil" start="148" end="148" startBytecode="74" endBytecode="74" sourcefile="DBUtil.java" sourcepath="com/dtstack/flinkx/rdb/util/DBUtil.java" role="SOURCE_LINE_PATH_CONTINUES"/>
    <String value="{Statement x 1}" role="STRING_REMAINING_OBLIGATIONS"/>
  </BugInstance>
  <BugInstance type="ODR_OPEN_DATABASE_RESOURCE" priority="2" rank="16" abbrev="ODR" category="BAD_PRACTICE">
    <Class classname="com.dtstack.flinkx.rdb.util.DBUtil">
      <SourceLine classname="com.dtstack.flinkx.rdb.util.DBUtil" start="40" end="162" sourcefile="DBUtil.java" sourcepath="com/dtstack/flinkx/rdb/util/DBUtil.java"/>
    </Class>
    <Method classname="com.dtstack.flinkx.rdb.util.DBUtil" name="getConnection" signature="(Ljava/lang/String;Ljava/lang/String;Ljava/lang/String;)Ljava/sql/Connection;" isStatic="true">
      <SourceLine classname="com.dtstack.flinkx.rdb.util.DBUtil" start="60" end="77" startBytecode="0" endBytecode="37" sourcefile="DBUtil.java" sourcepath="com/dtstack/flinkx/rdb/util/DBUtil.java"/>
    </Method>
    <Type descriptor="Ljava/sql/Statement;" role="TYPE_CLOSEIT">
      <SourceLine classname="java.sql.Statement" start="1092" end="1368" sourcefile="Statement.java" sourcepath="java/sql/Statement.java"/>
    </Type>
    <SourceLine classname="com.dtstack.flinkx.rdb.util.DBUtil" start="65" end="65" startBytecode="36" endBytecode="36" sourcefile="DBUtil.java" sourcepath="com/dtstack/flinkx/rdb/util/DBUtil.java"/>
  </BugInstance>
  <Errors errors="0" missingClasses="3">
    <MissingClass>com.dtstack.flinkx.util.SysUtil</MissingClass>
    <MissingClass>com.google.common.collect.Lists</MissingClass>
    <MissingClass>com.google.common.collect.Maps</MissingClass>
  </Errors>
  <FindBugsSummary timestamp="Sat, 28 Oct 2023 14:39:11 +0800" total_classes="1" referenced_classes="24" total_bugs="2" total_size="86" num_packages="1" java_version="1.8.0_382" vm_version="25.382-b05" cpu_seconds="6.26" clock_seconds="0.74" peak_mbytes="404.32" alloc_mbytes="1820.50" gc_seconds="0.04" priority_2="2">
    <PackageStats package="com.dtstack.flinkx.rdb.util" total_bugs="2" total_types="1" total_size="86" priority_2="2">
      <ClassStats class="com.dtstack.flinkx.rdb.util.DBUtil" sourceFile="DBUtil.java" interface="false" size="86" bugs="2" priority_2="2"/>
    </PackageStats>
    <FindBugsProfile>
      <ClassProfile name="edu.umd.cs.findbugs.classfile.engine.ClassInfoAnalysisEngine" totalMilliseconds="111" invocations="381" avgMicrosecondsPerInvocation="292" maxMicrosecondsPerInvocation="10154" standardDeviationMicrosecondsPerInvocation="723"/>
      <ClassProfile name="edu.umd.cs.findbugs.detect.FunctionsThatMightBeMistakenForProcedures" totalMilliseconds="54" invocations="24" avgMicrosecondsPerInvocation="2263" maxMicrosecondsPerInvocation="46326" standardDeviationMicrosecondsPerInvocation="9213"/>
      <ClassProfile name="edu.umd.cs.findbugs.OpcodeStack$JumpInfoFactory" totalMilliseconds="23" invocations="106" avgMicrosecondsPerInvocation="220" maxMicrosecondsPerInvocation="2716" standardDeviationMicrosecondsPerInvocation="353"/>
      <ClassProfile name="edu.umd.cs.findbugs.detect.FieldItemSummary" totalMilliseconds="20" invocations="24" avgMicrosecondsPerInvocation="859" maxMicrosecondsPerInvocation="4582" standardDeviationMicrosecondsPerInvocation="1237"/>
      <ClassProfile name="edu.umd.cs.findbugs.classfile.engine.bcel.MethodGenFactory" totalMilliseconds="19" invocations="8" avgMicrosecondsPerInvocation="2455" maxMicrosecondsPerInvocation="17239" standardDeviationMicrosecondsPerInvocation="5593"/>
      <ClassProfile name="edu.umd.cs.findbugs.detect.FindNoSideEffectMethods" totalMilliseconds="17" invocations="24" avgMicrosecondsPerInvocation="730" maxMicrosecondsPerInvocation="5959" standardDeviationMicrosecondsPerInvocation="1252"/>
      <ClassProfile name="edu.umd.cs.findbugs.classfile.engine.bcel.TypeDataflowFactory" totalMilliseconds="17" invocations="9" avgMicrosecondsPerInvocation="1923" maxMicrosecondsPerInvocation="5054" standardDeviationMicrosecondsPerInvocation="1694"/>
      <ClassProfile name="edu.umd.cs.findbugs.classfile.engine.bcel.ValueNumberDataflowFactory" totalMilliseconds="16" invocations="9" avgMicrosecondsPerInvocation="1824" maxMicrosecondsPerInvocation="6670" standardDeviationMicrosecondsPerInvocation="1986"/>
      <ClassProfile name="edu.umd.cs.findbugs.classfile.engine.bcel.JavaClassAnalysisEngine" totalMilliseconds="15" invocations="49" avgMicrosecondsPerInvocation="325" maxMicrosecondsPerInvocation="8349" standardDeviationMicrosecondsPerInvocation="1193"/>
      <ClassProfile name="edu.umd.cs.findbugs.util.TopologicalSort" totalMilliseconds="14" invocations="344" avgMicrosecondsPerInvocation="42" maxMicrosecondsPerInvocation="704" standardDeviationMicrosecondsPerInvocation="82"/>
      <ClassProfile name="edu.umd.cs.findbugs.classfile.engine.bcel.IsNullValueDataflowFactory" totalMilliseconds="14" invocations="8" avgMicrosecondsPerInvocation="1842" maxMicrosecondsPerInvocation="5468" standardDeviationMicrosecondsPerInvocation="1757"/>
      <ClassProfile name="edu.umd.cs.findbugs.classfile.engine.bcel.UnconditionalValueDerefDataflowFactory" totalMilliseconds="12" invocations="8" avgMicrosecondsPerInvocation="1579" maxMicrosecondsPerInvocation="3429" standardDeviationMicrosecondsPerInvocation="1193"/>
      <ClassProfile name="edu.umd.cs.findbugs.classfile.engine.bcel.CFGFactory" totalMilliseconds="11" invocations="8" avgMicrosecondsPerInvocation="1445" maxMicrosecondsPerInvocation="6628" standardDeviationMicrosecondsPerInvocation="1985"/>
    </FindBugsProfile>
  </FindBugsSummary>
  <ClassFeatures></ClassFeatures>
  <History></History>
</BugCollection>
