<?xml version="1.0" encoding="UTF-8"?>

<BugCollection version="4.7.3" sequence="0" timestamp="1698475211443" analysisTimestamp="1698515016524" release="">
  <Project projectName="">
    <Jar>/mnt/disk3/lty/JLeaks/data/classfile/bug-820-b396c2980c67fee1708c63fb0f339bd2e70b20a85207a983dce7d6d7c71fd616.class</Jar>
  </Project>
  <BugInstance type="OBL_UNSATISFIED_OBLIGATION_EXCEPTION_EDGE" priority="2" rank="20" abbrev="OBL" category="EXPERIMENTAL">
    <Class classname="com.sun.enterprise.admin.servermgmt.RepositoryManager">
      <SourceLine classname="com.sun.enterprise.admin.servermgmt.RepositoryManager" start="248" end="1136" sourcefile="RepositoryManager.java" sourcepath="com/sun/enterprise/admin/servermgmt/RepositoryManager.java"/>
    </Class>
    <Method classname="com.sun.enterprise.admin.servermgmt.RepositoryManager" name="createEjbTimerDatabaseTable" signature="(Ljava/lang/String;Ljava/lang/String;)V" isStatic="false">
      <SourceLine classname="com.sun.enterprise.admin.servermgmt.RepositoryManager" start="965" end="972" startBytecode="0" endBytecode="99" sourcefile="RepositoryManager.java" sourcepath="com/sun/enterprise/admin/servermgmt/RepositoryManager.java"/>
    </Method>
    <Class classname="java.sql.Statement" role="CLASS_REFTYPE">
      <SourceLine classname="java.sql.Statement" start="1092" end="1368" sourcefile="Statement.java" sourcepath="java/sql/Statement.java"/>
    </Class>
    <Int value="1" role="INT_OBLIGATIONS_REMAINING"/>
    <SourceLine classname="com.sun.enterprise.admin.servermgmt.RepositoryManager" start="969" end="969" startBytecode="24" endBytecode="24" sourcefile="RepositoryManager.java" sourcepath="com/sun/enterprise/admin/servermgmt/RepositoryManager.java" role="SOURCE_LINE_OBLIGATION_CREATED"/>
    <SourceLine classname="com.sun.enterprise.admin.servermgmt.RepositoryManager" start="970" end="970" startBytecode="31" endBytecode="31" sourcefile="RepositoryManager.java" sourcepath="com/sun/enterprise/admin/servermgmt/RepositoryManager.java" role="SOURCE_LINE_PATH_CONTINUES"/>
    <String value="{Statement x 1}" role="STRING_REMAINING_OBLIGATIONS"/>
  </BugInstance>
  <BugInstance type="OBL_UNSATISFIED_OBLIGATION_EXCEPTION_EDGE" priority="2" rank="20" abbrev="OBL" category="EXPERIMENTAL">
    <Class classname="com.sun.enterprise.admin.servermgmt.RepositoryManager">
      <SourceLine classname="com.sun.enterprise.admin.servermgmt.RepositoryManager" start="248" end="1136" sourcefile="RepositoryManager.java" sourcepath="com/sun/enterprise/admin/servermgmt/RepositoryManager.java"/>
    </Class>
    <Method classname="com.sun.enterprise.admin.servermgmt.RepositoryManager" name="deleteTable" signature="(Ljava/sql/Connection;)V" isStatic="false">
      <SourceLine classname="com.sun.enterprise.admin.servermgmt.RepositoryManager" start="976" end="989" startBytecode="0" endBytecode="91" sourcefile="RepositoryManager.java" sourcepath="com/sun/enterprise/admin/servermgmt/RepositoryManager.java"/>
    </Method>
    <Class classname="java.sql.Statement" role="CLASS_REFTYPE">
      <SourceLine classname="java.sql.Statement" start="1092" end="1368" sourcefile="Statement.java" sourcepath="java/sql/Statement.java"/>
    </Class>
    <Int value="1" role="INT_OBLIGATIONS_REMAINING"/>
    <SourceLine classname="com.sun.enterprise.admin.servermgmt.RepositoryManager" start="976" end="976" startBytecode="1" endBytecode="1" sourcefile="RepositoryManager.java" sourcepath="com/sun/enterprise/admin/servermgmt/RepositoryManager.java" role="SOURCE_LINE_OBLIGATION_CREATED"/>
    <SourceLine classname="com.sun.enterprise.admin.servermgmt.RepositoryManager" start="978" end="978" startBytecode="7" endBytecode="7" sourcefile="RepositoryManager.java" sourcepath="com/sun/enterprise/admin/servermgmt/RepositoryManager.java" role="SOURCE_LINE_PATH_CONTINUES"/>
    <SourceLine classname="com.sun.enterprise.admin.servermgmt.RepositoryManager" start="981" end="981" startBytecode="25" endBytecode="25" sourcefile="RepositoryManager.java" sourcepath="com/sun/enterprise/admin/servermgmt/RepositoryManager.java" role="SOURCE_LINE_PATH_CONTINUES"/>
    <SourceLine classname="com.sun.enterprise.admin.servermgmt.RepositoryManager" start="989" end="989" startBytecode="26" endBytecode="26" sourcefile="RepositoryManager.java" sourcepath="com/sun/enterprise/admin/servermgmt/RepositoryManager.java" role="SOURCE_LINE_PATH_CONTINUES"/>
    <String value="{Statement x 1}" role="STRING_REMAINING_OBLIGATIONS"/>
  </BugInstance>
  <BugInstance type="ODR_OPEN_DATABASE_RESOURCE_EXCEPTION_PATH" priority="3" rank="19" abbrev="ODR" category="BAD_PRACTICE">
    <Class classname="com.sun.enterprise.admin.servermgmt.RepositoryManager">
      <SourceLine classname="com.sun.enterprise.admin.servermgmt.RepositoryManager" start="248" end="1136" sourcefile="RepositoryManager.java" sourcepath="com/sun/enterprise/admin/servermgmt/RepositoryManager.java"/>
    </Class>
    <Method classname="com.sun.enterprise.admin.servermgmt.RepositoryManager" name="createEjbTimerDatabaseTable" signature="(Ljava/lang/String;Ljava/lang/String;)V" isStatic="false">
      <SourceLine classname="com.sun.enterprise.admin.servermgmt.RepositoryManager" start="965" end="972" startBytecode="0" endBytecode="21" sourcefile="RepositoryManager.java" sourcepath="com/sun/enterprise/admin/servermgmt/RepositoryManager.java"/>
    </Method>
    <Type descriptor="Ljava/sql/Statement;" role="TYPE_CLOSEIT">
      <SourceLine classname="java.sql.Statement" start="1092" end="1368" sourcefile="Statement.java" sourcepath="java/sql/Statement.java"/>
    </Type>
    <SourceLine classname="com.sun.enterprise.admin.servermgmt.RepositoryManager" start="969" end="969" startBytecode="24" endBytecode="24" sourcefile="RepositoryManager.java" sourcepath="com/sun/enterprise/admin/servermgmt/RepositoryManager.java"/>
  </BugInstance>
  <Errors errors="0" missingClasses="18">
    <MissingClass>com.sun.enterprise.admin.servermgmt.FileValidator</MissingClass>
    <MissingClass>com.sun.enterprise.admin.servermgmt.MasterPasswordFileManager</MissingClass>
    <MissingClass>com.sun.enterprise.admin.servermgmt.RepositoryConfig</MissingClass>
    <MissingClass>com.sun.enterprise.admin.servermgmt.RepositoryException</MissingClass>
    <MissingClass>com.sun.enterprise.admin.servermgmt.RepositoryManager$1</MissingClass>
    <MissingClass>com.sun.enterprise.admin.servermgmt.RepositoryManager$RepositoryManagerMessages</MissingClass>
    <MissingClass>com.sun.enterprise.admin.servermgmt.RepositoryNameValidator</MissingClass>
    <MissingClass>com.sun.enterprise.admin.servermgmt.pe.PEFileLayout</MissingClass>
    <MissingClass>com.sun.enterprise.admin.util.LineTokenReplacer</MissingClass>
    <MissingClass>com.sun.enterprise.admin.util.TokenValue</MissingClass>
    <MissingClass>com.sun.enterprise.admin.util.TokenValueSet</MissingClass>
    <MissingClass>com.sun.enterprise.security.store.PasswordAdapter</MissingClass>
    <MissingClass>com.sun.enterprise.util.OS</MissingClass>
    <MissingClass>com.sun.enterprise.util.ProcessExecutor</MissingClass>
    <MissingClass>com.sun.enterprise.util.i18n.StringManager</MissingClass>
    <MissingClass>com.sun.enterprise.util.io.FileUtils</MissingClass>
    <MissingClass>com.sun.enterprise.util.zip.ZipFile</MissingClass>
    <MissingClass>org.glassfish.security.common.FileRealmHelper</MissingClass>
  </Errors>
  <FindBugsSummary timestamp="Sat, 28 Oct 2023 14:40:11 +0800" total_classes="1" referenced_classes="26" total_bugs="3" total_size="375" num_packages="1" java_version="1.8.0_382" vm_version="25.382-b05" cpu_seconds="9.48" clock_seconds="0.96" peak_mbytes="399.63" alloc_mbytes="1820.50" gc_seconds="0.04" priority_3="1" priority_2="2">
    <PackageStats package="com.sun.enterprise.admin.servermgmt" total_bugs="3" total_types="1" total_size="375" priority_3="1" priority_2="2">
      <ClassStats class="com.sun.enterprise.admin.servermgmt.RepositoryManager" sourceFile="RepositoryManager.java" interface="false" size="375" bugs="3" priority_3="1" priority_2="2"/>
    </PackageStats>
    <FindBugsProfile>
      <ClassProfile name="edu.umd.cs.findbugs.classfile.engine.ClassInfoAnalysisEngine" totalMilliseconds="116" invocations="424" avgMicrosecondsPerInvocation="274" maxMicrosecondsPerInvocation="14910" standardDeviationMicrosecondsPerInvocation="847"/>
      <ClassProfile name="edu.umd.cs.findbugs.detect.FieldItemSummary" totalMilliseconds="71" invocations="26" avgMicrosecondsPerInvocation="2749" maxMicrosecondsPerInvocation="46197" standardDeviationMicrosecondsPerInvocation="8774"/>
      <ClassProfile name="edu.umd.cs.findbugs.classfile.engine.bcel.IsNullValueDataflowFactory" totalMilliseconds="30" invocations="43" avgMicrosecondsPerInvocation="700" maxMicrosecondsPerInvocation="5826" standardDeviationMicrosecondsPerInvocation="1031"/>
      <ClassProfile name="edu.umd.cs.findbugs.OpcodeStack$JumpInfoFactory" totalMilliseconds="29" invocations="146" avgMicrosecondsPerInvocation="198" maxMicrosecondsPerInvocation="2335" standardDeviationMicrosecondsPerInvocation="299"/>
      <ClassProfile name="edu.umd.cs.findbugs.classfile.engine.bcel.TypeDataflowFactory" totalMilliseconds="28" invocations="43" avgMicrosecondsPerInvocation="667" maxMicrosecondsPerInvocation="5545" standardDeviationMicrosecondsPerInvocation="999"/>
      <ClassProfile name="edu.umd.cs.findbugs.classfile.engine.bcel.CFGFactory" totalMilliseconds="24" invocations="43" avgMicrosecondsPerInvocation="559" maxMicrosecondsPerInvocation="7592" standardDeviationMicrosecondsPerInvocation="1152"/>
      <ClassProfile name="edu.umd.cs.findbugs.detect.FindNoSideEffectMethods" totalMilliseconds="23" invocations="26" avgMicrosecondsPerInvocation="900" maxMicrosecondsPerInvocation="5451" standardDeviationMicrosecondsPerInvocation="1190"/>
      <ClassProfile name="edu.umd.cs.findbugs.detect.FindOpenStream" totalMilliseconds="23" invocations="1" avgMicrosecondsPerInvocation="23102" maxMicrosecondsPerInvocation="23102" standardDeviationMicrosecondsPerInvocation="0"/>
      <ClassProfile name="edu.umd.cs.findbugs.classfile.engine.bcel.MethodGenFactory" totalMilliseconds="22" invocations="43" avgMicrosecondsPerInvocation="525" maxMicrosecondsPerInvocation="18404" standardDeviationMicrosecondsPerInvocation="2760"/>
      <ClassProfile name="edu.umd.cs.findbugs.classfile.engine.bcel.ValueNumberDataflowFactory" totalMilliseconds="22" invocations="43" avgMicrosecondsPerInvocation="523" maxMicrosecondsPerInvocation="7409" standardDeviationMicrosecondsPerInvocation="1150"/>
      <ClassProfile name="edu.umd.cs.findbugs.classfile.engine.bcel.UnconditionalValueDerefDataflowFactory" totalMilliseconds="19" invocations="43" avgMicrosecondsPerInvocation="454" maxMicrosecondsPerInvocation="2641" standardDeviationMicrosecondsPerInvocation="549"/>
      <ClassProfile name="edu.umd.cs.findbugs.ba.npe.NullDerefAndRedundantComparisonFinder" totalMilliseconds="19" invocations="43" avgMicrosecondsPerInvocation="447" maxMicrosecondsPerInvocation="1927" standardDeviationMicrosecondsPerInvocation="379"/>
      <ClassProfile name="edu.umd.cs.findbugs.classfile.engine.bcel.JavaClassAnalysisEngine" totalMilliseconds="17" invocations="76" avgMicrosecondsPerInvocation="228" maxMicrosecondsPerInvocation="8474" standardDeviationMicrosecondsPerInvocation="983"/>
      <ClassProfile name="edu.umd.cs.findbugs.util.TopologicalSort" totalMilliseconds="15" invocations="370" avgMicrosecondsPerInvocation="42" maxMicrosecondsPerInvocation="909" standardDeviationMicrosecondsPerInvocation="85"/>
      <ClassProfile name="edu.umd.cs.findbugs.detect.NoteDirectlyRelevantTypeQualifiers" totalMilliseconds="13" invocations="26" avgMicrosecondsPerInvocation="504" maxMicrosecondsPerInvocation="3150" standardDeviationMicrosecondsPerInvocation="718"/>
    </FindBugsProfile>
  </FindBugsSummary>
  <ClassFeatures></ClassFeatures>
  <History></History>
</BugCollection>
