<?xml version="1.0" encoding="UTF-8"?>

<BugCollection version="4.7.3" sequence="0" timestamp="1698475146350" analysisTimestamp="1698511241474" release="">
  <Project projectName="">
    <Jar>/mnt/disk3/lty/JLeaks/data/classfile/bug-328-f3cb4884b883568d5d841a3b8d6cc840ce16fa81e452d004763334ebffb7d58d.class</Jar>
  </Project>
  <Errors errors="0" missingClasses="8">
    <MissingClass>org.owasp.dependencytrack.event.ScanUploadEvent</MissingClass>
    <MissingClass>org.owasp.dependencytrack.event.framework.Subscriber</MissingClass>
    <MissingClass>org.owasp.dependencytrack.parser.dependencycheck.DependencyCheckParser</MissingClass>
    <MissingClass>org.owasp.dependencytrack.parser.dependencycheck.model.Analysis</MissingClass>
    <MissingClass>org.owasp.dependencytrack.parser.dependencycheck.model.Dependency</MissingClass>
    <MissingClass>org.owasp.dependencytrack.parser.dependencycheck.model.Evidence</MissingClass>
    <MissingClass>org.owasp.dependencytrack.parser.dependencycheck.model.ProjectInfo</MissingClass>
    <MissingClass>org.owasp.dependencytrack.persistence.QueryManager</MissingClass>
  </Errors>
  <FindBugsSummary timestamp="Sat, 28 Oct 2023 14:39:06 +0800" total_classes="1" referenced_classes="15" total_bugs="0" total_size="30" num_packages="1" java_version="1.8.0_382" vm_version="25.382-b05" cpu_seconds="5.93" clock_seconds="0.69" peak_mbytes="403.27" alloc_mbytes="1820.50" gc_seconds="0.04">
    <PackageStats package="org.owasp.dependencytrack.event.subscribers" total_bugs="0" total_types="1" total_size="30">
      <ClassStats class="org.owasp.dependencytrack.event.subscribers.ScanModeler" sourceFile="ScanModeler.java" interface="false" size="30" bugs="0"/>
    </PackageStats>
    <FindBugsProfile>
      <ClassProfile name="edu.umd.cs.findbugs.classfile.engine.ClassInfoAnalysisEngine" totalMilliseconds="114" invocations="379" avgMicrosecondsPerInvocation="302" maxMicrosecondsPerInvocation="9304" standardDeviationMicrosecondsPerInvocation="714"/>
      <ClassProfile name="edu.umd.cs.findbugs.detect.NoteJCIPAnnotation" totalMilliseconds="41" invocations="15" avgMicrosecondsPerInvocation="2749" maxMicrosecondsPerInvocation="40564" standardDeviationMicrosecondsPerInvocation="10106"/>
      <ClassProfile name="edu.umd.cs.findbugs.detect.FieldItemSummary" totalMilliseconds="28" invocations="15" avgMicrosecondsPerInvocation="1886" maxMicrosecondsPerInvocation="11530" standardDeviationMicrosecondsPerInvocation="2841"/>
      <ClassProfile name="edu.umd.cs.findbugs.OpcodeStack$JumpInfoFactory" totalMilliseconds="20" invocations="81" avgMicrosecondsPerInvocation="258" maxMicrosecondsPerInvocation="2565" standardDeviationMicrosecondsPerInvocation="384"/>
      <ClassProfile name="edu.umd.cs.findbugs.detect.FindNoSideEffectMethods" totalMilliseconds="19" invocations="15" avgMicrosecondsPerInvocation="1303" maxMicrosecondsPerInvocation="3719" standardDeviationMicrosecondsPerInvocation="1344"/>
      <ClassProfile name="edu.umd.cs.findbugs.classfile.engine.bcel.TypeDataflowFactory" totalMilliseconds="17" invocations="2" avgMicrosecondsPerInvocation="8702" maxMicrosecondsPerInvocation="12555" standardDeviationMicrosecondsPerInvocation="3853"/>
      <ClassProfile name="edu.umd.cs.findbugs.classfile.engine.bcel.MethodGenFactory" totalMilliseconds="17" invocations="2" avgMicrosecondsPerInvocation="8619" maxMicrosecondsPerInvocation="16125" standardDeviationMicrosecondsPerInvocation="7506"/>
      <ClassProfile name="edu.umd.cs.findbugs.util.TopologicalSort" totalMilliseconds="16" invocations="332" avgMicrosecondsPerInvocation="49" maxMicrosecondsPerInvocation="1278" standardDeviationMicrosecondsPerInvocation="117"/>
      <ClassProfile name="edu.umd.cs.findbugs.classfile.engine.bcel.JavaClassAnalysisEngine" totalMilliseconds="15" invocations="47" avgMicrosecondsPerInvocation="323" maxMicrosecondsPerInvocation="8628" standardDeviationMicrosecondsPerInvocation="1260"/>
      <ClassProfile name="edu.umd.cs.findbugs.classfile.engine.bcel.IsNullValueDataflowFactory" totalMilliseconds="14" invocations="2" avgMicrosecondsPerInvocation="7470" maxMicrosecondsPerInvocation="14785" standardDeviationMicrosecondsPerInvocation="7315"/>
      <ClassProfile name="edu.umd.cs.findbugs.classfile.engine.bcel.ValueNumberDataflowFactory" totalMilliseconds="14" invocations="2" avgMicrosecondsPerInvocation="7071" maxMicrosecondsPerInvocation="7417" standardDeviationMicrosecondsPerInvocation="355"/>
      <ClassProfile name="edu.umd.cs.findbugs.classfile.engine.bcel.CFGFactory" totalMilliseconds="11" invocations="2" avgMicrosecondsPerInvocation="5701" maxMicrosecondsPerInvocation="6846" standardDeviationMicrosecondsPerInvocation="1145"/>
    </FindBugsProfile>
  </FindBugsSummary>
  <ClassFeatures></ClassFeatures>
  <History></History>
</BugCollection>
