<?xml version="1.0" encoding="UTF-8"?>

<BugCollection version="4.7.3" sequence="0" timestamp="1698475201116" analysisTimestamp="1698513871277" release="">
  <Project projectName="">
    <Jar>/mnt/disk3/lty/JLeaks/data/classfile/bug-748-0901885d3080dbca3a126d0ba5f816b1dcf9632ae9e0134f97233dbe588af09b.class</Jar>
  </Project>
  <Errors errors="0" missingClasses="12">
    <MissingClass>org.nutz.castor.Castors</MissingClass>
    <MissingClass>org.nutz.dao.Condition</MissingClass>
    <MissingClass>org.nutz.dao.Sqls</MissingClass>
    <MissingClass>org.nutz.dao.entity.Entity</MissingClass>
    <MissingClass>org.nutz.dao.pager.Pager</MissingClass>
    <MissingClass>org.nutz.dao.sql.DefaultStatementAdapter</MissingClass>
    <MissingClass>org.nutz.dao.sql.Sql</MissingClass>
    <MissingClass>org.nutz.dao.sql.SqlCallback</MissingClass>
    <MissingClass>org.nutz.dao.sql.SqlContext</MissingClass>
    <MissingClass>org.nutz.dao.sql.SqlLiteral</MissingClass>
    <MissingClass>org.nutz.dao.sql.StatementAdapter</MissingClass>
    <MissingClass>org.nutz.dao.sql.VarSet</MissingClass>
  </Errors>
  <FindBugsSummary timestamp="Sat, 28 Oct 2023 14:40:01 +0800" total_classes="1" referenced_classes="18" total_bugs="0" total_size="118" num_packages="1" java_version="1.8.0_382" vm_version="25.382-b05" cpu_seconds="6.36" clock_seconds="0.75" peak_mbytes="395.58" alloc_mbytes="1820.50" gc_seconds="0.04">
    <PackageStats package="org.nutz.dao.sql" total_bugs="0" total_types="1" total_size="118">
      <ClassStats class="org.nutz.dao.sql.SqlImpl" sourceFile="SqlImpl.java" interface="false" size="118" bugs="0"/>
    </PackageStats>
    <FindBugsProfile>
      <ClassProfile name="edu.umd.cs.findbugs.classfile.engine.ClassInfoAnalysisEngine" totalMilliseconds="107" invocations="372" avgMicrosecondsPerInvocation="287" maxMicrosecondsPerInvocation="10879" standardDeviationMicrosecondsPerInvocation="757"/>
      <ClassProfile name="edu.umd.cs.findbugs.detect.OverridingEqualsNotSymmetrical" totalMilliseconds="48" invocations="18" avgMicrosecondsPerInvocation="2718" maxMicrosecondsPerInvocation="40137" standardDeviationMicrosecondsPerInvocation="9192"/>
      <ClassProfile name="edu.umd.cs.findbugs.detect.FieldItemSummary" totalMilliseconds="22" invocations="18" avgMicrosecondsPerInvocation="1242" maxMicrosecondsPerInvocation="6927" standardDeviationMicrosecondsPerInvocation="1764"/>
      <ClassProfile name="edu.umd.cs.findbugs.classfile.engine.bcel.MethodGenFactory" totalMilliseconds="19" invocations="24" avgMicrosecondsPerInvocation="817" maxMicrosecondsPerInvocation="17396" standardDeviationMicrosecondsPerInvocation="3462"/>
      <ClassProfile name="edu.umd.cs.findbugs.OpcodeStack$JumpInfoFactory" totalMilliseconds="19" invocations="97" avgMicrosecondsPerInvocation="200" maxMicrosecondsPerInvocation="1844" standardDeviationMicrosecondsPerInvocation="287"/>
      <ClassProfile name="edu.umd.cs.findbugs.classfile.engine.bcel.ValueNumberDataflowFactory" totalMilliseconds="18" invocations="25" avgMicrosecondsPerInvocation="736" maxMicrosecondsPerInvocation="6710" standardDeviationMicrosecondsPerInvocation="1661"/>
      <ClassProfile name="edu.umd.cs.findbugs.classfile.engine.bcel.IsNullValueDataflowFactory" totalMilliseconds="17" invocations="24" avgMicrosecondsPerInvocation="712" maxMicrosecondsPerInvocation="4017" standardDeviationMicrosecondsPerInvocation="1182"/>
      <ClassProfile name="edu.umd.cs.findbugs.classfile.engine.bcel.TypeDataflowFactory" totalMilliseconds="16" invocations="24" avgMicrosecondsPerInvocation="707" maxMicrosecondsPerInvocation="5285" standardDeviationMicrosecondsPerInvocation="1503"/>
      <ClassProfile name="edu.umd.cs.findbugs.classfile.engine.bcel.JavaClassAnalysisEngine" totalMilliseconds="15" invocations="50" avgMicrosecondsPerInvocation="305" maxMicrosecondsPerInvocation="8389" standardDeviationMicrosecondsPerInvocation="1190"/>
      <ClassProfile name="edu.umd.cs.findbugs.util.TopologicalSort" totalMilliseconds="14" invocations="325" avgMicrosecondsPerInvocation="43" maxMicrosecondsPerInvocation="624" standardDeviationMicrosecondsPerInvocation="82"/>
      <ClassProfile name="edu.umd.cs.findbugs.detect.FindNoSideEffectMethods" totalMilliseconds="14" invocations="18" avgMicrosecondsPerInvocation="789" maxMicrosecondsPerInvocation="3219" standardDeviationMicrosecondsPerInvocation="863"/>
      <ClassProfile name="edu.umd.cs.findbugs.classfile.engine.bcel.CFGFactory" totalMilliseconds="13" invocations="24" avgMicrosecondsPerInvocation="560" maxMicrosecondsPerInvocation="7164" standardDeviationMicrosecondsPerInvocation="1502"/>
      <ClassProfile name="edu.umd.cs.findbugs.classfile.engine.bcel.UnconditionalValueDerefDataflowFactory" totalMilliseconds="11" invocations="24" avgMicrosecondsPerInvocation="485" maxMicrosecondsPerInvocation="3771" standardDeviationMicrosecondsPerInvocation="969"/>
    </FindBugsProfile>
  </FindBugsSummary>
  <ClassFeatures></ClassFeatures>
  <History></History>
</BugCollection>
