<?xml version="1.0" encoding="UTF-8"?>

<BugCollection version="4.7.3" sequence="0" timestamp="1698475137762" analysisTimestamp="1698510829860" release="">
  <Project projectName="">
    <Jar>/mnt/disk3/lty/JLeaks/data/classfile/bug-255-1c20db204f969b1782404291d8e753fa876e7fdc16eda0aff70ddddf06c43a05.class</Jar>
  </Project>
  <Errors errors="0" missingClasses="48">
    <MissingClass>com.google.bitcoin.core.Address</MissingClass>
    <MissingClass>com.google.bitcoin.core.DumpedPrivateKey</MissingClass>
    <MissingClass>com.google.bitcoin.core.ECKey$1</MissingClass>
    <MissingClass>com.google.bitcoin.core.ECKey$ECDSASignature</MissingClass>
    <MissingClass>com.google.bitcoin.core.ECKey$KeyIsEncryptedException</MissingClass>
    <MissingClass>com.google.bitcoin.core.ECKey$MissingPrivateKeyException</MissingClass>
    <MissingClass>com.google.bitcoin.core.Sha256Hash</MissingClass>
    <MissingClass>com.google.bitcoin.core.Utils</MissingClass>
    <MissingClass>com.google.bitcoin.crypto.EncryptableItem</MissingClass>
    <MissingClass>com.google.bitcoin.crypto.EncryptedData</MissingClass>
    <MissingClass>com.google.bitcoin.crypto.KeyCrypter</MissingClass>
    <MissingClass>com.google.bitcoin.crypto.KeyCrypterException</MissingClass>
    <MissingClass>com.google.bitcoin.crypto.TransactionSignature</MissingClass>
    <MissingClass>com.google.common.base.Objects</MissingClass>
    <MissingClass>com.google.common.base.Objects$ToStringHelper</MissingClass>
    <MissingClass>com.google.common.base.Preconditions</MissingClass>
    <MissingClass>com.google.common.io.BaseEncoding</MissingClass>
    <MissingClass>org.bitcoin.NativeSecp256k1</MissingClass>
    <MissingClass>org.bitcoinj.wallet.Protos$Wallet$EncryptionType</MissingClass>
    <MissingClass>org.slf4j.Logger</MissingClass>
    <MissingClass>org.slf4j.LoggerFactory</MissingClass>
    <MissingClass>org.spongycastle.asn1.ASN1InputStream</MissingClass>
    <MissingClass>org.spongycastle.asn1.ASN1Integer</MissingClass>
    <MissingClass>org.spongycastle.asn1.ASN1OctetString</MissingClass>
    <MissingClass>org.spongycastle.asn1.ASN1TaggedObject</MissingClass>
    <MissingClass>org.spongycastle.asn1.DERBitString</MissingClass>
    <MissingClass>org.spongycastle.asn1.DEROctetString</MissingClass>
    <MissingClass>org.spongycastle.asn1.DERSequenceGenerator</MissingClass>
    <MissingClass>org.spongycastle.asn1.DERTaggedObject</MissingClass>
    <MissingClass>org.spongycastle.asn1.DLSequence</MissingClass>
    <MissingClass>org.spongycastle.asn1.x9.X9ECParameters</MissingClass>
    <MissingClass>org.spongycastle.asn1.x9.X9IntegerConverter</MissingClass>
    <MissingClass>org.spongycastle.crypto.AsymmetricCipherKeyPair</MissingClass>
    <MissingClass>org.spongycastle.crypto.digests.SHA256Digest</MissingClass>
    <MissingClass>org.spongycastle.crypto.ec.CustomNamedCurves</MissingClass>
    <MissingClass>org.spongycastle.crypto.generators.ECKeyPairGenerator</MissingClass>
    <MissingClass>org.spongycastle.crypto.params.ECDomainParameters</MissingClass>
    <MissingClass>org.spongycastle.crypto.params.ECKeyGenerationParameters</MissingClass>
    <MissingClass>org.spongycastle.crypto.params.ECPrivateKeyParameters</MissingClass>
    <MissingClass>org.spongycastle.crypto.params.ECPublicKeyParameters</MissingClass>
    <MissingClass>org.spongycastle.crypto.signers.ECDSASigner</MissingClass>
    <MissingClass>org.spongycastle.crypto.signers.HMacDSAKCalculator</MissingClass>
    <MissingClass>org.spongycastle.math.ec.ECAlgorithms</MissingClass>
    <MissingClass>org.spongycastle.math.ec.ECCurve</MissingClass>
    <MissingClass>org.spongycastle.math.ec.ECPoint</MissingClass>
    <MissingClass>org.spongycastle.math.ec.FixedPointUtil</MissingClass>
    <MissingClass>org.spongycastle.math.ec.custom.sec.SecP256K1Curve</MissingClass>
    <MissingClass>org.spongycastle.util.encoders.Base64</MissingClass>
  </Errors>
  <FindBugsSummary timestamp="Sat, 28 Oct 2023 14:38:57 +0800" total_classes="1" referenced_classes="27" total_bugs="0" total_size="377" num_packages="1" java_version="1.8.0_382" vm_version="25.382-b05" cpu_seconds="11.11" clock_seconds="1.08" peak_mbytes="387.59" alloc_mbytes="1820.50" gc_seconds="0.04">
    <PackageStats package="com.google.bitcoin.core" total_bugs="0" total_types="1" total_size="377">
      <ClassStats class="com.google.bitcoin.core.ECKey" sourceFile="ECKey.java" interface="false" size="377" bugs="0"/>
    </PackageStats>
    <FindBugsProfile>
      <ClassProfile name="edu.umd.cs.findbugs.classfile.engine.ClassInfoAnalysisEngine" totalMilliseconds="125" invocations="495" avgMicrosecondsPerInvocation="253" maxMicrosecondsPerInvocation="16260" standardDeviationMicrosecondsPerInvocation="849"/>
      <ClassProfile name="edu.umd.cs.findbugs.OpcodeStack$JumpInfoFactory" totalMilliseconds="76" invocations="261" avgMicrosecondsPerInvocation="293" maxMicrosecondsPerInvocation="40503" standardDeviationMicrosecondsPerInvocation="2504"/>
      <ClassProfile name="edu.umd.cs.findbugs.detect.FieldItemSummary" totalMilliseconds="41" invocations="27" avgMicrosecondsPerInvocation="1522" maxMicrosecondsPerInvocation="8371" standardDeviationMicrosecondsPerInvocation="2364"/>
      <ClassProfile name="edu.umd.cs.findbugs.classfile.engine.bcel.IsNullValueDataflowFactory" totalMilliseconds="38" invocations="66" avgMicrosecondsPerInvocation="577" maxMicrosecondsPerInvocation="7018" standardDeviationMicrosecondsPerInvocation="989"/>
      <ClassProfile name="edu.umd.cs.findbugs.classfile.engine.bcel.TypeDataflowFactory" totalMilliseconds="31" invocations="68" avgMicrosecondsPerInvocation="467" maxMicrosecondsPerInvocation="5632" standardDeviationMicrosecondsPerInvocation="784"/>
      <ClassProfile name="edu.umd.cs.findbugs.classfile.engine.bcel.ValueNumberDataflowFactory" totalMilliseconds="30" invocations="68" avgMicrosecondsPerInvocation="442" maxMicrosecondsPerInvocation="8116" standardDeviationMicrosecondsPerInvocation="1003"/>
      <ClassProfile name="edu.umd.cs.findbugs.classfile.engine.bcel.CFGFactory" totalMilliseconds="27" invocations="66" avgMicrosecondsPerInvocation="412" maxMicrosecondsPerInvocation="7432" standardDeviationMicrosecondsPerInvocation="932"/>
      <ClassProfile name="edu.umd.cs.findbugs.classfile.engine.bcel.MethodGenFactory" totalMilliseconds="24" invocations="66" avgMicrosecondsPerInvocation="376" maxMicrosecondsPerInvocation="17650" standardDeviationMicrosecondsPerInvocation="2145"/>
      <ClassProfile name="edu.umd.cs.findbugs.detect.FindNoSideEffectMethods" totalMilliseconds="24" invocations="27" avgMicrosecondsPerInvocation="917" maxMicrosecondsPerInvocation="6624" standardDeviationMicrosecondsPerInvocation="1498"/>
      <ClassProfile name="edu.umd.cs.findbugs.classfile.engine.bcel.UnconditionalValueDerefDataflowFactory" totalMilliseconds="22" invocations="66" avgMicrosecondsPerInvocation="348" maxMicrosecondsPerInvocation="3290" standardDeviationMicrosecondsPerInvocation="505"/>
      <ClassProfile name="edu.umd.cs.findbugs.detect.FindOpenStream" totalMilliseconds="20" invocations="1" avgMicrosecondsPerInvocation="20656" maxMicrosecondsPerInvocation="20656" standardDeviationMicrosecondsPerInvocation="0"/>
      <ClassProfile name="edu.umd.cs.findbugs.classfile.engine.bcel.JavaClassAnalysisEngine" totalMilliseconds="20" invocations="100" avgMicrosecondsPerInvocation="206" maxMicrosecondsPerInvocation="9074" standardDeviationMicrosecondsPerInvocation="960"/>
      <ClassProfile name="edu.umd.cs.findbugs.ba.npe.NullDerefAndRedundantComparisonFinder" totalMilliseconds="20" invocations="66" avgMicrosecondsPerInvocation="303" maxMicrosecondsPerInvocation="2010" standardDeviationMicrosecondsPerInvocation="355"/>
      <ClassProfile name="edu.umd.cs.findbugs.detect.NoteDirectlyRelevantTypeQualifiers" totalMilliseconds="16" invocations="27" avgMicrosecondsPerInvocation="607" maxMicrosecondsPerInvocation="6249" standardDeviationMicrosecondsPerInvocation="1225"/>
      <ClassProfile name="edu.umd.cs.findbugs.util.TopologicalSort" totalMilliseconds="15" invocations="399" avgMicrosecondsPerInvocation="39" maxMicrosecondsPerInvocation="1236" standardDeviationMicrosecondsPerInvocation="89"/>
      <ClassProfile name="edu.umd.cs.findbugs.detect.FunctionsThatMightBeMistakenForProcedures" totalMilliseconds="14" invocations="27" avgMicrosecondsPerInvocation="539" maxMicrosecondsPerInvocation="3571" standardDeviationMicrosecondsPerInvocation="921"/>
      <ClassProfile name="edu.umd.cs.findbugs.detect.CalledMethods" totalMilliseconds="14" invocations="27" avgMicrosecondsPerInvocation="520" maxMicrosecondsPerInvocation="5201" standardDeviationMicrosecondsPerInvocation="1111"/>
      <ClassProfile name="edu.umd.cs.findbugs.classfile.engine.ClassDataAnalysisEngine" totalMilliseconds="12" invocations="501" avgMicrosecondsPerInvocation="25" maxMicrosecondsPerInvocation="670" standardDeviationMicrosecondsPerInvocation="40"/>
      <ClassProfile name="edu.umd.cs.findbugs.detect.OverridingEqualsNotSymmetrical" totalMilliseconds="12" invocations="27" avgMicrosecondsPerInvocation="473" maxMicrosecondsPerInvocation="6667" standardDeviationMicrosecondsPerInvocation="1271"/>
    </FindBugsProfile>
  </FindBugsSummary>
  <ClassFeatures></ClassFeatures>
  <History></History>
</BugCollection>
