<?xml version="1.0" encoding="UTF-8"?>

<BugCollection version="4.7.3" sequence="0" timestamp="1698475223227" analysisTimestamp="1698515815400" release="">
  <Project projectName="">
    <Jar>/mnt/disk3/lty/JLeaks/data/classfile/bug-900-ee0a5d8936b41b335d0979633725f01c4d590ff71075161fa62857c784dfe91b.class</Jar>
  </Project>
  <Errors errors="0" missingClasses="15">
    <MissingClass>io.reactivex.BackpressureStrategy</MissingClass>
    <MissingClass>io.reactivex.Flowable</MissingClass>
    <MissingClass>io.reactivex.FlowableEmitter</MissingClass>
    <MissingClass>jadx.api.ResourceFile</MissingClass>
    <MissingClass>jadx.api.ResourceFile$ZipRef</MissingClass>
    <MissingClass>jadx.api.ResourceType</MissingClass>
    <MissingClass>jadx.core.utils.StringUtils</MissingClass>
    <MissingClass>jadx.core.utils.files.FileUtils</MissingClass>
    <MissingClass>jadx.gui.settings.JadxSettings</MissingClass>
    <MissingClass>jadx.gui.treemodel.JResSearchNode</MissingClass>
    <MissingClass>jadx.gui.treemodel.JResource</MissingClass>
    <MissingClass>jadx.gui.utils.CacheObject</MissingClass>
    <MissingClass>jadx.gui.utils.search.SearchSettings</MissingClass>
    <MissingClass>org.slf4j.Logger</MissingClass>
    <MissingClass>org.slf4j.LoggerFactory</MissingClass>
  </Errors>
  <FindBugsSummary timestamp="Sat, 28 Oct 2023 14:40:23 +0800" total_classes="1" referenced_classes="29" total_bugs="0" total_size="154" num_packages="1" java_version="1.8.0_382" vm_version="25.382-b05" cpu_seconds="8.21" clock_seconds="0.86" peak_mbytes="397.78" alloc_mbytes="1820.50" gc_seconds="0.04">
    <PackageStats package="jadx.gui.utils.search" total_bugs="0" total_types="1" total_size="154">
      <ClassStats class="jadx.gui.utils.search.ResourceIndex" sourceFile="ResourceIndex.java" interface="false" size="154" bugs="0"/>
    </PackageStats>
    <FindBugsProfile>
      <ClassProfile name="edu.umd.cs.findbugs.classfile.engine.ClassInfoAnalysisEngine" totalMilliseconds="166" invocations="443" avgMicrosecondsPerInvocation="375" maxMicrosecondsPerInvocation="41287" standardDeviationMicrosecondsPerInvocation="2095"/>
      <ClassProfile name="edu.umd.cs.findbugs.detect.FieldItemSummary" totalMilliseconds="35" invocations="29" avgMicrosecondsPerInvocation="1224" maxMicrosecondsPerInvocation="6246" standardDeviationMicrosecondsPerInvocation="1594"/>
      <ClassProfile name="edu.umd.cs.findbugs.detect.FindNoSideEffectMethods" totalMilliseconds="25" invocations="29" avgMicrosecondsPerInvocation="889" maxMicrosecondsPerInvocation="3791" standardDeviationMicrosecondsPerInvocation="1008"/>
      <ClassProfile name="edu.umd.cs.findbugs.classfile.engine.bcel.MethodGenFactory" totalMilliseconds="25" invocations="13" avgMicrosecondsPerInvocation="1969" maxMicrosecondsPerInvocation="22341" standardDeviationMicrosecondsPerInvocation="5886"/>
      <ClassProfile name="edu.umd.cs.findbugs.OpcodeStack$JumpInfoFactory" totalMilliseconds="25" invocations="119" avgMicrosecondsPerInvocation="210" maxMicrosecondsPerInvocation="1720" standardDeviationMicrosecondsPerInvocation="252"/>
      <ClassProfile name="edu.umd.cs.findbugs.classfile.engine.bcel.IsNullValueDataflowFactory" totalMilliseconds="22" invocations="13" avgMicrosecondsPerInvocation="1723" maxMicrosecondsPerInvocation="5436" standardDeviationMicrosecondsPerInvocation="1800"/>
      <ClassProfile name="edu.umd.cs.findbugs.classfile.engine.bcel.ValueNumberDataflowFactory" totalMilliseconds="22" invocations="13" avgMicrosecondsPerInvocation="1708" maxMicrosecondsPerInvocation="7061" standardDeviationMicrosecondsPerInvocation="2213"/>
      <ClassProfile name="edu.umd.cs.findbugs.classfile.engine.bcel.TypeDataflowFactory" totalMilliseconds="21" invocations="13" avgMicrosecondsPerInvocation="1655" maxMicrosecondsPerInvocation="6420" standardDeviationMicrosecondsPerInvocation="1988"/>
      <ClassProfile name="edu.umd.cs.findbugs.classfile.engine.bcel.JavaClassAnalysisEngine" totalMilliseconds="19" invocations="72" avgMicrosecondsPerInvocation="270" maxMicrosecondsPerInvocation="8789" standardDeviationMicrosecondsPerInvocation="1065"/>
      <ClassProfile name="edu.umd.cs.findbugs.util.TopologicalSort" totalMilliseconds="17" invocations="387" avgMicrosecondsPerInvocation="44" maxMicrosecondsPerInvocation="1230" standardDeviationMicrosecondsPerInvocation="97"/>
      <ClassProfile name="edu.umd.cs.findbugs.classfile.engine.bcel.UnconditionalValueDerefDataflowFactory" totalMilliseconds="16" invocations="13" avgMicrosecondsPerInvocation="1238" maxMicrosecondsPerInvocation="5733" standardDeviationMicrosecondsPerInvocation="1609"/>
      <ClassProfile name="edu.umd.cs.findbugs.classfile.engine.bcel.CFGFactory" totalMilliseconds="14" invocations="13" avgMicrosecondsPerInvocation="1120" maxMicrosecondsPerInvocation="7335" standardDeviationMicrosecondsPerInvocation="1875"/>
      <ClassProfile name="edu.umd.cs.findbugs.detect.NoteDirectlyRelevantTypeQualifiers" totalMilliseconds="13" invocations="29" avgMicrosecondsPerInvocation="462" maxMicrosecondsPerInvocation="4559" standardDeviationMicrosecondsPerInvocation="828"/>
      <ClassProfile name="edu.umd.cs.findbugs.classfile.engine.ClassDataAnalysisEngine" totalMilliseconds="11" invocations="446" avgMicrosecondsPerInvocation="25" maxMicrosecondsPerInvocation="462" standardDeviationMicrosecondsPerInvocation="34"/>
      <ClassProfile name="edu.umd.cs.findbugs.detect.FunctionsThatMightBeMistakenForProcedures" totalMilliseconds="11" invocations="29" avgMicrosecondsPerInvocation="394" maxMicrosecondsPerInvocation="2534" standardDeviationMicrosecondsPerInvocation="581"/>
    </FindBugsProfile>
  </FindBugsSummary>
  <ClassFeatures></ClassFeatures>
  <History></History>
</BugCollection>
