<?xml version="1.0" encoding="UTF-8"?>

<BugCollection version="4.7.3" sequence="0" timestamp="1698475197756" analysisTimestamp="1698513828729" release="">
  <Project projectName="">
    <Jar>/mnt/disk3/lty/JLeaks/data/classfile/bug-724-fc66c68e22c704c137501d7dc6c58c9d2addb608fc3c6d8b0d1d7ca83c1ebfec.class</Jar>
  </Project>
  <Errors errors="0" missingClasses="7">
    <MissingClass>org.nanohttpd.protocols.http.NanoHTTPD</MissingClass>
    <MissingClass>org.nanohttpd.protocols.http.content.ContentType</MissingClass>
    <MissingClass>org.nanohttpd.protocols.http.request.Method</MissingClass>
    <MissingClass>org.nanohttpd.protocols.http.response.ChunkedOutputStream</MissingClass>
    <MissingClass>org.nanohttpd.protocols.http.response.IStatus</MissingClass>
    <MissingClass>org.nanohttpd.protocols.http.response.Response$1</MissingClass>
    <MissingClass>org.nanohttpd.protocols.http.response.Status</MissingClass>
  </Errors>
  <FindBugsSummary timestamp="Sat, 28 Oct 2023 14:39:57 +0800" total_classes="1" referenced_classes="43" total_bugs="0" total_size="181" num_packages="1" java_version="1.8.0_382" vm_version="25.382-b05" cpu_seconds="10.28" clock_seconds="0.97" peak_mbytes="388.92" alloc_mbytes="1820.50" gc_seconds="0.04">
    <PackageStats package="org.nanohttpd.protocols.http.response" total_bugs="0" total_types="1" total_size="181">
      <ClassStats class="org.nanohttpd.protocols.http.response.Response" sourceFile="Response.java" interface="false" size="181" bugs="0"/>
    </PackageStats>
    <FindBugsProfile>
      <ClassProfile name="edu.umd.cs.findbugs.classfile.engine.ClassInfoAnalysisEngine" totalMilliseconds="144" invocations="477" avgMicrosecondsPerInvocation="303" maxMicrosecondsPerInvocation="12308" standardDeviationMicrosecondsPerInvocation="737"/>
      <ClassProfile name="edu.umd.cs.findbugs.detect.FieldItemSummary" totalMilliseconds="79" invocations="43" avgMicrosecondsPerInvocation="1843" maxMicrosecondsPerInvocation="40991" standardDeviationMicrosecondsPerInvocation="6185"/>
      <ClassProfile name="edu.umd.cs.findbugs.OpcodeStack$JumpInfoFactory" totalMilliseconds="32" invocations="163" avgMicrosecondsPerInvocation="200" maxMicrosecondsPerInvocation="2062" standardDeviationMicrosecondsPerInvocation="303"/>
      <ClassProfile name="edu.umd.cs.findbugs.detect.FindNoSideEffectMethods" totalMilliseconds="31" invocations="43" avgMicrosecondsPerInvocation="739" maxMicrosecondsPerInvocation="3576" standardDeviationMicrosecondsPerInvocation="924"/>
      <ClassProfile name="edu.umd.cs.findbugs.classfile.engine.bcel.TypeDataflowFactory" totalMilliseconds="27" invocations="33" avgMicrosecondsPerInvocation="834" maxMicrosecondsPerInvocation="8182" standardDeviationMicrosecondsPerInvocation="1792"/>
      <ClassProfile name="edu.umd.cs.findbugs.classfile.engine.bcel.ValueNumberDataflowFactory" totalMilliseconds="27" invocations="33" avgMicrosecondsPerInvocation="818" maxMicrosecondsPerInvocation="8638" standardDeviationMicrosecondsPerInvocation="1836"/>
      <ClassProfile name="edu.umd.cs.findbugs.classfile.engine.bcel.JavaClassAnalysisEngine" totalMilliseconds="21" invocations="78" avgMicrosecondsPerInvocation="273" maxMicrosecondsPerInvocation="8964" standardDeviationMicrosecondsPerInvocation="1024"/>
      <ClassProfile name="edu.umd.cs.findbugs.classfile.engine.bcel.IsNullValueDataflowFactory" totalMilliseconds="21" invocations="31" avgMicrosecondsPerInvocation="680" maxMicrosecondsPerInvocation="5789" standardDeviationMicrosecondsPerInvocation="1230"/>
      <ClassProfile name="edu.umd.cs.findbugs.classfile.engine.bcel.MethodGenFactory" totalMilliseconds="19" invocations="31" avgMicrosecondsPerInvocation="642" maxMicrosecondsPerInvocation="17128" standardDeviationMicrosecondsPerInvocation="3013"/>
      <ClassProfile name="edu.umd.cs.findbugs.classfile.engine.bcel.UnconditionalValueDerefDataflowFactory" totalMilliseconds="17" invocations="31" avgMicrosecondsPerInvocation="565" maxMicrosecondsPerInvocation="5845" standardDeviationMicrosecondsPerInvocation="1089"/>
      <ClassProfile name="edu.umd.cs.findbugs.util.TopologicalSort" totalMilliseconds="17" invocations="437" avgMicrosecondsPerInvocation="39" maxMicrosecondsPerInvocation="877" standardDeviationMicrosecondsPerInvocation="74"/>
      <ClassProfile name="edu.umd.cs.findbugs.detect.NoteDirectlyRelevantTypeQualifiers" totalMilliseconds="16" invocations="43" avgMicrosecondsPerInvocation="391" maxMicrosecondsPerInvocation="4687" standardDeviationMicrosecondsPerInvocation="741"/>
      <ClassProfile name="edu.umd.cs.findbugs.classfile.engine.bcel.CFGFactory" totalMilliseconds="16" invocations="31" avgMicrosecondsPerInvocation="532" maxMicrosecondsPerInvocation="8233" standardDeviationMicrosecondsPerInvocation="1475"/>
      <ClassProfile name="edu.umd.cs.findbugs.detect.FunctionsThatMightBeMistakenForProcedures" totalMilliseconds="13" invocations="43" avgMicrosecondsPerInvocation="304" maxMicrosecondsPerInvocation="3239" standardDeviationMicrosecondsPerInvocation="562"/>
      <ClassProfile name="edu.umd.cs.findbugs.classfile.engine.ClassDataAnalysisEngine" totalMilliseconds="12" invocations="479" avgMicrosecondsPerInvocation="25" maxMicrosecondsPerInvocation="494" standardDeviationMicrosecondsPerInvocation="32"/>
      <ClassProfile name="edu.umd.cs.findbugs.detect.OverridingEqualsNotSymmetrical" totalMilliseconds="12" invocations="43" avgMicrosecondsPerInvocation="283" maxMicrosecondsPerInvocation="6204" standardDeviationMicrosecondsPerInvocation="926"/>
    </FindBugsProfile>
  </FindBugsSummary>
  <ClassFeatures></ClassFeatures>
  <History></History>
</BugCollection>
