<?xml version="1.0" encoding="UTF-8"?>

<BugCollection version="4.7.3" sequence="0" timestamp="1698475133347" analysisTimestamp="1698510552165" release="">
  <Project projectName="">
    <Jar>/mnt/disk3/lty/JLeaks/data/classfile/bug-217-71c1fa6828fe4ebb54106f3a4eabdba4cb8680b64900b2f2b46c7e38918243b5.class</Jar>
  </Project>
  <BugInstance type="OBL_UNSATISFIED_OBLIGATION" priority="2" rank="20" abbrev="OBL" category="EXPERIMENTAL">
    <Class classname="io.apiman.tools.jdbc.ApimanJdbcServer">
      <SourceLine classname="io.apiman.tools.jdbc.ApimanJdbcServer" start="36" end="86" sourcefile="ApimanJdbcServer.java" sourcepath="io/apiman/tools/jdbc/ApimanJdbcServer.java"/>
    </Class>
    <Method classname="io.apiman.tools.jdbc.ApimanJdbcServer" name="main" signature="([Ljava/lang/String;)V" isStatic="true">
      <SourceLine classname="io.apiman.tools.jdbc.ApimanJdbcServer" start="40" end="86" startBytecode="0" endBytecode="747" sourcefile="ApimanJdbcServer.java" sourcepath="io/apiman/tools/jdbc/ApimanJdbcServer.java"/>
    </Method>
    <Class classname="java.sql.Statement" role="CLASS_REFTYPE">
      <SourceLine classname="java.sql.Statement" start="1092" end="1368" sourcefile="Statement.java" sourcepath="java/sql/Statement.java"/>
    </Class>
    <Int value="9" role="INT_OBLIGATIONS_REMAINING"/>
    <SourceLine classname="io.apiman.tools.jdbc.ApimanJdbcServer" start="52" end="52" startBytecode="146" endBytecode="146" sourcefile="ApimanJdbcServer.java" sourcepath="io/apiman/tools/jdbc/ApimanJdbcServer.java" role="SOURCE_LINE_OBLIGATION_CREATED"/>
    <SourceLine classname="io.apiman.tools.jdbc.ApimanJdbcServer" start="53" end="53" startBytecode="157" endBytecode="157" sourcefile="ApimanJdbcServer.java" sourcepath="io/apiman/tools/jdbc/ApimanJdbcServer.java" role="SOURCE_LINE_PATH_CONTINUES"/>
    <SourceLine classname="io.apiman.tools.jdbc.ApimanJdbcServer" start="53" end="53" startBytecode="160" endBytecode="160" sourcefile="ApimanJdbcServer.java" sourcepath="io/apiman/tools/jdbc/ApimanJdbcServer.java" role="SOURCE_LINE_OBLIGATION_CREATED"/>
    <SourceLine classname="io.apiman.tools.jdbc.ApimanJdbcServer" start="54" end="54" startBytecode="171" endBytecode="171" sourcefile="ApimanJdbcServer.java" sourcepath="io/apiman/tools/jdbc/ApimanJdbcServer.java" role="SOURCE_LINE_PATH_CONTINUES"/>
    <SourceLine classname="io.apiman.tools.jdbc.ApimanJdbcServer" start="54" end="54" startBytecode="174" endBytecode="174" sourcefile="ApimanJdbcServer.java" sourcepath="io/apiman/tools/jdbc/ApimanJdbcServer.java" role="SOURCE_LINE_OBLIGATION_CREATED"/>
    <SourceLine classname="io.apiman.tools.jdbc.ApimanJdbcServer" start="55" end="55" startBytecode="185" endBytecode="185" sourcefile="ApimanJdbcServer.java" sourcepath="io/apiman/tools/jdbc/ApimanJdbcServer.java" role="SOURCE_LINE_PATH_CONTINUES"/>
    <SourceLine classname="io.apiman.tools.jdbc.ApimanJdbcServer" start="55" end="55" startBytecode="188" endBytecode="188" sourcefile="ApimanJdbcServer.java" sourcepath="io/apiman/tools/jdbc/ApimanJdbcServer.java" role="SOURCE_LINE_OBLIGATION_CREATED"/>
    <SourceLine classname="io.apiman.tools.jdbc.ApimanJdbcServer" start="56" end="56" startBytecode="199" endBytecode="199" sourcefile="ApimanJdbcServer.java" sourcepath="io/apiman/tools/jdbc/ApimanJdbcServer.java" role="SOURCE_LINE_PATH_CONTINUES"/>
    <SourceLine classname="io.apiman.tools.jdbc.ApimanJdbcServer" start="56" end="56" startBytecode="202" endBytecode="202" sourcefile="ApimanJdbcServer.java" sourcepath="io/apiman/tools/jdbc/ApimanJdbcServer.java" role="SOURCE_LINE_OBLIGATION_CREATED"/>
    <SourceLine classname="io.apiman.tools.jdbc.ApimanJdbcServer" start="57" end="57" startBytecode="213" endBytecode="213" sourcefile="ApimanJdbcServer.java" sourcepath="io/apiman/tools/jdbc/ApimanJdbcServer.java" role="SOURCE_LINE_PATH_CONTINUES"/>
    <SourceLine classname="io.apiman.tools.jdbc.ApimanJdbcServer" start="57" end="57" startBytecode="216" endBytecode="216" sourcefile="ApimanJdbcServer.java" sourcepath="io/apiman/tools/jdbc/ApimanJdbcServer.java" role="SOURCE_LINE_OBLIGATION_CREATED"/>
    <SourceLine classname="io.apiman.tools.jdbc.ApimanJdbcServer" start="58" end="58" startBytecode="227" endBytecode="227" sourcefile="ApimanJdbcServer.java" sourcepath="io/apiman/tools/jdbc/ApimanJdbcServer.java" role="SOURCE_LINE_PATH_CONTINUES"/>
    <SourceLine classname="io.apiman.tools.jdbc.ApimanJdbcServer" start="58" end="58" startBytecode="230" endBytecode="230" sourcefile="ApimanJdbcServer.java" sourcepath="io/apiman/tools/jdbc/ApimanJdbcServer.java" role="SOURCE_LINE_OBLIGATION_CREATED"/>
    <SourceLine classname="io.apiman.tools.jdbc.ApimanJdbcServer" start="59" end="59" startBytecode="241" endBytecode="241" sourcefile="ApimanJdbcServer.java" sourcepath="io/apiman/tools/jdbc/ApimanJdbcServer.java" role="SOURCE_LINE_PATH_CONTINUES"/>
    <SourceLine classname="io.apiman.tools.jdbc.ApimanJdbcServer" start="59" end="59" startBytecode="244" endBytecode="244" sourcefile="ApimanJdbcServer.java" sourcepath="io/apiman/tools/jdbc/ApimanJdbcServer.java" role="SOURCE_LINE_OBLIGATION_CREATED"/>
    <SourceLine classname="io.apiman.tools.jdbc.ApimanJdbcServer" start="60" end="60" startBytecode="255" endBytecode="255" sourcefile="ApimanJdbcServer.java" sourcepath="io/apiman/tools/jdbc/ApimanJdbcServer.java" role="SOURCE_LINE_PATH_CONTINUES"/>
    <SourceLine classname="io.apiman.tools.jdbc.ApimanJdbcServer" start="60" end="60" startBytecode="258" endBytecode="258" sourcefile="ApimanJdbcServer.java" sourcepath="io/apiman/tools/jdbc/ApimanJdbcServer.java" role="SOURCE_LINE_OBLIGATION_CREATED"/>
    <SourceLine classname="io.apiman.tools.jdbc.ApimanJdbcServer" start="61" end="61" startBytecode="269" endBytecode="269" sourcefile="ApimanJdbcServer.java" sourcepath="io/apiman/tools/jdbc/ApimanJdbcServer.java" role="SOURCE_LINE_PATH_CONTINUES"/>
    <SourceLine classname="io.apiman.tools.jdbc.ApimanJdbcServer" start="63" end="63" startBytecode="275" endBytecode="275" sourcefile="ApimanJdbcServer.java" sourcepath="io/apiman/tools/jdbc/ApimanJdbcServer.java" role="SOURCE_LINE_PATH_CONTINUES"/>
    <SourceLine classname="io.apiman.tools.jdbc.ApimanJdbcServer" start="64" end="64" startBytecode="283" endBytecode="283" sourcefile="ApimanJdbcServer.java" sourcepath="io/apiman/tools/jdbc/ApimanJdbcServer.java" role="SOURCE_LINE_PATH_CONTINUES"/>
    <SourceLine classname="io.apiman.tools.jdbc.ApimanJdbcServer" start="65" end="65" startBytecode="291" endBytecode="291" sourcefile="ApimanJdbcServer.java" sourcepath="io/apiman/tools/jdbc/ApimanJdbcServer.java" role="SOURCE_LINE_PATH_CONTINUES"/>
    <SourceLine classname="io.apiman.tools.jdbc.ApimanJdbcServer" start="66" end="66" startBytecode="299" endBytecode="299" sourcefile="ApimanJdbcServer.java" sourcepath="io/apiman/tools/jdbc/ApimanJdbcServer.java" role="SOURCE_LINE_PATH_CONTINUES"/>
    <SourceLine classname="io.apiman.tools.jdbc.ApimanJdbcServer" start="67" end="67" startBytecode="327" endBytecode="327" sourcefile="ApimanJdbcServer.java" sourcepath="io/apiman/tools/jdbc/ApimanJdbcServer.java" role="SOURCE_LINE_PATH_CONTINUES"/>
    <SourceLine classname="io.apiman.tools.jdbc.ApimanJdbcServer" start="68" end="68" startBytecode="352" endBytecode="352" sourcefile="ApimanJdbcServer.java" sourcepath="io/apiman/tools/jdbc/ApimanJdbcServer.java" role="SOURCE_LINE_PATH_CONTINUES"/>
    <SourceLine classname="io.apiman.tools.jdbc.ApimanJdbcServer" start="69" end="69" startBytecode="360" endBytecode="360" sourcefile="ApimanJdbcServer.java" sourcepath="io/apiman/tools/jdbc/ApimanJdbcServer.java" role="SOURCE_LINE_PATH_CONTINUES"/>
    <SourceLine classname="io.apiman.tools.jdbc.ApimanJdbcServer" start="70" end="70" startBytecode="368" endBytecode="368" sourcefile="ApimanJdbcServer.java" sourcepath="io/apiman/tools/jdbc/ApimanJdbcServer.java" role="SOURCE_LINE_PATH_CONTINUES"/>
    <SourceLine classname="io.apiman.tools.jdbc.ApimanJdbcServer" start="71" end="71" startBytecode="376" endBytecode="376" sourcefile="ApimanJdbcServer.java" sourcepath="io/apiman/tools/jdbc/ApimanJdbcServer.java" role="SOURCE_LINE_PATH_CONTINUES"/>
    <SourceLine classname="io.apiman.tools.jdbc.ApimanJdbcServer" start="72" end="72" startBytecode="384" endBytecode="384" sourcefile="ApimanJdbcServer.java" sourcepath="io/apiman/tools/jdbc/ApimanJdbcServer.java" role="SOURCE_LINE_PATH_CONTINUES"/>
    <SourceLine classname="io.apiman.tools.jdbc.ApimanJdbcServer" start="73" end="73" startBytecode="392" endBytecode="392" sourcefile="ApimanJdbcServer.java" sourcepath="io/apiman/tools/jdbc/ApimanJdbcServer.java" role="SOURCE_LINE_PATH_CONTINUES"/>
    <SourceLine classname="io.apiman.tools.jdbc.ApimanJdbcServer" start="74" end="74" startBytecode="400" endBytecode="400" sourcefile="ApimanJdbcServer.java" sourcepath="io/apiman/tools/jdbc/ApimanJdbcServer.java" role="SOURCE_LINE_PATH_CONTINUES"/>
    <SourceLine classname="io.apiman.tools.jdbc.ApimanJdbcServer" start="75" end="75" startBytecode="408" endBytecode="408" sourcefile="ApimanJdbcServer.java" sourcepath="io/apiman/tools/jdbc/ApimanJdbcServer.java" role="SOURCE_LINE_PATH_CONTINUES"/>
    <SourceLine classname="io.apiman.tools.jdbc.ApimanJdbcServer" start="76" end="76" startBytecode="416" endBytecode="416" sourcefile="ApimanJdbcServer.java" sourcepath="io/apiman/tools/jdbc/ApimanJdbcServer.java" role="SOURCE_LINE_PATH_CONTINUES"/>
    <SourceLine classname="io.apiman.tools.jdbc.ApimanJdbcServer" start="78" end="78" startBytecode="437" endBytecode="437" sourcefile="ApimanJdbcServer.java" sourcepath="io/apiman/tools/jdbc/ApimanJdbcServer.java" role="SOURCE_LINE_PATH_CONTINUES"/>
    <SourceLine classname="io.apiman.tools.jdbc.ApimanJdbcServer" start="80" end="80" startBytecode="445" endBytecode="445" sourcefile="ApimanJdbcServer.java" sourcepath="io/apiman/tools/jdbc/ApimanJdbcServer.java" role="SOURCE_LINE_PATH_CONTINUES"/>
    <SourceLine classname="io.apiman.tools.jdbc.ApimanJdbcServer" start="82" end="82" startBytecode="454" endBytecode="454" sourcefile="ApimanJdbcServer.java" sourcepath="io/apiman/tools/jdbc/ApimanJdbcServer.java" role="SOURCE_LINE_PATH_CONTINUES"/>
    <SourceLine classname="io.apiman.tools.jdbc.ApimanJdbcServer" start="85" end="85" startBytecode="462" endBytecode="462" sourcefile="ApimanJdbcServer.java" sourcepath="io/apiman/tools/jdbc/ApimanJdbcServer.java" role="SOURCE_LINE_PATH_CONTINUES"/>
    <SourceLine classname="io.apiman.tools.jdbc.ApimanJdbcServer" start="86" end="86" startBytecode="470" endBytecode="470" sourcefile="ApimanJdbcServer.java" sourcepath="io/apiman/tools/jdbc/ApimanJdbcServer.java" role="SOURCE_LINE_PATH_CONTINUES"/>
    <String value="{Statement x 9}" role="STRING_REMAINING_OBLIGATIONS"/>
  </BugInstance>
  <BugInstance type="ODR_OPEN_DATABASE_RESOURCE" priority="2" rank="16" abbrev="ODR" category="BAD_PRACTICE">
    <Class classname="io.apiman.tools.jdbc.ApimanJdbcServer">
      <SourceLine classname="io.apiman.tools.jdbc.ApimanJdbcServer" start="36" end="86" sourcefile="ApimanJdbcServer.java" sourcepath="io/apiman/tools/jdbc/ApimanJdbcServer.java"/>
    </Class>
    <Method classname="io.apiman.tools.jdbc.ApimanJdbcServer" name="main" signature="([Ljava/lang/String;)V" isStatic="true">
      <SourceLine classname="io.apiman.tools.jdbc.ApimanJdbcServer" start="40" end="86" startBytecode="0" endBytecode="199" sourcefile="ApimanJdbcServer.java" sourcepath="io/apiman/tools/jdbc/ApimanJdbcServer.java"/>
    </Method>
    <Type descriptor="Ljava/sql/PreparedStatement;" role="TYPE_CLOSEIT">
      <SourceLine classname="java.sql.PreparedStatement" start="1265" end="1318" sourcefile="PreparedStatement.java" sourcepath="java/sql/PreparedStatement.java"/>
    </Type>
    <SourceLine classname="io.apiman.tools.jdbc.ApimanJdbcServer" start="52" end="52" startBytecode="146" endBytecode="146" sourcefile="ApimanJdbcServer.java" sourcepath="io/apiman/tools/jdbc/ApimanJdbcServer.java"/>
    <SourceLine classname="io.apiman.tools.jdbc.ApimanJdbcServer" start="53" end="53" startBytecode="160" endBytecode="160" sourcefile="ApimanJdbcServer.java" sourcepath="io/apiman/tools/jdbc/ApimanJdbcServer.java" role="SOURCE_LINE_ANOTHER_INSTANCE"/>
    <SourceLine classname="io.apiman.tools.jdbc.ApimanJdbcServer" start="54" end="54" startBytecode="174" endBytecode="174" sourcefile="ApimanJdbcServer.java" sourcepath="io/apiman/tools/jdbc/ApimanJdbcServer.java" role="SOURCE_LINE_ANOTHER_INSTANCE"/>
    <SourceLine classname="io.apiman.tools.jdbc.ApimanJdbcServer" start="55" end="55" startBytecode="188" endBytecode="188" sourcefile="ApimanJdbcServer.java" sourcepath="io/apiman/tools/jdbc/ApimanJdbcServer.java" role="SOURCE_LINE_ANOTHER_INSTANCE"/>
    <SourceLine classname="io.apiman.tools.jdbc.ApimanJdbcServer" start="56" end="56" startBytecode="202" endBytecode="202" sourcefile="ApimanJdbcServer.java" sourcepath="io/apiman/tools/jdbc/ApimanJdbcServer.java" role="SOURCE_LINE_ANOTHER_INSTANCE"/>
    <SourceLine classname="io.apiman.tools.jdbc.ApimanJdbcServer" start="57" end="57" startBytecode="216" endBytecode="216" sourcefile="ApimanJdbcServer.java" sourcepath="io/apiman/tools/jdbc/ApimanJdbcServer.java" role="SOURCE_LINE_ANOTHER_INSTANCE"/>
    <SourceLine classname="io.apiman.tools.jdbc.ApimanJdbcServer" start="58" end="58" startBytecode="230" endBytecode="230" sourcefile="ApimanJdbcServer.java" sourcepath="io/apiman/tools/jdbc/ApimanJdbcServer.java" role="SOURCE_LINE_ANOTHER_INSTANCE"/>
    <SourceLine classname="io.apiman.tools.jdbc.ApimanJdbcServer" start="59" end="59" startBytecode="244" endBytecode="244" sourcefile="ApimanJdbcServer.java" sourcepath="io/apiman/tools/jdbc/ApimanJdbcServer.java" role="SOURCE_LINE_ANOTHER_INSTANCE"/>
    <SourceLine classname="io.apiman.tools.jdbc.ApimanJdbcServer" start="60" end="60" startBytecode="258" endBytecode="258" sourcefile="ApimanJdbcServer.java" sourcepath="io/apiman/tools/jdbc/ApimanJdbcServer.java" role="SOURCE_LINE_ANOTHER_INSTANCE"/>
  </BugInstance>
  <BugInstance type="ODR_OPEN_DATABASE_RESOURCE_EXCEPTION_PATH" priority="3" rank="19" abbrev="ODR" category="BAD_PRACTICE">
    <Class classname="io.apiman.tools.jdbc.ApimanJdbcServer">
      <SourceLine classname="io.apiman.tools.jdbc.ApimanJdbcServer" start="36" end="86" sourcefile="ApimanJdbcServer.java" sourcepath="io/apiman/tools/jdbc/ApimanJdbcServer.java"/>
    </Class>
    <Method classname="io.apiman.tools.jdbc.ApimanJdbcServer" name="main" signature="([Ljava/lang/String;)V" isStatic="true">
      <SourceLine classname="io.apiman.tools.jdbc.ApimanJdbcServer" start="40" end="86" startBytecode="0" endBytecode="199" sourcefile="ApimanJdbcServer.java" sourcepath="io/apiman/tools/jdbc/ApimanJdbcServer.java"/>
    </Method>
    <Type descriptor="Ljava/sql/Connection;" role="TYPE_CLOSEIT">
      <SourceLine classname="java.sql.Connection" sourcefile="Connection.java" sourcepath="java/sql/Connection.java"/>
    </Type>
    <SourceLine classname="io.apiman.tools.jdbc.ApimanJdbcServer" start="50" end="50" startBytecode="90" endBytecode="90" sourcefile="ApimanJdbcServer.java" sourcepath="io/apiman/tools/jdbc/ApimanJdbcServer.java"/>
  </BugInstance>
  <Errors errors="0" missingClasses="2">
    <MissingClass>org.apache.commons.io.FileUtils</MissingClass>
    <MissingClass>org.h2.tools.Server</MissingClass>
  </Errors>
  <FindBugsSummary timestamp="Sat, 28 Oct 2023 14:38:53 +0800" total_classes="1" referenced_classes="22" total_bugs="3" total_size="44" num_packages="1" java_version="1.8.0_382" vm_version="25.382-b05" cpu_seconds="36.69" clock_seconds="3.82" peak_mbytes="371.74" alloc_mbytes="1820.50" gc_seconds="0.21" priority_3="1" priority_2="2">
    <PackageStats package="io.apiman.tools.jdbc" total_bugs="3" total_types="1" total_size="44" priority_3="1" priority_2="2">
      <ClassStats class="io.apiman.tools.jdbc.ApimanJdbcServer" sourceFile="ApimanJdbcServer.java" interface="false" size="44" bugs="3" priority_3="1" priority_2="2"/>
    </PackageStats>
    <FindBugsProfile>
      <ClassProfile name="edu.umd.cs.findbugs.classfile.engine.ClassInfoAnalysisEngine" totalMilliseconds="520" invocations="394" avgMicrosecondsPerInvocation="1320" maxMicrosecondsPerInvocation="48437" standardDeviationMicrosecondsPerInvocation="3123"/>
      <ClassProfile name="edu.umd.cs.findbugs.detect.FindNoSideEffectMethods" totalMilliseconds="340" invocations="22" avgMicrosecondsPerInvocation="15479" maxMicrosecondsPerInvocation="234615" standardDeviationMicrosecondsPerInvocation="48196"/>
      <ClassProfile name="edu.umd.cs.findbugs.detect.FieldItemSummary" totalMilliseconds="133" invocations="22" avgMicrosecondsPerInvocation="6083" maxMicrosecondsPerInvocation="25203" standardDeviationMicrosecondsPerInvocation="7236"/>
      <ClassProfile name="edu.umd.cs.findbugs.OpcodeStack$JumpInfoFactory" totalMilliseconds="105" invocations="78" avgMicrosecondsPerInvocation="1354" maxMicrosecondsPerInvocation="14353" standardDeviationMicrosecondsPerInvocation="2269"/>
      <ClassProfile name="edu.umd.cs.findbugs.classfile.engine.bcel.JavaClassAnalysisEngine" totalMilliseconds="87" invocations="49" avgMicrosecondsPerInvocation="1795" maxMicrosecondsPerInvocation="48455" standardDeviationMicrosecondsPerInvocation="6892"/>
      <ClassProfile name="edu.umd.cs.findbugs.classfile.engine.ClassDataAnalysisEngine" totalMilliseconds="81" invocations="397" avgMicrosecondsPerInvocation="204" maxMicrosecondsPerInvocation="4267" standardDeviationMicrosecondsPerInvocation="266"/>
      <ClassProfile name="edu.umd.cs.findbugs.classfile.engine.bcel.MethodGenFactory" totalMilliseconds="77" invocations="2" avgMicrosecondsPerInvocation="38845" maxMicrosecondsPerInvocation="72964" standardDeviationMicrosecondsPerInvocation="34119"/>
      <ClassProfile name="edu.umd.cs.findbugs.util.TopologicalSort" totalMilliseconds="74" invocations="358" avgMicrosecondsPerInvocation="208" maxMicrosecondsPerInvocation="2368" standardDeviationMicrosecondsPerInvocation="294"/>
      <ClassProfile name="edu.umd.cs.findbugs.detect.NoteDirectlyRelevantTypeQualifiers" totalMilliseconds="61" invocations="22" avgMicrosecondsPerInvocation="2796" maxMicrosecondsPerInvocation="18991" standardDeviationMicrosecondsPerInvocation="4463"/>
      <ClassProfile name="edu.umd.cs.findbugs.detect.OverridingEqualsNotSymmetrical" totalMilliseconds="61" invocations="22" avgMicrosecondsPerInvocation="2783" maxMicrosecondsPerInvocation="29981" standardDeviationMicrosecondsPerInvocation="6384"/>
      <ClassProfile name="edu.umd.cs.findbugs.detect.StreamResourceTracker" totalMilliseconds="60" invocations="29" avgMicrosecondsPerInvocation="2080" maxMicrosecondsPerInvocation="7405" standardDeviationMicrosecondsPerInvocation="1352"/>
      <ClassProfile name="edu.umd.cs.findbugs.classfile.engine.bcel.TypeDataflowFactory" totalMilliseconds="55" invocations="2" avgMicrosecondsPerInvocation="27709" maxMicrosecondsPerInvocation="32759" standardDeviationMicrosecondsPerInvocation="5047"/>
      <ClassProfile name="edu.umd.cs.findbugs.detect.FunctionsThatMightBeMistakenForProcedures" totalMilliseconds="53" invocations="22" avgMicrosecondsPerInvocation="2453" maxMicrosecondsPerInvocation="22764" standardDeviationMicrosecondsPerInvocation="4812"/>
      <ClassProfile name="edu.umd.cs.findbugs.classfile.engine.bcel.IsNullValueDataflowFactory" totalMilliseconds="53" invocations="2" avgMicrosecondsPerInvocation="26537" maxMicrosecondsPerInvocation="51644" standardDeviationMicrosecondsPerInvocation="25107"/>
      <ClassProfile name="edu.umd.cs.findbugs.detect.FindOpenStream" totalMilliseconds="52" invocations="1" avgMicrosecondsPerInvocation="52478" maxMicrosecondsPerInvocation="52478" standardDeviationMicrosecondsPerInvocation="0"/>
      <ClassProfile name="edu.umd.cs.findbugs.classfile.engine.bcel.ValueNumberDataflowFactory" totalMilliseconds="51" invocations="2" avgMicrosecondsPerInvocation="25864" maxMicrosecondsPerInvocation="32378" standardDeviationMicrosecondsPerInvocation="6514"/>
      <ClassProfile name="edu.umd.cs.findbugs.classfile.engine.bcel.CFGFactory" totalMilliseconds="49" invocations="2" avgMicrosecondsPerInvocation="24971" maxMicrosecondsPerInvocation="34373" standardDeviationMicrosecondsPerInvocation="9402"/>
      <ClassProfile name="edu.umd.cs.findbugs.detect.BuildObligationPolicyDatabase" totalMilliseconds="42" invocations="22" avgMicrosecondsPerInvocation="1925" maxMicrosecondsPerInvocation="6477" standardDeviationMicrosecondsPerInvocation="1939"/>
    </FindBugsProfile>
  </FindBugsSummary>
  <ClassFeatures></ClassFeatures>
  <History></History>
</BugCollection>
