<?xml version="1.0" encoding="UTF-8"?>

<BugCollection version="4.7.3" sequence="0" timestamp="1698475225455" analysisTimestamp="1698515844961" release="">
  <Project projectName="">
    <Jar>/mnt/disk3/lty/JLeaks/data/classfile/bug-915-b4d8b23dbb2586c31a7dfa7a956a94beb7947bec9bf723b0dbfc292ee5cc748a.class</Jar>
  </Project>
  <Errors errors="0" missingClasses="0"></Errors>
  <FindBugsSummary timestamp="Sat, 28 Oct 2023 14:40:25 +0800" total_classes="1" referenced_classes="14" total_bugs="0" total_size="17" num_packages="1" java_version="1.8.0_382" vm_version="25.382-b05" cpu_seconds="4.78" clock_seconds="0.60" peak_mbytes="401.21" alloc_mbytes="1820.50" gc_seconds="0.04">
    <PackageStats package="com.alipay.sofa.jraft.rhea.util" total_bugs="0" total_types="1" total_size="17">
      <ClassStats class="com.alipay.sofa.jraft.rhea.util.StackTraceUtil" sourceFile="StackTraceUtil.java" interface="false" size="17" bugs="0"/>
    </PackageStats>
    <FindBugsProfile>
      <ClassProfile name="edu.umd.cs.findbugs.classfile.engine.ClassInfoAnalysisEngine" totalMilliseconds="104" invocations="311" avgMicrosecondsPerInvocation="337" maxMicrosecondsPerInvocation="9101" standardDeviationMicrosecondsPerInvocation="775"/>
      <ClassProfile name="edu.umd.cs.findbugs.detect.BuildStringPassthruGraph" totalMilliseconds="45" invocations="14" avgMicrosecondsPerInvocation="3264" maxMicrosecondsPerInvocation="40923" standardDeviationMicrosecondsPerInvocation="10465"/>
      <ClassProfile name="edu.umd.cs.findbugs.detect.FieldItemSummary" totalMilliseconds="20" invocations="14" avgMicrosecondsPerInvocation="1434" maxMicrosecondsPerInvocation="6218" standardDeviationMicrosecondsPerInvocation="1872"/>
      <ClassProfile name="edu.umd.cs.findbugs.classfile.engine.bcel.MethodGenFactory" totalMilliseconds="18" invocations="2" avgMicrosecondsPerInvocation="9457" maxMicrosecondsPerInvocation="18850" standardDeviationMicrosecondsPerInvocation="9393"/>
      <ClassProfile name="edu.umd.cs.findbugs.OpcodeStack$JumpInfoFactory" totalMilliseconds="15" invocations="61" avgMicrosecondsPerInvocation="261" maxMicrosecondsPerInvocation="2181" standardDeviationMicrosecondsPerInvocation="334"/>
      <ClassProfile name="edu.umd.cs.findbugs.classfile.engine.bcel.JavaClassAnalysisEngine" totalMilliseconds="15" invocations="31" avgMicrosecondsPerInvocation="507" maxMicrosecondsPerInvocation="8713" standardDeviationMicrosecondsPerInvocation="1584"/>
      <ClassProfile name="edu.umd.cs.findbugs.detect.FindNoSideEffectMethods" totalMilliseconds="14" invocations="14" avgMicrosecondsPerInvocation="1025" maxMicrosecondsPerInvocation="4035" standardDeviationMicrosecondsPerInvocation="1194"/>
      <ClassProfile name="edu.umd.cs.findbugs.util.TopologicalSort" totalMilliseconds="13" invocations="278" avgMicrosecondsPerInvocation="49" maxMicrosecondsPerInvocation="607" standardDeviationMicrosecondsPerInvocation="84"/>
    </FindBugsProfile>
  </FindBugsSummary>
  <ClassFeatures></ClassFeatures>
  <History></History>
</BugCollection>
