<?xml version="1.0" encoding="UTF-8"?>

<BugCollection version="4.7.3" sequence="0" timestamp="1698475153170" analysisTimestamp="1698511975938" release="">
  <Project projectName="">
    <Jar>/mnt/disk3/lty/JLeaks/data/classfile/bug-384-46dc05d447480d4468e5edde4312cbfe96736464e4a7582fa56591db055c26e3.class</Jar>
  </Project>
  <BugInstance type="OBL_UNSATISFIED_OBLIGATION" priority="2" rank="20" abbrev="OBL" category="EXPERIMENTAL">
    <Class classname="org.eclipse.californium.core.network.config.NetworkConfig">
      <SourceLine classname="org.eclipse.californium.core.network.config.NetworkConfig" start="42" end="518" sourcefile="NetworkConfig.java" sourcepath="org/eclipse/californium/core/network/config/NetworkConfig.java"/>
    </Class>
    <Method classname="org.eclipse.californium.core.network.config.NetworkConfig" name="load" signature="(Ljava/io/File;)V" isStatic="false">
      <SourceLine classname="org.eclipse.californium.core.network.config.NetworkConfig" start="223" end="225" startBytecode="0" endBytecode="49" sourcefile="NetworkConfig.java" sourcepath="org/eclipse/californium/core/network/config/NetworkConfig.java"/>
    </Method>
    <Class classname="java.io.InputStream" role="CLASS_REFTYPE">
      <SourceLine classname="java.io.InputStream" start="45" end="364" sourcefile="InputStream.java" sourcepath="java/io/InputStream.java"/>
    </Class>
    <Int value="1" role="INT_OBLIGATIONS_REMAINING"/>
    <SourceLine classname="org.eclipse.californium.core.network.config.NetworkConfig" start="223" end="223" startBytecode="5" endBytecode="5" sourcefile="NetworkConfig.java" sourcepath="org/eclipse/californium/core/network/config/NetworkConfig.java" role="SOURCE_LINE_OBLIGATION_CREATED"/>
    <SourceLine classname="org.eclipse.californium.core.network.config.NetworkConfig" start="224" end="224" startBytecode="9" endBytecode="9" sourcefile="NetworkConfig.java" sourcepath="org/eclipse/californium/core/network/config/NetworkConfig.java" role="SOURCE_LINE_PATH_CONTINUES"/>
    <SourceLine classname="org.eclipse.californium.core.network.config.NetworkConfig" start="225" end="225" startBytecode="17" endBytecode="17" sourcefile="NetworkConfig.java" sourcepath="org/eclipse/californium/core/network/config/NetworkConfig.java" role="SOURCE_LINE_PATH_CONTINUES"/>
    <String value="{InputStream x 1}" role="STRING_REMAINING_OBLIGATIONS"/>
  </BugInstance>
  <BugInstance type="OBL_UNSATISFIED_OBLIGATION" priority="2" rank="20" abbrev="OBL" category="EXPERIMENTAL">
    <Class classname="org.eclipse.californium.core.network.config.NetworkConfig">
      <SourceLine classname="org.eclipse.californium.core.network.config.NetworkConfig" start="42" end="518" sourcefile="NetworkConfig.java" sourcepath="org/eclipse/californium/core/network/config/NetworkConfig.java"/>
    </Class>
    <Method classname="org.eclipse.californium.core.network.config.NetworkConfig" name="store" signature="(Ljava/io/File;Ljava/lang/String;)V" isStatic="false">
      <SourceLine classname="org.eclipse.californium.core.network.config.NetworkConfig" start="245" end="249" startBytecode="0" endBytecode="75" sourcefile="NetworkConfig.java" sourcepath="org/eclipse/californium/core/network/config/NetworkConfig.java"/>
    </Method>
    <Class classname="java.io.Writer" role="CLASS_REFTYPE">
      <SourceLine classname="java.io.Writer" start="50" end="294" sourcefile="Writer.java" sourcepath="java/io/Writer.java"/>
    </Class>
    <Int value="1" role="INT_OBLIGATIONS_REMAINING"/>
    <SourceLine classname="org.eclipse.californium.core.network.config.NetworkConfig" start="248" end="248" startBytecode="23" endBytecode="23" sourcefile="NetworkConfig.java" sourcepath="org/eclipse/californium/core/network/config/NetworkConfig.java" role="SOURCE_LINE_OBLIGATION_CREATED"/>
    <SourceLine classname="org.eclipse.californium.core.network.config.NetworkConfig" start="249" end="249" startBytecode="30" endBytecode="30" sourcefile="NetworkConfig.java" sourcepath="org/eclipse/californium/core/network/config/NetworkConfig.java" role="SOURCE_LINE_PATH_CONTINUES"/>
    <String value="{Writer x 1}" role="STRING_REMAINING_OBLIGATIONS"/>
  </BugInstance>
  <BugInstance type="OS_OPEN_STREAM" priority="2" rank="16" abbrev="OS" category="BAD_PRACTICE">
    <Class classname="org.eclipse.californium.core.network.config.NetworkConfig">
      <SourceLine classname="org.eclipse.californium.core.network.config.NetworkConfig" start="42" end="518" sourcefile="NetworkConfig.java" sourcepath="org/eclipse/californium/core/network/config/NetworkConfig.java"/>
    </Class>
    <Method classname="org.eclipse.californium.core.network.config.NetworkConfig" name="load" signature="(Ljava/io/File;)V" isStatic="false">
      <SourceLine classname="org.eclipse.californium.core.network.config.NetworkConfig" start="223" end="225" startBytecode="0" endBytecode="9" sourcefile="NetworkConfig.java" sourcepath="org/eclipse/californium/core/network/config/NetworkConfig.java"/>
    </Method>
    <Type descriptor="Ljava/io/InputStream;" role="TYPE_CLOSEIT">
      <SourceLine classname="java.io.InputStream" start="45" end="364" sourcefile="InputStream.java" sourcepath="java/io/InputStream.java"/>
    </Type>
    <SourceLine classname="org.eclipse.californium.core.network.config.NetworkConfig" start="223" end="223" startBytecode="0" endBytecode="0" sourcefile="NetworkConfig.java" sourcepath="org/eclipse/californium/core/network/config/NetworkConfig.java"/>
  </BugInstance>
  <BugInstance type="OS_OPEN_STREAM" priority="2" rank="16" abbrev="OS" category="BAD_PRACTICE">
    <Class classname="org.eclipse.californium.core.network.config.NetworkConfig">
      <SourceLine classname="org.eclipse.californium.core.network.config.NetworkConfig" start="42" end="518" sourcefile="NetworkConfig.java" sourcepath="org/eclipse/californium/core/network/config/NetworkConfig.java"/>
    </Class>
    <Method classname="org.eclipse.californium.core.network.config.NetworkConfig" name="store" signature="(Ljava/io/File;Ljava/lang/String;)V" isStatic="false">
      <SourceLine classname="org.eclipse.californium.core.network.config.NetworkConfig" start="245" end="249" startBytecode="0" endBytecode="15" sourcefile="NetworkConfig.java" sourcepath="org/eclipse/californium/core/network/config/NetworkConfig.java"/>
    </Method>
    <Type descriptor="Ljava/io/Writer;" role="TYPE_CLOSEIT">
      <SourceLine classname="java.io.Writer" start="50" end="294" sourcefile="Writer.java" sourcepath="java/io/Writer.java"/>
    </Type>
    <SourceLine classname="org.eclipse.californium.core.network.config.NetworkConfig" start="248" end="248" startBytecode="18" endBytecode="18" sourcefile="NetworkConfig.java" sourcepath="org/eclipse/californium/core/network/config/NetworkConfig.java"/>
  </BugInstance>
  <Errors errors="0" missingClasses="7">
    <MissingClass>org.eclipse.californium.core.network.config.NetworkConfig$1</MissingClass>
    <MissingClass>org.eclipse.californium.core.network.config.NetworkConfig$2</MissingClass>
    <MissingClass>org.eclipse.californium.core.network.config.NetworkConfig$3</MissingClass>
    <MissingClass>org.eclipse.californium.core.network.config.NetworkConfig$4</MissingClass>
    <MissingClass>org.eclipse.californium.core.network.config.NetworkConfig$PropertyParser</MissingClass>
    <MissingClass>org.eclipse.californium.core.network.config.NetworkConfigDefaults</MissingClass>
    <MissingClass>org.eclipse.californium.core.network.config.NetworkConfigObserver</MissingClass>
  </Errors>
  <FindBugsSummary timestamp="Sat, 28 Oct 2023 14:39:13 +0800" total_classes="1" referenced_classes="28" total_bugs="4" total_size="123" num_packages="1" java_version="1.8.0_382" vm_version="25.382-b05" cpu_seconds="7.45" clock_seconds="0.80" peak_mbytes="406.61" alloc_mbytes="1820.50" gc_seconds="0.04" priority_2="4">
    <PackageStats package="org.eclipse.californium.core.network.config" total_bugs="4" total_types="1" total_size="123" priority_2="4">
      <ClassStats class="org.eclipse.californium.core.network.config.NetworkConfig" sourceFile="NetworkConfig.java" interface="false" size="123" bugs="4" priority_2="4"/>
    </PackageStats>
    <FindBugsProfile>
      <ClassProfile name="edu.umd.cs.findbugs.classfile.engine.ClassInfoAnalysisEngine" totalMilliseconds="114" invocations="394" avgMicrosecondsPerInvocation="291" maxMicrosecondsPerInvocation="12652" standardDeviationMicrosecondsPerInvocation="793"/>
      <ClassProfile name="edu.umd.cs.findbugs.detect.FunctionsThatMightBeMistakenForProcedures" totalMilliseconds="52" invocations="28" avgMicrosecondsPerInvocation="1889" maxMicrosecondsPerInvocation="46153" standardDeviationMicrosecondsPerInvocation="8524"/>
      <ClassProfile name="edu.umd.cs.findbugs.detect.FieldItemSummary" totalMilliseconds="29" invocations="28" avgMicrosecondsPerInvocation="1057" maxMicrosecondsPerInvocation="6219" standardDeviationMicrosecondsPerInvocation="1350"/>
      <ClassProfile name="edu.umd.cs.findbugs.detect.FindNoSideEffectMethods" totalMilliseconds="21" invocations="28" avgMicrosecondsPerInvocation="775" maxMicrosecondsPerInvocation="3313" standardDeviationMicrosecondsPerInvocation="941"/>
      <ClassProfile name="edu.umd.cs.findbugs.OpcodeStack$JumpInfoFactory" totalMilliseconds="21" invocations="131" avgMicrosecondsPerInvocation="160" maxMicrosecondsPerInvocation="1557" standardDeviationMicrosecondsPerInvocation="212"/>
      <ClassProfile name="edu.umd.cs.findbugs.classfile.engine.bcel.MethodGenFactory" totalMilliseconds="18" invocations="30" avgMicrosecondsPerInvocation="615" maxMicrosecondsPerInvocation="15953" standardDeviationMicrosecondsPerInvocation="2849"/>
      <ClassProfile name="edu.umd.cs.findbugs.classfile.engine.bcel.IsNullValueDataflowFactory" totalMilliseconds="18" invocations="30" avgMicrosecondsPerInvocation="603" maxMicrosecondsPerInvocation="4780" standardDeviationMicrosecondsPerInvocation="998"/>
      <ClassProfile name="edu.umd.cs.findbugs.classfile.engine.bcel.JavaClassAnalysisEngine" totalMilliseconds="17" invocations="54" avgMicrosecondsPerInvocation="331" maxMicrosecondsPerInvocation="8889" standardDeviationMicrosecondsPerInvocation="1212"/>
      <ClassProfile name="edu.umd.cs.findbugs.classfile.engine.bcel.ValueNumberDataflowFactory" totalMilliseconds="16" invocations="30" avgMicrosecondsPerInvocation="541" maxMicrosecondsPerInvocation="7875" standardDeviationMicrosecondsPerInvocation="1432"/>
      <ClassProfile name="edu.umd.cs.findbugs.classfile.engine.bcel.TypeDataflowFactory" totalMilliseconds="15" invocations="30" avgMicrosecondsPerInvocation="520" maxMicrosecondsPerInvocation="6343" standardDeviationMicrosecondsPerInvocation="1160"/>
      <ClassProfile name="edu.umd.cs.findbugs.util.TopologicalSort" totalMilliseconds="14" invocations="353" avgMicrosecondsPerInvocation="42" maxMicrosecondsPerInvocation="1195" standardDeviationMicrosecondsPerInvocation="90"/>
      <ClassProfile name="edu.umd.cs.findbugs.classfile.engine.bcel.CFGFactory" totalMilliseconds="13" invocations="30" avgMicrosecondsPerInvocation="453" maxMicrosecondsPerInvocation="7085" standardDeviationMicrosecondsPerInvocation="1258"/>
      <ClassProfile name="edu.umd.cs.findbugs.classfile.engine.bcel.UnconditionalValueDerefDataflowFactory" totalMilliseconds="12" invocations="30" avgMicrosecondsPerInvocation="414" maxMicrosecondsPerInvocation="2441" standardDeviationMicrosecondsPerInvocation="615"/>
      <ClassProfile name="edu.umd.cs.findbugs.detect.FindOpenStream" totalMilliseconds="12" invocations="1" avgMicrosecondsPerInvocation="12124" maxMicrosecondsPerInvocation="12124" standardDeviationMicrosecondsPerInvocation="0"/>
      <ClassProfile name="edu.umd.cs.findbugs.detect.NoteDirectlyRelevantTypeQualifiers" totalMilliseconds="12" invocations="28" avgMicrosecondsPerInvocation="429" maxMicrosecondsPerInvocation="4268" standardDeviationMicrosecondsPerInvocation="792"/>
    </FindBugsProfile>
  </FindBugsSummary>
  <ClassFeatures></ClassFeatures>
  <History></History>
</BugCollection>
