<?xml version="1.0" encoding="UTF-8"?>

<BugCollection version="4.7.3" sequence="0" timestamp="1698475241562" analysisTimestamp="1698520551812" release="">
  <Project projectName="">
    <Jar>/mnt/disk3/lty/JLeaks/data/classfile/bug-1021-c5d7150dc20db2507de76ffe5ad511ab546d08067a0f43d45b179e62a1fc244f.class</Jar>
  </Project>
  <BugInstance type="OBL_UNSATISFIED_OBLIGATION_EXCEPTION_EDGE" priority="2" rank="20" abbrev="OBL" category="EXPERIMENTAL">
    <Class classname="fit.FileRunner">
      <SourceLine classname="fit.FileRunner" start="17" end="80" sourcefile="FileRunner.java" sourcepath="fit/FileRunner.java"/>
    </Class>
    <Method classname="fit.FileRunner" name="read" signature="(Ljava/io/File;)Ljava/lang/String;" isStatic="false">
      <SourceLine classname="fit.FileRunner" start="64" end="68" startBytecode="0" endBytecode="75" sourcefile="FileRunner.java" sourcepath="fit/FileRunner.java"/>
    </Method>
    <Class classname="java.io.Reader" role="CLASS_REFTYPE">
      <SourceLine classname="java.io.Reader" start="66" end="249" sourcefile="Reader.java" sourcepath="java/io/Reader.java"/>
    </Class>
    <Int value="1" role="INT_OBLIGATIONS_REMAINING"/>
    <SourceLine classname="fit.FileRunner" start="65" end="65" startBytecode="13" endBytecode="13" sourcefile="FileRunner.java" sourcepath="fit/FileRunner.java" role="SOURCE_LINE_OBLIGATION_CREATED"/>
    <SourceLine classname="fit.FileRunner" start="66" end="66" startBytecode="17" endBytecode="17" sourcefile="FileRunner.java" sourcepath="fit/FileRunner.java" role="SOURCE_LINE_PATH_CONTINUES"/>
    <String value="{Reader x 1}" role="STRING_REMAINING_OBLIGATIONS"/>
  </BugInstance>
  <BugInstance type="OS_OPEN_STREAM_EXCEPTION_PATH" priority="3" rank="19" abbrev="OS" category="BAD_PRACTICE">
    <Class classname="fit.FileRunner">
      <SourceLine classname="fit.FileRunner" start="17" end="80" sourcefile="FileRunner.java" sourcepath="fit/FileRunner.java"/>
    </Class>
    <Method classname="fit.FileRunner" name="read" signature="(Ljava/io/File;)Ljava/lang/String;" isStatic="false">
      <SourceLine classname="fit.FileRunner" start="64" end="68" startBytecode="0" endBytecode="20" sourcefile="FileRunner.java" sourcepath="fit/FileRunner.java"/>
    </Method>
    <Type descriptor="Ljava/io/Reader;" role="TYPE_CLOSEIT">
      <SourceLine classname="java.io.Reader" start="66" end="249" sourcefile="Reader.java" sourcepath="java/io/Reader.java"/>
    </Type>
    <SourceLine classname="fit.FileRunner" start="65" end="65" startBytecode="8" endBytecode="8" sourcefile="FileRunner.java" sourcepath="fit/FileRunner.java"/>
  </BugInstance>
  <Errors errors="0" missingClasses="3">
    <MissingClass>fit.Counts</MissingClass>
    <MissingClass>fit.Fixture</MissingClass>
    <MissingClass>fit.Parse</MissingClass>
  </Errors>
  <FindBugsSummary timestamp="Sat, 28 Oct 2023 14:40:41 +0800" total_classes="1" referenced_classes="22" total_bugs="2" total_size="55" num_packages="1" java_version="1.8.0_382" vm_version="25.382-b05" cpu_seconds="6.32" clock_seconds="0.71" peak_mbytes="382.58" alloc_mbytes="1820.50" gc_seconds="0.04" priority_3="1" priority_2="1">
    <PackageStats package="fit" total_bugs="2" total_types="1" total_size="55" priority_3="1" priority_2="1">
      <ClassStats class="fit.FileRunner" sourceFile="FileRunner.java" interface="false" size="55" bugs="2" priority_3="1" priority_2="1"/>
    </PackageStats>
    <FindBugsProfile>
      <ClassProfile name="edu.umd.cs.findbugs.classfile.engine.ClassInfoAnalysisEngine" totalMilliseconds="122" invocations="376" avgMicrosecondsPerInvocation="327" maxMicrosecondsPerInvocation="9939" standardDeviationMicrosecondsPerInvocation="731"/>
      <ClassProfile name="edu.umd.cs.findbugs.detect.BuildObligationPolicyDatabase" totalMilliseconds="47" invocations="22" avgMicrosecondsPerInvocation="2146" maxMicrosecondsPerInvocation="40768" standardDeviationMicrosecondsPerInvocation="8433"/>
      <ClassProfile name="edu.umd.cs.findbugs.detect.FieldItemSummary" totalMilliseconds="25" invocations="22" avgMicrosecondsPerInvocation="1163" maxMicrosecondsPerInvocation="6368" standardDeviationMicrosecondsPerInvocation="1498"/>
      <ClassProfile name="edu.umd.cs.findbugs.detect.FindNoSideEffectMethods" totalMilliseconds="21" invocations="22" avgMicrosecondsPerInvocation="978" maxMicrosecondsPerInvocation="3444" standardDeviationMicrosecondsPerInvocation="1095"/>
      <ClassProfile name="edu.umd.cs.findbugs.classfile.engine.bcel.MethodGenFactory" totalMilliseconds="18" invocations="8" avgMicrosecondsPerInvocation="2329" maxMicrosecondsPerInvocation="17112" standardDeviationMicrosecondsPerInvocation="5589"/>
      <ClassProfile name="edu.umd.cs.findbugs.classfile.engine.bcel.JavaClassAnalysisEngine" totalMilliseconds="16" invocations="46" avgMicrosecondsPerInvocation="366" maxMicrosecondsPerInvocation="8749" standardDeviationMicrosecondsPerInvocation="1313"/>
      <ClassProfile name="edu.umd.cs.findbugs.OpcodeStack$JumpInfoFactory" totalMilliseconds="15" invocations="77" avgMicrosecondsPerInvocation="204" maxMicrosecondsPerInvocation="2903" standardDeviationMicrosecondsPerInvocation="398"/>
      <ClassProfile name="edu.umd.cs.findbugs.util.TopologicalSort" totalMilliseconds="15" invocations="340" avgMicrosecondsPerInvocation="44" maxMicrosecondsPerInvocation="644" standardDeviationMicrosecondsPerInvocation="79"/>
      <ClassProfile name="edu.umd.cs.findbugs.classfile.engine.bcel.ValueNumberDataflowFactory" totalMilliseconds="13" invocations="10" avgMicrosecondsPerInvocation="1307" maxMicrosecondsPerInvocation="6781" standardDeviationMicrosecondsPerInvocation="1903"/>
      <ClassProfile name="edu.umd.cs.findbugs.classfile.engine.bcel.CFGFactory" totalMilliseconds="12" invocations="8" avgMicrosecondsPerInvocation="1501" maxMicrosecondsPerInvocation="7316" standardDeviationMicrosecondsPerInvocation="2247"/>
      <ClassProfile name="edu.umd.cs.findbugs.classfile.engine.bcel.TypeDataflowFactory" totalMilliseconds="11" invocations="10" avgMicrosecondsPerInvocation="1176" maxMicrosecondsPerInvocation="5289" standardDeviationMicrosecondsPerInvocation="1520"/>
    </FindBugsProfile>
  </FindBugsSummary>
  <ClassFeatures></ClassFeatures>
  <History></History>
</BugCollection>
