<?xml version="1.0" encoding="UTF-8"?>

<BugCollection version="4.7.3" sequence="0" timestamp="1698475208691" analysisTimestamp="1698514984624" release="">
  <Project projectName="">
    <Jar>/mnt/disk3/lty/JLeaks/data/classfile/bug-801-ce4f80bf8e8747bbe3a80a9117f058ab0d416725fe28bc54eb47766b578554ad.class</Jar>
  </Project>
  <Errors errors="0" missingClasses="4">
    <MissingClass>com.orientechnologies.common.thread.OSoftThread</MissingClass>
    <MissingClass>com.orientechnologies.orient.client.binary.OChannelBinaryAsynchClient</MissingClass>
    <MissingClass>com.orientechnologies.orient.core.Orient</MissingClass>
    <MissingClass>com.orientechnologies.orient.enterprise.channel.binary.ORemoteServerEventListener</MissingClass>
  </Errors>
  <FindBugsSummary timestamp="Sat, 28 Oct 2023 14:40:08 +0800" total_classes="1" referenced_classes="11" total_bugs="0" total_size="29" num_packages="1" java_version="1.8.0_382" vm_version="25.382-b05" cpu_seconds="4.59" clock_seconds="0.60" peak_mbytes="370.42" alloc_mbytes="1820.50" gc_seconds="0.04">
    <PackageStats package="com.orientechnologies.orient.client.binary" total_bugs="0" total_types="1" total_size="29">
      <ClassStats class="com.orientechnologies.orient.client.binary.OAsynchChannelServiceThread" sourceFile="OAsynchChannelServiceThread.java" interface="false" size="29" bugs="0"/>
    </PackageStats>
    <FindBugsProfile>
      <ClassProfile name="edu.umd.cs.findbugs.classfile.engine.ClassInfoAnalysisEngine" totalMilliseconds="97" invocations="272" avgMicrosecondsPerInvocation="358" maxMicrosecondsPerInvocation="9544" standardDeviationMicrosecondsPerInvocation="852"/>
      <ClassProfile name="edu.umd.cs.findbugs.detect.FindNoSideEffectMethods" totalMilliseconds="51" invocations="11" avgMicrosecondsPerInvocation="4688" maxMicrosecondsPerInvocation="40728" standardDeviationMicrosecondsPerInvocation="11436"/>
      <ClassProfile name="edu.umd.cs.findbugs.classfile.engine.bcel.MethodGenFactory" totalMilliseconds="18" invocations="2" avgMicrosecondsPerInvocation="9392" maxMicrosecondsPerInvocation="18016" standardDeviationMicrosecondsPerInvocation="8624"/>
      <ClassProfile name="edu.umd.cs.findbugs.detect.FieldItemSummary" totalMilliseconds="18" invocations="11" avgMicrosecondsPerInvocation="1652" maxMicrosecondsPerInvocation="6262" standardDeviationMicrosecondsPerInvocation="1781"/>
      <ClassProfile name="edu.umd.cs.findbugs.OpcodeStack$JumpInfoFactory" totalMilliseconds="14" invocations="49" avgMicrosecondsPerInvocation="300" maxMicrosecondsPerInvocation="1648" standardDeviationMicrosecondsPerInvocation="321"/>
      <ClassProfile name="edu.umd.cs.findbugs.classfile.engine.bcel.JavaClassAnalysisEngine" totalMilliseconds="14" invocations="32" avgMicrosecondsPerInvocation="452" maxMicrosecondsPerInvocation="8359" standardDeviationMicrosecondsPerInvocation="1465"/>
      <ClassProfile name="edu.umd.cs.findbugs.util.TopologicalSort" totalMilliseconds="12" invocations="239" avgMicrosecondsPerInvocation="52" maxMicrosecondsPerInvocation="633" standardDeviationMicrosecondsPerInvocation="90"/>
    </FindBugsProfile>
  </FindBugsSummary>
  <ClassFeatures></ClassFeatures>
  <History></History>
</BugCollection>
