<?xml version="1.0" encoding="UTF-8"?>

<BugCollection version="4.7.3" sequence="0" timestamp="1698475159369" analysisTimestamp="1698512104372" release="">
  <Project projectName="">
    <Jar>/mnt/disk3/lty/JLeaks/data/classfile/bug-434-f799edeb48c4bff60b17213ba1dba40d4b32e6b9b1a1a108d100cfc3bdd32046.class</Jar>
  </Project>
  <BugInstance type="ODR_OPEN_DATABASE_RESOURCE_EXCEPTION_PATH" priority="3" rank="19" abbrev="ODR" category="BAD_PRACTICE">
    <Class classname="org.flywaydb.core.api.output.CommandResultFactory">
      <SourceLine classname="org.flywaydb.core.api.output.CommandResultFactory" start="31" end="202" sourcefile="CommandResultFactory.java" sourcepath="org/flywaydb/core/api/output/CommandResultFactory.java"/>
    </Class>
    <Method classname="org.flywaydb.core.api.output.CommandResultFactory" name="getDatabaseName" signature="(Lorg/flywaydb/core/api/configuration/Configuration;Lorg/flywaydb/core/internal/database/base/Database;)Ljava/lang/String;" isStatic="true">
      <SourceLine classname="org.flywaydb.core.api.output.CommandResultFactory" start="99" end="104" startBytecode="0" endBytecode="18" sourcefile="CommandResultFactory.java" sourcepath="org/flywaydb/core/api/output/CommandResultFactory.java"/>
    </Method>
    <Type descriptor="Ljava/sql/Connection;" role="TYPE_CLOSEIT">
      <SourceLine classname="java.sql.Connection" sourcefile="Connection.java" sourcepath="java/sql/Connection.java"/>
    </Type>
    <SourceLine classname="org.flywaydb.core.api.output.CommandResultFactory" start="99" end="99" startBytecode="6" endBytecode="6" sourcefile="CommandResultFactory.java" sourcepath="org/flywaydb/core/api/output/CommandResultFactory.java"/>
  </BugInstance>
  <Errors errors="0" missingClasses="22">
    <MissingClass>org.flywaydb.core.api.ErrorDetails</MissingClass>
    <MissingClass>org.flywaydb.core.api.MigrationInfo</MissingClass>
    <MissingClass>org.flywaydb.core.api.MigrationState</MissingClass>
    <MissingClass>org.flywaydb.core.api.MigrationType</MissingClass>
    <MissingClass>org.flywaydb.core.api.MigrationVersion</MissingClass>
    <MissingClass>org.flywaydb.core.api.configuration.Configuration</MissingClass>
    <MissingClass>org.flywaydb.core.api.output.BaselineResult</MissingClass>
    <MissingClass>org.flywaydb.core.api.output.CleanResult</MissingClass>
    <MissingClass>org.flywaydb.core.api.output.InfoOutput</MissingClass>
    <MissingClass>org.flywaydb.core.api.output.InfoResult</MissingClass>
    <MissingClass>org.flywaydb.core.api.output.MigrateOutput</MissingClass>
    <MissingClass>org.flywaydb.core.api.output.MigrateResult</MissingClass>
    <MissingClass>org.flywaydb.core.api.output.RepairOutput</MissingClass>
    <MissingClass>org.flywaydb.core.api.output.RepairResult</MissingClass>
    <MissingClass>org.flywaydb.core.api.output.UndoOutput</MissingClass>
    <MissingClass>org.flywaydb.core.api.output.UndoResult</MissingClass>
    <MissingClass>org.flywaydb.core.api.output.ValidateOutput</MissingClass>
    <MissingClass>org.flywaydb.core.api.output.ValidateResult</MissingClass>
    <MissingClass>org.flywaydb.core.api.resolver.ResolvedMigration</MissingClass>
    <MissingClass>org.flywaydb.core.internal.database.base.Database</MissingClass>
    <MissingClass>org.flywaydb.core.internal.license.VersionPrinter</MissingClass>
    <MissingClass>org.flywaydb.core.internal.schemahistory.AppliedMigration</MissingClass>
  </Errors>
  <FindBugsSummary timestamp="Sat, 28 Oct 2023 14:39:19 +0800" total_classes="1" referenced_classes="20" total_bugs="1" total_size="94" num_packages="1" java_version="1.8.0_382" vm_version="25.382-b05" cpu_seconds="7.03" clock_seconds="0.78" peak_mbytes="390.76" alloc_mbytes="1820.50" gc_seconds="0.05" priority_3="1">
    <PackageStats package="org.flywaydb.core.api.output" total_bugs="1" total_types="1" total_size="94" priority_3="1">
      <ClassStats class="org.flywaydb.core.api.output.CommandResultFactory" sourceFile="CommandResultFactory.java" interface="false" size="94" bugs="1" priority_3="1"/>
    </PackageStats>
    <FindBugsProfile>
      <ClassProfile name="edu.umd.cs.findbugs.classfile.engine.ClassInfoAnalysisEngine" totalMilliseconds="116" invocations="407" avgMicrosecondsPerInvocation="286" maxMicrosecondsPerInvocation="10295" standardDeviationMicrosecondsPerInvocation="701"/>
      <ClassProfile name="edu.umd.cs.findbugs.detect.FieldItemSummary" totalMilliseconds="26" invocations="20" avgMicrosecondsPerInvocation="1336" maxMicrosecondsPerInvocation="6417" standardDeviationMicrosecondsPerInvocation="1677"/>
      <ClassProfile name="edu.umd.cs.findbugs.detect.FunctionsThatMightBeMistakenForProcedures" totalMilliseconds="22" invocations="20" avgMicrosecondsPerInvocation="1147" maxMicrosecondsPerInvocation="17401" standardDeviationMicrosecondsPerInvocation="3752"/>
      <ClassProfile name="edu.umd.cs.findbugs.OpcodeStack$JumpInfoFactory" totalMilliseconds="22" invocations="94" avgMicrosecondsPerInvocation="235" maxMicrosecondsPerInvocation="2511" standardDeviationMicrosecondsPerInvocation="351"/>
      <ClassProfile name="edu.umd.cs.findbugs.detect.FindOpenStream" totalMilliseconds="20" invocations="1" avgMicrosecondsPerInvocation="20668" maxMicrosecondsPerInvocation="20668" standardDeviationMicrosecondsPerInvocation="0"/>
      <ClassProfile name="edu.umd.cs.findbugs.classfile.engine.bcel.IsNullValueDataflowFactory" totalMilliseconds="19" invocations="19" avgMicrosecondsPerInvocation="1028" maxMicrosecondsPerInvocation="6474" standardDeviationMicrosecondsPerInvocation="1445"/>
      <ClassProfile name="edu.umd.cs.findbugs.classfile.engine.bcel.MethodGenFactory" totalMilliseconds="18" invocations="19" avgMicrosecondsPerInvocation="982" maxMicrosecondsPerInvocation="15996" standardDeviationMicrosecondsPerInvocation="3543"/>
      <ClassProfile name="edu.umd.cs.findbugs.detect.FindNoSideEffectMethods" totalMilliseconds="17" invocations="20" avgMicrosecondsPerInvocation="897" maxMicrosecondsPerInvocation="3480" standardDeviationMicrosecondsPerInvocation="1110"/>
      <ClassProfile name="edu.umd.cs.findbugs.classfile.engine.bcel.JavaClassAnalysisEngine" totalMilliseconds="16" invocations="64" avgMicrosecondsPerInvocation="252" maxMicrosecondsPerInvocation="8449" standardDeviationMicrosecondsPerInvocation="1068"/>
      <ClassProfile name="edu.umd.cs.findbugs.classfile.engine.bcel.TypeDataflowFactory" totalMilliseconds="15" invocations="19" avgMicrosecondsPerInvocation="825" maxMicrosecondsPerInvocation="4847" standardDeviationMicrosecondsPerInvocation="1185"/>
      <ClassProfile name="edu.umd.cs.findbugs.classfile.engine.bcel.ValueNumberDataflowFactory" totalMilliseconds="15" invocations="19" avgMicrosecondsPerInvocation="822" maxMicrosecondsPerInvocation="6586" standardDeviationMicrosecondsPerInvocation="1550"/>
      <ClassProfile name="edu.umd.cs.findbugs.util.TopologicalSort" totalMilliseconds="14" invocations="352" avgMicrosecondsPerInvocation="41" maxMicrosecondsPerInvocation="629" standardDeviationMicrosecondsPerInvocation="76"/>
      <ClassProfile name="edu.umd.cs.findbugs.classfile.engine.bcel.CFGFactory" totalMilliseconds="13" invocations="19" avgMicrosecondsPerInvocation="707" maxMicrosecondsPerInvocation="6784" standardDeviationMicrosecondsPerInvocation="1465"/>
      <ClassProfile name="edu.umd.cs.findbugs.detect.NoteDirectlyRelevantTypeQualifiers" totalMilliseconds="11" invocations="20" avgMicrosecondsPerInvocation="562" maxMicrosecondsPerInvocation="4713" standardDeviationMicrosecondsPerInvocation="1009"/>
      <ClassProfile name="edu.umd.cs.findbugs.classfile.engine.bcel.UnconditionalValueDerefDataflowFactory" totalMilliseconds="11" invocations="19" avgMicrosecondsPerInvocation="591" maxMicrosecondsPerInvocation="2143" standardDeviationMicrosecondsPerInvocation="600"/>
    </FindBugsProfile>
  </FindBugsSummary>
  <ClassFeatures></ClassFeatures>
  <History></History>
</BugCollection>
