<?xml version="1.0" encoding="UTF-8"?>

<BugCollection version="4.7.3" sequence="0" timestamp="1698475179465" analysisTimestamp="1698513050151" release="">
  <Project projectName="">
    <Jar>/mnt/disk3/lty/JLeaks/data/classfile/bug-590-9ed8951fb936dd9c23a5ac2f2be56f775c066ade7fdaa58dbab5d0646c255b7a.class</Jar>
  </Project>
  <BugInstance type="OS_OPEN_STREAM" priority="2" rank="16" abbrev="OS" category="BAD_PRACTICE">
    <Class classname="hudson.util.Service">
      <SourceLine classname="hudson.util.Service" start="43" end="114" sourcefile="Service.java" sourcepath="hudson/util/Service.java"/>
    </Class>
    <Method classname="hudson.util.Service" name="loadInstances" signature="(Ljava/lang/ClassLoader;Ljava/lang/Class;)Ljava/util/List;" isStatic="true">
      <SourceLine classname="hudson.util.Service" start="48" end="74" startBytecode="0" endBytecode="110" sourcefile="Service.java" sourcepath="hudson/util/Service.java"/>
    </Method>
    <Type descriptor="Ljava/io/Reader;" role="TYPE_CLOSEIT">
      <SourceLine classname="java.io.Reader" start="66" end="249" sourcefile="Reader.java" sourcepath="java/io/Reader.java"/>
    </Type>
    <SourceLine classname="hudson.util.Service" start="53" end="53" startBytecode="55" endBytecode="55" sourcefile="Service.java" sourcepath="hudson/util/Service.java"/>
  </BugInstance>
  <Errors errors="0" missingClasses="0"></Errors>
  <FindBugsSummary timestamp="Sat, 28 Oct 2023 14:39:39 +0800" total_classes="1" referenced_classes="26" total_bugs="1" total_size="52" num_packages="1" java_version="1.8.0_382" vm_version="25.382-b05" cpu_seconds="7.24" clock_seconds="0.77" peak_mbytes="404.42" alloc_mbytes="1820.50" gc_seconds="0.04" priority_2="1">
    <PackageStats package="hudson.util" total_bugs="1" total_types="1" total_size="52" priority_2="1">
      <ClassStats class="hudson.util.Service" sourceFile="Service.java" interface="false" size="52" bugs="1" priority_2="1"/>
    </PackageStats>
    <FindBugsProfile>
      <ClassProfile name="edu.umd.cs.findbugs.classfile.engine.ClassInfoAnalysisEngine" totalMilliseconds="115" invocations="399" avgMicrosecondsPerInvocation="288" maxMicrosecondsPerInvocation="10202" standardDeviationMicrosecondsPerInvocation="694"/>
      <ClassProfile name="edu.umd.cs.findbugs.detect.NoteDirectlyRelevantTypeQualifiers" totalMilliseconds="53" invocations="26" avgMicrosecondsPerInvocation="2041" maxMicrosecondsPerInvocation="42169" standardDeviationMicrosecondsPerInvocation="8075"/>
      <ClassProfile name="edu.umd.cs.findbugs.detect.FieldItemSummary" totalMilliseconds="27" invocations="26" avgMicrosecondsPerInvocation="1075" maxMicrosecondsPerInvocation="6427" standardDeviationMicrosecondsPerInvocation="1492"/>
      <ClassProfile name="edu.umd.cs.findbugs.classfile.engine.bcel.ValueNumberDataflowFactory" totalMilliseconds="22" invocations="6" avgMicrosecondsPerInvocation="3766" maxMicrosecondsPerInvocation="7670" standardDeviationMicrosecondsPerInvocation="2537"/>
      <ClassProfile name="edu.umd.cs.findbugs.classfile.engine.bcel.TypeDataflowFactory" totalMilliseconds="22" invocations="6" avgMicrosecondsPerInvocation="3728" maxMicrosecondsPerInvocation="6290" standardDeviationMicrosecondsPerInvocation="1732"/>
      <ClassProfile name="edu.umd.cs.findbugs.classfile.engine.bcel.IsNullValueDataflowFactory" totalMilliseconds="21" invocations="4" avgMicrosecondsPerInvocation="5307" maxMicrosecondsPerInvocation="15419" standardDeviationMicrosecondsPerInvocation="6192"/>
      <ClassProfile name="edu.umd.cs.findbugs.OpcodeStack$JumpInfoFactory" totalMilliseconds="20" invocations="104" avgMicrosecondsPerInvocation="199" maxMicrosecondsPerInvocation="1697" standardDeviationMicrosecondsPerInvocation="247"/>
      <ClassProfile name="edu.umd.cs.findbugs.detect.FindNoSideEffectMethods" totalMilliseconds="20" invocations="26" avgMicrosecondsPerInvocation="782" maxMicrosecondsPerInvocation="3224" standardDeviationMicrosecondsPerInvocation="926"/>
      <ClassProfile name="edu.umd.cs.findbugs.classfile.engine.bcel.MethodGenFactory" totalMilliseconds="18" invocations="4" avgMicrosecondsPerInvocation="4510" maxMicrosecondsPerInvocation="16394" standardDeviationMicrosecondsPerInvocation="6871"/>
      <ClassProfile name="edu.umd.cs.findbugs.classfile.engine.bcel.JavaClassAnalysisEngine" totalMilliseconds="16" invocations="55" avgMicrosecondsPerInvocation="302" maxMicrosecondsPerInvocation="8369" standardDeviationMicrosecondsPerInvocation="1132"/>
      <ClassProfile name="edu.umd.cs.findbugs.util.TopologicalSort" totalMilliseconds="15" invocations="366" avgMicrosecondsPerInvocation="41" maxMicrosecondsPerInvocation="623" standardDeviationMicrosecondsPerInvocation="72"/>
      <ClassProfile name="edu.umd.cs.findbugs.classfile.engine.bcel.UnconditionalValueDerefDataflowFactory" totalMilliseconds="14" invocations="4" avgMicrosecondsPerInvocation="3563" maxMicrosecondsPerInvocation="9845" standardDeviationMicrosecondsPerInvocation="3981"/>
      <ClassProfile name="edu.umd.cs.findbugs.classfile.engine.bcel.CFGFactory" totalMilliseconds="12" invocations="4" avgMicrosecondsPerInvocation="3188" maxMicrosecondsPerInvocation="6796" standardDeviationMicrosecondsPerInvocation="2369"/>
    </FindBugsProfile>
  </FindBugsSummary>
  <ClassFeatures></ClassFeatures>
  <History></History>
</BugCollection>
