<?xml version="1.0" encoding="UTF-8"?>

<BugCollection version="4.7.3" sequence="0" timestamp="1698475200976" analysisTimestamp="1698513868185" release="">
  <Project projectName="">
    <Jar>/mnt/disk3/lty/JLeaks/data/classfile/bug-747-0c16ddb7f3f2bb2e75435bdb5d8c2e4c4561c17c17938ccecf5478165b664b42.class</Jar>
  </Project>
  <Errors errors="0" missingClasses="12">
    <MissingClass>com.notnoop.apns.ApnsDelegate</MissingClass>
    <MissingClass>com.notnoop.apns.ApnsNotification</MissingClass>
    <MissingClass>com.notnoop.apns.ReconnectPolicy</MissingClass>
    <MissingClass>com.notnoop.apns.SimpleApnsNotification</MissingClass>
    <MissingClass>com.notnoop.apns.internal.ApnsConnection</MissingClass>
    <MissingClass>com.notnoop.apns.internal.ApnsConnectionImpl$1MonitoringThread</MissingClass>
    <MissingClass>com.notnoop.apns.internal.ReconnectPolicies$Never</MissingClass>
    <MissingClass>com.notnoop.apns.internal.TlsTunnelBuilder</MissingClass>
    <MissingClass>com.notnoop.apns.internal.Utilities</MissingClass>
    <MissingClass>com.notnoop.exceptions.NetworkIOException</MissingClass>
    <MissingClass>org.slf4j.Logger</MissingClass>
    <MissingClass>org.slf4j.LoggerFactory</MissingClass>
  </Errors>
  <FindBugsSummary timestamp="Sat, 28 Oct 2023 14:40:00 +0800" total_classes="1" referenced_classes="21" total_bugs="0" total_size="101" num_packages="1" java_version="1.8.0_382" vm_version="25.382-b05" cpu_seconds="6.22" clock_seconds="0.74" peak_mbytes="416.21" alloc_mbytes="1820.50" gc_seconds="0.04">
    <PackageStats package="com.notnoop.apns.internal" total_bugs="0" total_types="1" total_size="101">
      <ClassStats class="com.notnoop.apns.internal.ApnsConnectionImpl" sourceFile="ApnsConnectionImpl.java" interface="false" size="101" bugs="0"/>
    </PackageStats>
    <FindBugsProfile>
      <ClassProfile name="edu.umd.cs.findbugs.classfile.engine.ClassInfoAnalysisEngine" totalMilliseconds="108" invocations="384" avgMicrosecondsPerInvocation="281" maxMicrosecondsPerInvocation="12385" standardDeviationMicrosecondsPerInvocation="792"/>
      <ClassProfile name="edu.umd.cs.findbugs.detect.FindNoSideEffectMethods" totalMilliseconds="61" invocations="21" avgMicrosecondsPerInvocation="2907" maxMicrosecondsPerInvocation="43335" standardDeviationMicrosecondsPerInvocation="9116"/>
      <ClassProfile name="edu.umd.cs.findbugs.detect.FieldItemSummary" totalMilliseconds="24" invocations="21" avgMicrosecondsPerInvocation="1146" maxMicrosecondsPerInvocation="6347" standardDeviationMicrosecondsPerInvocation="1606"/>
      <ClassProfile name="edu.umd.cs.findbugs.classfile.engine.bcel.MethodGenFactory" totalMilliseconds="18" invocations="13" avgMicrosecondsPerInvocation="1452" maxMicrosecondsPerInvocation="16774" standardDeviationMicrosecondsPerInvocation="4427"/>
      <ClassProfile name="edu.umd.cs.findbugs.classfile.engine.bcel.ValueNumberDataflowFactory" totalMilliseconds="18" invocations="13" avgMicrosecondsPerInvocation="1388" maxMicrosecondsPerInvocation="6785" standardDeviationMicrosecondsPerInvocation="2249"/>
      <ClassProfile name="edu.umd.cs.findbugs.classfile.engine.bcel.IsNullValueDataflowFactory" totalMilliseconds="17" invocations="13" avgMicrosecondsPerInvocation="1344" maxMicrosecondsPerInvocation="5205" standardDeviationMicrosecondsPerInvocation="1805"/>
      <ClassProfile name="edu.umd.cs.findbugs.classfile.engine.bcel.JavaClassAnalysisEngine" totalMilliseconds="16" invocations="53" avgMicrosecondsPerInvocation="309" maxMicrosecondsPerInvocation="8557" standardDeviationMicrosecondsPerInvocation="1182"/>
      <ClassProfile name="edu.umd.cs.findbugs.OpcodeStack$JumpInfoFactory" totalMilliseconds="15" invocations="75" avgMicrosecondsPerInvocation="212" maxMicrosecondsPerInvocation="1679" standardDeviationMicrosecondsPerInvocation="273"/>
      <ClassProfile name="edu.umd.cs.findbugs.classfile.engine.bcel.TypeDataflowFactory" totalMilliseconds="14" invocations="13" avgMicrosecondsPerInvocation="1090" maxMicrosecondsPerInvocation="5178" standardDeviationMicrosecondsPerInvocation="1676"/>
      <ClassProfile name="edu.umd.cs.findbugs.util.TopologicalSort" totalMilliseconds="14" invocations="338" avgMicrosecondsPerInvocation="41" maxMicrosecondsPerInvocation="613" standardDeviationMicrosecondsPerInvocation="77"/>
      <ClassProfile name="edu.umd.cs.findbugs.classfile.engine.bcel.CFGFactory" totalMilliseconds="12" invocations="13" avgMicrosecondsPerInvocation="943" maxMicrosecondsPerInvocation="6728" standardDeviationMicrosecondsPerInvocation="1747"/>
      <ClassProfile name="edu.umd.cs.findbugs.classfile.engine.bcel.UnconditionalValueDerefDataflowFactory" totalMilliseconds="11" invocations="12" avgMicrosecondsPerInvocation="955" maxMicrosecondsPerInvocation="5301" standardDeviationMicrosecondsPerInvocation="1424"/>
    </FindBugsProfile>
  </FindBugsSummary>
  <ClassFeatures></ClassFeatures>
  <History></History>
</BugCollection>
