<?xml version="1.0" encoding="UTF-8"?>

<BugCollection version="4.7.3" sequence="0" timestamp="1698475249802" analysisTimestamp="1698520688689" release="">
  <Project projectName="">
    <Jar>/mnt/disk3/lty/JLeaks/data/classfile/bug-1074-17e3b8fa9a4305fd75eecb39f34601bd2381dcb4e80966a562308580ed6dffe8.class</Jar>
  </Project>
  <Errors errors="0" missingClasses="7">
    <MissingClass>com.thoughtworks.xstream.XStream</MissingClass>
    <MissingClass>com.thoughtworks.xstream.core.util.DefaultDriver</MissingClass>
    <MissingClass>com.thoughtworks.xstream.io.HierarchicalStreamDriver</MissingClass>
    <MissingClass>com.thoughtworks.xstream.io.StreamException</MissingClass>
    <MissingClass>com.thoughtworks.xstream.security.TypeHierarchyPermission</MissingClass>
    <MissingClass>com.thoughtworks.xstream.security.TypePermission</MissingClass>
    <MissingClass>com.thoughtworks.xstream.security.WildcardTypePermission</MissingClass>
  </Errors>
  <FindBugsSummary timestamp="Sat, 28 Oct 2023 14:40:49 +0800" total_classes="1" referenced_classes="21" total_bugs="0" total_size="71" num_packages="1" java_version="1.8.0_382" vm_version="25.382-b05" cpu_seconds="6.62" clock_seconds="0.75" peak_mbytes="385.31" alloc_mbytes="1820.50" gc_seconds="0.04">
    <PackageStats package="com.thoughtworks.xstream" total_bugs="0" total_types="1" total_size="71">
      <ClassStats class="com.thoughtworks.xstream.XStreamer" sourceFile="XStreamer.java" interface="false" size="71" bugs="0"/>
    </PackageStats>
    <FindBugsProfile>
      <ClassProfile name="edu.umd.cs.findbugs.classfile.engine.ClassInfoAnalysisEngine" totalMilliseconds="120" invocations="415" avgMicrosecondsPerInvocation="290" maxMicrosecondsPerInvocation="11160" standardDeviationMicrosecondsPerInvocation="754"/>
      <ClassProfile name="edu.umd.cs.findbugs.detect.FunctionsThatMightBeMistakenForProcedures" totalMilliseconds="51" invocations="21" avgMicrosecondsPerInvocation="2448" maxMicrosecondsPerInvocation="45824" standardDeviationMicrosecondsPerInvocation="9706"/>
      <ClassProfile name="edu.umd.cs.findbugs.detect.FieldItemSummary" totalMilliseconds="28" invocations="21" avgMicrosecondsPerInvocation="1362" maxMicrosecondsPerInvocation="6140" standardDeviationMicrosecondsPerInvocation="1753"/>
      <ClassProfile name="edu.umd.cs.findbugs.detect.FindNoSideEffectMethods" totalMilliseconds="24" invocations="21" avgMicrosecondsPerInvocation="1161" maxMicrosecondsPerInvocation="5646" standardDeviationMicrosecondsPerInvocation="1539"/>
      <ClassProfile name="edu.umd.cs.findbugs.OpcodeStack$JumpInfoFactory" totalMilliseconds="22" invocations="87" avgMicrosecondsPerInvocation="263" maxMicrosecondsPerInvocation="1657" standardDeviationMicrosecondsPerInvocation="335"/>
      <ClassProfile name="edu.umd.cs.findbugs.classfile.engine.bcel.MethodGenFactory" totalMilliseconds="18" invocations="13" avgMicrosecondsPerInvocation="1453" maxMicrosecondsPerInvocation="16384" standardDeviationMicrosecondsPerInvocation="4312"/>
      <ClassProfile name="edu.umd.cs.findbugs.classfile.engine.bcel.JavaClassAnalysisEngine" totalMilliseconds="18" invocations="51" avgMicrosecondsPerInvocation="362" maxMicrosecondsPerInvocation="9096" standardDeviationMicrosecondsPerInvocation="1278"/>
      <ClassProfile name="edu.umd.cs.findbugs.util.TopologicalSort" totalMilliseconds="14" invocations="355" avgMicrosecondsPerInvocation="42" maxMicrosecondsPerInvocation="570" standardDeviationMicrosecondsPerInvocation="75"/>
      <ClassProfile name="edu.umd.cs.findbugs.classfile.engine.bcel.IsNullValueDataflowFactory" totalMilliseconds="13" invocations="13" avgMicrosecondsPerInvocation="1051" maxMicrosecondsPerInvocation="8578" standardDeviationMicrosecondsPerInvocation="2196"/>
      <ClassProfile name="edu.umd.cs.findbugs.classfile.engine.bcel.TypeDataflowFactory" totalMilliseconds="13" invocations="13" avgMicrosecondsPerInvocation="1050" maxMicrosecondsPerInvocation="4766" standardDeviationMicrosecondsPerInvocation="1176"/>
      <ClassProfile name="edu.umd.cs.findbugs.classfile.engine.bcel.ValueNumberDataflowFactory" totalMilliseconds="13" invocations="13" avgMicrosecondsPerInvocation="1048" maxMicrosecondsPerInvocation="6756" standardDeviationMicrosecondsPerInvocation="1712"/>
      <ClassProfile name="edu.umd.cs.findbugs.classfile.engine.bcel.CFGFactory" totalMilliseconds="13" invocations="13" avgMicrosecondsPerInvocation="1029" maxMicrosecondsPerInvocation="6564" standardDeviationMicrosecondsPerInvocation="1660"/>
      <ClassProfile name="edu.umd.cs.findbugs.detect.NoteDirectlyRelevantTypeQualifiers" totalMilliseconds="12" invocations="21" avgMicrosecondsPerInvocation="585" maxMicrosecondsPerInvocation="4393" standardDeviationMicrosecondsPerInvocation="1004"/>
    </FindBugsProfile>
  </FindBugsSummary>
  <ClassFeatures></ClassFeatures>
  <History></History>
</BugCollection>
