<?xml version="1.0" encoding="UTF-8"?>

<BugCollection version="4.7.3" sequence="0" timestamp="1698475146114" analysisTimestamp="1698511188265" release="">
  <Project projectName="">
    <Jar>/mnt/disk3/lty/JLeaks/data/classfile/bug-326-be3a312711e6e8f61bac95607e53fbcec93b040b2ab1b0623709e1284d7b4676.class</Jar>
  </Project>
  <Errors errors="0" missingClasses="10">
    <MissingClass>org.dcm4che.data.Attributes</MissingClass>
    <MissingClass>org.dcm4che.data.VR</MissingClass>
    <MissingClass>org.dcm4che.net.Association</MissingClass>
    <MissingClass>org.dcm4che.net.Commands</MissingClass>
    <MissingClass>org.dcm4che.net.Device</MissingClass>
    <MissingClass>org.dcm4che.net.service.BasicCFindSCP$1</MissingClass>
    <MissingClass>org.dcm4che.net.service.BasicCFindSCP$DimseRSPWriter</MissingClass>
    <MissingClass>org.dcm4che.net.service.BasicMatches</MissingClass>
    <MissingClass>org.dcm4che.net.service.DicomService</MissingClass>
    <MissingClass>org.dcm4che.net.service.Matches</MissingClass>
  </Errors>
  <FindBugsSummary timestamp="Sat, 28 Oct 2023 14:39:06 +0800" total_classes="1" referenced_classes="8" total_bugs="0" total_size="32" num_packages="1" java_version="1.8.0_382" vm_version="25.382-b05" cpu_seconds="4.15" clock_seconds="0.56" peak_mbytes="391.52" alloc_mbytes="1820.50" gc_seconds="0.04">
    <PackageStats package="org.dcm4che.net.service" total_bugs="0" total_types="1" total_size="32">
      <ClassStats class="org.dcm4che.net.service.BasicCFindSCP" sourceFile="BasicCFindSCP.java" interface="false" size="32" bugs="0"/>
    </PackageStats>
    <FindBugsProfile>
      <ClassProfile name="edu.umd.cs.findbugs.classfile.engine.ClassInfoAnalysisEngine" totalMilliseconds="93" invocations="291" avgMicrosecondsPerInvocation="321" maxMicrosecondsPerInvocation="9778" standardDeviationMicrosecondsPerInvocation="800"/>
      <ClassProfile name="edu.umd.cs.findbugs.detect.FindNoSideEffectMethods" totalMilliseconds="48" invocations="8" avgMicrosecondsPerInvocation="6091" maxMicrosecondsPerInvocation="41291" standardDeviationMicrosecondsPerInvocation="13344"/>
      <ClassProfile name="edu.umd.cs.findbugs.OpcodeStack$JumpInfoFactory" totalMilliseconds="16" invocations="53" avgMicrosecondsPerInvocation="307" maxMicrosecondsPerInvocation="1992" standardDeviationMicrosecondsPerInvocation="387"/>
      <ClassProfile name="edu.umd.cs.findbugs.classfile.engine.bcel.MethodGenFactory" totalMilliseconds="15" invocations="5" avgMicrosecondsPerInvocation="3119" maxMicrosecondsPerInvocation="14471" standardDeviationMicrosecondsPerInvocation="5679"/>
      <ClassProfile name="edu.umd.cs.findbugs.classfile.engine.bcel.JavaClassAnalysisEngine" totalMilliseconds="14" invocations="26" avgMicrosecondsPerInvocation="549" maxMicrosecondsPerInvocation="8891" standardDeviationMicrosecondsPerInvocation="1721"/>
      <ClassProfile name="edu.umd.cs.findbugs.util.TopologicalSort" totalMilliseconds="13" invocations="248" avgMicrosecondsPerInvocation="53" maxMicrosecondsPerInvocation="726" standardDeviationMicrosecondsPerInvocation="92"/>
      <ClassProfile name="edu.umd.cs.findbugs.detect.FieldItemSummary" totalMilliseconds="12" invocations="8" avgMicrosecondsPerInvocation="1523" maxMicrosecondsPerInvocation="5549" standardDeviationMicrosecondsPerInvocation="1875"/>
    </FindBugsProfile>
  </FindBugsSummary>
  <ClassFeatures></ClassFeatures>
  <History></History>
</BugCollection>
