<?xml version="1.0" encoding="UTF-8"?>

<BugCollection version="4.7.3" sequence="0" timestamp="1698475217147" analysisTimestamp="1698515099326" release="">
  <Project projectName="">
    <Jar>/mnt/disk3/lty/JLeaks/data/classfile/bug-859-e9011c1b1568befd8ecf7357f62fa18967fd48c324444118d1cefdc1398ae43e.class</Jar>
  </Project>
  <Errors errors="0" missingClasses="2">
    <MissingClass>com.prometheus.jmx4prometheus.JmxScraper$MBeanFormatter</MissingClass>
    <MissingClass>com.prometheus.jmx4prometheus.JmxScraper$StdoutWriter</MissingClass>
  </Errors>
  <FindBugsSummary timestamp="Sat, 28 Oct 2023 14:40:17 +0800" total_classes="1" referenced_classes="39" total_bugs="0" total_size="157" num_packages="1" java_version="1.8.0_382" vm_version="25.382-b05" cpu_seconds="8.77" clock_seconds="0.91" peak_mbytes="398.02" alloc_mbytes="1820.50" gc_seconds="0.04">
    <PackageStats package="com.prometheus.jmx4prometheus" total_bugs="0" total_types="1" total_size="157">
      <ClassStats class="com.prometheus.jmx4prometheus.JmxScraper" sourceFile="JmxScraper.java" interface="false" size="157" bugs="0"/>
    </PackageStats>
    <FindBugsProfile>
      <ClassProfile name="edu.umd.cs.findbugs.classfile.engine.ClassInfoAnalysisEngine" totalMilliseconds="123" invocations="459" avgMicrosecondsPerInvocation="268" maxMicrosecondsPerInvocation="11115" standardDeviationMicrosecondsPerInvocation="673"/>
      <ClassProfile name="edu.umd.cs.findbugs.detect.FindNoSideEffectMethods" totalMilliseconds="69" invocations="39" avgMicrosecondsPerInvocation="1788" maxMicrosecondsPerInvocation="43775" standardDeviationMicrosecondsPerInvocation="6863"/>
      <ClassProfile name="edu.umd.cs.findbugs.detect.FieldItemSummary" totalMilliseconds="31" invocations="39" avgMicrosecondsPerInvocation="802" maxMicrosecondsPerInvocation="4463" standardDeviationMicrosecondsPerInvocation="1121"/>
      <ClassProfile name="edu.umd.cs.findbugs.OpcodeStack$JumpInfoFactory" totalMilliseconds="29" invocations="137" avgMicrosecondsPerInvocation="211" maxMicrosecondsPerInvocation="3116" standardDeviationMicrosecondsPerInvocation="411"/>
      <ClassProfile name="edu.umd.cs.findbugs.classfile.engine.bcel.IsNullValueDataflowFactory" totalMilliseconds="27" invocations="14" avgMicrosecondsPerInvocation="1948" maxMicrosecondsPerInvocation="10916" standardDeviationMicrosecondsPerInvocation="3086"/>
      <ClassProfile name="edu.umd.cs.findbugs.classfile.engine.bcel.TypeDataflowFactory" totalMilliseconds="23" invocations="14" avgMicrosecondsPerInvocation="1699" maxMicrosecondsPerInvocation="7765" standardDeviationMicrosecondsPerInvocation="2303"/>
      <ClassProfile name="edu.umd.cs.findbugs.classfile.engine.bcel.ValueNumberDataflowFactory" totalMilliseconds="23" invocations="14" avgMicrosecondsPerInvocation="1664" maxMicrosecondsPerInvocation="6765" standardDeviationMicrosecondsPerInvocation="2107"/>
      <ClassProfile name="edu.umd.cs.findbugs.classfile.engine.bcel.UnconditionalValueDerefDataflowFactory" totalMilliseconds="22" invocations="14" avgMicrosecondsPerInvocation="1613" maxMicrosecondsPerInvocation="10125" standardDeviationMicrosecondsPerInvocation="2614"/>
      <ClassProfile name="edu.umd.cs.findbugs.classfile.engine.bcel.MethodGenFactory" totalMilliseconds="19" invocations="14" avgMicrosecondsPerInvocation="1392" maxMicrosecondsPerInvocation="15801" standardDeviationMicrosecondsPerInvocation="4018"/>
      <ClassProfile name="edu.umd.cs.findbugs.classfile.engine.bcel.JavaClassAnalysisEngine" totalMilliseconds="17" invocations="72" avgMicrosecondsPerInvocation="246" maxMicrosecondsPerInvocation="8288" standardDeviationMicrosecondsPerInvocation="982"/>
      <ClassProfile name="edu.umd.cs.findbugs.util.TopologicalSort" totalMilliseconds="15" invocations="418" avgMicrosecondsPerInvocation="38" maxMicrosecondsPerInvocation="586" standardDeviationMicrosecondsPerInvocation="69"/>
      <ClassProfile name="edu.umd.cs.findbugs.classfile.engine.bcel.CFGFactory" totalMilliseconds="15" invocations="14" avgMicrosecondsPerInvocation="1112" maxMicrosecondsPerInvocation="6922" standardDeviationMicrosecondsPerInvocation="1788"/>
      <ClassProfile name="edu.umd.cs.findbugs.detect.OverridingEqualsNotSymmetrical" totalMilliseconds="14" invocations="39" avgMicrosecondsPerInvocation="381" maxMicrosecondsPerInvocation="8705" standardDeviationMicrosecondsPerInvocation="1363"/>
      <ClassProfile name="edu.umd.cs.findbugs.detect.NoteDirectlyRelevantTypeQualifiers" totalMilliseconds="14" invocations="39" avgMicrosecondsPerInvocation="376" maxMicrosecondsPerInvocation="2900" standardDeviationMicrosecondsPerInvocation="573"/>
      <ClassProfile name="edu.umd.cs.findbugs.ba.npe.NullDerefAndRedundantComparisonFinder" totalMilliseconds="12" invocations="14" avgMicrosecondsPerInvocation="907" maxMicrosecondsPerInvocation="6105" standardDeviationMicrosecondsPerInvocation="1557"/>
      <ClassProfile name="edu.umd.cs.findbugs.detect.BuildObligationPolicyDatabase" totalMilliseconds="11" invocations="39" avgMicrosecondsPerInvocation="287" maxMicrosecondsPerInvocation="1505" standardDeviationMicrosecondsPerInvocation="318"/>
      <ClassProfile name="edu.umd.cs.findbugs.detect.FunctionsThatMightBeMistakenForProcedures" totalMilliseconds="11" invocations="39" avgMicrosecondsPerInvocation="286" maxMicrosecondsPerInvocation="4468" standardDeviationMicrosecondsPerInvocation="714"/>
    </FindBugsProfile>
  </FindBugsSummary>
  <ClassFeatures></ClassFeatures>
  <History></History>
</BugCollection>
