<?xml version="1.0" encoding="UTF-8"?>

<BugCollection version="4.7.3" sequence="0" timestamp="1698475135686" analysisTimestamp="1698510789101" release="">
  <Project projectName="">
    <Jar>/mnt/disk3/lty/JLeaks/data/classfile/bug-237-120df1641a162115ee71c145b150468298b7f4d6689594e448c99a27a8f60d02.class</Jar>
  </Project>
  <Errors errors="0" missingClasses="101">
    <MissingClass>com.azure.core.credential.AzureKeyCredential</MissingClass>
    <MissingClass>com.azure.cosmos.BridgeInternal</MissingClass>
    <MissingClass>com.azure.cosmos.ConnectionMode</MissingClass>
    <MissingClass>com.azure.cosmos.ConsistencyLevel</MissingClass>
    <MissingClass>com.azure.cosmos.CosmosDiagnostics</MissingClass>
    <MissingClass>com.azure.cosmos.DirectConnectionConfig</MissingClass>
    <MissingClass>com.azure.cosmos.implementation.AsyncDocumentClient</MissingClass>
    <MissingClass>com.azure.cosmos.implementation.AuthorizationTokenType</MissingClass>
    <MissingClass>com.azure.cosmos.implementation.BaseAuthorizationTokenProvider</MissingClass>
    <MissingClass>com.azure.cosmos.implementation.ChangeFeedQueryImpl</MissingClass>
    <MissingClass>com.azure.cosmos.implementation.Configs</MissingClass>
    <MissingClass>com.azure.cosmos.implementation.ConnectionPolicy</MissingClass>
    <MissingClass>com.azure.cosmos.implementation.CosmosAuthorizationTokenResolver</MissingClass>
    <MissingClass>com.azure.cosmos.implementation.CosmosResourceType</MissingClass>
    <MissingClass>com.azure.cosmos.implementation.Database</MissingClass>
    <MissingClass>com.azure.cosmos.implementation.Document</MissingClass>
    <MissingClass>com.azure.cosmos.implementation.DocumentClientRetryPolicy</MissingClass>
    <MissingClass>com.azure.cosmos.implementation.DocumentCollection</MissingClass>
    <MissingClass>com.azure.cosmos.implementation.DocumentServiceRequestContext</MissingClass>
    <MissingClass>com.azure.cosmos.implementation.GlobalEndpointManager</MissingClass>
    <MissingClass>com.azure.cosmos.implementation.IRetryPolicyFactory</MissingClass>
    <MissingClass>com.azure.cosmos.implementation.InternalObjectNode</MissingClass>
    <MissingClass>com.azure.cosmos.implementation.InvalidPartitionExceptionRetryPolicy</MissingClass>
    <MissingClass>com.azure.cosmos.implementation.ItemDeserializer</MissingClass>
    <MissingClass>com.azure.cosmos.implementation.ItemDeserializer$JsonDeserializer</MissingClass>
    <MissingClass>com.azure.cosmos.implementation.JsonSerializable</MissingClass>
    <MissingClass>com.azure.cosmos.implementation.LifeCycleUtils</MissingClass>
    <MissingClass>com.azure.cosmos.implementation.ObservableHelper</MissingClass>
    <MissingClass>com.azure.cosmos.implementation.Offer</MissingClass>
    <MissingClass>com.azure.cosmos.implementation.OfferAutoscaleAutoUpgradeProperties</MissingClass>
    <MissingClass>com.azure.cosmos.implementation.OfferAutoscaleAutoUpgradeProperties$AutoscaleThroughputProperties</MissingClass>
    <MissingClass>com.azure.cosmos.implementation.OfferAutoscaleSettings</MissingClass>
    <MissingClass>com.azure.cosmos.implementation.OperationType</MissingClass>
    <MissingClass>com.azure.cosmos.implementation.PartitionKeyMismatchRetryPolicy</MissingClass>
    <MissingClass>com.azure.cosmos.implementation.PartitionKeyRange</MissingClass>
    <MissingClass>com.azure.cosmos.implementation.PathInfo</MissingClass>
    <MissingClass>com.azure.cosmos.implementation.PathParser</MissingClass>
    <MissingClass>com.azure.cosmos.implementation.PathsHelper</MissingClass>
    <MissingClass>com.azure.cosmos.implementation.Permission</MissingClass>
    <MissingClass>com.azure.cosmos.implementation.QueryCompatibilityMode</MissingClass>
    <MissingClass>com.azure.cosmos.implementation.RequestOptions</MissingClass>
    <MissingClass>com.azure.cosmos.implementation.RequestVerb</MissingClass>
    <MissingClass>com.azure.cosmos.implementation.ResetSessionTokenRetryPolicyFactory</MissingClass>
    <MissingClass>com.azure.cosmos.implementation.Resource</MissingClass>
    <MissingClass>com.azure.cosmos.implementation.ResourceResponse</MissingClass>
    <MissingClass>com.azure.cosmos.implementation.ResourceTokenAuthorizationHelper</MissingClass>
    <MissingClass>com.azure.cosmos.implementation.ResourceType</MissingClass>
    <MissingClass>com.azure.cosmos.implementation.RetryPolicy</MissingClass>
    <MissingClass>com.azure.cosmos.implementation.RxDocumentClientImpl$1</MissingClass>
    <MissingClass>com.azure.cosmos.implementation.RxDocumentClientImpl$2</MissingClass>
    <MissingClass>com.azure.cosmos.implementation.RxDocumentClientImpl$3</MissingClass>
    <MissingClass>com.azure.cosmos.implementation.RxDocumentServiceRequest</MissingClass>
    <MissingClass>com.azure.cosmos.implementation.RxDocumentServiceResponse</MissingClass>
    <MissingClass>com.azure.cosmos.implementation.RxGatewayStoreModel</MissingClass>
    <MissingClass>com.azure.cosmos.implementation.RxStoreModel</MissingClass>
    <MissingClass>com.azure.cosmos.implementation.SerializationDiagnosticsContext</MissingClass>
    <MissingClass>com.azure.cosmos.implementation.SerializationDiagnosticsContext$SerializationDiagnostics</MissingClass>
    <MissingClass>com.azure.cosmos.implementation.SerializationDiagnosticsContext$SerializationType</MissingClass>
    <MissingClass>com.azure.cosmos.implementation.SessionContainer</MissingClass>
    <MissingClass>com.azure.cosmos.implementation.StoredProcedure</MissingClass>
    <MissingClass>com.azure.cosmos.implementation.Strings</MissingClass>
    <MissingClass>com.azure.cosmos.implementation.Trigger</MissingClass>
    <MissingClass>com.azure.cosmos.implementation.User</MissingClass>
    <MissingClass>com.azure.cosmos.implementation.UserAgentContainer</MissingClass>
    <MissingClass>com.azure.cosmos.implementation.UserDefinedFunction</MissingClass>
    <MissingClass>com.azure.cosmos.implementation.Utils</MissingClass>
    <MissingClass>com.azure.cosmos.implementation.Utils$ValueHolder</MissingClass>
    <MissingClass>com.azure.cosmos.implementation.apachecommons.collections.list.UnmodifiableList</MissingClass>
    <MissingClass>com.azure.cosmos.implementation.apachecommons.lang.StringUtils</MissingClass>
    <MissingClass>com.azure.cosmos.implementation.apachecommons.lang.tuple.Pair</MissingClass>
    <MissingClass>com.azure.cosmos.implementation.caches.RxClientCollectionCache</MissingClass>
    <MissingClass>com.azure.cosmos.implementation.caches.RxPartitionKeyRangeCache</MissingClass>
    <MissingClass>com.azure.cosmos.implementation.directconnectivity.GatewayServiceConfigurationReader</MissingClass>
    <MissingClass>com.azure.cosmos.implementation.directconnectivity.GlobalAddressResolver</MissingClass>
    <MissingClass>com.azure.cosmos.implementation.directconnectivity.ServerStoreModel</MissingClass>
    <MissingClass>com.azure.cosmos.implementation.directconnectivity.StoreClientFactory</MissingClass>
    <MissingClass>com.azure.cosmos.implementation.http.HttpClient</MissingClass>
    <MissingClass>com.azure.cosmos.implementation.http.HttpClientConfig</MissingClass>
    <MissingClass>com.azure.cosmos.implementation.http.SharedGatewayHttpClient</MissingClass>
    <MissingClass>com.azure.cosmos.implementation.query.DocumentQueryExecutionContextFactory</MissingClass>
    <MissingClass>com.azure.cosmos.implementation.query.IDocumentQueryExecutionContext</MissingClass>
    <MissingClass>com.azure.cosmos.implementation.query.Paginator</MissingClass>
    <MissingClass>com.azure.cosmos.implementation.query.PipelinedDocumentQueryExecutionContext</MissingClass>
    <MissingClass>com.azure.cosmos.implementation.query.QueryInfo</MissingClass>
    <MissingClass>com.azure.cosmos.implementation.routing.CollectionRoutingMap</MissingClass>
    <MissingClass>com.azure.cosmos.implementation.routing.PartitionKeyAndResourceTokenPair</MissingClass>
    <MissingClass>com.azure.cosmos.implementation.routing.PartitionKeyInternal</MissingClass>
    <MissingClass>com.azure.cosmos.implementation.routing.PartitionKeyInternalHelper</MissingClass>
    <MissingClass>com.azure.cosmos.models.CosmosQueryRequestOptions</MissingClass>
    <MissingClass>com.azure.cosmos.models.FeedResponse</MissingClass>
    <MissingClass>com.azure.cosmos.models.IndexingDirective</MissingClass>
    <MissingClass>com.azure.cosmos.models.ModelBridgeInternal</MissingClass>
    <MissingClass>com.azure.cosmos.models.PartitionKey</MissingClass>
    <MissingClass>com.azure.cosmos.models.PartitionKeyDefinition</MissingClass>
    <MissingClass>com.azure.cosmos.models.SqlParameter</MissingClass>
    <MissingClass>com.azure.cosmos.models.SqlQuerySpec</MissingClass>
    <MissingClass>com.fasterxml.jackson.databind.ObjectMapper</MissingClass>
    <MissingClass>org.slf4j.Logger</MissingClass>
    <MissingClass>org.slf4j.LoggerFactory</MissingClass>
    <MissingClass>reactor.core.publisher.Flux</MissingClass>
    <MissingClass>reactor.core.publisher.Mono</MissingClass>
  </Errors>
  <FindBugsSummary timestamp="Sat, 28 Oct 2023 14:38:55 +0800" total_classes="1" referenced_classes="57" total_bugs="0" total_size="1719" num_packages="1" java_version="1.8.0_382" vm_version="25.382-b05" cpu_seconds="20.55" clock_seconds="1.99" peak_mbytes="629.15" alloc_mbytes="1820.50" gc_seconds="0.05">
    <PackageStats package="com.azure.cosmos.implementation" total_bugs="0" total_types="1" total_size="1719">
      <ClassStats class="com.azure.cosmos.implementation.RxDocumentClientImpl" sourceFile="RxDocumentClientImpl.java" interface="false" size="1719" bugs="0"/>
    </PackageStats>
    <FindBugsProfile>
      <ClassProfile name="edu.umd.cs.findbugs.classfile.engine.ClassInfoAnalysisEngine" totalMilliseconds="179" invocations="745" avgMicrosecondsPerInvocation="241" maxMicrosecondsPerInvocation="26369" standardDeviationMicrosecondsPerInvocation="1036"/>
      <ClassProfile name="edu.umd.cs.findbugs.detect.FindOpenStream" totalMilliseconds="95" invocations="1" avgMicrosecondsPerInvocation="95752" maxMicrosecondsPerInvocation="95752" standardDeviationMicrosecondsPerInvocation="0"/>
      <ClassProfile name="edu.umd.cs.findbugs.classfile.engine.bcel.ValueNumberDataflowFactory" totalMilliseconds="95" invocations="719" avgMicrosecondsPerInvocation="132" maxMicrosecondsPerInvocation="7398" standardDeviationMicrosecondsPerInvocation="373"/>
      <ClassProfile name="edu.umd.cs.findbugs.detect.FindNoSideEffectMethods" totalMilliseconds="86" invocations="57" avgMicrosecondsPerInvocation="1517" maxMicrosecondsPerInvocation="45210" standardDeviationMicrosecondsPerInvocation="5992"/>
      <ClassProfile name="edu.umd.cs.findbugs.classfile.engine.bcel.TypeDataflowFactory" totalMilliseconds="85" invocations="350" avgMicrosecondsPerInvocation="243" maxMicrosecondsPerInvocation="6283" standardDeviationMicrosecondsPerInvocation="478"/>
      <ClassProfile name="edu.umd.cs.findbugs.classfile.engine.bcel.IsNullValueDataflowFactory" totalMilliseconds="78" invocations="316" avgMicrosecondsPerInvocation="247" maxMicrosecondsPerInvocation="5583" standardDeviationMicrosecondsPerInvocation="491"/>
      <ClassProfile name="edu.umd.cs.findbugs.ba.npe.NullDerefAndRedundantComparisonFinder" totalMilliseconds="76" invocations="316" avgMicrosecondsPerInvocation="240" maxMicrosecondsPerInvocation="2886" standardDeviationMicrosecondsPerInvocation="331"/>
      <ClassProfile name="edu.umd.cs.findbugs.detect.FieldItemSummary" totalMilliseconds="60" invocations="57" avgMicrosecondsPerInvocation="1057" maxMicrosecondsPerInvocation="13382" standardDeviationMicrosecondsPerInvocation="2162"/>
      <ClassProfile name="edu.umd.cs.findbugs.classfile.engine.bcel.CFGFactory" totalMilliseconds="53" invocations="316" avgMicrosecondsPerInvocation="169" maxMicrosecondsPerInvocation="7813" standardDeviationMicrosecondsPerInvocation="487"/>
      <ClassProfile name="edu.umd.cs.findbugs.classfile.engine.bcel.UnconditionalValueDerefDataflowFactory" totalMilliseconds="53" invocations="316" avgMicrosecondsPerInvocation="168" maxMicrosecondsPerInvocation="3222" standardDeviationMicrosecondsPerInvocation="320"/>
      <ClassProfile name="edu.umd.cs.findbugs.OpcodeStack$JumpInfoFactory" totalMilliseconds="47" invocations="516" avgMicrosecondsPerInvocation="92" maxMicrosecondsPerInvocation="2371" standardDeviationMicrosecondsPerInvocation="182"/>
      <ClassProfile name="edu.umd.cs.findbugs.detect.FindRefComparison$SpecialTypeAnalysis" totalMilliseconds="36" invocations="302" avgMicrosecondsPerInvocation="120" maxMicrosecondsPerInvocation="2818" standardDeviationMicrosecondsPerInvocation="231"/>
      <ClassProfile name="edu.umd.cs.findbugs.classfile.engine.bcel.MethodGenFactory" totalMilliseconds="33" invocations="316" avgMicrosecondsPerInvocation="106" maxMicrosecondsPerInvocation="17551" standardDeviationMicrosecondsPerInvocation="987"/>
      <ClassProfile name="edu.umd.cs.findbugs.classfile.engine.bcel.JavaClassAnalysisEngine" totalMilliseconds="26" invocations="186" avgMicrosecondsPerInvocation="145" maxMicrosecondsPerInvocation="8796" standardDeviationMicrosecondsPerInvocation="715"/>
      <ClassProfile name="edu.umd.cs.findbugs.detect.CalledMethods" totalMilliseconds="21" invocations="57" avgMicrosecondsPerInvocation="380" maxMicrosecondsPerInvocation="11496" standardDeviationMicrosecondsPerInvocation="1514"/>
      <ClassProfile name="edu.umd.cs.findbugs.ba.npe.TypeQualifierNullnessAnnotationDatabase" totalMilliseconds="20" invocations="8142" avgMicrosecondsPerInvocation="2" maxMicrosecondsPerInvocation="1737" standardDeviationMicrosecondsPerInvocation="23"/>
      <ClassProfile name="edu.umd.cs.findbugs.detect.NoteDirectlyRelevantTypeQualifiers" totalMilliseconds="20" invocations="57" avgMicrosecondsPerInvocation="356" maxMicrosecondsPerInvocation="4762" standardDeviationMicrosecondsPerInvocation="745"/>
      <ClassProfile name="edu.umd.cs.findbugs.detect.RuntimeExceptionCapture" totalMilliseconds="20" invocations="1" avgMicrosecondsPerInvocation="20097" maxMicrosecondsPerInvocation="20097" standardDeviationMicrosecondsPerInvocation="0"/>
      <ClassProfile name="edu.umd.cs.findbugs.util.TopologicalSort" totalMilliseconds="19" invocations="576" avgMicrosecondsPerInvocation="33" maxMicrosecondsPerInvocation="3063" standardDeviationMicrosecondsPerInvocation="135"/>
      <ClassProfile name="edu.umd.cs.findbugs.detect.LoadOfKnownNullValue" totalMilliseconds="18" invocations="1" avgMicrosecondsPerInvocation="18426" maxMicrosecondsPerInvocation="18426" standardDeviationMicrosecondsPerInvocation="0"/>
      <ClassProfile name="edu.umd.cs.findbugs.detect.FunctionsThatMightBeMistakenForProcedures" totalMilliseconds="18" invocations="57" avgMicrosecondsPerInvocation="322" maxMicrosecondsPerInvocation="2383" standardDeviationMicrosecondsPerInvocation="509"/>
      <ClassProfile name="edu.umd.cs.findbugs.detect.BuildObligationPolicyDatabase" totalMilliseconds="16" invocations="57" avgMicrosecondsPerInvocation="295" maxMicrosecondsPerInvocation="4199" standardDeviationMicrosecondsPerInvocation="625"/>
      <ClassProfile name="edu.umd.cs.findbugs.detect.OverridingEqualsNotSymmetrical" totalMilliseconds="16" invocations="57" avgMicrosecondsPerInvocation="290" maxMicrosecondsPerInvocation="6357" standardDeviationMicrosecondsPerInvocation="869"/>
      <ClassProfile name="edu.umd.cs.findbugs.classfile.engine.ClassDataAnalysisEngine" totalMilliseconds="16" invocations="747" avgMicrosecondsPerInvocation="22" maxMicrosecondsPerInvocation="523" standardDeviationMicrosecondsPerInvocation="29"/>
      <ClassProfile name="edu.umd.cs.findbugs.detect.BuildStringPassthruGraph" totalMilliseconds="15" invocations="57" avgMicrosecondsPerInvocation="274" maxMicrosecondsPerInvocation="4706" standardDeviationMicrosecondsPerInvocation="803"/>
      <ClassProfile name="edu.umd.cs.findbugs.detect.FindInconsistentSync2" totalMilliseconds="15" invocations="1" avgMicrosecondsPerInvocation="15373" maxMicrosecondsPerInvocation="15373" standardDeviationMicrosecondsPerInvocation="0"/>
      <ClassProfile name="edu.umd.cs.findbugs.detect.DumbMethods" totalMilliseconds="14" invocations="1" avgMicrosecondsPerInvocation="14406" maxMicrosecondsPerInvocation="14406" standardDeviationMicrosecondsPerInvocation="0"/>
      <ClassProfile name="edu.umd.cs.findbugs.classfile.engine.bcel.LiveLocalStoreDataflowFactory" totalMilliseconds="14" invocations="184" avgMicrosecondsPerInvocation="76" maxMicrosecondsPerInvocation="1953" standardDeviationMicrosecondsPerInvocation="206"/>
      <ClassProfile name="edu.umd.cs.findbugs.classfile.engine.bcel.ConstantDataflowFactory" totalMilliseconds="13" invocations="316" avgMicrosecondsPerInvocation="43" maxMicrosecondsPerInvocation="1500" standardDeviationMicrosecondsPerInvocation="117"/>
      <ClassProfile name="edu.umd.cs.findbugs.detect.ExplicitSerialization" totalMilliseconds="13" invocations="57" avgMicrosecondsPerInvocation="230" maxMicrosecondsPerInvocation="7331" standardDeviationMicrosecondsPerInvocation="1030"/>
      <ClassProfile name="edu.umd.cs.findbugs.detect.UnreadFields" totalMilliseconds="12" invocations="1" avgMicrosecondsPerInvocation="12903" maxMicrosecondsPerInvocation="12903" standardDeviationMicrosecondsPerInvocation="0"/>
      <ClassProfile name="edu.umd.cs.findbugs.detect.FindUselessObjects" totalMilliseconds="12" invocations="1" avgMicrosecondsPerInvocation="12895" maxMicrosecondsPerInvocation="12895" standardDeviationMicrosecondsPerInvocation="0"/>
      <ClassProfile name="edu.umd.cs.findbugs.detect.FindBadCast2" totalMilliseconds="12" invocations="1" avgMicrosecondsPerInvocation="12622" maxMicrosecondsPerInvocation="12622" standardDeviationMicrosecondsPerInvocation="0"/>
    </FindBugsProfile>
  </FindBugsSummary>
  <ClassFeatures></ClassFeatures>
  <History></History>
</BugCollection>
