<?xml version="1.0" encoding="UTF-8"?>

<BugCollection version="4.7.3" sequence="0" timestamp="1698475166381" analysisTimestamp="1698512193461" release="">
  <Project projectName="">
    <Jar>/mnt/disk3/lty/JLeaks/data/classfile/bug-490-7a41038196bd05949e992abeb5a580643e3f9f4e9c33ae059a47ded013b7ac71.class</Jar>
  </Project>
  <Errors errors="0" missingClasses="16">
    <MissingClass>com.hazelcast.client.impl.clientside.HazelcastClientInstanceImpl</MissingClass>
    <MissingClass>com.hazelcast.client.impl.connection.ClientConnection</MissingClass>
    <MissingClass>com.hazelcast.client.impl.connection.tcp.TcpClientConnectionManager</MissingClass>
    <MissingClass>com.hazelcast.client.impl.protocol.ClientMessage</MissingClass>
    <MissingClass>com.hazelcast.client.impl.spi.ClientInvocationService</MissingClass>
    <MissingClass>com.hazelcast.client.impl.spi.impl.listener.ClientListenerServiceImpl</MissingClass>
    <MissingClass>com.hazelcast.cluster.Address</MissingClass>
    <MissingClass>com.hazelcast.core.LifecycleService</MissingClass>
    <MissingClass>com.hazelcast.internal.networking.Channel</MissingClass>
    <MissingClass>com.hazelcast.internal.networking.ChannelInitializer</MissingClass>
    <MissingClass>com.hazelcast.internal.networking.OutboundFrame</MissingClass>
    <MissingClass>com.hazelcast.internal.util.HashUtil</MissingClass>
    <MissingClass>com.hazelcast.internal.util.Preconditions</MissingClass>
    <MissingClass>com.hazelcast.internal.util.StringUtil</MissingClass>
    <MissingClass>com.hazelcast.logging.ILogger</MissingClass>
    <MissingClass>com.hazelcast.logging.LoggingService</MissingClass>
  </Errors>
  <FindBugsSummary timestamp="Sat, 28 Oct 2023 14:39:26 +0800" total_classes="1" referenced_classes="27" total_bugs="0" total_size="176" num_packages="1" java_version="1.8.0_382" vm_version="25.382-b05" cpu_seconds="8.55" clock_seconds="0.86" peak_mbytes="407.99" alloc_mbytes="1820.50" gc_seconds="0.04">
    <PackageStats package="com.hazelcast.client.impl.connection.tcp" total_bugs="0" total_types="1" total_size="176">
      <ClassStats class="com.hazelcast.client.impl.connection.tcp.TcpClientConnection" sourceFile="TcpClientConnection.java" interface="false" size="176" bugs="0"/>
    </PackageStats>
    <FindBugsProfile>
      <ClassProfile name="edu.umd.cs.findbugs.classfile.engine.ClassInfoAnalysisEngine" totalMilliseconds="121" invocations="538" avgMicrosecondsPerInvocation="225" maxMicrosecondsPerInvocation="12336" standardDeviationMicrosecondsPerInvocation="670"/>
      <ClassProfile name="edu.umd.cs.findbugs.detect.FindNoSideEffectMethods" totalMilliseconds="67" invocations="27" avgMicrosecondsPerInvocation="2507" maxMicrosecondsPerInvocation="44435" standardDeviationMicrosecondsPerInvocation="8306"/>
      <ClassProfile name="edu.umd.cs.findbugs.detect.FieldItemSummary" totalMilliseconds="35" invocations="27" avgMicrosecondsPerInvocation="1299" maxMicrosecondsPerInvocation="7643" standardDeviationMicrosecondsPerInvocation="1929"/>
      <ClassProfile name="edu.umd.cs.findbugs.OpcodeStack$JumpInfoFactory" totalMilliseconds="31" invocations="164" avgMicrosecondsPerInvocation="192" maxMicrosecondsPerInvocation="1695" standardDeviationMicrosecondsPerInvocation="259"/>
      <ClassProfile name="edu.umd.cs.findbugs.classfile.engine.bcel.MethodGenFactory" totalMilliseconds="21" invocations="35" avgMicrosecondsPerInvocation="617" maxMicrosecondsPerInvocation="18168" standardDeviationMicrosecondsPerInvocation="3012"/>
      <ClassProfile name="edu.umd.cs.findbugs.classfile.engine.bcel.ValueNumberDataflowFactory" totalMilliseconds="19" invocations="36" avgMicrosecondsPerInvocation="548" maxMicrosecondsPerInvocation="7108" standardDeviationMicrosecondsPerInvocation="1175"/>
      <ClassProfile name="edu.umd.cs.findbugs.classfile.engine.bcel.JavaClassAnalysisEngine" totalMilliseconds="19" invocations="71" avgMicrosecondsPerInvocation="269" maxMicrosecondsPerInvocation="8405" standardDeviationMicrosecondsPerInvocation="1013"/>
      <ClassProfile name="edu.umd.cs.findbugs.classfile.engine.bcel.IsNullValueDataflowFactory" totalMilliseconds="19" invocations="35" avgMicrosecondsPerInvocation="544" maxMicrosecondsPerInvocation="5629" standardDeviationMicrosecondsPerInvocation="980"/>
      <ClassProfile name="edu.umd.cs.findbugs.classfile.engine.bcel.TypeDataflowFactory" totalMilliseconds="18" invocations="35" avgMicrosecondsPerInvocation="538" maxMicrosecondsPerInvocation="3818" standardDeviationMicrosecondsPerInvocation="795"/>
      <ClassProfile name="edu.umd.cs.findbugs.classfile.engine.bcel.CFGFactory" totalMilliseconds="16" invocations="35" avgMicrosecondsPerInvocation="475" maxMicrosecondsPerInvocation="6440" standardDeviationMicrosecondsPerInvocation="1081"/>
      <ClassProfile name="edu.umd.cs.findbugs.util.TopologicalSort" totalMilliseconds="15" invocations="484" avgMicrosecondsPerInvocation="31" maxMicrosecondsPerInvocation="801" standardDeviationMicrosecondsPerInvocation="70"/>
      <ClassProfile name="edu.umd.cs.findbugs.detect.NoteDirectlyRelevantTypeQualifiers" totalMilliseconds="13" invocations="27" avgMicrosecondsPerInvocation="509" maxMicrosecondsPerInvocation="4621" standardDeviationMicrosecondsPerInvocation="896"/>
      <ClassProfile name="edu.umd.cs.findbugs.ba.npe.NullDerefAndRedundantComparisonFinder" totalMilliseconds="12" invocations="35" avgMicrosecondsPerInvocation="361" maxMicrosecondsPerInvocation="2339" standardDeviationMicrosecondsPerInvocation="508"/>
      <ClassProfile name="edu.umd.cs.findbugs.classfile.engine.ClassDataAnalysisEngine" totalMilliseconds="11" invocations="540" avgMicrosecondsPerInvocation="22" maxMicrosecondsPerInvocation="431" standardDeviationMicrosecondsPerInvocation="29"/>
      <ClassProfile name="edu.umd.cs.findbugs.classfile.engine.bcel.UnconditionalValueDerefDataflowFactory" totalMilliseconds="11" invocations="35" avgMicrosecondsPerInvocation="334" maxMicrosecondsPerInvocation="1321" standardDeviationMicrosecondsPerInvocation="389"/>
      <ClassProfile name="edu.umd.cs.findbugs.detect.OverridingEqualsNotSymmetrical" totalMilliseconds="11" invocations="27" avgMicrosecondsPerInvocation="421" maxMicrosecondsPerInvocation="6128" standardDeviationMicrosecondsPerInvocation="1144"/>
    </FindBugsProfile>
  </FindBugsSummary>
  <ClassFeatures></ClassFeatures>
  <History></History>
</BugCollection>
