<?xml version="1.0" encoding="UTF-8"?>

<BugCollection version="4.7.3" sequence="0" timestamp="1698475241718" analysisTimestamp="1698520554885" release="">
  <Project projectName="">
    <Jar>/mnt/disk3/lty/JLeaks/data/classfile/bug-1022-91bf14ae070ce23cfc90f3635a133c45a3926699e1f5ded1b2523270359c1a5f.class</Jar>
  </Project>
  <BugInstance type="OBL_UNSATISFIED_OBLIGATION_EXCEPTION_EDGE" priority="2" rank="20" abbrev="OBL" category="EXPERIMENTAL">
    <Class classname="fitnesse.ConfigurationParameter">
      <SourceLine classname="fitnesse.ConfigurationParameter" start="14" end="99" sourcefile="ConfigurationParameter.java" sourcepath="fitnesse/ConfigurationParameter.java"/>
    </Class>
    <Method classname="fitnesse.ConfigurationParameter" name="loadProperties" signature="(Ljava/io/File;)Ljava/util/Properties;" isStatic="true">
      <SourceLine classname="fitnesse.ConfigurationParameter" start="69" end="90" startBytecode="0" endBytecode="277" sourcefile="ConfigurationParameter.java" sourcepath="fitnesse/ConfigurationParameter.java"/>
    </Method>
    <Class classname="java.io.InputStream" role="CLASS_REFTYPE">
      <SourceLine classname="java.io.InputStream" start="45" end="364" sourcefile="InputStream.java" sourcepath="java/io/InputStream.java"/>
    </Class>
    <Int value="1" role="INT_OBLIGATIONS_REMAINING"/>
    <SourceLine classname="fitnesse.ConfigurationParameter" start="72" end="72" startBytecode="15" endBytecode="15" sourcefile="ConfigurationParameter.java" sourcepath="fitnesse/ConfigurationParameter.java" role="SOURCE_LINE_OBLIGATION_CREATED"/>
    <SourceLine classname="fitnesse.ConfigurationParameter" start="79" end="79" startBytecode="19" endBytecode="19" sourcefile="ConfigurationParameter.java" sourcepath="fitnesse/ConfigurationParameter.java" role="SOURCE_LINE_PATH_CONTINUES"/>
    <SourceLine classname="fitnesse.ConfigurationParameter" start="81" end="81" startBytecode="69" endBytecode="69" sourcefile="ConfigurationParameter.java" sourcepath="fitnesse/ConfigurationParameter.java" role="SOURCE_LINE_PATH_CONTINUES"/>
    <SourceLine classname="fitnesse.ConfigurationParameter" start="83" end="83" startBytecode="73" endBytecode="73" sourcefile="ConfigurationParameter.java" sourcepath="fitnesse/ConfigurationParameter.java" role="SOURCE_LINE_PATH_CONTINUES"/>
    <SourceLine classname="fitnesse.ConfigurationParameter" start="85" end="85" startBytecode="85" endBytecode="85" sourcefile="ConfigurationParameter.java" sourcepath="fitnesse/ConfigurationParameter.java" role="SOURCE_LINE_PATH_CONTINUES"/>
    <SourceLine classname="fitnesse.ConfigurationParameter" start="86" end="86" startBytecode="86" endBytecode="86" sourcefile="ConfigurationParameter.java" sourcepath="fitnesse/ConfigurationParameter.java" role="SOURCE_LINE_PATH_CONTINUES"/>
    <SourceLine classname="fitnesse.ConfigurationParameter" start="90" end="90" startBytecode="111" endBytecode="111" sourcefile="ConfigurationParameter.java" sourcepath="fitnesse/ConfigurationParameter.java" role="SOURCE_LINE_PATH_CONTINUES"/>
    <String value="{InputStream x 1}" role="STRING_REMAINING_OBLIGATIONS"/>
  </BugInstance>
  <BugInstance type="OS_OPEN_STREAM_EXCEPTION_PATH" priority="3" rank="19" abbrev="OS" category="BAD_PRACTICE">
    <Class classname="fitnesse.ConfigurationParameter">
      <SourceLine classname="fitnesse.ConfigurationParameter" start="14" end="99" sourcefile="ConfigurationParameter.java" sourcepath="fitnesse/ConfigurationParameter.java"/>
    </Class>
    <Method classname="fitnesse.ConfigurationParameter" name="loadProperties" signature="(Ljava/io/File;)Ljava/util/Properties;" isStatic="true">
      <SourceLine classname="fitnesse.ConfigurationParameter" start="69" end="90" startBytecode="0" endBytecode="58" sourcefile="ConfigurationParameter.java" sourcepath="fitnesse/ConfigurationParameter.java"/>
    </Method>
    <Type descriptor="Ljava/io/InputStream;" role="TYPE_CLOSEIT">
      <SourceLine classname="java.io.InputStream" start="45" end="364" sourcefile="InputStream.java" sourcepath="java/io/InputStream.java"/>
    </Type>
    <SourceLine classname="fitnesse.ConfigurationParameter" start="72" end="72" startBytecode="10" endBytecode="10" sourcefile="ConfigurationParameter.java" sourcepath="fitnesse/ConfigurationParameter.java"/>
  </BugInstance>
  <Errors errors="0" missingClasses="0"></Errors>
  <FindBugsSummary timestamp="Sat, 28 Oct 2023 14:40:41 +0800" total_classes="1" referenced_classes="27" total_bugs="2" total_size="96" num_packages="1" java_version="1.8.0_382" vm_version="25.382-b05" cpu_seconds="6.75" clock_seconds="0.76" peak_mbytes="395.50" alloc_mbytes="1820.50" gc_seconds="0.04" priority_3="1" priority_2="1">
    <PackageStats package="fitnesse" total_bugs="2" total_types="1" total_size="96" priority_3="1" priority_2="1">
      <ClassStats class="fitnesse.ConfigurationParameter" sourceFile="ConfigurationParameter.java" interface="false" size="96" bugs="2" priority_3="1" priority_2="1"/>
    </PackageStats>
    <FindBugsProfile>
      <ClassProfile name="edu.umd.cs.findbugs.classfile.engine.ClassInfoAnalysisEngine" totalMilliseconds="111" invocations="377" avgMicrosecondsPerInvocation="297" maxMicrosecondsPerInvocation="10656" standardDeviationMicrosecondsPerInvocation="725"/>
      <ClassProfile name="edu.umd.cs.findbugs.detect.BuildObligationPolicyDatabase" totalMilliseconds="49" invocations="27" avgMicrosecondsPerInvocation="1845" maxMicrosecondsPerInvocation="43519" standardDeviationMicrosecondsPerInvocation="8178"/>
      <ClassProfile name="edu.umd.cs.findbugs.detect.FieldItemSummary" totalMilliseconds="25" invocations="27" avgMicrosecondsPerInvocation="961" maxMicrosecondsPerInvocation="5422" standardDeviationMicrosecondsPerInvocation="1340"/>
      <ClassProfile name="edu.umd.cs.findbugs.detect.FindNoSideEffectMethods" totalMilliseconds="21" invocations="27" avgMicrosecondsPerInvocation="781" maxMicrosecondsPerInvocation="3758" standardDeviationMicrosecondsPerInvocation="998"/>
      <ClassProfile name="edu.umd.cs.findbugs.OpcodeStack$JumpInfoFactory" totalMilliseconds="20" invocations="92" avgMicrosecondsPerInvocation="220" maxMicrosecondsPerInvocation="1551" standardDeviationMicrosecondsPerInvocation="259"/>
      <ClassProfile name="edu.umd.cs.findbugs.classfile.engine.bcel.MethodGenFactory" totalMilliseconds="19" invocations="8" avgMicrosecondsPerInvocation="2405" maxMicrosecondsPerInvocation="16820" standardDeviationMicrosecondsPerInvocation="5451"/>
      <ClassProfile name="edu.umd.cs.findbugs.classfile.engine.bcel.JavaClassAnalysisEngine" totalMilliseconds="16" invocations="51" avgMicrosecondsPerInvocation="330" maxMicrosecondsPerInvocation="8475" standardDeviationMicrosecondsPerInvocation="1190"/>
      <ClassProfile name="edu.umd.cs.findbugs.classfile.engine.bcel.ValueNumberDataflowFactory" totalMilliseconds="16" invocations="9" avgMicrosecondsPerInvocation="1830" maxMicrosecondsPerInvocation="6587" standardDeviationMicrosecondsPerInvocation="1979"/>
      <ClassProfile name="edu.umd.cs.findbugs.util.TopologicalSort" totalMilliseconds="15" invocations="343" avgMicrosecondsPerInvocation="43" maxMicrosecondsPerInvocation="686" standardDeviationMicrosecondsPerInvocation="81"/>
      <ClassProfile name="edu.umd.cs.findbugs.classfile.engine.bcel.IsNullValueDataflowFactory" totalMilliseconds="14" invocations="8" avgMicrosecondsPerInvocation="1852" maxMicrosecondsPerInvocation="8026" standardDeviationMicrosecondsPerInvocation="2539"/>
      <ClassProfile name="edu.umd.cs.findbugs.classfile.engine.bcel.TypeDataflowFactory" totalMilliseconds="14" invocations="9" avgMicrosecondsPerInvocation="1603" maxMicrosecondsPerInvocation="5006" standardDeviationMicrosecondsPerInvocation="1588"/>
      <ClassProfile name="edu.umd.cs.findbugs.classfile.engine.bcel.CFGFactory" totalMilliseconds="13" invocations="8" avgMicrosecondsPerInvocation="1637" maxMicrosecondsPerInvocation="7165" standardDeviationMicrosecondsPerInvocation="2260"/>
      <ClassProfile name="edu.umd.cs.findbugs.detect.NoteDirectlyRelevantTypeQualifiers" totalMilliseconds="12" invocations="27" avgMicrosecondsPerInvocation="480" maxMicrosecondsPerInvocation="2989" standardDeviationMicrosecondsPerInvocation="706"/>
    </FindBugsProfile>
  </FindBugsSummary>
  <ClassFeatures></ClassFeatures>
  <History></History>
</BugCollection>
