<?xml version="1.0" encoding="UTF-8"?>

<BugCollection version="4.7.3" sequence="0" timestamp="1698475119323" analysisTimestamp="1698508539588" release="">
  <Project projectName="">
    <Jar>/mnt/disk3/lty/JLeaks/data/classfile/bug-91-3b3cc95ae3da16dac100517e662c96526213f8e923b100524c63c07cdab61a3b.class</Jar>
  </Project>
  <Errors errors="0" missingClasses="24">
    <MissingClass>com.fasterxml.jackson.databind.ObjectMapper</MissingClass>
    <MissingClass>com.google.common.base.Preconditions</MissingClass>
    <MissingClass>com.google.common.collect.ImmutableMap</MissingClass>
    <MissingClass>com.google.common.collect.ImmutableMap$Builder</MissingClass>
    <MissingClass>com.google.common.collect.Sets</MissingClass>
    <MissingClass>com.google.common.io.Files</MissingClass>
    <MissingClass>com.google.common.primitives.Ints</MissingClass>
    <MissingClass>com.metamx.common.ISE</MissingClass>
    <MissingClass>com.metamx.emitter.EmittingLogger</MissingClass>
    <MissingClass>com.metamx.emitter.service.AlertBuilder</MissingClass>
    <MissingClass>io.druid.common.utils.SerializerUtils</MissingClass>
    <MissingClass>io.druid.segment.IndexIO$DefaultIndexIOHandler</MissingClass>
    <MissingClass>io.druid.segment.IndexIO$IndexLoader</MissingClass>
    <MissingClass>io.druid.segment.IndexIO$LegacyIndexLoader</MissingClass>
    <MissingClass>io.druid.segment.IndexIO$V9IndexLoader</MissingClass>
    <MissingClass>io.druid.segment.IndexMerger</MissingClass>
    <MissingClass>io.druid.segment.IndexableAdapter</MissingClass>
    <MissingClass>io.druid.segment.QueryableIndex</MissingClass>
    <MissingClass>io.druid.segment.QueryableIndexIndexableAdapter</MissingClass>
    <MissingClass>io.druid.segment.Rowboat</MissingClass>
    <MissingClass>io.druid.segment.SegmentUtils</MissingClass>
    <MissingClass>io.druid.segment.SegmentValidationException</MissingClass>
    <MissingClass>io.druid.segment.column.ColumnConfig</MissingClass>
    <MissingClass>io.druid.segment.data.Indexed</MissingClass>
  </Errors>
  <FindBugsSummary timestamp="Sat, 28 Oct 2023 14:38:39 +0800" total_classes="1" referenced_classes="24" total_bugs="0" total_size="183" num_packages="1" java_version="1.8.0_382" vm_version="25.382-b05" cpu_seconds="47.56" clock_seconds="4.70" peak_mbytes="374.89" alloc_mbytes="1820.50" gc_seconds="0.24">
    <PackageStats package="io.druid.segment" total_bugs="0" total_types="1" total_size="183">
      <ClassStats class="io.druid.segment.IndexIO" sourceFile="IndexIO.java" interface="false" size="183" bugs="0"/>
    </PackageStats>
    <FindBugsProfile>
      <ClassProfile name="edu.umd.cs.findbugs.classfile.engine.ClassInfoAnalysisEngine" totalMilliseconds="473" invocations="432" avgMicrosecondsPerInvocation="1096" maxMicrosecondsPerInvocation="56900" standardDeviationMicrosecondsPerInvocation="3203"/>
      <ClassProfile name="edu.umd.cs.findbugs.detect.NoteCheckReturnValueAnnotations" totalMilliseconds="251" invocations="24" avgMicrosecondsPerInvocation="10473" maxMicrosecondsPerInvocation="245976" standardDeviationMicrosecondsPerInvocation="49106"/>
      <ClassProfile name="edu.umd.cs.findbugs.classfile.engine.bcel.IsNullValueDataflowFactory" totalMilliseconds="198" invocations="16" avgMicrosecondsPerInvocation="12402" maxMicrosecondsPerInvocation="62679" standardDeviationMicrosecondsPerInvocation="17666"/>
      <ClassProfile name="edu.umd.cs.findbugs.detect.FieldItemSummary" totalMilliseconds="154" invocations="24" avgMicrosecondsPerInvocation="6433" maxMicrosecondsPerInvocation="28753" standardDeviationMicrosecondsPerInvocation="8330"/>
      <ClassProfile name="edu.umd.cs.findbugs.classfile.engine.bcel.TypeDataflowFactory" totalMilliseconds="149" invocations="16" avgMicrosecondsPerInvocation="9342" maxMicrosecondsPerInvocation="48270" standardDeviationMicrosecondsPerInvocation="14060"/>
      <ClassProfile name="edu.umd.cs.findbugs.detect.FindNoSideEffectMethods" totalMilliseconds="141" invocations="24" avgMicrosecondsPerInvocation="5908" maxMicrosecondsPerInvocation="32550" standardDeviationMicrosecondsPerInvocation="8174"/>
      <ClassProfile name="edu.umd.cs.findbugs.classfile.engine.bcel.MethodGenFactory" totalMilliseconds="138" invocations="16" avgMicrosecondsPerInvocation="8672" maxMicrosecondsPerInvocation="118136" standardDeviationMicrosecondsPerInvocation="28299"/>
      <ClassProfile name="edu.umd.cs.findbugs.OpcodeStack$JumpInfoFactory" totalMilliseconds="137" invocations="160" avgMicrosecondsPerInvocation="857" maxMicrosecondsPerInvocation="8913" standardDeviationMicrosecondsPerInvocation="1201"/>
      <ClassProfile name="edu.umd.cs.findbugs.classfile.engine.bcel.ValueNumberDataflowFactory" totalMilliseconds="123" invocations="16" avgMicrosecondsPerInvocation="7717" maxMicrosecondsPerInvocation="47226" standardDeviationMicrosecondsPerInvocation="12366"/>
      <ClassProfile name="edu.umd.cs.findbugs.classfile.engine.bcel.UnconditionalValueDerefDataflowFactory" totalMilliseconds="119" invocations="16" avgMicrosecondsPerInvocation="7487" maxMicrosecondsPerInvocation="46333" standardDeviationMicrosecondsPerInvocation="11715"/>
      <ClassProfile name="edu.umd.cs.findbugs.classfile.engine.bcel.CFGFactory" totalMilliseconds="99" invocations="16" avgMicrosecondsPerInvocation="6207" maxMicrosecondsPerInvocation="52842" standardDeviationMicrosecondsPerInvocation="12260"/>
      <ClassProfile name="edu.umd.cs.findbugs.classfile.engine.bcel.JavaClassAnalysisEngine" totalMilliseconds="82" invocations="66" avgMicrosecondsPerInvocation="1243" maxMicrosecondsPerInvocation="36269" standardDeviationMicrosecondsPerInvocation="4578"/>
      <ClassProfile name="edu.umd.cs.findbugs.ba.npe.NullDerefAndRedundantComparisonFinder" totalMilliseconds="79" invocations="16" avgMicrosecondsPerInvocation="4953" maxMicrosecondsPerInvocation="19943" standardDeviationMicrosecondsPerInvocation="5858"/>
      <ClassProfile name="edu.umd.cs.findbugs.classfile.engine.ClassDataAnalysisEngine" totalMilliseconds="77" invocations="434" avgMicrosecondsPerInvocation="178" maxMicrosecondsPerInvocation="2561" standardDeviationMicrosecondsPerInvocation="222"/>
      <ClassProfile name="edu.umd.cs.findbugs.util.TopologicalSort" totalMilliseconds="67" invocations="370" avgMicrosecondsPerInvocation="183" maxMicrosecondsPerInvocation="2699" standardDeviationMicrosecondsPerInvocation="286"/>
      <ClassProfile name="edu.umd.cs.findbugs.detect.NoteDirectlyRelevantTypeQualifiers" totalMilliseconds="60" invocations="24" avgMicrosecondsPerInvocation="2501" maxMicrosecondsPerInvocation="20543" standardDeviationMicrosecondsPerInvocation="4414"/>
      <ClassProfile name="edu.umd.cs.findbugs.detect.OverridingEqualsNotSymmetrical" totalMilliseconds="58" invocations="24" avgMicrosecondsPerInvocation="2420" maxMicrosecondsPerInvocation="27902" standardDeviationMicrosecondsPerInvocation="5596"/>
      <ClassProfile name="edu.umd.cs.findbugs.detect.FunctionsThatMightBeMistakenForProcedures" totalMilliseconds="54" invocations="24" avgMicrosecondsPerInvocation="2259" maxMicrosecondsPerInvocation="22722" standardDeviationMicrosecondsPerInvocation="4616"/>
      <ClassProfile name="edu.umd.cs.findbugs.detect.FindOpenStream" totalMilliseconds="52" invocations="1" avgMicrosecondsPerInvocation="52989" maxMicrosecondsPerInvocation="52989" standardDeviationMicrosecondsPerInvocation="0"/>
      <ClassProfile name="edu.umd.cs.findbugs.detect.FindRefComparison$SpecialTypeAnalysis" totalMilliseconds="49" invocations="13" avgMicrosecondsPerInvocation="3836" maxMicrosecondsPerInvocation="16382" standardDeviationMicrosecondsPerInvocation="5077"/>
      <ClassProfile name="edu.umd.cs.findbugs.detect.BuildStringPassthruGraph" totalMilliseconds="46" invocations="24" avgMicrosecondsPerInvocation="1955" maxMicrosecondsPerInvocation="22949" standardDeviationMicrosecondsPerInvocation="4550"/>
      <ClassProfile name="edu.umd.cs.findbugs.detect.CalledMethods" totalMilliseconds="36" invocations="24" avgMicrosecondsPerInvocation="1516" maxMicrosecondsPerInvocation="8410" standardDeviationMicrosecondsPerInvocation="2353"/>
      <ClassProfile name="edu.umd.cs.findbugs.detect.BuildObligationPolicyDatabase" totalMilliseconds="34" invocations="24" avgMicrosecondsPerInvocation="1430" maxMicrosecondsPerInvocation="5553" standardDeviationMicrosecondsPerInvocation="1619"/>
      <ClassProfile name="edu.umd.cs.findbugs.ba.npe.TypeQualifierNullnessAnnotationDatabase" totalMilliseconds="34" invocations="482" avgMicrosecondsPerInvocation="70" maxMicrosecondsPerInvocation="6156" standardDeviationMicrosecondsPerInvocation="434"/>
    </FindBugsProfile>
  </FindBugsSummary>
  <ClassFeatures></ClassFeatures>
  <History></History>
</BugCollection>
