<?xml version="1.0" encoding="UTF-8"?>

<BugCollection version="4.7.3" sequence="0" timestamp="1698475111088" analysisTimestamp="1698507777827" release="">
  <Project projectName="">
    <Jar>/mnt/disk3/lty/JLeaks/data/classfile/bug-14-8e9d878ea3b11e04d7877f763c3b408cfd3da2094970af26909ef34641595cda.class</Jar>
  </Project>
  <BugInstance type="OS_OPEN_STREAM_EXCEPTION_PATH" priority="3" rank="19" abbrev="OS" category="BAD_PRACTICE">
    <Class classname="tachyon.command.TFsShell">
      <SourceLine classname="tachyon.command.TFsShell" start="29" end="657" sourcefile="TFsShell.java" sourcepath="tachyon/command/TFsShell.java"/>
    </Class>
    <Method classname="tachyon.command.TFsShell" name="copyToLocal" signature="([Ljava/lang/String;)I" isStatic="false">
      <SourceLine classname="tachyon.command.TFsShell" start="149" end="176" startBytecode="0" endBytecode="86" sourcefile="TFsShell.java" sourcepath="tachyon/command/TFsShell.java"/>
    </Method>
    <Type descriptor="Ljava/io/OutputStream;" role="TYPE_CLOSEIT">
      <SourceLine classname="java.io.OutputStream" start="46" end="152" sourcefile="OutputStream.java" sourcepath="java/io/OutputStream.java"/>
    </Type>
    <SourceLine classname="tachyon.command.TFsShell" start="167" end="167" startBytecode="83" endBytecode="83" sourcefile="TFsShell.java" sourcepath="tachyon/command/TFsShell.java"/>
  </BugInstance>
  <Errors errors="0" missingClasses="10">
    <MissingClass>org.apache.commons.io.FilenameUtils</MissingClass>
    <MissingClass>tachyon.client.InStream</MissingClass>
    <MissingClass>tachyon.client.OutStream</MissingClass>
    <MissingClass>tachyon.client.ReadType</MissingClass>
    <MissingClass>tachyon.client.TachyonFS</MissingClass>
    <MissingClass>tachyon.client.TachyonFile</MissingClass>
    <MissingClass>tachyon.client.WriteType</MissingClass>
    <MissingClass>tachyon.command.Utils</MissingClass>
    <MissingClass>tachyon.thrift.ClientFileInfo</MissingClass>
    <MissingClass>tachyon.util.CommonUtils</MissingClass>
  </Errors>
  <FindBugsSummary timestamp="Sat, 28 Oct 2023 14:38:31 +0800" total_classes="1" referenced_classes="25" total_bugs="1" total_size="377" num_packages="1" java_version="1.8.0_382" vm_version="25.382-b05" cpu_seconds="50.80" clock_seconds="5.30" peak_mbytes="410.33" alloc_mbytes="1820.50" gc_seconds="0.21" priority_3="1">
    <PackageStats package="tachyon.command" total_bugs="1" total_types="1" total_size="377" priority_3="1">
      <ClassStats class="tachyon.command.TFsShell" sourceFile="TFsShell.java" interface="false" size="377" bugs="1" priority_3="1"/>
    </PackageStats>
    <FindBugsProfile>
      <ClassProfile name="edu.umd.cs.findbugs.classfile.engine.ClassInfoAnalysisEngine" totalMilliseconds="563" invocations="456" avgMicrosecondsPerInvocation="1235" maxMicrosecondsPerInvocation="60976" standardDeviationMicrosecondsPerInvocation="3392"/>
      <ClassProfile name="edu.umd.cs.findbugs.detect.FunctionsThatMightBeMistakenForProcedures" totalMilliseconds="297" invocations="25" avgMicrosecondsPerInvocation="11911" maxMicrosecondsPerInvocation="253378" standardDeviationMicrosecondsPerInvocation="49338"/>
      <ClassProfile name="edu.umd.cs.findbugs.classfile.engine.bcel.IsNullValueDataflowFactory" totalMilliseconds="232" invocations="23" avgMicrosecondsPerInvocation="10089" maxMicrosecondsPerInvocation="55589" standardDeviationMicrosecondsPerInvocation="10850"/>
      <ClassProfile name="edu.umd.cs.findbugs.detect.FieldItemSummary" totalMilliseconds="184" invocations="25" avgMicrosecondsPerInvocation="7395" maxMicrosecondsPerInvocation="29545" standardDeviationMicrosecondsPerInvocation="8210"/>
      <ClassProfile name="edu.umd.cs.findbugs.classfile.engine.bcel.TypeDataflowFactory" totalMilliseconds="183" invocations="24" avgMicrosecondsPerInvocation="7652" maxMicrosecondsPerInvocation="30713" standardDeviationMicrosecondsPerInvocation="6773"/>
      <ClassProfile name="edu.umd.cs.findbugs.classfile.engine.bcel.ValueNumberDataflowFactory" totalMilliseconds="165" invocations="24" avgMicrosecondsPerInvocation="6908" maxMicrosecondsPerInvocation="40867" standardDeviationMicrosecondsPerInvocation="8520"/>
      <ClassProfile name="edu.umd.cs.findbugs.classfile.engine.bcel.UnconditionalValueDerefDataflowFactory" totalMilliseconds="149" invocations="23" avgMicrosecondsPerInvocation="6486" maxMicrosecondsPerInvocation="38277" standardDeviationMicrosecondsPerInvocation="8034"/>
      <ClassProfile name="edu.umd.cs.findbugs.ba.npe.NullDerefAndRedundantComparisonFinder" totalMilliseconds="145" invocations="23" avgMicrosecondsPerInvocation="6323" maxMicrosecondsPerInvocation="44527" standardDeviationMicrosecondsPerInvocation="8444"/>
      <ClassProfile name="edu.umd.cs.findbugs.OpcodeStack$JumpInfoFactory" totalMilliseconds="137" invocations="131" avgMicrosecondsPerInvocation="1052" maxMicrosecondsPerInvocation="10739" standardDeviationMicrosecondsPerInvocation="1331"/>
      <ClassProfile name="edu.umd.cs.findbugs.detect.FindNoSideEffectMethods" totalMilliseconds="137" invocations="25" avgMicrosecondsPerInvocation="5481" maxMicrosecondsPerInvocation="20070" standardDeviationMicrosecondsPerInvocation="5655"/>
      <ClassProfile name="edu.umd.cs.findbugs.classfile.engine.bcel.CFGFactory" totalMilliseconds="125" invocations="23" avgMicrosecondsPerInvocation="5473" maxMicrosecondsPerInvocation="42457" standardDeviationMicrosecondsPerInvocation="8118"/>
      <ClassProfile name="edu.umd.cs.findbugs.classfile.engine.bcel.MethodGenFactory" totalMilliseconds="124" invocations="23" avgMicrosecondsPerInvocation="5419" maxMicrosecondsPerInvocation="93644" standardDeviationMicrosecondsPerInvocation="18837"/>
      <ClassProfile name="edu.umd.cs.findbugs.detect.FindOpenStream" totalMilliseconds="112" invocations="1" avgMicrosecondsPerInvocation="112625" maxMicrosecondsPerInvocation="112625" standardDeviationMicrosecondsPerInvocation="0"/>
      <ClassProfile name="edu.umd.cs.findbugs.classfile.engine.bcel.JavaClassAnalysisEngine" totalMilliseconds="97" invocations="62" avgMicrosecondsPerInvocation="1572" maxMicrosecondsPerInvocation="48332" standardDeviationMicrosecondsPerInvocation="6216"/>
      <ClassProfile name="edu.umd.cs.findbugs.classfile.engine.ClassDataAnalysisEngine" totalMilliseconds="96" invocations="459" avgMicrosecondsPerInvocation="210" maxMicrosecondsPerInvocation="4789" standardDeviationMicrosecondsPerInvocation="325"/>
      <ClassProfile name="edu.umd.cs.findbugs.util.TopologicalSort" totalMilliseconds="79" invocations="411" avgMicrosecondsPerInvocation="192" maxMicrosecondsPerInvocation="4174" standardDeviationMicrosecondsPerInvocation="332"/>
      <ClassProfile name="edu.umd.cs.findbugs.detect.NoteDirectlyRelevantTypeQualifiers" totalMilliseconds="74" invocations="25" avgMicrosecondsPerInvocation="2975" maxMicrosecondsPerInvocation="29101" standardDeviationMicrosecondsPerInvocation="5745"/>
      <ClassProfile name="edu.umd.cs.findbugs.detect.OverridingEqualsNotSymmetrical" totalMilliseconds="62" invocations="25" avgMicrosecondsPerInvocation="2516" maxMicrosecondsPerInvocation="33371" standardDeviationMicrosecondsPerInvocation="6445"/>
      <ClassProfile name="edu.umd.cs.findbugs.detect.BuildStringPassthruGraph" totalMilliseconds="47" invocations="25" avgMicrosecondsPerInvocation="1887" maxMicrosecondsPerInvocation="19844" standardDeviationMicrosecondsPerInvocation="3890"/>
      <ClassProfile name="edu.umd.cs.findbugs.classfile.engine.bcel.ConstantDataflowFactory" totalMilliseconds="45" invocations="23" avgMicrosecondsPerInvocation="1957" maxMicrosecondsPerInvocation="9858" standardDeviationMicrosecondsPerInvocation="2266"/>
      <ClassProfile name="edu.umd.cs.findbugs.detect.FindRefComparison$SpecialTypeAnalysis" totalMilliseconds="42" invocations="23" avgMicrosecondsPerInvocation="1844" maxMicrosecondsPerInvocation="5088" standardDeviationMicrosecondsPerInvocation="1187"/>
      <ClassProfile name="edu.umd.cs.findbugs.detect.StreamResourceTracker" totalMilliseconds="41" invocations="65" avgMicrosecondsPerInvocation="645" maxMicrosecondsPerInvocation="7060" standardDeviationMicrosecondsPerInvocation="1002"/>
    </FindBugsProfile>
  </FindBugsSummary>
  <ClassFeatures></ClassFeatures>
  <History></History>
</BugCollection>
