<?xml version="1.0" encoding="UTF-8"?>

<BugCollection version="4.7.3" sequence="0" timestamp="1698475125899" analysisTimestamp="1698509022180" release="">
  <Project projectName="">
    <Jar>/mnt/disk3/lty/JLeaks/data/classfile/bug-151-8d3a9bf00a0a43722821942f20d21482881fcefc22da15ce63ed61ec4f1b1416.class</Jar>
  </Project>
  <Errors errors="0" missingClasses="14">
    <MissingClass>org.apache.iotdb.common.rpc.thrift.TEndPoint</MissingClass>
    <MissingClass>org.apache.iotdb.common.rpc.thrift.TRegionReplicaSet</MissingClass>
    <MissingClass>org.apache.iotdb.db.conf.IoTDBConfig</MissingClass>
    <MissingClass>org.apache.iotdb.db.conf.IoTDBDescriptor</MissingClass>
    <MissingClass>org.apache.iotdb.db.mpp.execution.scheduler.FragInstanceDispatchResult</MissingClass>
    <MissingClass>org.apache.iotdb.db.mpp.execution.scheduler.IFragInstanceDispatcher</MissingClass>
    <MissingClass>org.apache.iotdb.db.mpp.execution.scheduler.InternalServiceClientFactory</MissingClass>
    <MissingClass>org.apache.iotdb.db.mpp.sql.analyze.QueryType</MissingClass>
    <MissingClass>org.apache.iotdb.db.mpp.sql.planner.plan.FragmentInstance</MissingClass>
    <MissingClass>org.apache.iotdb.mpp.rpc.thrift.InternalService$Iface</MissingClass>
    <MissingClass>org.apache.iotdb.mpp.rpc.thrift.TFragmentInstance</MissingClass>
    <MissingClass>org.apache.iotdb.mpp.rpc.thrift.TSendFragmentInstanceReq</MissingClass>
    <MissingClass>org.apache.iotdb.mpp.rpc.thrift.TSendFragmentInstanceResp</MissingClass>
    <MissingClass>org.slf4j.LoggerFactory</MissingClass>
  </Errors>
  <FindBugsSummary timestamp="Sat, 28 Oct 2023 14:38:45 +0800" total_classes="1" referenced_classes="24" total_bugs="0" total_size="31" num_packages="1" java_version="1.8.0_382" vm_version="25.382-b05" cpu_seconds="6.18" clock_seconds="0.71" peak_mbytes="403.94" alloc_mbytes="1820.50" gc_seconds="0.04">
    <PackageStats package="org.apache.iotdb.db.mpp.execution.scheduler" total_bugs="0" total_types="1" total_size="31">
      <ClassStats class="org.apache.iotdb.db.mpp.execution.scheduler.SimpleFragInstanceDispatcher" sourceFile="SimpleFragInstanceDispatcher.java" interface="false" size="31" bugs="0"/>
    </PackageStats>
    <FindBugsProfile>
      <ClassProfile name="edu.umd.cs.findbugs.classfile.engine.ClassInfoAnalysisEngine" totalMilliseconds="124" invocations="397" avgMicrosecondsPerInvocation="314" maxMicrosecondsPerInvocation="11162" standardDeviationMicrosecondsPerInvocation="765"/>
      <ClassProfile name="edu.umd.cs.findbugs.OpcodeStack$JumpInfoFactory" totalMilliseconds="64" invocations="90" avgMicrosecondsPerInvocation="718" maxMicrosecondsPerInvocation="41642" standardDeviationMicrosecondsPerInvocation="4349"/>
      <ClassProfile name="edu.umd.cs.findbugs.detect.FieldItemSummary" totalMilliseconds="31" invocations="24" avgMicrosecondsPerInvocation="1300" maxMicrosecondsPerInvocation="6486" standardDeviationMicrosecondsPerInvocation="1828"/>
      <ClassProfile name="edu.umd.cs.findbugs.detect.FindNoSideEffectMethods" totalMilliseconds="22" invocations="24" avgMicrosecondsPerInvocation="953" maxMicrosecondsPerInvocation="3963" standardDeviationMicrosecondsPerInvocation="1113"/>
      <ClassProfile name="edu.umd.cs.findbugs.classfile.engine.bcel.JavaClassAnalysisEngine" totalMilliseconds="17" invocations="53" avgMicrosecondsPerInvocation="332" maxMicrosecondsPerInvocation="8449" standardDeviationMicrosecondsPerInvocation="1171"/>
      <ClassProfile name="edu.umd.cs.findbugs.classfile.engine.bcel.MethodGenFactory" totalMilliseconds="17" invocations="5" avgMicrosecondsPerInvocation="3518" maxMicrosecondsPerInvocation="16422" standardDeviationMicrosecondsPerInvocation="6456"/>
      <ClassProfile name="edu.umd.cs.findbugs.util.TopologicalSort" totalMilliseconds="16" invocations="346" avgMicrosecondsPerInvocation="47" maxMicrosecondsPerInvocation="732" standardDeviationMicrosecondsPerInvocation="85"/>
      <ClassProfile name="edu.umd.cs.findbugs.detect.NoteDirectlyRelevantTypeQualifiers" totalMilliseconds="12" invocations="24" avgMicrosecondsPerInvocation="540" maxMicrosecondsPerInvocation="4576" standardDeviationMicrosecondsPerInvocation="935"/>
      <ClassProfile name="edu.umd.cs.findbugs.classfile.engine.bcel.TypeDataflowFactory" totalMilliseconds="11" invocations="5" avgMicrosecondsPerInvocation="2355" maxMicrosecondsPerInvocation="5288" standardDeviationMicrosecondsPerInvocation="2382"/>
      <ClassProfile name="edu.umd.cs.findbugs.classfile.engine.bcel.ValueNumberDataflowFactory" totalMilliseconds="11" invocations="5" avgMicrosecondsPerInvocation="2318" maxMicrosecondsPerInvocation="6652" standardDeviationMicrosecondsPerInvocation="2567"/>
      <ClassProfile name="edu.umd.cs.findbugs.detect.FunctionsThatMightBeMistakenForProcedures" totalMilliseconds="11" invocations="24" avgMicrosecondsPerInvocation="458" maxMicrosecondsPerInvocation="2583" standardDeviationMicrosecondsPerInvocation="650"/>
    </FindBugsProfile>
  </FindBugsSummary>
  <ClassFeatures></ClassFeatures>
  <History></History>
</BugCollection>
