<?xml version="1.0" encoding="UTF-8"?>

<BugCollection version="4.7.3" sequence="0" timestamp="1698475230258" analysisTimestamp="1698516018037" release="">
  <Project projectName="">
    <Jar>/mnt/disk3/lty/JLeaks/data/classfile/bug-947-92a0226f0f5e162ee07a31fe6bc255fb237ef93dd512bb24186a35418a92f1fb.class</Jar>
  </Project>
  <Errors errors="0" missingClasses="7">
    <MissingClass>edu.stanford.nlp.io.IOUtils</MissingClass>
    <MissingClass>edu.stanford.nlp.io.RuntimeIOException</MissingClass>
    <MissingClass>edu.stanford.nlp.stats.ClassicCounter</MissingClass>
    <MissingClass>edu.stanford.nlp.stats.Counter</MissingClass>
    <MissingClass>edu.stanford.nlp.util.Generics</MissingClass>
    <MissingClass>edu.stanford.nlp.util.Pair</MissingClass>
    <MissingClass>edu.stanford.nlp.util.PropertiesUtils</MissingClass>
  </Errors>
  <FindBugsSummary timestamp="Sat, 28 Oct 2023 14:40:30 +0800" total_classes="1" referenced_classes="28" total_bugs="0" total_size="336" num_packages="1" java_version="1.8.0_382" vm_version="25.382-b05" cpu_seconds="9.43" clock_seconds="0.99" peak_mbytes="399.27" alloc_mbytes="1820.50" gc_seconds="0.04">
    <PackageStats package="edu.stanford.nlp.dcoref" total_bugs="0" total_types="1" total_size="336">
      <ClassStats class="edu.stanford.nlp.dcoref.Dictionaries" sourceFile="Dictionaries.java" interface="false" size="336" bugs="0"/>
    </PackageStats>
    <FindBugsProfile>
      <ClassProfile name="edu.umd.cs.findbugs.classfile.engine.ClassInfoAnalysisEngine" totalMilliseconds="123" invocations="474" avgMicrosecondsPerInvocation="259" maxMicrosecondsPerInvocation="15488" standardDeviationMicrosecondsPerInvocation="831"/>
      <ClassProfile name="edu.umd.cs.findbugs.detect.FindNoSideEffectMethods" totalMilliseconds="67" invocations="28" avgMicrosecondsPerInvocation="2423" maxMicrosecondsPerInvocation="42822" standardDeviationMicrosecondsPerInvocation="7861"/>
      <ClassProfile name="edu.umd.cs.findbugs.classfile.engine.bcel.TypeDataflowFactory" totalMilliseconds="33" invocations="22" avgMicrosecondsPerInvocation="1535" maxMicrosecondsPerInvocation="10116" standardDeviationMicrosecondsPerInvocation="2054"/>
      <ClassProfile name="edu.umd.cs.findbugs.detect.FieldItemSummary" totalMilliseconds="32" invocations="28" avgMicrosecondsPerInvocation="1170" maxMicrosecondsPerInvocation="6345" standardDeviationMicrosecondsPerInvocation="1570"/>
      <ClassProfile name="edu.umd.cs.findbugs.OpcodeStack$JumpInfoFactory" totalMilliseconds="32" invocations="205" avgMicrosecondsPerInvocation="159" maxMicrosecondsPerInvocation="1695" standardDeviationMicrosecondsPerInvocation="217"/>
      <ClassProfile name="edu.umd.cs.findbugs.classfile.engine.bcel.ValueNumberDataflowFactory" totalMilliseconds="28" invocations="22" avgMicrosecondsPerInvocation="1273" maxMicrosecondsPerInvocation="11411" standardDeviationMicrosecondsPerInvocation="2434"/>
      <ClassProfile name="edu.umd.cs.findbugs.classfile.engine.bcel.IsNullValueDataflowFactory" totalMilliseconds="27" invocations="19" avgMicrosecondsPerInvocation="1441" maxMicrosecondsPerInvocation="6150" standardDeviationMicrosecondsPerInvocation="1740"/>
      <ClassProfile name="edu.umd.cs.findbugs.ba.npe.NullDerefAndRedundantComparisonFinder" totalMilliseconds="22" invocations="19" avgMicrosecondsPerInvocation="1195" maxMicrosecondsPerInvocation="10350" standardDeviationMicrosecondsPerInvocation="2240"/>
      <ClassProfile name="edu.umd.cs.findbugs.classfile.engine.bcel.JavaClassAnalysisEngine" totalMilliseconds="20" invocations="61" avgMicrosecondsPerInvocation="328" maxMicrosecondsPerInvocation="8625" standardDeviationMicrosecondsPerInvocation="1120"/>
      <ClassProfile name="edu.umd.cs.findbugs.classfile.engine.bcel.MethodGenFactory" totalMilliseconds="19" invocations="20" avgMicrosecondsPerInvocation="986" maxMicrosecondsPerInvocation="16384" standardDeviationMicrosecondsPerInvocation="3536"/>
      <ClassProfile name="edu.umd.cs.findbugs.classfile.engine.bcel.UnconditionalValueDerefDataflowFactory" totalMilliseconds="19" invocations="19" avgMicrosecondsPerInvocation="1025" maxMicrosecondsPerInvocation="3962" standardDeviationMicrosecondsPerInvocation="1054"/>
      <ClassProfile name="edu.umd.cs.findbugs.classfile.engine.bcel.CFGFactory" totalMilliseconds="17" invocations="20" avgMicrosecondsPerInvocation="892" maxMicrosecondsPerInvocation="8049" standardDeviationMicrosecondsPerInvocation="1689"/>
      <ClassProfile name="edu.umd.cs.findbugs.util.TopologicalSort" totalMilliseconds="15" invocations="427" avgMicrosecondsPerInvocation="35" maxMicrosecondsPerInvocation="832" standardDeviationMicrosecondsPerInvocation="73"/>
      <ClassProfile name="edu.umd.cs.findbugs.detect.NoteDirectlyRelevantTypeQualifiers" totalMilliseconds="14" invocations="28" avgMicrosecondsPerInvocation="502" maxMicrosecondsPerInvocation="4481" standardDeviationMicrosecondsPerInvocation="859"/>
      <ClassProfile name="edu.umd.cs.findbugs.detect.OverridingEqualsNotSymmetrical" totalMilliseconds="11" invocations="28" avgMicrosecondsPerInvocation="396" maxMicrosecondsPerInvocation="6296" standardDeviationMicrosecondsPerInvocation="1156"/>
      <ClassProfile name="edu.umd.cs.findbugs.classfile.engine.ClassDataAnalysisEngine" totalMilliseconds="11" invocations="476" avgMicrosecondsPerInvocation="23" maxMicrosecondsPerInvocation="464" standardDeviationMicrosecondsPerInvocation="33"/>
    </FindBugsProfile>
  </FindBugsSummary>
  <ClassFeatures></ClassFeatures>
  <History></History>
</BugCollection>
