<?xml version="1.0" encoding="UTF-8"?>

<BugCollection version="4.7.3" sequence="0" timestamp="1698475113424" analysisTimestamp="1698508134081" release="">
  <Project projectName="">
    <Jar>/mnt/disk3/lty/JLeaks/data/classfile/bug-36-c9ee98209a42dcfbbe3f5207513a2efbcd4ee62716770f1183df75a7ea59c2ca.class</Jar>
  </Project>
  <Errors errors="0" missingClasses="16">
    <MissingClass>org.apache.log4j.Logger</MissingClass>
    <MissingClass>tachyon.Constants</MissingClass>
    <MissingClass>tachyon.UnderFileSystem</MissingClass>
    <MissingClass>tachyon.client.BlockInStream</MissingClass>
    <MissingClass>tachyon.client.BlockOutStream</MissingClass>
    <MissingClass>tachyon.client.EmptyBlockInStream</MissingClass>
    <MissingClass>tachyon.client.FileInStream</MissingClass>
    <MissingClass>tachyon.client.FileOutStream</MissingClass>
    <MissingClass>tachyon.client.TachyonByteBuffer</MissingClass>
    <MissingClass>tachyon.client.TachyonFS</MissingClass>
    <MissingClass>tachyon.client.WriteType</MissingClass>
    <MissingClass>tachyon.conf.UserConf</MissingClass>
    <MissingClass>tachyon.thrift.ClientBlockInfo</MissingClass>
    <MissingClass>tachyon.thrift.NetAddress</MissingClass>
    <MissingClass>tachyon.util.CommonUtils</MissingClass>
    <MissingClass>tachyon.worker.DataServerMessage</MissingClass>
  </Errors>
  <FindBugsSummary timestamp="Sat, 28 Oct 2023 14:38:33 +0800" total_classes="1" referenced_classes="21" total_bugs="0" total_size="194" num_packages="1" java_version="1.8.0_382" vm_version="25.382-b05" cpu_seconds="47.05" clock_seconds="4.62" peak_mbytes="386.76" alloc_mbytes="1820.50" gc_seconds="0.21">
    <PackageStats package="tachyon.client" total_bugs="0" total_types="1" total_size="194">
      <ClassStats class="tachyon.client.TachyonFile" sourceFile="TachyonFile.java" interface="false" size="194" bugs="0"/>
    </PackageStats>
    <FindBugsProfile>
      <ClassProfile name="edu.umd.cs.findbugs.classfile.engine.ClassInfoAnalysisEngine" totalMilliseconds="485" invocations="408" avgMicrosecondsPerInvocation="1188" maxMicrosecondsPerInvocation="54655" standardDeviationMicrosecondsPerInvocation="3231"/>
      <ClassProfile name="edu.umd.cs.findbugs.detect.FunctionsThatMightBeMistakenForProcedures" totalMilliseconds="287" invocations="21" avgMicrosecondsPerInvocation="13671" maxMicrosecondsPerInvocation="259867" standardDeviationMicrosecondsPerInvocation="55079"/>
      <ClassProfile name="edu.umd.cs.findbugs.classfile.engine.bcel.IsNullValueDataflowFactory" totalMilliseconds="195" invocations="34" avgMicrosecondsPerInvocation="5757" maxMicrosecondsPerInvocation="46219" standardDeviationMicrosecondsPerInvocation="11273"/>
      <ClassProfile name="edu.umd.cs.findbugs.classfile.engine.bcel.ValueNumberDataflowFactory" totalMilliseconds="173" invocations="36" avgMicrosecondsPerInvocation="4815" maxMicrosecondsPerInvocation="40820" standardDeviationMicrosecondsPerInvocation="8287"/>
      <ClassProfile name="edu.umd.cs.findbugs.classfile.engine.bcel.TypeDataflowFactory" totalMilliseconds="171" invocations="36" avgMicrosecondsPerInvocation="4764" maxMicrosecondsPerInvocation="33521" standardDeviationMicrosecondsPerInvocation="7987"/>
      <ClassProfile name="edu.umd.cs.findbugs.classfile.engine.bcel.MethodGenFactory" totalMilliseconds="123" invocations="34" avgMicrosecondsPerInvocation="3621" maxMicrosecondsPerInvocation="99980" standardDeviationMicrosecondsPerInvocation="16785"/>
      <ClassProfile name="edu.umd.cs.findbugs.OpcodeStack$JumpInfoFactory" totalMilliseconds="122" invocations="122" avgMicrosecondsPerInvocation="1006" maxMicrosecondsPerInvocation="8078" standardDeviationMicrosecondsPerInvocation="1264"/>
      <ClassProfile name="edu.umd.cs.findbugs.detect.FieldItemSummary" totalMilliseconds="117" invocations="21" avgMicrosecondsPerInvocation="5603" maxMicrosecondsPerInvocation="22194" standardDeviationMicrosecondsPerInvocation="7144"/>
      <ClassProfile name="edu.umd.cs.findbugs.classfile.engine.bcel.CFGFactory" totalMilliseconds="116" invocations="34" avgMicrosecondsPerInvocation="3427" maxMicrosecondsPerInvocation="45413" standardDeviationMicrosecondsPerInvocation="7810"/>
      <ClassProfile name="edu.umd.cs.findbugs.classfile.engine.bcel.UnconditionalValueDerefDataflowFactory" totalMilliseconds="97" invocations="34" avgMicrosecondsPerInvocation="2876" maxMicrosecondsPerInvocation="22639" standardDeviationMicrosecondsPerInvocation="5994"/>
      <ClassProfile name="edu.umd.cs.findbugs.detect.FindNoSideEffectMethods" totalMilliseconds="91" invocations="21" avgMicrosecondsPerInvocation="4337" maxMicrosecondsPerInvocation="16138" standardDeviationMicrosecondsPerInvocation="4911"/>
      <ClassProfile name="edu.umd.cs.findbugs.classfile.engine.bcel.JavaClassAnalysisEngine" totalMilliseconds="78" invocations="70" avgMicrosecondsPerInvocation="1120" maxMicrosecondsPerInvocation="41847" standardDeviationMicrosecondsPerInvocation="5043"/>
      <ClassProfile name="edu.umd.cs.findbugs.classfile.engine.ClassDataAnalysisEngine" totalMilliseconds="77" invocations="412" avgMicrosecondsPerInvocation="188" maxMicrosecondsPerInvocation="3925" standardDeviationMicrosecondsPerInvocation="249"/>
      <ClassProfile name="edu.umd.cs.findbugs.util.TopologicalSort" totalMilliseconds="71" invocations="358" avgMicrosecondsPerInvocation="198" maxMicrosecondsPerInvocation="4619" standardDeviationMicrosecondsPerInvocation="347"/>
      <ClassProfile name="edu.umd.cs.findbugs.ba.npe.NullDerefAndRedundantComparisonFinder" totalMilliseconds="64" invocations="33" avgMicrosecondsPerInvocation="1948" maxMicrosecondsPerInvocation="12541" standardDeviationMicrosecondsPerInvocation="2874"/>
      <ClassProfile name="edu.umd.cs.findbugs.detect.OverridingEqualsNotSymmetrical" totalMilliseconds="50" invocations="21" avgMicrosecondsPerInvocation="2393" maxMicrosecondsPerInvocation="24982" standardDeviationMicrosecondsPerInvocation="5267"/>
      <ClassProfile name="edu.umd.cs.findbugs.detect.FindRefComparison$SpecialTypeAnalysis" totalMilliseconds="48" invocations="31" avgMicrosecondsPerInvocation="1548" maxMicrosecondsPerInvocation="16333" standardDeviationMicrosecondsPerInvocation="3127"/>
      <ClassProfile name="edu.umd.cs.findbugs.detect.NoteDirectlyRelevantTypeQualifiers" totalMilliseconds="47" invocations="21" avgMicrosecondsPerInvocation="2276" maxMicrosecondsPerInvocation="24326" standardDeviationMicrosecondsPerInvocation="5094"/>
      <ClassProfile name="edu.umd.cs.findbugs.detect.ReadReturnShouldBeChecked" totalMilliseconds="41" invocations="1" avgMicrosecondsPerInvocation="41788" maxMicrosecondsPerInvocation="41788" standardDeviationMicrosecondsPerInvocation="0"/>
      <ClassProfile name="edu.umd.cs.findbugs.detect.FindOpenStream" totalMilliseconds="37" invocations="1" avgMicrosecondsPerInvocation="37266" maxMicrosecondsPerInvocation="37266" standardDeviationMicrosecondsPerInvocation="0"/>
      <ClassProfile name="edu.umd.cs.findbugs.ba.npe.TypeQualifierNullnessAnnotationDatabase" totalMilliseconds="35" invocations="647" avgMicrosecondsPerInvocation="54" maxMicrosecondsPerInvocation="5122" standardDeviationMicrosecondsPerInvocation="327"/>
      <ClassProfile name="edu.umd.cs.findbugs.detect.BuildObligationPolicyDatabase" totalMilliseconds="32" invocations="21" avgMicrosecondsPerInvocation="1537" maxMicrosecondsPerInvocation="10601" standardDeviationMicrosecondsPerInvocation="2243"/>
      <ClassProfile name="edu.umd.cs.findbugs.detect.BuildStringPassthruGraph" totalMilliseconds="32" invocations="21" avgMicrosecondsPerInvocation="1536" maxMicrosecondsPerInvocation="14404" standardDeviationMicrosecondsPerInvocation="3093"/>
      <ClassProfile name="edu.umd.cs.findbugs.detect.FindRefComparison" totalMilliseconds="30" invocations="1" avgMicrosecondsPerInvocation="30926" maxMicrosecondsPerInvocation="30926" standardDeviationMicrosecondsPerInvocation="0"/>
    </FindBugsProfile>
  </FindBugsSummary>
  <ClassFeatures></ClassFeatures>
  <History></History>
</BugCollection>
