<?xml version="1.0" encoding="UTF-8"?>

<BugCollection version="4.7.3" sequence="0" timestamp="1698475173385" analysisTimestamp="1698512959689" release="">
  <Project projectName="">
    <Jar>/mnt/disk3/lty/JLeaks/data/classfile/bug-544-7072fb0161258aba2d96e11e0a043f98c4a1972a5133177c447fc11f09d77c09.class</Jar>
  </Project>
  <Errors errors="0" missingClasses="26">
    <MissingClass>edu.harvard.iq.dataverse.DataverseServiceBean</MissingClass>
    <MissingClass>edu.harvard.iq.dataverse.export.ExportService</MissingClass>
    <MissingClass>edu.harvard.iq.dataverse.export.spi.Exporter</MissingClass>
    <MissingClass>edu.harvard.iq.dataverse.harvest.server.xoai.DataverseXoaiItemRepository</MissingClass>
    <MissingClass>edu.harvard.iq.dataverse.harvest.server.xoai.DataverseXoaiSetRepository</MissingClass>
    <MissingClass>edu.harvard.iq.dataverse.settings.SettingsServiceBean</MissingClass>
    <MissingClass>edu.harvard.iq.dataverse.settings.SettingsServiceBean$Key</MissingClass>
    <MissingClass>edu.harvard.iq.dataverse.util.MailUtil</MissingClass>
    <MissingClass>edu.harvard.iq.dataverse.util.SystemConfig</MissingClass>
    <MissingClass>io.gdcc.xoai.dataprovider.DataProvider</MissingClass>
    <MissingClass>io.gdcc.xoai.dataprovider.model.Context</MissingClass>
    <MissingClass>io.gdcc.xoai.dataprovider.model.MetadataFormat</MissingClass>
    <MissingClass>io.gdcc.xoai.dataprovider.repository.ItemRepository</MissingClass>
    <MissingClass>io.gdcc.xoai.dataprovider.repository.Repository</MissingClass>
    <MissingClass>io.gdcc.xoai.dataprovider.repository.RepositoryConfiguration</MissingClass>
    <MissingClass>io.gdcc.xoai.dataprovider.repository.SetRepository</MissingClass>
    <MissingClass>io.gdcc.xoai.dataprovider.request.RequestBuilder</MissingClass>
    <MissingClass>io.gdcc.xoai.model.oaipmh.DeletedRecord</MissingClass>
    <MissingClass>io.gdcc.xoai.xml.XmlWriter</MissingClass>
    <MissingClass>javax.mail.internet.InternetAddress</MissingClass>
    <MissingClass>javax.servlet.ServletConfig</MissingClass>
    <MissingClass>javax.servlet.ServletException</MissingClass>
    <MissingClass>javax.servlet.http.HttpServlet</MissingClass>
    <MissingClass>javax.servlet.http.HttpServletRequest</MissingClass>
    <MissingClass>javax.servlet.http.HttpServletResponse</MissingClass>
    <MissingClass>org.apache.commons.lang3.StringUtils</MissingClass>
  </Errors>
  <FindBugsSummary timestamp="Sat, 28 Oct 2023 14:39:33 +0800" total_classes="1" referenced_classes="18" total_bugs="0" total_size="119" num_packages="1" java_version="1.8.0_382" vm_version="25.382-b05" cpu_seconds="7.07" clock_seconds="0.78" peak_mbytes="417.37" alloc_mbytes="1820.50" gc_seconds="0.04">
    <PackageStats package="edu.harvard.iq.dataverse.harvest.server.web.servlet" total_bugs="0" total_types="1" total_size="119">
      <ClassStats class="edu.harvard.iq.dataverse.harvest.server.web.servlet.OAIServlet" sourceFile="OAIServlet.java" interface="false" size="119" bugs="0"/>
    </PackageStats>
    <FindBugsProfile>
      <ClassProfile name="edu.umd.cs.findbugs.classfile.engine.ClassInfoAnalysisEngine" totalMilliseconds="116" invocations="373" avgMicrosecondsPerInvocation="311" maxMicrosecondsPerInvocation="12467" standardDeviationMicrosecondsPerInvocation="816"/>
      <ClassProfile name="edu.umd.cs.findbugs.detect.BuildObligationPolicyDatabase" totalMilliseconds="48" invocations="18" avgMicrosecondsPerInvocation="2697" maxMicrosecondsPerInvocation="42596" standardDeviationMicrosecondsPerInvocation="9682"/>
      <ClassProfile name="edu.umd.cs.findbugs.detect.FieldItemSummary" totalMilliseconds="27" invocations="18" avgMicrosecondsPerInvocation="1528" maxMicrosecondsPerInvocation="5034" standardDeviationMicrosecondsPerInvocation="1632"/>
      <ClassProfile name="edu.umd.cs.findbugs.classfile.engine.bcel.IsNullValueDataflowFactory" totalMilliseconds="22" invocations="15" avgMicrosecondsPerInvocation="1468" maxMicrosecondsPerInvocation="7208" standardDeviationMicrosecondsPerInvocation="2024"/>
      <ClassProfile name="edu.umd.cs.findbugs.detect.FindNoSideEffectMethods" totalMilliseconds="20" invocations="18" avgMicrosecondsPerInvocation="1143" maxMicrosecondsPerInvocation="3564" standardDeviationMicrosecondsPerInvocation="1174"/>
      <ClassProfile name="edu.umd.cs.findbugs.classfile.engine.bcel.MethodGenFactory" totalMilliseconds="20" invocations="15" avgMicrosecondsPerInvocation="1335" maxMicrosecondsPerInvocation="17477" standardDeviationMicrosecondsPerInvocation="4318"/>
      <ClassProfile name="edu.umd.cs.findbugs.OpcodeStack$JumpInfoFactory" totalMilliseconds="18" invocations="73" avgMicrosecondsPerInvocation="254" maxMicrosecondsPerInvocation="1896" standardDeviationMicrosecondsPerInvocation="327"/>
      <ClassProfile name="edu.umd.cs.findbugs.classfile.engine.bcel.TypeDataflowFactory" totalMilliseconds="17" invocations="15" avgMicrosecondsPerInvocation="1144" maxMicrosecondsPerInvocation="4810" standardDeviationMicrosecondsPerInvocation="1581"/>
      <ClassProfile name="edu.umd.cs.findbugs.classfile.engine.bcel.JavaClassAnalysisEngine" totalMilliseconds="16" invocations="67" avgMicrosecondsPerInvocation="242" maxMicrosecondsPerInvocation="8371" standardDeviationMicrosecondsPerInvocation="1034"/>
      <ClassProfile name="edu.umd.cs.findbugs.classfile.engine.bcel.ValueNumberDataflowFactory" totalMilliseconds="16" invocations="15" avgMicrosecondsPerInvocation="1072" maxMicrosecondsPerInvocation="6731" standardDeviationMicrosecondsPerInvocation="1732"/>
      <ClassProfile name="edu.umd.cs.findbugs.util.TopologicalSort" totalMilliseconds="14" invocations="305" avgMicrosecondsPerInvocation="48" maxMicrosecondsPerInvocation="646" standardDeviationMicrosecondsPerInvocation="78"/>
      <ClassProfile name="edu.umd.cs.findbugs.classfile.engine.bcel.CFGFactory" totalMilliseconds="14" invocations="15" avgMicrosecondsPerInvocation="976" maxMicrosecondsPerInvocation="7240" standardDeviationMicrosecondsPerInvocation="1791"/>
      <ClassProfile name="edu.umd.cs.findbugs.classfile.engine.bcel.UnconditionalValueDerefDataflowFactory" totalMilliseconds="11" invocations="15" avgMicrosecondsPerInvocation="761" maxMicrosecondsPerInvocation="5021" standardDeviationMicrosecondsPerInvocation="1391"/>
    </FindBugsProfile>
  </FindBugsSummary>
  <ClassFeatures></ClassFeatures>
  <History></History>
</BugCollection>
