<?xml version="1.0" encoding="UTF-8"?>

<BugCollection version="4.7.3" sequence="0" timestamp="1698475216847" analysisTimestamp="1698515091463" release="">
  <Project projectName="">
    <Jar>/mnt/disk3/lty/JLeaks/data/classfile/bug-857-dab4328d4e49c341ebea37a9882203d9c817b6ffe02d1c81a579b69bced010ba.class</Jar>
  </Project>
  <Errors errors="0" missingClasses="4">
    <MissingClass>io.prometheus.client.CollectorRegistry</MissingClass>
    <MissingClass>io.prometheus.client.exporter.HTTPServer$1</MissingClass>
    <MissingClass>io.prometheus.client.exporter.HTTPServer$HTTPMetricHandler</MissingClass>
    <MissingClass>io.prometheus.client.exporter.HTTPServer$NamedDaemonThreadFactory</MissingClass>
  </Errors>
  <FindBugsSummary timestamp="Sat, 28 Oct 2023 14:40:16 +0800" total_classes="1" referenced_classes="31" total_bugs="0" total_size="71" num_packages="1" java_version="1.8.0_382" vm_version="25.382-b05" cpu_seconds="5.48" clock_seconds="0.68" peak_mbytes="381.50" alloc_mbytes="1820.50" gc_seconds="0.04">
    <PackageStats package="io.prometheus.client.exporter" total_bugs="0" total_types="1" total_size="71">
      <ClassStats class="io.prometheus.client.exporter.HTTPServer" sourceFile="HTTPServer.java" interface="false" size="71" bugs="0"/>
    </PackageStats>
    <FindBugsProfile>
      <ClassProfile name="edu.umd.cs.findbugs.classfile.engine.ClassInfoAnalysisEngine" totalMilliseconds="105" invocations="391" avgMicrosecondsPerInvocation="269" maxMicrosecondsPerInvocation="10419" standardDeviationMicrosecondsPerInvocation="708"/>
      <ClassProfile name="edu.umd.cs.findbugs.detect.EqualsOperandShouldHaveClassCompatibleWithThis" totalMilliseconds="55" invocations="31" avgMicrosecondsPerInvocation="1774" maxMicrosecondsPerInvocation="51794" standardDeviationMicrosecondsPerInvocation="9134"/>
      <ClassProfile name="edu.umd.cs.findbugs.detect.FieldItemSummary" totalMilliseconds="23" invocations="31" avgMicrosecondsPerInvocation="768" maxMicrosecondsPerInvocation="5686" standardDeviationMicrosecondsPerInvocation="1253"/>
      <ClassProfile name="edu.umd.cs.findbugs.OpcodeStack$JumpInfoFactory" totalMilliseconds="17" invocations="87" avgMicrosecondsPerInvocation="199" maxMicrosecondsPerInvocation="1473" standardDeviationMicrosecondsPerInvocation="261"/>
      <ClassProfile name="edu.umd.cs.findbugs.classfile.engine.bcel.MethodGenFactory" totalMilliseconds="17" invocations="12" avgMicrosecondsPerInvocation="1445" maxMicrosecondsPerInvocation="16061" standardDeviationMicrosecondsPerInvocation="4407"/>
      <ClassProfile name="edu.umd.cs.findbugs.detect.FindNoSideEffectMethods" totalMilliseconds="16" invocations="31" avgMicrosecondsPerInvocation="542" maxMicrosecondsPerInvocation="3099" standardDeviationMicrosecondsPerInvocation="739"/>
      <ClassProfile name="edu.umd.cs.findbugs.classfile.engine.bcel.JavaClassAnalysisEngine" totalMilliseconds="16" invocations="61" avgMicrosecondsPerInvocation="269" maxMicrosecondsPerInvocation="8633" standardDeviationMicrosecondsPerInvocation="1113"/>
      <ClassProfile name="edu.umd.cs.findbugs.classfile.engine.bcel.IsNullValueDataflowFactory" totalMilliseconds="14" invocations="12" avgMicrosecondsPerInvocation="1181" maxMicrosecondsPerInvocation="8206" standardDeviationMicrosecondsPerInvocation="2205"/>
      <ClassProfile name="edu.umd.cs.findbugs.classfile.engine.bcel.ValueNumberDataflowFactory" totalMilliseconds="14" invocations="12" avgMicrosecondsPerInvocation="1172" maxMicrosecondsPerInvocation="9199" standardDeviationMicrosecondsPerInvocation="2469"/>
      <ClassProfile name="edu.umd.cs.findbugs.util.TopologicalSort" totalMilliseconds="14" invocations="352" avgMicrosecondsPerInvocation="39" maxMicrosecondsPerInvocation="629" standardDeviationMicrosecondsPerInvocation="73"/>
      <ClassProfile name="edu.umd.cs.findbugs.classfile.engine.bcel.TypeDataflowFactory" totalMilliseconds="12" invocations="12" avgMicrosecondsPerInvocation="1028" maxMicrosecondsPerInvocation="7519" standardDeviationMicrosecondsPerInvocation="2016"/>
      <ClassProfile name="edu.umd.cs.findbugs.classfile.engine.bcel.CFGFactory" totalMilliseconds="11" invocations="12" avgMicrosecondsPerInvocation="993" maxMicrosecondsPerInvocation="8139" standardDeviationMicrosecondsPerInvocation="2178"/>
    </FindBugsProfile>
  </FindBugsSummary>
  <ClassFeatures></ClassFeatures>
  <History></History>
</BugCollection>
