<?xml version="1.0" encoding="UTF-8"?>

<BugCollection version="4.7.3" sequence="0" timestamp="1698475207099" analysisTimestamp="1698514958185" release="">
  <Project projectName="">
    <Jar>/mnt/disk3/lty/JLeaks/data/classfile/bug-790-7d1409c7b892f6cd1a8a5134122687477d73222fff4bfddb4961d2b5b80f92a9.class</Jar>
  </Project>
  <Errors errors="0" missingClasses="6">
    <MissingClass>org.opensolaris.opengrok.history.History</MissingClass>
    <MissingClass>org.opensolaris.opengrok.history.HistoryCache</MissingClass>
    <MissingClass>org.opensolaris.opengrok.history.HistoryEntry</MissingClass>
    <MissingClass>org.opensolaris.opengrok.history.HistoryException</MissingClass>
    <MissingClass>org.opensolaris.opengrok.history.Repository</MissingClass>
    <MissingClass>org.opensolaris.opengrok.jdbc.ConnectionManager</MissingClass>
  </Errors>
  <FindBugsSummary timestamp="Sat, 28 Oct 2023 14:40:07 +0800" total_classes="1" referenced_classes="27" total_bugs="0" total_size="224" num_packages="1" java_version="1.8.0_382" vm_version="25.382-b05" cpu_seconds="8.33" clock_seconds="0.90" peak_mbytes="377.88" alloc_mbytes="1820.50" gc_seconds="0.04">
    <PackageStats package="org.opensolaris.opengrok.history" total_bugs="0" total_types="1" total_size="224">
      <ClassStats class="org.opensolaris.opengrok.history.JDBCHistoryCache" sourceFile="JDBCHistoryCache.java" interface="false" size="224" bugs="0"/>
    </PackageStats>
    <FindBugsProfile>
      <ClassProfile name="edu.umd.cs.findbugs.classfile.engine.ClassInfoAnalysisEngine" totalMilliseconds="119" invocations="409" avgMicrosecondsPerInvocation="292" maxMicrosecondsPerInvocation="12203" standardDeviationMicrosecondsPerInvocation="774"/>
      <ClassProfile name="edu.umd.cs.findbugs.OpcodeStack$JumpInfoFactory" totalMilliseconds="63" invocations="115" avgMicrosecondsPerInvocation="553" maxMicrosecondsPerInvocation="39637" standardDeviationMicrosecondsPerInvocation="3669"/>
      <ClassProfile name="edu.umd.cs.findbugs.classfile.engine.bcel.TypeDataflowFactory" totalMilliseconds="33" invocations="19" avgMicrosecondsPerInvocation="1783" maxMicrosecondsPerInvocation="4812" standardDeviationMicrosecondsPerInvocation="1473"/>
      <ClassProfile name="edu.umd.cs.findbugs.classfile.engine.bcel.ValueNumberDataflowFactory" totalMilliseconds="31" invocations="19" avgMicrosecondsPerInvocation="1637" maxMicrosecondsPerInvocation="6187" standardDeviationMicrosecondsPerInvocation="1722"/>
      <ClassProfile name="edu.umd.cs.findbugs.classfile.engine.bcel.IsNullValueDataflowFactory" totalMilliseconds="27" invocations="14" avgMicrosecondsPerInvocation="1954" maxMicrosecondsPerInvocation="7498" standardDeviationMicrosecondsPerInvocation="2327"/>
      <ClassProfile name="edu.umd.cs.findbugs.detect.FieldItemSummary" totalMilliseconds="26" invocations="27" avgMicrosecondsPerInvocation="968" maxMicrosecondsPerInvocation="6550" standardDeviationMicrosecondsPerInvocation="1415"/>
      <ClassProfile name="edu.umd.cs.findbugs.detect.FindNoSideEffectMethods" totalMilliseconds="19" invocations="27" avgMicrosecondsPerInvocation="729" maxMicrosecondsPerInvocation="3121" standardDeviationMicrosecondsPerInvocation="829"/>
      <ClassProfile name="edu.umd.cs.findbugs.classfile.engine.bcel.UnconditionalValueDerefDataflowFactory" totalMilliseconds="19" invocations="14" avgMicrosecondsPerInvocation="1368" maxMicrosecondsPerInvocation="5747" standardDeviationMicrosecondsPerInvocation="1590"/>
      <ClassProfile name="edu.umd.cs.findbugs.classfile.engine.bcel.MethodGenFactory" totalMilliseconds="18" invocations="14" avgMicrosecondsPerInvocation="1351" maxMicrosecondsPerInvocation="15440" standardDeviationMicrosecondsPerInvocation="3913"/>
      <ClassProfile name="edu.umd.cs.findbugs.classfile.engine.bcel.JavaClassAnalysisEngine" totalMilliseconds="18" invocations="56" avgMicrosecondsPerInvocation="322" maxMicrosecondsPerInvocation="8630" standardDeviationMicrosecondsPerInvocation="1173"/>
      <ClassProfile name="edu.umd.cs.findbugs.classfile.engine.bcel.CFGFactory" totalMilliseconds="16" invocations="14" avgMicrosecondsPerInvocation="1192" maxMicrosecondsPerInvocation="6542" standardDeviationMicrosecondsPerInvocation="1553"/>
      <ClassProfile name="edu.umd.cs.findbugs.util.TopologicalSort" totalMilliseconds="16" invocations="370" avgMicrosecondsPerInvocation="45" maxMicrosecondsPerInvocation="2051" standardDeviationMicrosecondsPerInvocation="122"/>
      <ClassProfile name="edu.umd.cs.findbugs.ba.npe.NullDerefAndRedundantComparisonFinder" totalMilliseconds="14" invocations="14" avgMicrosecondsPerInvocation="1022" maxMicrosecondsPerInvocation="4640" standardDeviationMicrosecondsPerInvocation="1144"/>
      <ClassProfile name="edu.umd.cs.findbugs.detect.StreamResourceTracker" totalMilliseconds="12" invocations="14" avgMicrosecondsPerInvocation="900" maxMicrosecondsPerInvocation="1896" standardDeviationMicrosecondsPerInvocation="403"/>
      <ClassProfile name="edu.umd.cs.findbugs.detect.FindOpenStream" totalMilliseconds="12" invocations="1" avgMicrosecondsPerInvocation="12247" maxMicrosecondsPerInvocation="12247" standardDeviationMicrosecondsPerInvocation="0"/>
      <ClassProfile name="edu.umd.cs.findbugs.detect.NoteDirectlyRelevantTypeQualifiers" totalMilliseconds="11" invocations="27" avgMicrosecondsPerInvocation="435" maxMicrosecondsPerInvocation="5014" standardDeviationMicrosecondsPerInvocation="943"/>
    </FindBugsProfile>
  </FindBugsSummary>
  <ClassFeatures></ClassFeatures>
  <History></History>
</BugCollection>
