<?xml version="1.0" encoding="UTF-8"?>

<BugCollection version="4.7.3" sequence="0" timestamp="1698475167409" analysisTimestamp="1698512208542" release="">
  <Project projectName="">
    <Jar>/mnt/disk3/lty/JLeaks/data/classfile/bug-498-8e290a83bb8bc67c82e5ab81f34eba06131ecd2721155f358a682649037e3a28.class</Jar>
  </Project>
  <Errors errors="0" missingClasses="83">
    <MissingClass>com.gargoylesoftware.htmlunit.BrowserVersion</MissingClass>
    <MissingClass>com.gargoylesoftware.htmlunit.BrowserVersionFeatures</MissingClass>
    <MissingClass>com.gargoylesoftware.htmlunit.DownloadedContent$InMemory</MissingClass>
    <MissingClass>com.gargoylesoftware.htmlunit.DownloadedContent$OnFile</MissingClass>
    <MissingClass>com.gargoylesoftware.htmlunit.FormEncodingType</MissingClass>
    <MissingClass>com.gargoylesoftware.htmlunit.HttpMethod</MissingClass>
    <MissingClass>com.gargoylesoftware.htmlunit.HttpWebConnection$1</MissingClass>
    <MissingClass>com.gargoylesoftware.htmlunit.HttpWebConnection$2</MissingClass>
    <MissingClass>com.gargoylesoftware.htmlunit.HttpWebConnection$AcceptEncodingHeaderHttpRequestInterceptor</MissingClass>
    <MissingClass>com.gargoylesoftware.htmlunit.HttpWebConnection$AcceptHeaderHttpRequestInterceptor</MissingClass>
    <MissingClass>com.gargoylesoftware.htmlunit.HttpWebConnection$AcceptLanguageHeaderHttpRequestInterceptor</MissingClass>
    <MissingClass>com.gargoylesoftware.htmlunit.HttpWebConnection$DntHeaderHttpRequestInterceptor</MissingClass>
    <MissingClass>com.gargoylesoftware.htmlunit.HttpWebConnection$HostHeaderHttpRequestInterceptor</MissingClass>
    <MissingClass>com.gargoylesoftware.htmlunit.HttpWebConnection$MultiHttpRequestInterceptor</MissingClass>
    <MissingClass>com.gargoylesoftware.htmlunit.HttpWebConnection$RefererHeaderHttpRequestInterceptor</MissingClass>
    <MissingClass>com.gargoylesoftware.htmlunit.HttpWebConnection$UserAgentHeaderHttpRequestInterceptor</MissingClass>
    <MissingClass>com.gargoylesoftware.htmlunit.WebClient</MissingClass>
    <MissingClass>com.gargoylesoftware.htmlunit.WebClientOptions</MissingClass>
    <MissingClass>com.gargoylesoftware.htmlunit.WebConnection</MissingClass>
    <MissingClass>com.gargoylesoftware.htmlunit.WebRequest</MissingClass>
    <MissingClass>com.gargoylesoftware.htmlunit.WebResponse</MissingClass>
    <MissingClass>com.gargoylesoftware.htmlunit.WebResponseData</MissingClass>
    <MissingClass>com.gargoylesoftware.htmlunit.httpclient.HtmlUnitCookieSpecProvider</MissingClass>
    <MissingClass>com.gargoylesoftware.htmlunit.httpclient.HtmlUnitCookieStore</MissingClass>
    <MissingClass>com.gargoylesoftware.htmlunit.httpclient.HtmlUnitRedirectStrategie</MissingClass>
    <MissingClass>com.gargoylesoftware.htmlunit.httpclient.HtmlUnitSSLConnectionSocketFactory</MissingClass>
    <MissingClass>com.gargoylesoftware.htmlunit.httpclient.SocksConnectionSocketFactory</MissingClass>
    <MissingClass>com.gargoylesoftware.htmlunit.util.KeyDataPair</MissingClass>
    <MissingClass>com.gargoylesoftware.htmlunit.util.NameValuePair</MissingClass>
    <MissingClass>com.gargoylesoftware.htmlunit.util.UrlUtils</MissingClass>
    <MissingClass>org.apache.commons.io.IOUtils</MissingClass>
    <MissingClass>org.apache.commons.lang3.StringUtils</MissingClass>
    <MissingClass>org.apache.commons.lang3.reflect.FieldUtils</MissingClass>
    <MissingClass>org.apache.commons.logging.Log</MissingClass>
    <MissingClass>org.apache.commons.logging.LogFactory</MissingClass>
    <MissingClass>org.apache.http.Header</MissingClass>
    <MissingClass>org.apache.http.HttpEntity</MissingClass>
    <MissingClass>org.apache.http.HttpEntityEnclosingRequest</MissingClass>
    <MissingClass>org.apache.http.HttpHost</MissingClass>
    <MissingClass>org.apache.http.HttpResponse</MissingClass>
    <MissingClass>org.apache.http.StatusLine</MissingClass>
    <MissingClass>org.apache.http.auth.AuthScope</MissingClass>
    <MissingClass>org.apache.http.client.CredentialsProvider</MissingClass>
    <MissingClass>org.apache.http.client.config.RequestConfig</MissingClass>
    <MissingClass>org.apache.http.client.config.RequestConfig$Builder</MissingClass>
    <MissingClass>org.apache.http.client.methods.HttpDelete</MissingClass>
    <MissingClass>org.apache.http.client.methods.HttpGet</MissingClass>
    <MissingClass>org.apache.http.client.methods.HttpHead</MissingClass>
    <MissingClass>org.apache.http.client.methods.HttpOptions</MissingClass>
    <MissingClass>org.apache.http.client.methods.HttpPatch</MissingClass>
    <MissingClass>org.apache.http.client.methods.HttpPost</MissingClass>
    <MissingClass>org.apache.http.client.methods.HttpPut</MissingClass>
    <MissingClass>org.apache.http.client.methods.HttpRequestBase</MissingClass>
    <MissingClass>org.apache.http.client.methods.HttpTrace</MissingClass>
    <MissingClass>org.apache.http.client.protocol.HttpClientContext</MissingClass>
    <MissingClass>org.apache.http.client.protocol.RequestAcceptEncoding</MissingClass>
    <MissingClass>org.apache.http.client.protocol.RequestAddCookies</MissingClass>
    <MissingClass>org.apache.http.client.protocol.RequestAuthCache</MissingClass>
    <MissingClass>org.apache.http.client.protocol.RequestClientConnControl</MissingClass>
    <MissingClass>org.apache.http.client.protocol.RequestDefaultHeaders</MissingClass>
    <MissingClass>org.apache.http.client.protocol.RequestExpectContinue</MissingClass>
    <MissingClass>org.apache.http.client.protocol.ResponseContentEncoding</MissingClass>
    <MissingClass>org.apache.http.client.protocol.ResponseProcessCookies</MissingClass>
    <MissingClass>org.apache.http.client.utils.URIUtils</MissingClass>
    <MissingClass>org.apache.http.client.utils.URLEncodedUtils</MissingClass>
    <MissingClass>org.apache.http.config.RegistryBuilder</MissingClass>
    <MissingClass>org.apache.http.config.SocketConfig</MissingClass>
    <MissingClass>org.apache.http.config.SocketConfig$Builder</MissingClass>
    <MissingClass>org.apache.http.conn.socket.LayeredConnectionSocketFactory</MissingClass>
    <MissingClass>org.apache.http.conn.ssl.SSLConnectionSocketFactory</MissingClass>
    <MissingClass>org.apache.http.conn.ssl.X509HostnameVerifier</MissingClass>
    <MissingClass>org.apache.http.cookie.CookieSpecProvider</MissingClass>
    <MissingClass>org.apache.http.entity.ContentType</MissingClass>
    <MissingClass>org.apache.http.entity.StringEntity</MissingClass>
    <MissingClass>org.apache.http.entity.mime.MultipartEntityBuilder</MissingClass>
    <MissingClass>org.apache.http.impl.client.CloseableHttpClient</MissingClass>
    <MissingClass>org.apache.http.impl.client.HttpClientBuilder</MissingClass>
    <MissingClass>org.apache.http.impl.conn.PoolingHttpClientConnectionManager</MissingClass>
    <MissingClass>org.apache.http.protocol.HttpContext</MissingClass>
    <MissingClass>org.apache.http.protocol.HttpProcessorBuilder</MissingClass>
    <MissingClass>org.apache.http.protocol.RequestContent</MissingClass>
    <MissingClass>org.apache.http.protocol.RequestTargetHost</MissingClass>
    <MissingClass>org.apache.http.ssl.SSLContexts</MissingClass>
  </Errors>
  <FindBugsSummary timestamp="Sat, 28 Oct 2023 14:39:27 +0800" total_classes="1" referenced_classes="43" total_bugs="0" total_size="419" num_packages="1" java_version="1.8.0_382" vm_version="25.382-b05" cpu_seconds="10.97" clock_seconds="1.10" peak_mbytes="408.79" alloc_mbytes="1820.50" gc_seconds="0.04">
    <PackageStats package="com.gargoylesoftware.htmlunit" total_bugs="0" total_types="1" total_size="419">
      <ClassStats class="com.gargoylesoftware.htmlunit.HttpWebConnection" sourceFile="HttpWebConnection.java" interface="false" size="419" bugs="0"/>
    </PackageStats>
    <FindBugsProfile>
      <ClassProfile name="edu.umd.cs.findbugs.classfile.engine.ClassInfoAnalysisEngine" totalMilliseconds="128" invocations="620" avgMicrosecondsPerInvocation="207" maxMicrosecondsPerInvocation="14477" standardDeviationMicrosecondsPerInvocation="698"/>
      <ClassProfile name="edu.umd.cs.findbugs.OpcodeStack$JumpInfoFactory" totalMilliseconds="75" invocations="223" avgMicrosecondsPerInvocation="340" maxMicrosecondsPerInvocation="43646" standardDeviationMicrosecondsPerInvocation="2915"/>
      <ClassProfile name="edu.umd.cs.findbugs.classfile.engine.bcel.IsNullValueDataflowFactory" totalMilliseconds="44" invocations="30" avgMicrosecondsPerInvocation="1481" maxMicrosecondsPerInvocation="17269" standardDeviationMicrosecondsPerInvocation="3245"/>
      <ClassProfile name="edu.umd.cs.findbugs.classfile.engine.bcel.TypeDataflowFactory" totalMilliseconds="42" invocations="32" avgMicrosecondsPerInvocation="1319" maxMicrosecondsPerInvocation="6446" standardDeviationMicrosecondsPerInvocation="1698"/>
      <ClassProfile name="edu.umd.cs.findbugs.detect.FieldItemSummary" totalMilliseconds="37" invocations="43" avgMicrosecondsPerInvocation="880" maxMicrosecondsPerInvocation="6423" standardDeviationMicrosecondsPerInvocation="1448"/>
      <ClassProfile name="edu.umd.cs.findbugs.classfile.engine.bcel.ValueNumberDataflowFactory" totalMilliseconds="36" invocations="32" avgMicrosecondsPerInvocation="1148" maxMicrosecondsPerInvocation="7388" standardDeviationMicrosecondsPerInvocation="1681"/>
      <ClassProfile name="edu.umd.cs.findbugs.classfile.engine.bcel.UnconditionalValueDerefDataflowFactory" totalMilliseconds="32" invocations="30" avgMicrosecondsPerInvocation="1092" maxMicrosecondsPerInvocation="17097" standardDeviationMicrosecondsPerInvocation="3104"/>
      <ClassProfile name="edu.umd.cs.findbugs.detect.FindNoSideEffectMethods" totalMilliseconds="30" invocations="43" avgMicrosecondsPerInvocation="716" maxMicrosecondsPerInvocation="5368" standardDeviationMicrosecondsPerInvocation="1137"/>
      <ClassProfile name="edu.umd.cs.findbugs.classfile.engine.bcel.CFGFactory" totalMilliseconds="25" invocations="30" avgMicrosecondsPerInvocation="845" maxMicrosecondsPerInvocation="7949" standardDeviationMicrosecondsPerInvocation="1489"/>
      <ClassProfile name="edu.umd.cs.findbugs.detect.FindOpenStream" totalMilliseconds="24" invocations="1" avgMicrosecondsPerInvocation="24398" maxMicrosecondsPerInvocation="24398" standardDeviationMicrosecondsPerInvocation="0"/>
      <ClassProfile name="edu.umd.cs.findbugs.classfile.engine.bcel.MethodGenFactory" totalMilliseconds="23" invocations="30" avgMicrosecondsPerInvocation="774" maxMicrosecondsPerInvocation="17636" standardDeviationMicrosecondsPerInvocation="3140"/>
      <ClassProfile name="edu.umd.cs.findbugs.ba.npe.NullDerefAndRedundantComparisonFinder" totalMilliseconds="21" invocations="30" avgMicrosecondsPerInvocation="702" maxMicrosecondsPerInvocation="5080" standardDeviationMicrosecondsPerInvocation="1097"/>
      <ClassProfile name="edu.umd.cs.findbugs.classfile.engine.bcel.JavaClassAnalysisEngine" totalMilliseconds="20" invocations="149" avgMicrosecondsPerInvocation="135" maxMicrosecondsPerInvocation="8341" standardDeviationMicrosecondsPerInvocation="707"/>
      <ClassProfile name="edu.umd.cs.findbugs.detect.CalledMethods" totalMilliseconds="18" invocations="43" avgMicrosecondsPerInvocation="436" maxMicrosecondsPerInvocation="8554" standardDeviationMicrosecondsPerInvocation="1367"/>
      <ClassProfile name="edu.umd.cs.findbugs.detect.NoteDirectlyRelevantTypeQualifiers" totalMilliseconds="17" invocations="43" avgMicrosecondsPerInvocation="400" maxMicrosecondsPerInvocation="4473" standardDeviationMicrosecondsPerInvocation="832"/>
      <ClassProfile name="edu.umd.cs.findbugs.util.TopologicalSort" totalMilliseconds="15" invocations="484" avgMicrosecondsPerInvocation="32" maxMicrosecondsPerInvocation="909" standardDeviationMicrosecondsPerInvocation="71"/>
      <ClassProfile name="edu.umd.cs.findbugs.classfile.engine.ClassDataAnalysisEngine" totalMilliseconds="13" invocations="627" avgMicrosecondsPerInvocation="21" maxMicrosecondsPerInvocation="440" standardDeviationMicrosecondsPerInvocation="26"/>
      <ClassProfile name="edu.umd.cs.findbugs.detect.OverridingEqualsNotSymmetrical" totalMilliseconds="12" invocations="43" avgMicrosecondsPerInvocation="283" maxMicrosecondsPerInvocation="6234" standardDeviationMicrosecondsPerInvocation="944"/>
      <ClassProfile name="edu.umd.cs.findbugs.detect.FindRefComparison$SpecialTypeAnalysis" totalMilliseconds="11" invocations="27" avgMicrosecondsPerInvocation="431" maxMicrosecondsPerInvocation="2147" standardDeviationMicrosecondsPerInvocation="565"/>
      <ClassProfile name="edu.umd.cs.findbugs.detect.FunctionsThatMightBeMistakenForProcedures" totalMilliseconds="11" invocations="43" avgMicrosecondsPerInvocation="264" maxMicrosecondsPerInvocation="2544" standardDeviationMicrosecondsPerInvocation="494"/>
    </FindBugsProfile>
  </FindBugsSummary>
  <ClassFeatures></ClassFeatures>
  <History></History>
</BugCollection>
