<?xml version="1.0" encoding="UTF-8"?>

<BugCollection version="4.7.3" sequence="0" timestamp="1698475156382" analysisTimestamp="1698512032975" release="">
  <Project projectName="">
    <Jar>/mnt/disk3/lty/JLeaks/data/classfile/bug-410-654941d909197f1db4ca921438aa0498cbc88d1223a84679e4a49b7ebf1ff2ff.class</Jar>
  </Project>
  <Errors errors="0" missingClasses="61">
    <MissingClass>com.google.common.collect.ImmutableCollection</MissingClass>
    <MissingClass>com.google.common.collect.ImmutableMap</MissingClass>
    <MissingClass>com.google.common.collect.Iterators</MissingClass>
    <MissingClass>com.google.common.collect.Maps</MissingClass>
    <MissingClass>org.apache.lucene.util.IOUtils</MissingClass>
    <MissingClass>org.elasticsearch.ElasticsearchException</MissingClass>
    <MissingClass>org.elasticsearch.ElasticsearchIllegalStateException</MissingClass>
    <MissingClass>org.elasticsearch.cluster.metadata.IndexMetaData</MissingClass>
    <MissingClass>org.elasticsearch.common.Strings</MissingClass>
    <MissingClass>org.elasticsearch.common.collect.MapBuilder</MissingClass>
    <MissingClass>org.elasticsearch.common.collect.Tuple</MissingClass>
    <MissingClass>org.elasticsearch.common.inject.Injector</MissingClass>
    <MissingClass>org.elasticsearch.common.inject.Injectors</MissingClass>
    <MissingClass>org.elasticsearch.common.inject.ModulesBuilder</MissingClass>
    <MissingClass>org.elasticsearch.common.logging.ESLogger</MissingClass>
    <MissingClass>org.elasticsearch.common.settings.Settings</MissingClass>
    <MissingClass>org.elasticsearch.env.NodeEnvironment</MissingClass>
    <MissingClass>org.elasticsearch.env.ShardLock</MissingClass>
    <MissingClass>org.elasticsearch.index.AbstractIndexComponent</MissingClass>
    <MissingClass>org.elasticsearch.index.Index</MissingClass>
    <MissingClass>org.elasticsearch.index.IndexService$1</MissingClass>
    <MissingClass>org.elasticsearch.index.IndexService$StoreCloseListener</MissingClass>
    <MissingClass>org.elasticsearch.index.IndexShardAlreadyExistsException</MissingClass>
    <MissingClass>org.elasticsearch.index.IndexShardMissingException</MissingClass>
    <MissingClass>org.elasticsearch.index.aliases.IndexAliasesService</MissingClass>
    <MissingClass>org.elasticsearch.index.analysis.AnalysisService</MissingClass>
    <MissingClass>org.elasticsearch.index.cache.IndexCache</MissingClass>
    <MissingClass>org.elasticsearch.index.cache.bitset.BitsetFilterCache</MissingClass>
    <MissingClass>org.elasticsearch.index.cache.bitset.ShardBitsetFilterCacheModule</MissingClass>
    <MissingClass>org.elasticsearch.index.cache.filter.FilterCache</MissingClass>
    <MissingClass>org.elasticsearch.index.cache.filter.ShardFilterCacheModule</MissingClass>
    <MissingClass>org.elasticsearch.index.cache.query.ShardQueryCacheModule</MissingClass>
    <MissingClass>org.elasticsearch.index.deletionpolicy.DeletionPolicyModule</MissingClass>
    <MissingClass>org.elasticsearch.index.fielddata.IndexFieldDataService</MissingClass>
    <MissingClass>org.elasticsearch.index.fielddata.ShardFieldDataModule</MissingClass>
    <MissingClass>org.elasticsearch.index.gateway.IndexShardGatewayModule</MissingClass>
    <MissingClass>org.elasticsearch.index.get.ShardGetModule</MissingClass>
    <MissingClass>org.elasticsearch.index.indexing.ShardIndexingModule</MissingClass>
    <MissingClass>org.elasticsearch.index.mapper.MapperService</MissingClass>
    <MissingClass>org.elasticsearch.index.merge.policy.MergePolicyModule</MissingClass>
    <MissingClass>org.elasticsearch.index.merge.scheduler.MergeSchedulerModule</MissingClass>
    <MissingClass>org.elasticsearch.index.percolator.PercolatorShardModule</MissingClass>
    <MissingClass>org.elasticsearch.index.query.IndexQueryParserService</MissingClass>
    <MissingClass>org.elasticsearch.index.search.stats.ShardSearchModule</MissingClass>
    <MissingClass>org.elasticsearch.index.settings.IndexSettingsService</MissingClass>
    <MissingClass>org.elasticsearch.index.shard.IndexShard</MissingClass>
    <MissingClass>org.elasticsearch.index.shard.IndexShardCreationException</MissingClass>
    <MissingClass>org.elasticsearch.index.shard.IndexShardModule</MissingClass>
    <MissingClass>org.elasticsearch.index.shard.ShardId</MissingClass>
    <MissingClass>org.elasticsearch.index.similarity.SimilarityService</MissingClass>
    <MissingClass>org.elasticsearch.index.snapshots.IndexShardSnapshotModule</MissingClass>
    <MissingClass>org.elasticsearch.index.store.IndexStore</MissingClass>
    <MissingClass>org.elasticsearch.index.store.Store</MissingClass>
    <MissingClass>org.elasticsearch.index.store.StoreModule</MissingClass>
    <MissingClass>org.elasticsearch.index.suggest.SuggestShardModule</MissingClass>
    <MissingClass>org.elasticsearch.index.termvectors.ShardTermVectorsModule</MissingClass>
    <MissingClass>org.elasticsearch.index.translog.TranslogModule</MissingClass>
    <MissingClass>org.elasticsearch.indices.IndicesService</MissingClass>
    <MissingClass>org.elasticsearch.indices.InternalIndicesLifecycle</MissingClass>
    <MissingClass>org.elasticsearch.plugins.PluginsService</MissingClass>
    <MissingClass>org.elasticsearch.plugins.ShardsPluginsModule</MissingClass>
  </Errors>
  <FindBugsSummary timestamp="Sat, 28 Oct 2023 14:39:16 +0800" total_classes="1" referenced_classes="24" total_bugs="0" total_size="220" num_packages="1" java_version="1.8.0_382" vm_version="25.382-b05" cpu_seconds="7.72" clock_seconds="0.87" peak_mbytes="385.87" alloc_mbytes="1820.50" gc_seconds="0.04">
    <PackageStats package="org.elasticsearch.index" total_bugs="0" total_types="1" total_size="220">
      <ClassStats class="org.elasticsearch.index.IndexService" sourceFile="IndexService.java" interface="false" size="220" bugs="0"/>
    </PackageStats>
    <FindBugsProfile>
      <ClassProfile name="edu.umd.cs.findbugs.classfile.engine.ClassInfoAnalysisEngine" totalMilliseconds="155" invocations="460" avgMicrosecondsPerInvocation="337" maxMicrosecondsPerInvocation="41723" standardDeviationMicrosecondsPerInvocation="2103"/>
      <ClassProfile name="edu.umd.cs.findbugs.classfile.engine.bcel.IsNullValueDataflowFactory" totalMilliseconds="31" invocations="29" avgMicrosecondsPerInvocation="1073" maxMicrosecondsPerInvocation="9565" standardDeviationMicrosecondsPerInvocation="2032"/>
      <ClassProfile name="edu.umd.cs.findbugs.classfile.engine.bcel.TypeDataflowFactory" totalMilliseconds="27" invocations="29" avgMicrosecondsPerInvocation="951" maxMicrosecondsPerInvocation="8324" standardDeviationMicrosecondsPerInvocation="1838"/>
      <ClassProfile name="edu.umd.cs.findbugs.classfile.engine.bcel.ValueNumberDataflowFactory" totalMilliseconds="27" invocations="29" avgMicrosecondsPerInvocation="933" maxMicrosecondsPerInvocation="7764" standardDeviationMicrosecondsPerInvocation="1934"/>
      <ClassProfile name="edu.umd.cs.findbugs.detect.FieldItemSummary" totalMilliseconds="25" invocations="24" avgMicrosecondsPerInvocation="1045" maxMicrosecondsPerInvocation="6493" standardDeviationMicrosecondsPerInvocation="1544"/>
      <ClassProfile name="edu.umd.cs.findbugs.OpcodeStack$JumpInfoFactory" totalMilliseconds="22" invocations="111" avgMicrosecondsPerInvocation="202" maxMicrosecondsPerInvocation="1811" standardDeviationMicrosecondsPerInvocation="269"/>
      <ClassProfile name="edu.umd.cs.findbugs.classfile.engine.bcel.UnconditionalValueDerefDataflowFactory" totalMilliseconds="21" invocations="29" avgMicrosecondsPerInvocation="743" maxMicrosecondsPerInvocation="8384" standardDeviationMicrosecondsPerInvocation="1737"/>
      <ClassProfile name="edu.umd.cs.findbugs.classfile.engine.bcel.MethodGenFactory" totalMilliseconds="21" invocations="29" avgMicrosecondsPerInvocation="725" maxMicrosecondsPerInvocation="18150" standardDeviationMicrosecondsPerInvocation="3297"/>
      <ClassProfile name="edu.umd.cs.findbugs.classfile.engine.bcel.CFGFactory" totalMilliseconds="18" invocations="29" avgMicrosecondsPerInvocation="654" maxMicrosecondsPerInvocation="6981" standardDeviationMicrosecondsPerInvocation="1438"/>
      <ClassProfile name="edu.umd.cs.findbugs.ba.npe.NullDerefAndRedundantComparisonFinder" totalMilliseconds="18" invocations="29" avgMicrosecondsPerInvocation="623" maxMicrosecondsPerInvocation="6002" standardDeviationMicrosecondsPerInvocation="1323"/>
      <ClassProfile name="edu.umd.cs.findbugs.classfile.engine.bcel.JavaClassAnalysisEngine" totalMilliseconds="16" invocations="77" avgMicrosecondsPerInvocation="216" maxMicrosecondsPerInvocation="8742" standardDeviationMicrosecondsPerInvocation="1012"/>
      <ClassProfile name="edu.umd.cs.findbugs.detect.FindNoSideEffectMethods" totalMilliseconds="16" invocations="24" avgMicrosecondsPerInvocation="667" maxMicrosecondsPerInvocation="3510" standardDeviationMicrosecondsPerInvocation="848"/>
      <ClassProfile name="edu.umd.cs.findbugs.util.TopologicalSort" totalMilliseconds="14" invocations="347" avgMicrosecondsPerInvocation="42" maxMicrosecondsPerInvocation="628" standardDeviationMicrosecondsPerInvocation="77"/>
      <ClassProfile name="edu.umd.cs.findbugs.classfile.engine.ClassDataAnalysisEngine" totalMilliseconds="11" invocations="465" avgMicrosecondsPerInvocation="24" maxMicrosecondsPerInvocation="600" standardDeviationMicrosecondsPerInvocation="40"/>
      <ClassProfile name="edu.umd.cs.findbugs.detect.NoteDirectlyRelevantTypeQualifiers" totalMilliseconds="11" invocations="24" avgMicrosecondsPerInvocation="466" maxMicrosecondsPerInvocation="4583" standardDeviationMicrosecondsPerInvocation="935"/>
    </FindBugsProfile>
  </FindBugsSummary>
  <ClassFeatures></ClassFeatures>
  <History></History>
</BugCollection>
