<?xml version="1.0" encoding="UTF-8"?>

<BugCollection version="4.7.3" sequence="0" timestamp="1698475144314" analysisTimestamp="1698511024043" release="">
  <Project projectName="">
    <Jar>/mnt/disk3/lty/JLeaks/data/classfile/bug-311-305efcfdcc7503bd1fcbfbd3ce7d3e450902ea066c537c2a4f6576b3997f8be0.class</Jar>
  </Project>
  <Errors errors="0" missingClasses="45">
    <MissingClass>com.google.inject.Guice</MissingClass>
    <MissingClass>com.google.inject.Injector</MissingClass>
    <MissingClass>org.apache.commons.vfs2.FileContent</MissingClass>
    <MissingClass>org.apache.commons.vfs2.FileObject</MissingClass>
    <MissingClass>org.apache.commons.vfs2.FileSystemException</MissingClass>
    <MissingClass>org.apache.commons.vfs2.FileSystemManager</MissingClass>
    <MissingClass>org.apache.commons.vfs2.FileType</MissingClass>
    <MissingClass>org.apache.commons.vfs2.provider.DelegateFileObject</MissingClass>
    <MissingClass>org.apache.commons.vfs2.provider.url.UrlFileName</MissingClass>
    <MissingClass>org.apache.metamodel.util.FileHelper</MissingClass>
    <MissingClass>org.eobjects.analyzer.cli.CliArguments</MissingClass>
    <MissingClass>org.eobjects.analyzer.cli.CliRunner</MissingClass>
    <MissingClass>org.eobjects.analyzer.configuration.AnalyzerBeansConfiguration</MissingClass>
    <MissingClass>org.eobjects.analyzer.connection.Datastore</MissingClass>
    <MissingClass>org.eobjects.analyzer.connection.DatastoreConnection</MissingClass>
    <MissingClass>org.eobjects.analyzer.job.concurrent.TaskRunner</MissingClass>
    <MissingClass>org.eobjects.analyzer.util.StringUtils</MissingClass>
    <MissingClass>org.eobjects.analyzer.util.VFSUtils</MissingClass>
    <MissingClass>org.eobjects.datacleaner.Version</MissingClass>
    <MissingClass>org.eobjects.datacleaner.actions.DownloadFilesActionListener</MissingClass>
    <MissingClass>org.eobjects.datacleaner.actions.OpenAnalysisJobActionListener</MissingClass>
    <MissingClass>org.eobjects.datacleaner.bootstrap.Bootstrap$1</MissingClass>
    <MissingClass>org.eobjects.datacleaner.bootstrap.Bootstrap$2</MissingClass>
    <MissingClass>org.eobjects.datacleaner.bootstrap.BootstrapOptions</MissingClass>
    <MissingClass>org.eobjects.datacleaner.bootstrap.ExitActionListener</MissingClass>
    <MissingClass>org.eobjects.datacleaner.bootstrap.SimpleWindowContext</MissingClass>
    <MissingClass>org.eobjects.datacleaner.bootstrap.WindowContext</MissingClass>
    <MissingClass>org.eobjects.datacleaner.extensionswap.ExtensionSwapClient</MissingClass>
    <MissingClass>org.eobjects.datacleaner.extensionswap.ExtensionSwapInstallationHttpContainer</MissingClass>
    <MissingClass>org.eobjects.datacleaner.guice.DCModule</MissingClass>
    <MissingClass>org.eobjects.datacleaner.macos.MacOSManager</MissingClass>
    <MissingClass>org.eobjects.datacleaner.user.DataCleanerHome</MissingClass>
    <MissingClass>org.eobjects.datacleaner.user.MonitorConnection</MissingClass>
    <MissingClass>org.eobjects.datacleaner.user.UsageLogger</MissingClass>
    <MissingClass>org.eobjects.datacleaner.user.UserPreferences</MissingClass>
    <MissingClass>org.eobjects.datacleaner.user.UserPreferencesImpl</MissingClass>
    <MissingClass>org.eobjects.datacleaner.util.DCUncaughtExceptionHandler</MissingClass>
    <MissingClass>org.eobjects.datacleaner.util.LookAndFeelManager</MissingClass>
    <MissingClass>org.eobjects.datacleaner.util.MonitorHttpClient</MissingClass>
    <MissingClass>org.eobjects.datacleaner.util.SimpleWebServiceHttpClient</MissingClass>
    <MissingClass>org.eobjects.datacleaner.util.WidgetUtils</MissingClass>
    <MissingClass>org.eobjects.datacleaner.windows.AnalysisJobBuilderWindow</MissingClass>
    <MissingClass>org.eobjects.datacleaner.windows.MonitorConnectionDialog</MissingClass>
    <MissingClass>org.slf4j.Logger</MissingClass>
    <MissingClass>org.slf4j.LoggerFactory</MissingClass>
  </Errors>
  <FindBugsSummary timestamp="Sat, 28 Oct 2023 14:39:04 +0800" total_classes="1" referenced_classes="34" total_bugs="0" total_size="190" num_packages="1" java_version="1.8.0_382" vm_version="25.382-b05" cpu_seconds="9.85" clock_seconds="0.98" peak_mbytes="409.69" alloc_mbytes="1820.50" gc_seconds="0.04">
    <PackageStats package="org.eobjects.datacleaner.bootstrap" total_bugs="0" total_types="1" total_size="190">
      <ClassStats class="org.eobjects.datacleaner.bootstrap.Bootstrap" sourceFile="Bootstrap.java" interface="false" size="190" bugs="0"/>
    </PackageStats>
    <FindBugsProfile>
      <ClassProfile name="edu.umd.cs.findbugs.classfile.engine.ClassInfoAnalysisEngine" totalMilliseconds="157" invocations="688" avgMicrosecondsPerInvocation="228" maxMicrosecondsPerInvocation="11086" standardDeviationMicrosecondsPerInvocation="630"/>
      <ClassProfile name="edu.umd.cs.findbugs.classfile.engine.bcel.JavaClassAnalysisEngine" totalMilliseconds="64" invocations="95" avgMicrosecondsPerInvocation="676" maxMicrosecondsPerInvocation="44168" standardDeviationMicrosecondsPerInvocation="4585"/>
      <ClassProfile name="edu.umd.cs.findbugs.detect.FieldItemSummary" totalMilliseconds="46" invocations="34" avgMicrosecondsPerInvocation="1368" maxMicrosecondsPerInvocation="9433" standardDeviationMicrosecondsPerInvocation="2064"/>
      <ClassProfile name="edu.umd.cs.findbugs.detect.FindNoSideEffectMethods" totalMilliseconds="41" invocations="34" avgMicrosecondsPerInvocation="1207" maxMicrosecondsPerInvocation="10911" standardDeviationMicrosecondsPerInvocation="2065"/>
      <ClassProfile name="edu.umd.cs.findbugs.OpcodeStack$JumpInfoFactory" totalMilliseconds="26" invocations="186" avgMicrosecondsPerInvocation="140" maxMicrosecondsPerInvocation="1777" standardDeviationMicrosecondsPerInvocation="205"/>
      <ClassProfile name="edu.umd.cs.findbugs.classfile.engine.bcel.ValueNumberDataflowFactory" totalMilliseconds="23" invocations="11" avgMicrosecondsPerInvocation="2171" maxMicrosecondsPerInvocation="6849" standardDeviationMicrosecondsPerInvocation="1811"/>
      <ClassProfile name="edu.umd.cs.findbugs.classfile.engine.bcel.IsNullValueDataflowFactory" totalMilliseconds="23" invocations="8" avgMicrosecondsPerInvocation="2923" maxMicrosecondsPerInvocation="8798" standardDeviationMicrosecondsPerInvocation="3131"/>
      <ClassProfile name="edu.umd.cs.findbugs.classfile.engine.bcel.TypeDataflowFactory" totalMilliseconds="20" invocations="10" avgMicrosecondsPerInvocation="2055" maxMicrosecondsPerInvocation="5457" standardDeviationMicrosecondsPerInvocation="1594"/>
      <ClassProfile name="edu.umd.cs.findbugs.classfile.engine.bcel.MethodGenFactory" totalMilliseconds="20" invocations="8" avgMicrosecondsPerInvocation="2514" maxMicrosecondsPerInvocation="16344" standardDeviationMicrosecondsPerInvocation="5266"/>
      <ClassProfile name="edu.umd.cs.findbugs.util.TopologicalSort" totalMilliseconds="19" invocations="597" avgMicrosecondsPerInvocation="32" maxMicrosecondsPerInvocation="806" standardDeviationMicrosecondsPerInvocation="71"/>
      <ClassProfile name="edu.umd.cs.findbugs.detect.NoteDirectlyRelevantTypeQualifiers" totalMilliseconds="16" invocations="34" avgMicrosecondsPerInvocation="498" maxMicrosecondsPerInvocation="4380" standardDeviationMicrosecondsPerInvocation="850"/>
      <ClassProfile name="edu.umd.cs.findbugs.classfile.engine.bcel.CFGFactory" totalMilliseconds="15" invocations="8" avgMicrosecondsPerInvocation="1973" maxMicrosecondsPerInvocation="7166" standardDeviationMicrosecondsPerInvocation="2132"/>
      <ClassProfile name="edu.umd.cs.findbugs.classfile.engine.bcel.UnconditionalValueDerefDataflowFactory" totalMilliseconds="14" invocations="8" avgMicrosecondsPerInvocation="1852" maxMicrosecondsPerInvocation="5392" standardDeviationMicrosecondsPerInvocation="1637"/>
      <ClassProfile name="edu.umd.cs.findbugs.detect.CalledMethods" totalMilliseconds="14" invocations="34" avgMicrosecondsPerInvocation="427" maxMicrosecondsPerInvocation="4200" standardDeviationMicrosecondsPerInvocation="841"/>
      <ClassProfile name="edu.umd.cs.findbugs.ba.npe.NullDerefAndRedundantComparisonFinder" totalMilliseconds="14" invocations="8" avgMicrosecondsPerInvocation="1797" maxMicrosecondsPerInvocation="5742" standardDeviationMicrosecondsPerInvocation="1951"/>
      <ClassProfile name="edu.umd.cs.findbugs.classfile.engine.ClassDataAnalysisEngine" totalMilliseconds="14" invocations="690" avgMicrosecondsPerInvocation="20" maxMicrosecondsPerInvocation="422" standardDeviationMicrosecondsPerInvocation="27"/>
      <ClassProfile name="edu.umd.cs.findbugs.detect.FunctionsThatMightBeMistakenForProcedures" totalMilliseconds="12" invocations="34" avgMicrosecondsPerInvocation="378" maxMicrosecondsPerInvocation="3337" standardDeviationMicrosecondsPerInvocation="662"/>
      <ClassProfile name="edu.umd.cs.findbugs.detect.OverridingEqualsNotSymmetrical" totalMilliseconds="12" invocations="34" avgMicrosecondsPerInvocation="371" maxMicrosecondsPerInvocation="6190" standardDeviationMicrosecondsPerInvocation="1056"/>
      <ClassProfile name="edu.umd.cs.findbugs.detect.FindOpenStream" totalMilliseconds="12" invocations="1" avgMicrosecondsPerInvocation="12292" maxMicrosecondsPerInvocation="12292" standardDeviationMicrosecondsPerInvocation="0"/>
    </FindBugsProfile>
  </FindBugsSummary>
  <ClassFeatures></ClassFeatures>
  <History></History>
</BugCollection>
