<?xml version="1.0" encoding="UTF-8"?>

<BugCollection version="4.7.3" sequence="0" timestamp="1698475114899" analysisTimestamp="1698508165244" release="">
  <Project projectName="">
    <Jar>/mnt/disk3/lty/JLeaks/data/classfile/bug-50-b5dcb9d32fc7a5f376ead6302725d6bd320ff09f9148cf0297a1ce251a43b855.class</Jar>
  </Project>
  <Errors errors="0" missingClasses="17">
    <MissingClass>org.apache.avro.Schema</MissingClass>
    <MissingClass>org.apache.avro.Schema$Field</MissingClass>
    <MissingClass>org.apache.avro.Schema$Parser</MissingClass>
    <MissingClass>org.apache.avro.Schema$Type</MissingClass>
    <MissingClass>org.apache.avro.file.CodecFactory</MissingClass>
    <MissingClass>org.apache.avro.file.DataFileWriter</MissingClass>
    <MissingClass>org.apache.avro.generic.GenericArray</MissingClass>
    <MissingClass>org.apache.avro.generic.GenericData</MissingClass>
    <MissingClass>org.apache.avro.generic.GenericData$Array</MissingClass>
    <MissingClass>org.apache.avro.generic.GenericData$EnumSymbol</MissingClass>
    <MissingClass>org.apache.avro.generic.GenericData$Fixed</MissingClass>
    <MissingClass>org.apache.avro.generic.GenericData$Record</MissingClass>
    <MissingClass>org.apache.avro.generic.GenericDatumWriter</MissingClass>
    <MissingClass>org.apache.avro.generic.GenericRecord</MissingClass>
    <MissingClass>org.apache.avro.util.RandomData$1</MissingClass>
    <MissingClass>org.apache.avro.util.RandomData$2</MissingClass>
    <MissingClass>org.apache.avro.util.Utf8</MissingClass>
  </Errors>
  <FindBugsSummary timestamp="Sat, 28 Oct 2023 14:38:34 +0800" total_classes="1" referenced_classes="31" total_bugs="0" total_size="92" num_packages="1" java_version="1.8.0_382" vm_version="25.382-b05" cpu_seconds="9.76" clock_seconds="1.01" peak_mbytes="404.98" alloc_mbytes="1820.50" gc_seconds="0.04">
    <PackageStats package="org.apache.avro.util" total_bugs="0" total_types="1" total_size="92">
      <ClassStats class="org.apache.avro.util.RandomData" sourceFile="RandomData.java" interface="false" size="92" bugs="0"/>
    </PackageStats>
    <FindBugsProfile>
      <ClassProfile name="edu.umd.cs.findbugs.classfile.engine.ClassInfoAnalysisEngine" totalMilliseconds="184" invocations="468" avgMicrosecondsPerInvocation="394" maxMicrosecondsPerInvocation="44906" standardDeviationMicrosecondsPerInvocation="2209"/>
      <ClassProfile name="edu.umd.cs.findbugs.detect.FieldItemSummary" totalMilliseconds="37" invocations="31" avgMicrosecondsPerInvocation="1206" maxMicrosecondsPerInvocation="7195" standardDeviationMicrosecondsPerInvocation="1484"/>
      <ClassProfile name="edu.umd.cs.findbugs.detect.FindNoSideEffectMethods" totalMilliseconds="31" invocations="31" avgMicrosecondsPerInvocation="1031" maxMicrosecondsPerInvocation="4712" standardDeviationMicrosecondsPerInvocation="1273"/>
      <ClassProfile name="edu.umd.cs.findbugs.OpcodeStack$JumpInfoFactory" totalMilliseconds="31" invocations="125" avgMicrosecondsPerInvocation="250" maxMicrosecondsPerInvocation="5843" standardDeviationMicrosecondsPerInvocation="571"/>
      <ClassProfile name="edu.umd.cs.findbugs.classfile.engine.bcel.ValueNumberDataflowFactory" totalMilliseconds="28" invocations="14" avgMicrosecondsPerInvocation="2061" maxMicrosecondsPerInvocation="11643" standardDeviationMicrosecondsPerInvocation="3288"/>
      <ClassProfile name="edu.umd.cs.findbugs.classfile.engine.bcel.TypeDataflowFactory" totalMilliseconds="28" invocations="14" avgMicrosecondsPerInvocation="2040" maxMicrosecondsPerInvocation="9199" standardDeviationMicrosecondsPerInvocation="3093"/>
      <ClassProfile name="edu.umd.cs.findbugs.classfile.engine.bcel.MethodGenFactory" totalMilliseconds="27" invocations="14" avgMicrosecondsPerInvocation="1994" maxMicrosecondsPerInvocation="23432" standardDeviationMicrosecondsPerInvocation="5969"/>
      <ClassProfile name="edu.umd.cs.findbugs.classfile.engine.bcel.IsNullValueDataflowFactory" totalMilliseconds="25" invocations="14" avgMicrosecondsPerInvocation="1855" maxMicrosecondsPerInvocation="10486" standardDeviationMicrosecondsPerInvocation="2970"/>
      <ClassProfile name="edu.umd.cs.findbugs.classfile.engine.bcel.CFGFactory" totalMilliseconds="22" invocations="14" avgMicrosecondsPerInvocation="1636" maxMicrosecondsPerInvocation="11309" standardDeviationMicrosecondsPerInvocation="2907"/>
      <ClassProfile name="edu.umd.cs.findbugs.classfile.engine.bcel.UnconditionalValueDerefDataflowFactory" totalMilliseconds="21" invocations="14" avgMicrosecondsPerInvocation="1568" maxMicrosecondsPerInvocation="12765" standardDeviationMicrosecondsPerInvocation="3211"/>
      <ClassProfile name="edu.umd.cs.findbugs.classfile.engine.bcel.JavaClassAnalysisEngine" totalMilliseconds="21" invocations="78" avgMicrosecondsPerInvocation="274" maxMicrosecondsPerInvocation="10200" standardDeviationMicrosecondsPerInvocation="1166"/>
      <ClassProfile name="edu.umd.cs.findbugs.util.TopologicalSort" totalMilliseconds="19" invocations="417" avgMicrosecondsPerInvocation="47" maxMicrosecondsPerInvocation="804" standardDeviationMicrosecondsPerInvocation="91"/>
      <ClassProfile name="edu.umd.cs.findbugs.detect.FunctionsThatMightBeMistakenForProcedures" totalMilliseconds="17" invocations="31" avgMicrosecondsPerInvocation="549" maxMicrosecondsPerInvocation="3774" standardDeviationMicrosecondsPerInvocation="918"/>
      <ClassProfile name="edu.umd.cs.findbugs.detect.NoteDirectlyRelevantTypeQualifiers" totalMilliseconds="15" invocations="31" avgMicrosecondsPerInvocation="500" maxMicrosecondsPerInvocation="4977" standardDeviationMicrosecondsPerInvocation="888"/>
      <ClassProfile name="edu.umd.cs.findbugs.classfile.engine.ClassDataAnalysisEngine" totalMilliseconds="14" invocations="472" avgMicrosecondsPerInvocation="31" maxMicrosecondsPerInvocation="549" standardDeviationMicrosecondsPerInvocation="39"/>
      <ClassProfile name="edu.umd.cs.findbugs.detect.OverridingEqualsNotSymmetrical" totalMilliseconds="13" invocations="31" avgMicrosecondsPerInvocation="439" maxMicrosecondsPerInvocation="7389" standardDeviationMicrosecondsPerInvocation="1281"/>
    </FindBugsProfile>
  </FindBugsSummary>
  <ClassFeatures></ClassFeatures>
  <History></History>
</BugCollection>
