<?xml version="1.0" encoding="UTF-8"?>

<BugCollection version="4.7.3" sequence="0" timestamp="1698475206955" analysisTimestamp="1698514955010" release="">
  <Project projectName="">
    <Jar>/mnt/disk3/lty/JLeaks/data/classfile/bug-789-7d1409c7b892f6cd1a8a5134122687477d73222fff4bfddb4961d2b5b80f92a9.class</Jar>
  </Project>
  <Errors errors="0" missingClasses="6">
    <MissingClass>org.opensolaris.opengrok.history.History</MissingClass>
    <MissingClass>org.opensolaris.opengrok.history.HistoryCache</MissingClass>
    <MissingClass>org.opensolaris.opengrok.history.HistoryEntry</MissingClass>
    <MissingClass>org.opensolaris.opengrok.history.HistoryException</MissingClass>
    <MissingClass>org.opensolaris.opengrok.history.Repository</MissingClass>
    <MissingClass>org.opensolaris.opengrok.jdbc.ConnectionManager</MissingClass>
  </Errors>
  <FindBugsSummary timestamp="Sat, 28 Oct 2023 14:40:06 +0800" total_classes="1" referenced_classes="27" total_bugs="0" total_size="224" num_packages="1" java_version="1.8.0_382" vm_version="25.382-b05" cpu_seconds="8.15" clock_seconds="0.90" peak_mbytes="398.17" alloc_mbytes="1820.50" gc_seconds="0.04">
    <PackageStats package="org.opensolaris.opengrok.history" total_bugs="0" total_types="1" total_size="224">
      <ClassStats class="org.opensolaris.opengrok.history.JDBCHistoryCache" sourceFile="JDBCHistoryCache.java" interface="false" size="224" bugs="0"/>
    </PackageStats>
    <FindBugsProfile>
      <ClassProfile name="edu.umd.cs.findbugs.classfile.engine.ClassInfoAnalysisEngine" totalMilliseconds="116" invocations="409" avgMicrosecondsPerInvocation="284" maxMicrosecondsPerInvocation="12354" standardDeviationMicrosecondsPerInvocation="760"/>
      <ClassProfile name="edu.umd.cs.findbugs.OpcodeStack$JumpInfoFactory" totalMilliseconds="63" invocations="115" avgMicrosecondsPerInvocation="553" maxMicrosecondsPerInvocation="39024" standardDeviationMicrosecondsPerInvocation="3612"/>
      <ClassProfile name="edu.umd.cs.findbugs.classfile.engine.bcel.TypeDataflowFactory" totalMilliseconds="34" invocations="19" avgMicrosecondsPerInvocation="1815" maxMicrosecondsPerInvocation="5172" standardDeviationMicrosecondsPerInvocation="1575"/>
      <ClassProfile name="edu.umd.cs.findbugs.classfile.engine.bcel.ValueNumberDataflowFactory" totalMilliseconds="33" invocations="19" avgMicrosecondsPerInvocation="1748" maxMicrosecondsPerInvocation="6274" standardDeviationMicrosecondsPerInvocation="1813"/>
      <ClassProfile name="edu.umd.cs.findbugs.detect.FieldItemSummary" totalMilliseconds="26" invocations="27" avgMicrosecondsPerInvocation="984" maxMicrosecondsPerInvocation="6452" standardDeviationMicrosecondsPerInvocation="1420"/>
      <ClassProfile name="edu.umd.cs.findbugs.classfile.engine.bcel.IsNullValueDataflowFactory" totalMilliseconds="26" invocations="14" avgMicrosecondsPerInvocation="1875" maxMicrosecondsPerInvocation="6543" standardDeviationMicrosecondsPerInvocation="2204"/>
      <ClassProfile name="edu.umd.cs.findbugs.classfile.engine.bcel.UnconditionalValueDerefDataflowFactory" totalMilliseconds="19" invocations="14" avgMicrosecondsPerInvocation="1396" maxMicrosecondsPerInvocation="5772" standardDeviationMicrosecondsPerInvocation="1637"/>
      <ClassProfile name="edu.umd.cs.findbugs.detect.FindNoSideEffectMethods" totalMilliseconds="19" invocations="27" avgMicrosecondsPerInvocation="715" maxMicrosecondsPerInvocation="2903" standardDeviationMicrosecondsPerInvocation="781"/>
      <ClassProfile name="edu.umd.cs.findbugs.classfile.engine.bcel.MethodGenFactory" totalMilliseconds="19" invocations="14" avgMicrosecondsPerInvocation="1369" maxMicrosecondsPerInvocation="15802" standardDeviationMicrosecondsPerInvocation="4007"/>
      <ClassProfile name="edu.umd.cs.findbugs.classfile.engine.bcel.CFGFactory" totalMilliseconds="16" invocations="14" avgMicrosecondsPerInvocation="1205" maxMicrosecondsPerInvocation="6619" standardDeviationMicrosecondsPerInvocation="1570"/>
      <ClassProfile name="edu.umd.cs.findbugs.classfile.engine.bcel.JavaClassAnalysisEngine" totalMilliseconds="16" invocations="56" avgMicrosecondsPerInvocation="298" maxMicrosecondsPerInvocation="8223" standardDeviationMicrosecondsPerInvocation="1102"/>
      <ClassProfile name="edu.umd.cs.findbugs.util.TopologicalSort" totalMilliseconds="15" invocations="370" avgMicrosecondsPerInvocation="41" maxMicrosecondsPerInvocation="822" standardDeviationMicrosecondsPerInvocation="79"/>
      <ClassProfile name="edu.umd.cs.findbugs.ba.npe.NullDerefAndRedundantComparisonFinder" totalMilliseconds="14" invocations="14" avgMicrosecondsPerInvocation="1011" maxMicrosecondsPerInvocation="4743" standardDeviationMicrosecondsPerInvocation="1165"/>
      <ClassProfile name="edu.umd.cs.findbugs.detect.StreamResourceTracker" totalMilliseconds="12" invocations="14" avgMicrosecondsPerInvocation="881" maxMicrosecondsPerInvocation="1801" standardDeviationMicrosecondsPerInvocation="388"/>
      <ClassProfile name="edu.umd.cs.findbugs.detect.FindOpenStream" totalMilliseconds="12" invocations="1" avgMicrosecondsPerInvocation="12169" maxMicrosecondsPerInvocation="12169" standardDeviationMicrosecondsPerInvocation="0"/>
      <ClassProfile name="edu.umd.cs.findbugs.detect.NoteDirectlyRelevantTypeQualifiers" totalMilliseconds="11" invocations="27" avgMicrosecondsPerInvocation="443" maxMicrosecondsPerInvocation="5221" standardDeviationMicrosecondsPerInvocation="979"/>
      <ClassProfile name="edu.umd.cs.findbugs.detect.BuildObligationPolicyDatabase" totalMilliseconds="11" invocations="27" avgMicrosecondsPerInvocation="412" maxMicrosecondsPerInvocation="1222" standardDeviationMicrosecondsPerInvocation="397"/>
    </FindBugsProfile>
  </FindBugsSummary>
  <ClassFeatures></ClassFeatures>
  <History></History>
</BugCollection>
