<?xml version="1.0" encoding="UTF-8"?>

<BugCollection version="4.7.3" sequence="0" timestamp="1698475246058" analysisTimestamp="1698520611634" release="">
  <Project projectName="">
    <Jar>/mnt/disk3/lty/JLeaks/data/classfile/bug-1050-fb9edc8314bea270ad283eba1403490da873bd18730a8acb4a86b27364a065c0.class</Jar>
  </Project>
  <BugInstance type="OBL_UNSATISFIED_OBLIGATION_EXCEPTION_EDGE" priority="2" rank="20" abbrev="OBL" category="EXPERIMENTAL">
    <Class classname="com.yahoo.logserver.handlers.archive.FilesArchived">
      <SourceLine classname="com.yahoo.logserver.handlers.archive.FilesArchived" start="25" end="160" sourcefile="FilesArchived.java" sourcepath="com/yahoo/logserver/handlers/archive/FilesArchived.java"/>
    </Class>
    <Method classname="com.yahoo.logserver.handlers.archive.FilesArchived" name="compress" signature="(Ljava/io/File;)V" isStatic="false">
      <SourceLine classname="com.yahoo.logserver.handlers.archive.FilesArchived" start="115" end="135" startBytecode="0" endBytecode="370" sourcefile="FilesArchived.java" sourcepath="com/yahoo/logserver/handlers/archive/FilesArchived.java"/>
    </Method>
    <Class classname="java.io.InputStream" role="CLASS_REFTYPE">
      <SourceLine classname="java.io.InputStream" start="45" end="364" sourcefile="InputStream.java" sourcepath="java/io/InputStream.java"/>
    </Class>
    <Int value="1" role="INT_OBLIGATIONS_REMAINING"/>
    <SourceLine classname="com.yahoo.logserver.handlers.archive.FilesArchived" start="119" end="119" startBytecode="59" endBytecode="59" sourcefile="FilesArchived.java" sourcepath="com/yahoo/logserver/handlers/archive/FilesArchived.java" role="SOURCE_LINE_OBLIGATION_CREATED"/>
    <SourceLine classname="com.yahoo.logserver.handlers.archive.FilesArchived" start="120" end="120" startBytecode="64" endBytecode="64" sourcefile="FilesArchived.java" sourcepath="com/yahoo/logserver/handlers/archive/FilesArchived.java" role="SOURCE_LINE_PATH_CONTINUES"/>
    <SourceLine classname="com.yahoo.logserver.handlers.archive.FilesArchived" start="122" end="122" startBytecode="70" endBytecode="70" sourcefile="FilesArchived.java" sourcepath="com/yahoo/logserver/handlers/archive/FilesArchived.java" role="SOURCE_LINE_PATH_CONTINUES"/>
    <SourceLine classname="com.yahoo.logserver.handlers.archive.FilesArchived" start="132" end="132" startBytecode="165" endBytecode="165" sourcefile="FilesArchived.java" sourcepath="com/yahoo/logserver/handlers/archive/FilesArchived.java" role="SOURCE_LINE_PATH_CONTINUES"/>
    <SourceLine classname="com.yahoo.logserver.handlers.archive.FilesArchived" start="133" end="133" startBytecode="166" endBytecode="166" sourcefile="FilesArchived.java" sourcepath="com/yahoo/logserver/handlers/archive/FilesArchived.java" role="SOURCE_LINE_PATH_CONTINUES"/>
    <SourceLine classname="com.yahoo.logserver.handlers.archive.FilesArchived" start="135" end="135" startBytecode="208" endBytecode="208" sourcefile="FilesArchived.java" sourcepath="com/yahoo/logserver/handlers/archive/FilesArchived.java" role="SOURCE_LINE_PATH_CONTINUES"/>
    <String value="{InputStream x 1}" role="STRING_REMAINING_OBLIGATIONS"/>
  </BugInstance>
  <BugInstance type="OS_OPEN_STREAM_EXCEPTION_PATH" priority="3" rank="19" abbrev="OS" category="BAD_PRACTICE">
    <Class classname="com.yahoo.logserver.handlers.archive.FilesArchived">
      <SourceLine classname="com.yahoo.logserver.handlers.archive.FilesArchived" start="25" end="160" sourcefile="FilesArchived.java" sourcepath="com/yahoo/logserver/handlers/archive/FilesArchived.java"/>
    </Class>
    <Method classname="com.yahoo.logserver.handlers.archive.FilesArchived" name="compress" signature="(Ljava/io/File;)V" isStatic="false">
      <SourceLine classname="com.yahoo.logserver.handlers.archive.FilesArchived" start="115" end="135" startBytecode="0" endBytecode="93" sourcefile="FilesArchived.java" sourcepath="com/yahoo/logserver/handlers/archive/FilesArchived.java"/>
    </Method>
    <Type descriptor="Ljava/io/InputStream;" role="TYPE_CLOSEIT">
      <SourceLine classname="java.io.InputStream" start="45" end="364" sourcefile="InputStream.java" sourcepath="java/io/InputStream.java"/>
    </Type>
    <SourceLine classname="com.yahoo.logserver.handlers.archive.FilesArchived" start="119" end="119" startBytecode="54" endBytecode="54" sourcefile="FilesArchived.java" sourcepath="com/yahoo/logserver/handlers/archive/FilesArchived.java"/>
  </BugInstance>
  <BugInstance type="OS_OPEN_STREAM_EXCEPTION_PATH" priority="3" rank="19" abbrev="OS" category="BAD_PRACTICE">
    <Class classname="com.yahoo.logserver.handlers.archive.FilesArchived">
      <SourceLine classname="com.yahoo.logserver.handlers.archive.FilesArchived" start="25" end="160" sourcefile="FilesArchived.java" sourcepath="com/yahoo/logserver/handlers/archive/FilesArchived.java"/>
    </Class>
    <Method classname="com.yahoo.logserver.handlers.archive.FilesArchived" name="compress" signature="(Ljava/io/File;)V" isStatic="false">
      <SourceLine classname="com.yahoo.logserver.handlers.archive.FilesArchived" start="115" end="135" startBytecode="0" endBytecode="93" sourcefile="FilesArchived.java" sourcepath="com/yahoo/logserver/handlers/archive/FilesArchived.java"/>
    </Method>
    <Type descriptor="Ljava/io/OutputStream;" role="TYPE_CLOSEIT">
      <SourceLine classname="java.io.OutputStream" start="46" end="152" sourcefile="OutputStream.java" sourcepath="java/io/OutputStream.java"/>
    </Type>
    <SourceLine classname="com.yahoo.logserver.handlers.archive.FilesArchived" start="118" end="118" startBytecode="35" endBytecode="35" sourcefile="FilesArchived.java" sourcepath="com/yahoo/logserver/handlers/archive/FilesArchived.java"/>
  </BugInstance>
  <Errors errors="0" missingClasses="1">
    <MissingClass>com.yahoo.logserver.handlers.archive.FilesArchived$LogFile</MissingClass>
  </Errors>
  <FindBugsSummary timestamp="Sat, 28 Oct 2023 14:40:46 +0800" total_classes="1" referenced_classes="22" total_bugs="3" total_size="100" num_packages="1" java_version="1.8.0_382" vm_version="25.382-b05" cpu_seconds="7.57" clock_seconds="0.80" peak_mbytes="406.33" alloc_mbytes="1820.50" gc_seconds="0.04" priority_3="2" priority_2="1">
    <PackageStats package="com.yahoo.logserver.handlers.archive" total_bugs="3" total_types="1" total_size="100" priority_3="2" priority_2="1">
      <ClassStats class="com.yahoo.logserver.handlers.archive.FilesArchived" sourceFile="FilesArchived.java" interface="false" size="100" bugs="3" priority_3="2" priority_2="1"/>
    </PackageStats>
    <FindBugsProfile>
      <ClassProfile name="edu.umd.cs.findbugs.classfile.engine.ClassInfoAnalysisEngine" totalMilliseconds="115" invocations="407" avgMicrosecondsPerInvocation="283" maxMicrosecondsPerInvocation="10742" standardDeviationMicrosecondsPerInvocation="714"/>
      <ClassProfile name="edu.umd.cs.findbugs.detect.NoteDirectlyRelevantTypeQualifiers" totalMilliseconds="52" invocations="22" avgMicrosecondsPerInvocation="2382" maxMicrosecondsPerInvocation="41523" standardDeviationMicrosecondsPerInvocation="8578"/>
      <ClassProfile name="edu.umd.cs.findbugs.detect.FieldItemSummary" totalMilliseconds="28" invocations="22" avgMicrosecondsPerInvocation="1312" maxMicrosecondsPerInvocation="6434" standardDeviationMicrosecondsPerInvocation="1643"/>
      <ClassProfile name="edu.umd.cs.findbugs.classfile.engine.bcel.ValueNumberDataflowFactory" totalMilliseconds="23" invocations="15" avgMicrosecondsPerInvocation="1591" maxMicrosecondsPerInvocation="7314" standardDeviationMicrosecondsPerInvocation="1889"/>
      <ClassProfile name="edu.umd.cs.findbugs.classfile.engine.bcel.TypeDataflowFactory" totalMilliseconds="21" invocations="14" avgMicrosecondsPerInvocation="1563" maxMicrosecondsPerInvocation="5557" standardDeviationMicrosecondsPerInvocation="1636"/>
      <ClassProfile name="edu.umd.cs.findbugs.classfile.engine.bcel.MethodGenFactory" totalMilliseconds="20" invocations="13" avgMicrosecondsPerInvocation="1572" maxMicrosecondsPerInvocation="18108" standardDeviationMicrosecondsPerInvocation="4775"/>
      <ClassProfile name="edu.umd.cs.findbugs.classfile.engine.bcel.IsNullValueDataflowFactory" totalMilliseconds="19" invocations="13" avgMicrosecondsPerInvocation="1465" maxMicrosecondsPerInvocation="5622" standardDeviationMicrosecondsPerInvocation="1723"/>
      <ClassProfile name="edu.umd.cs.findbugs.OpcodeStack$JumpInfoFactory" totalMilliseconds="18" invocations="106" avgMicrosecondsPerInvocation="175" maxMicrosecondsPerInvocation="1567" standardDeviationMicrosecondsPerInvocation="205"/>
      <ClassProfile name="edu.umd.cs.findbugs.detect.FindNoSideEffectMethods" totalMilliseconds="18" invocations="22" avgMicrosecondsPerInvocation="839" maxMicrosecondsPerInvocation="3073" standardDeviationMicrosecondsPerInvocation="829"/>
      <ClassProfile name="edu.umd.cs.findbugs.classfile.engine.bcel.UnconditionalValueDerefDataflowFactory" totalMilliseconds="16" invocations="13" avgMicrosecondsPerInvocation="1271" maxMicrosecondsPerInvocation="6445" standardDeviationMicrosecondsPerInvocation="1837"/>
      <ClassProfile name="edu.umd.cs.findbugs.classfile.engine.bcel.JavaClassAnalysisEngine" totalMilliseconds="16" invocations="49" avgMicrosecondsPerInvocation="331" maxMicrosecondsPerInvocation="8495" standardDeviationMicrosecondsPerInvocation="1216"/>
      <ClassProfile name="edu.umd.cs.findbugs.util.TopologicalSort" totalMilliseconds="16" invocations="374" avgMicrosecondsPerInvocation="42" maxMicrosecondsPerInvocation="698" standardDeviationMicrosecondsPerInvocation="85"/>
      <ClassProfile name="edu.umd.cs.findbugs.classfile.engine.bcel.CFGFactory" totalMilliseconds="14" invocations="13" avgMicrosecondsPerInvocation="1152" maxMicrosecondsPerInvocation="7445" standardDeviationMicrosecondsPerInvocation="1946"/>
      <ClassProfile name="edu.umd.cs.findbugs.detect.FindOpenStream" totalMilliseconds="12" invocations="1" avgMicrosecondsPerInvocation="12417" maxMicrosecondsPerInvocation="12417" standardDeviationMicrosecondsPerInvocation="0"/>
    </FindBugsProfile>
  </FindBugsSummary>
  <ClassFeatures></ClassFeatures>
  <History></History>
</BugCollection>
