<?xml version="1.0" encoding="UTF-8"?>

<BugCollection version="4.7.3" sequence="0" timestamp="1698475137298" analysisTimestamp="1698510819559" release="">
  <Project projectName="">
    <Jar>/mnt/disk3/lty/JLeaks/data/classfile/bug-251-724a50f21e7f8e9887f35466ef5de833630fddc4c61d99d3337b6ea419df2151.class</Jar>
  </Project>
  <Errors errors="0" missingClasses="23">
    <MissingClass>bsh.BshClassManager</MissingClass>
    <MissingClass>bsh.CallStack</MissingClass>
    <MissingClass>bsh.CommandLineReader</MissingClass>
    <MissingClass>bsh.ConsoleAssignable</MissingClass>
    <MissingClass>bsh.EvalError</MissingClass>
    <MissingClass>bsh.FileReader</MissingClass>
    <MissingClass>bsh.Interpreter$Console</MissingClass>
    <MissingClass>bsh.InterpreterError</MissingClass>
    <MissingClass>bsh.Invocable</MissingClass>
    <MissingClass>bsh.JJTParserState</MissingClass>
    <MissingClass>bsh.LHS</MissingClass>
    <MissingClass>bsh.Name</MissingClass>
    <MissingClass>bsh.NameSpace</MissingClass>
    <MissingClass>bsh.ParseException</MissingClass>
    <MissingClass>bsh.Parser</MissingClass>
    <MissingClass>bsh.Primitive</MissingClass>
    <MissingClass>bsh.Reflect</MissingClass>
    <MissingClass>bsh.ReturnControl</MissingClass>
    <MissingClass>bsh.SimpleNode</MissingClass>
    <MissingClass>bsh.StringUtil</MissingClass>
    <MissingClass>bsh.TargetError</MissingClass>
    <MissingClass>bsh.This</MissingClass>
    <MissingClass>bsh.UtilEvalError</MissingClass>
  </Errors>
  <FindBugsSummary timestamp="Sat, 28 Oct 2023 14:38:57 +0800" total_classes="1" referenced_classes="44" total_bugs="0" total_size="486" num_packages="1" java_version="1.8.0_382" vm_version="25.382-b05" cpu_seconds="13.18" clock_seconds="1.29" peak_mbytes="411.63" alloc_mbytes="1820.50" gc_seconds="0.04">
    <PackageStats package="bsh" total_bugs="0" total_types="1" total_size="486">
      <ClassStats class="bsh.Interpreter" sourceFile="Interpreter.java" interface="false" size="486" bugs="0"/>
    </PackageStats>
    <FindBugsProfile>
      <ClassProfile name="edu.umd.cs.findbugs.classfile.engine.ClassInfoAnalysisEngine" totalMilliseconds="136" invocations="530" avgMicrosecondsPerInvocation="257" maxMicrosecondsPerInvocation="15565" standardDeviationMicrosecondsPerInvocation="792"/>
      <ClassProfile name="edu.umd.cs.findbugs.detect.FieldItemSummary" totalMilliseconds="84" invocations="44" avgMicrosecondsPerInvocation="1914" maxMicrosecondsPerInvocation="42454" standardDeviationMicrosecondsPerInvocation="6316"/>
      <ClassProfile name="edu.umd.cs.findbugs.classfile.engine.bcel.TypeDataflowFactory" totalMilliseconds="78" invocations="72" avgMicrosecondsPerInvocation="1092" maxMicrosecondsPerInvocation="23754" standardDeviationMicrosecondsPerInvocation="3651"/>
      <ClassProfile name="edu.umd.cs.findbugs.classfile.engine.bcel.ValueNumberDataflowFactory" totalMilliseconds="56" invocations="73" avgMicrosecondsPerInvocation="774" maxMicrosecondsPerInvocation="11087" standardDeviationMicrosecondsPerInvocation="2153"/>
      <ClassProfile name="edu.umd.cs.findbugs.classfile.engine.bcel.IsNullValueDataflowFactory" totalMilliseconds="47" invocations="70" avgMicrosecondsPerInvocation="680" maxMicrosecondsPerInvocation="15054" standardDeviationMicrosecondsPerInvocation="2068"/>
      <ClassProfile name="edu.umd.cs.findbugs.classfile.engine.bcel.CFGFactory" totalMilliseconds="40" invocations="70" avgMicrosecondsPerInvocation="574" maxMicrosecondsPerInvocation="9033" standardDeviationMicrosecondsPerInvocation="1519"/>
      <ClassProfile name="edu.umd.cs.findbugs.detect.FindNoSideEffectMethods" totalMilliseconds="38" invocations="44" avgMicrosecondsPerInvocation="873" maxMicrosecondsPerInvocation="4450" standardDeviationMicrosecondsPerInvocation="1040"/>
      <ClassProfile name="edu.umd.cs.findbugs.detect.FindRefComparison$SpecialTypeAnalysis" totalMilliseconds="36" invocations="57" avgMicrosecondsPerInvocation="639" maxMicrosecondsPerInvocation="17202" standardDeviationMicrosecondsPerInvocation="2614"/>
      <ClassProfile name="edu.umd.cs.findbugs.OpcodeStack$JumpInfoFactory" totalMilliseconds="33" invocations="201" avgMicrosecondsPerInvocation="169" maxMicrosecondsPerInvocation="2041" standardDeviationMicrosecondsPerInvocation="261"/>
      <ClassProfile name="edu.umd.cs.findbugs.classfile.engine.bcel.UnconditionalValueDerefDataflowFactory" totalMilliseconds="28" invocations="70" avgMicrosecondsPerInvocation="403" maxMicrosecondsPerInvocation="7104" standardDeviationMicrosecondsPerInvocation="1057"/>
      <ClassProfile name="edu.umd.cs.findbugs.classfile.engine.bcel.MethodGenFactory" totalMilliseconds="27" invocations="70" avgMicrosecondsPerInvocation="392" maxMicrosecondsPerInvocation="20222" standardDeviationMicrosecondsPerInvocation="2394"/>
      <ClassProfile name="edu.umd.cs.findbugs.classfile.engine.bcel.JavaClassAnalysisEngine" totalMilliseconds="22" invocations="107" avgMicrosecondsPerInvocation="211" maxMicrosecondsPerInvocation="8976" standardDeviationMicrosecondsPerInvocation="889"/>
      <ClassProfile name="edu.umd.cs.findbugs.ba.npe.NullDerefAndRedundantComparisonFinder" totalMilliseconds="22" invocations="70" avgMicrosecondsPerInvocation="318" maxMicrosecondsPerInvocation="3874" standardDeviationMicrosecondsPerInvocation="626"/>
      <ClassProfile name="edu.umd.cs.findbugs.detect.NoteDirectlyRelevantTypeQualifiers" totalMilliseconds="16" invocations="44" avgMicrosecondsPerInvocation="384" maxMicrosecondsPerInvocation="4356" standardDeviationMicrosecondsPerInvocation="681"/>
      <ClassProfile name="edu.umd.cs.findbugs.util.TopologicalSort" totalMilliseconds="16" invocations="464" avgMicrosecondsPerInvocation="36" maxMicrosecondsPerInvocation="1296" standardDeviationMicrosecondsPerInvocation="82"/>
      <ClassProfile name="edu.umd.cs.findbugs.detect.FindOpenStream" totalMilliseconds="16" invocations="1" avgMicrosecondsPerInvocation="16643" maxMicrosecondsPerInvocation="16643" standardDeviationMicrosecondsPerInvocation="0"/>
      <ClassProfile name="edu.umd.cs.findbugs.detect.FunctionsThatMightBeMistakenForProcedures" totalMilliseconds="13" invocations="44" avgMicrosecondsPerInvocation="312" maxMicrosecondsPerInvocation="2252" standardDeviationMicrosecondsPerInvocation="459"/>
      <ClassProfile name="edu.umd.cs.findbugs.classfile.engine.ClassDataAnalysisEngine" totalMilliseconds="12" invocations="534" avgMicrosecondsPerInvocation="24" maxMicrosecondsPerInvocation="435" standardDeviationMicrosecondsPerInvocation="31"/>
      <ClassProfile name="edu.umd.cs.findbugs.detect.OverridingEqualsNotSymmetrical" totalMilliseconds="12" invocations="44" avgMicrosecondsPerInvocation="285" maxMicrosecondsPerInvocation="6431" standardDeviationMicrosecondsPerInvocation="948"/>
      <ClassProfile name="edu.umd.cs.findbugs.detect.BuildStringPassthruGraph" totalMilliseconds="12" invocations="44" avgMicrosecondsPerInvocation="280" maxMicrosecondsPerInvocation="4277" standardDeviationMicrosecondsPerInvocation="652"/>
      <ClassProfile name="edu.umd.cs.findbugs.detect.BuildObligationPolicyDatabase" totalMilliseconds="11" invocations="44" avgMicrosecondsPerInvocation="262" maxMicrosecondsPerInvocation="1069" standardDeviationMicrosecondsPerInvocation="275"/>
      <ClassProfile name="edu.umd.cs.findbugs.detect.CalledMethods" totalMilliseconds="11" invocations="44" avgMicrosecondsPerInvocation="256" maxMicrosecondsPerInvocation="2275" standardDeviationMicrosecondsPerInvocation="427"/>
    </FindBugsProfile>
  </FindBugsSummary>
  <ClassFeatures></ClassFeatures>
  <History></History>
</BugCollection>
