<?xml version="1.0" encoding="UTF-8"?>

<BugCollection version="4.7.3" sequence="0" timestamp="1698475242350" analysisTimestamp="1698520567708" release="">
  <Project projectName="">
    <Jar>/mnt/disk3/lty/JLeaks/data/classfile/bug-1026-fbe30d1f619cde2f6940ce2ba9365dc0adee2841ba7dae89b5ec4c9fbe3b6912.class</Jar>
  </Project>
  <Errors errors="0" missingClasses="11">
    <MissingClass>fitnesse.wiki.BaseWikiPage</MissingClass>
    <MissingClass>fitnesse.wiki.PageData</MissingClass>
    <MissingClass>fitnesse.wiki.WikiPageProperties</MissingClass>
    <MissingClass>fitnesse.wiki.fs.ExternalSuitePage</MissingClass>
    <MissingClass>fitnesse.wiki.fs.FileSystem</MissingClass>
    <MissingClass>fitnesse.wiki.fs.FileSystemPage$ContentFileVersion</MissingClass>
    <MissingClass>fitnesse.wiki.fs.FileSystemPage$PropertiesFileVersion</MissingClass>
    <MissingClass>fitnesse.wiki.fs.FileVersion</MissingClass>
    <MissingClass>fitnesse.wiki.fs.VersionsController</MissingClass>
    <MissingClass>fitnesse.wikitext.parser.WikiWordPath</MissingClass>
    <MissingClass>util.FileUtil</MissingClass>
  </Errors>
  <FindBugsSummary timestamp="Sat, 28 Oct 2023 14:40:42 +0800" total_classes="1" referenced_classes="15" total_bugs="0" total_size="130" num_packages="1" java_version="1.8.0_382" vm_version="25.382-b05" cpu_seconds="7.32" clock_seconds="0.79" peak_mbytes="387.30" alloc_mbytes="1820.50" gc_seconds="0.04">
    <PackageStats package="fitnesse.wiki.fs" total_bugs="0" total_types="1" total_size="130">
      <ClassStats class="fitnesse.wiki.fs.FileSystemPage" sourceFile="FileSystemPage.java" interface="false" size="130" bugs="0"/>
    </PackageStats>
    <FindBugsProfile>
      <ClassProfile name="edu.umd.cs.findbugs.classfile.engine.ClassInfoAnalysisEngine" totalMilliseconds="114" invocations="378" avgMicrosecondsPerInvocation="301" maxMicrosecondsPerInvocation="12036" standardDeviationMicrosecondsPerInvocation="795"/>
      <ClassProfile name="edu.umd.cs.findbugs.detect.FunctionsThatMightBeMistakenForProcedures" totalMilliseconds="53" invocations="15" avgMicrosecondsPerInvocation="3539" maxMicrosecondsPerInvocation="48270" standardDeviationMicrosecondsPerInvocation="11965"/>
      <ClassProfile name="edu.umd.cs.findbugs.detect.FieldItemSummary" totalMilliseconds="25" invocations="15" avgMicrosecondsPerInvocation="1719" maxMicrosecondsPerInvocation="5355" standardDeviationMicrosecondsPerInvocation="1788"/>
      <ClassProfile name="edu.umd.cs.findbugs.OpcodeStack$JumpInfoFactory" totalMilliseconds="22" invocations="106" avgMicrosecondsPerInvocation="212" maxMicrosecondsPerInvocation="3255" standardDeviationMicrosecondsPerInvocation="379"/>
      <ClassProfile name="edu.umd.cs.findbugs.classfile.engine.bcel.ValueNumberDataflowFactory" totalMilliseconds="21" invocations="29" avgMicrosecondsPerInvocation="749" maxMicrosecondsPerInvocation="6687" standardDeviationMicrosecondsPerInvocation="1277"/>
      <ClassProfile name="edu.umd.cs.findbugs.classfile.engine.bcel.TypeDataflowFactory" totalMilliseconds="21" invocations="29" avgMicrosecondsPerInvocation="736" maxMicrosecondsPerInvocation="5069" standardDeviationMicrosecondsPerInvocation="1015"/>
      <ClassProfile name="edu.umd.cs.findbugs.classfile.engine.bcel.IsNullValueDataflowFactory" totalMilliseconds="20" invocations="27" avgMicrosecondsPerInvocation="759" maxMicrosecondsPerInvocation="6217" standardDeviationMicrosecondsPerInvocation="1274"/>
      <ClassProfile name="edu.umd.cs.findbugs.classfile.engine.bcel.MethodGenFactory" totalMilliseconds="19" invocations="27" avgMicrosecondsPerInvocation="735" maxMicrosecondsPerInvocation="16967" standardDeviationMicrosecondsPerInvocation="3184"/>
      <ClassProfile name="edu.umd.cs.findbugs.detect.FindNoSideEffectMethods" totalMilliseconds="16" invocations="15" avgMicrosecondsPerInvocation="1128" maxMicrosecondsPerInvocation="3332" standardDeviationMicrosecondsPerInvocation="1076"/>
      <ClassProfile name="edu.umd.cs.findbugs.classfile.engine.bcel.CFGFactory" totalMilliseconds="16" invocations="27" avgMicrosecondsPerInvocation="606" maxMicrosecondsPerInvocation="7150" standardDeviationMicrosecondsPerInvocation="1312"/>
      <ClassProfile name="edu.umd.cs.findbugs.classfile.engine.bcel.JavaClassAnalysisEngine" totalMilliseconds="15" invocations="50" avgMicrosecondsPerInvocation="306" maxMicrosecondsPerInvocation="8652" standardDeviationMicrosecondsPerInvocation="1231"/>
      <ClassProfile name="edu.umd.cs.findbugs.util.TopologicalSort" totalMilliseconds="14" invocations="330" avgMicrosecondsPerInvocation="45" maxMicrosecondsPerInvocation="922" standardDeviationMicrosecondsPerInvocation="94"/>
      <ClassProfile name="edu.umd.cs.findbugs.classfile.engine.bcel.UnconditionalValueDerefDataflowFactory" totalMilliseconds="13" invocations="27" avgMicrosecondsPerInvocation="483" maxMicrosecondsPerInvocation="2752" standardDeviationMicrosecondsPerInvocation="657"/>
    </FindBugsProfile>
  </FindBugsSummary>
  <ClassFeatures></ClassFeatures>
  <History></History>
</BugCollection>
