<?xml version="1.0" encoding="UTF-8"?>

<BugCollection version="4.7.3" sequence="0" timestamp="1698475130475" analysisTimestamp="1698509391500" release="">
  <Project projectName="">
    <Jar>/mnt/disk3/lty/JLeaks/data/classfile/bug-192-6ac05941fa480fb931dfe87b8a96e0b3828ea0968321c1398d8a3c7e128f8e42.class</Jar>
  </Project>
  <Errors errors="0" missingClasses="34">
    <MissingClass>com.google.common.collect.Lists</MissingClass>
    <MissingClass>com.google.common.collect.Sets</MissingClass>
    <MissingClass>org.apache.commons.logging.LogFactory</MissingClass>
    <MissingClass>org.apache.phoenix.cache.ServerCacheClient$ServerCache</MissingClass>
    <MissingClass>org.apache.phoenix.compile.ExplainPlan</MissingClass>
    <MissingClass>org.apache.phoenix.compile.FromCompiler</MissingClass>
    <MissingClass>org.apache.phoenix.compile.QueryPlan</MissingClass>
    <MissingClass>org.apache.phoenix.compile.StatementContext</MissingClass>
    <MissingClass>org.apache.phoenix.compile.WhereCompiler</MissingClass>
    <MissingClass>org.apache.phoenix.exception.SQLExceptionCode</MissingClass>
    <MissingClass>org.apache.phoenix.exception.SQLExceptionInfo</MissingClass>
    <MissingClass>org.apache.phoenix.exception.SQLExceptionInfo$Builder</MissingClass>
    <MissingClass>org.apache.phoenix.execute.BaseQueryPlan</MissingClass>
    <MissingClass>org.apache.phoenix.execute.DelegateQueryPlan</MissingClass>
    <MissingClass>org.apache.phoenix.execute.HashJoinPlan$1</MissingClass>
    <MissingClass>org.apache.phoenix.execute.HashJoinPlan$SubPlan</MissingClass>
    <MissingClass>org.apache.phoenix.expression.Determinism</MissingClass>
    <MissingClass>org.apache.phoenix.expression.Expression</MissingClass>
    <MissingClass>org.apache.phoenix.expression.InListExpression</MissingClass>
    <MissingClass>org.apache.phoenix.expression.LiteralExpression</MissingClass>
    <MissingClass>org.apache.phoenix.iterate.FilterResultIterator</MissingClass>
    <MissingClass>org.apache.phoenix.iterate.ResultIterator</MissingClass>
    <MissingClass>org.apache.phoenix.jdbc.PhoenixConnection</MissingClass>
    <MissingClass>org.apache.phoenix.join.HashCacheClient</MissingClass>
    <MissingClass>org.apache.phoenix.join.HashJoinInfo</MissingClass>
    <MissingClass>org.apache.phoenix.parse.SQLParser</MissingClass>
    <MissingClass>org.apache.phoenix.parse.SelectStatement</MissingClass>
    <MissingClass>org.apache.phoenix.query.ConnectionQueryServices</MissingClass>
    <MissingClass>org.apache.phoenix.schema.PTable</MissingClass>
    <MissingClass>org.apache.phoenix.schema.TableRef</MissingClass>
    <MissingClass>org.apache.phoenix.schema.types.PBoolean</MissingClass>
    <MissingClass>org.apache.phoenix.util.NumberUtil</MissingClass>
    <MissingClass>org.apache.phoenix.util.ReadOnlyProps</MissingClass>
    <MissingClass>org.apache.phoenix.util.SQLCloseables</MissingClass>
  </Errors>
  <FindBugsSummary timestamp="Sat, 28 Oct 2023 14:38:50 +0800" total_classes="1" referenced_classes="27" total_bugs="0" total_size="138" num_packages="1" java_version="1.8.0_382" vm_version="25.382-b05" cpu_seconds="49.92" clock_seconds="4.87" peak_mbytes="386.81" alloc_mbytes="1820.50" gc_seconds="0.20">
    <PackageStats package="org.apache.phoenix.execute" total_bugs="0" total_types="1" total_size="138">
      <ClassStats class="org.apache.phoenix.execute.HashJoinPlan" sourceFile="HashJoinPlan.java" interface="false" size="138" bugs="0"/>
    </PackageStats>
    <FindBugsProfile>
      <ClassProfile name="edu.umd.cs.findbugs.classfile.engine.ClassInfoAnalysisEngine" totalMilliseconds="535" invocations="473" avgMicrosecondsPerInvocation="1131" maxMicrosecondsPerInvocation="62494" standardDeviationMicrosecondsPerInvocation="3287"/>
      <ClassProfile name="edu.umd.cs.findbugs.detect.ExplicitSerialization" totalMilliseconds="257" invocations="27" avgMicrosecondsPerInvocation="9526" maxMicrosecondsPerInvocation="235691" standardDeviationMicrosecondsPerInvocation="44425"/>
      <ClassProfile name="edu.umd.cs.findbugs.detect.FieldItemSummary" totalMilliseconds="189" invocations="27" avgMicrosecondsPerInvocation="7002" maxMicrosecondsPerInvocation="30623" standardDeviationMicrosecondsPerInvocation="8106"/>
      <ClassProfile name="edu.umd.cs.findbugs.OpcodeStack$JumpInfoFactory" totalMilliseconds="181" invocations="163" avgMicrosecondsPerInvocation="1113" maxMicrosecondsPerInvocation="10967" standardDeviationMicrosecondsPerInvocation="1531"/>
      <ClassProfile name="edu.umd.cs.findbugs.classfile.engine.bcel.ValueNumberDataflowFactory" totalMilliseconds="170" invocations="20" avgMicrosecondsPerInvocation="8544" maxMicrosecondsPerInvocation="59887" standardDeviationMicrosecondsPerInvocation="15819"/>
      <ClassProfile name="edu.umd.cs.findbugs.classfile.engine.bcel.TypeDataflowFactory" totalMilliseconds="163" invocations="20" avgMicrosecondsPerInvocation="8197" maxMicrosecondsPerInvocation="47233" standardDeviationMicrosecondsPerInvocation="14687"/>
      <ClassProfile name="edu.umd.cs.findbugs.classfile.engine.bcel.IsNullValueDataflowFactory" totalMilliseconds="158" invocations="18" avgMicrosecondsPerInvocation="8778" maxMicrosecondsPerInvocation="79979" standardDeviationMicrosecondsPerInvocation="18400"/>
      <ClassProfile name="edu.umd.cs.findbugs.detect.FindNoSideEffectMethods" totalMilliseconds="140" invocations="27" avgMicrosecondsPerInvocation="5210" maxMicrosecondsPerInvocation="19055" standardDeviationMicrosecondsPerInvocation="5698"/>
      <ClassProfile name="edu.umd.cs.findbugs.classfile.engine.bcel.MethodGenFactory" totalMilliseconds="120" invocations="18" avgMicrosecondsPerInvocation="6681" maxMicrosecondsPerInvocation="106861" standardDeviationMicrosecondsPerInvocation="24322"/>
      <ClassProfile name="edu.umd.cs.findbugs.classfile.engine.ClassDataAnalysisEngine" totalMilliseconds="99" invocations="479" avgMicrosecondsPerInvocation="208" maxMicrosecondsPerInvocation="4585" standardDeviationMicrosecondsPerInvocation="314"/>
      <ClassProfile name="edu.umd.cs.findbugs.classfile.engine.bcel.JavaClassAnalysisEngine" totalMilliseconds="96" invocations="74" avgMicrosecondsPerInvocation="1302" maxMicrosecondsPerInvocation="38698" standardDeviationMicrosecondsPerInvocation="4681"/>
      <ClassProfile name="edu.umd.cs.findbugs.classfile.engine.bcel.UnconditionalValueDerefDataflowFactory" totalMilliseconds="93" invocations="18" avgMicrosecondsPerInvocation="5218" maxMicrosecondsPerInvocation="45631" standardDeviationMicrosecondsPerInvocation="10589"/>
      <ClassProfile name="edu.umd.cs.findbugs.classfile.engine.bcel.CFGFactory" totalMilliseconds="83" invocations="18" avgMicrosecondsPerInvocation="4632" maxMicrosecondsPerInvocation="49475" standardDeviationMicrosecondsPerInvocation="11296"/>
      <ClassProfile name="edu.umd.cs.findbugs.util.TopologicalSort" totalMilliseconds="81" invocations="394" avgMicrosecondsPerInvocation="206" maxMicrosecondsPerInvocation="3072" standardDeviationMicrosecondsPerInvocation="340"/>
      <ClassProfile name="edu.umd.cs.findbugs.detect.OverridingEqualsNotSymmetrical" totalMilliseconds="76" invocations="27" avgMicrosecondsPerInvocation="2850" maxMicrosecondsPerInvocation="38158" standardDeviationMicrosecondsPerInvocation="7081"/>
      <ClassProfile name="edu.umd.cs.findbugs.ba.npe.NullDerefAndRedundantComparisonFinder" totalMilliseconds="69" invocations="18" avgMicrosecondsPerInvocation="3856" maxMicrosecondsPerInvocation="27714" standardDeviationMicrosecondsPerInvocation="6650"/>
      <ClassProfile name="edu.umd.cs.findbugs.detect.NoteDirectlyRelevantTypeQualifiers" totalMilliseconds="67" invocations="27" avgMicrosecondsPerInvocation="2503" maxMicrosecondsPerInvocation="29180" standardDeviationMicrosecondsPerInvocation="5424"/>
      <ClassProfile name="edu.umd.cs.findbugs.detect.FunctionsThatMightBeMistakenForProcedures" totalMilliseconds="62" invocations="27" avgMicrosecondsPerInvocation="2305" maxMicrosecondsPerInvocation="23307" standardDeviationMicrosecondsPerInvocation="4487"/>
      <ClassProfile name="edu.umd.cs.findbugs.detect.FindReturnRef" totalMilliseconds="55" invocations="1" avgMicrosecondsPerInvocation="55741" maxMicrosecondsPerInvocation="55741" standardDeviationMicrosecondsPerInvocation="0"/>
      <ClassProfile name="edu.umd.cs.findbugs.detect.FindRefComparison$SpecialTypeAnalysis" totalMilliseconds="48" invocations="9" avgMicrosecondsPerInvocation="5438" maxMicrosecondsPerInvocation="28418" standardDeviationMicrosecondsPerInvocation="8647"/>
      <ClassProfile name="edu.umd.cs.findbugs.detect.BuildObligationPolicyDatabase" totalMilliseconds="48" invocations="27" avgMicrosecondsPerInvocation="1785" maxMicrosecondsPerInvocation="12287" standardDeviationMicrosecondsPerInvocation="2405"/>
    </FindBugsProfile>
  </FindBugsSummary>
  <ClassFeatures></ClassFeatures>
  <History></History>
</BugCollection>
