<?xml version="1.0" encoding="UTF-8"?>

<BugCollection version="4.7.3" sequence="0" timestamp="1698475218647" analysisTimestamp="1698515584693" release="">
  <Project projectName="">
    <Jar>/mnt/disk3/lty/JLeaks/data/classfile/bug-869-76314b513f5e2ffde2476d38d9fd7781be6cbca22dea574459b7b03f20a8c5d8.class</Jar>
  </Project>
  <Errors errors="0" missingClasses="5">
    <MissingClass>net.bytebuddy.android.AndroidClassLoadingStrategy$DexProcessor</MissingClass>
    <MissingClass>net.bytebuddy.android.AndroidClassLoadingStrategy$DexProcessor$Conversion</MissingClass>
    <MissingClass>net.bytebuddy.description.type.TypeDescription</MissingClass>
    <MissingClass>net.bytebuddy.dynamic.loading.ClassLoadingStrategy</MissingClass>
    <MissingClass>net.bytebuddy.utility.RandomString</MissingClass>
  </Errors>
  <FindBugsSummary timestamp="Sat, 28 Oct 2023 14:40:18 +0800" total_classes="1" referenced_classes="24" total_bugs="0" total_size="40" num_packages="1" java_version="1.8.0_382" vm_version="25.382-b05" cpu_seconds="7.23" clock_seconds="0.76" peak_mbytes="393.63" alloc_mbytes="1820.50" gc_seconds="0.04">
    <PackageStats package="net.bytebuddy.android" total_bugs="0" total_types="1" total_size="40">
      <ClassStats class="net.bytebuddy.android.AndroidClassLoadingStrategy" sourceFile="AndroidClassLoadingStrategy.java" interface="false" size="40" bugs="0"/>
    </PackageStats>
    <FindBugsProfile>
      <ClassProfile name="edu.umd.cs.findbugs.classfile.engine.ClassInfoAnalysisEngine" totalMilliseconds="119" invocations="417" avgMicrosecondsPerInvocation="285" maxMicrosecondsPerInvocation="10150" standardDeviationMicrosecondsPerInvocation="699"/>
      <ClassProfile name="edu.umd.cs.findbugs.detect.NoteDirectlyRelevantTypeQualifiers" totalMilliseconds="53" invocations="24" avgMicrosecondsPerInvocation="2239" maxMicrosecondsPerInvocation="42773" standardDeviationMicrosecondsPerInvocation="8499"/>
      <ClassProfile name="edu.umd.cs.findbugs.detect.FieldItemSummary" totalMilliseconds="27" invocations="24" avgMicrosecondsPerInvocation="1142" maxMicrosecondsPerInvocation="6352" standardDeviationMicrosecondsPerInvocation="1529"/>
      <ClassProfile name="edu.umd.cs.findbugs.classfile.engine.bcel.TypeDataflowFactory" totalMilliseconds="23" invocations="5" avgMicrosecondsPerInvocation="4607" maxMicrosecondsPerInvocation="10677" standardDeviationMicrosecondsPerInvocation="4089"/>
      <ClassProfile name="edu.umd.cs.findbugs.classfile.engine.bcel.ValueNumberDataflowFactory" totalMilliseconds="22" invocations="5" avgMicrosecondsPerInvocation="4506" maxMicrosecondsPerInvocation="9306" standardDeviationMicrosecondsPerInvocation="3739"/>
      <ClassProfile name="edu.umd.cs.findbugs.OpcodeStack$JumpInfoFactory" totalMilliseconds="22" invocations="90" avgMicrosecondsPerInvocation="244" maxMicrosecondsPerInvocation="2150" standardDeviationMicrosecondsPerInvocation="325"/>
      <ClassProfile name="edu.umd.cs.findbugs.detect.FindNoSideEffectMethods" totalMilliseconds="21" invocations="24" avgMicrosecondsPerInvocation="887" maxMicrosecondsPerInvocation="3445" standardDeviationMicrosecondsPerInvocation="1054"/>
      <ClassProfile name="edu.umd.cs.findbugs.classfile.engine.bcel.MethodGenFactory" totalMilliseconds="18" invocations="5" avgMicrosecondsPerInvocation="3766" maxMicrosecondsPerInvocation="17762" standardDeviationMicrosecondsPerInvocation="7006"/>
      <ClassProfile name="edu.umd.cs.findbugs.classfile.engine.bcel.JavaClassAnalysisEngine" totalMilliseconds="18" invocations="50" avgMicrosecondsPerInvocation="367" maxMicrosecondsPerInvocation="8493" standardDeviationMicrosecondsPerInvocation="1234"/>
      <ClassProfile name="edu.umd.cs.findbugs.util.TopologicalSort" totalMilliseconds="15" invocations="375" avgMicrosecondsPerInvocation="41" maxMicrosecondsPerInvocation="746" standardDeviationMicrosecondsPerInvocation="79"/>
      <ClassProfile name="edu.umd.cs.findbugs.classfile.engine.bcel.IsNullValueDataflowFactory" totalMilliseconds="15" invocations="4" avgMicrosecondsPerInvocation="3792" maxMicrosecondsPerInvocation="10475" standardDeviationMicrosecondsPerInvocation="4109"/>
      <ClassProfile name="edu.umd.cs.findbugs.classfile.engine.bcel.CFGFactory" totalMilliseconds="12" invocations="4" avgMicrosecondsPerInvocation="3212" maxMicrosecondsPerInvocation="8564" standardDeviationMicrosecondsPerInvocation="3489"/>
    </FindBugsProfile>
  </FindBugsSummary>
  <ClassFeatures></ClassFeatures>
  <History></History>
</BugCollection>
