<?xml version="1.0" encoding="UTF-8"?>

<BugCollection version="4.7.3" sequence="0" timestamp="1698475159497" analysisTimestamp="1698512109551" release="">
  <Project projectName="">
    <Jar>/mnt/disk3/lty/JLeaks/data/classfile/bug-435-4691c8b57cd323177bd99d468bc26ee1ccc64fa79170fb5a29f1884aee18b7a3.class</Jar>
  </Project>
  <Errors errors="0" missingClasses="24">
    <MissingClass>com.googlecode.flyway.core.Flyway$1</MissingClass>
    <MissingClass>com.googlecode.flyway.core.Flyway$2</MissingClass>
    <MissingClass>com.googlecode.flyway.core.Flyway$3</MissingClass>
    <MissingClass>com.googlecode.flyway.core.Flyway$4</MissingClass>
    <MissingClass>com.googlecode.flyway.core.Flyway$5</MissingClass>
    <MissingClass>com.googlecode.flyway.core.Flyway$6</MissingClass>
    <MissingClass>com.googlecode.flyway.core.Flyway$Command</MissingClass>
    <MissingClass>com.googlecode.flyway.core.clean.DbCleaner</MissingClass>
    <MissingClass>com.googlecode.flyway.core.dbsupport.DbSupport</MissingClass>
    <MissingClass>com.googlecode.flyway.core.dbsupport.DbSupportFactory</MissingClass>
    <MissingClass>com.googlecode.flyway.core.exception.FlywayException</MissingClass>
    <MissingClass>com.googlecode.flyway.core.metadatatable.MetaDataTable</MissingClass>
    <MissingClass>com.googlecode.flyway.core.migration.MigrationProvider</MissingClass>
    <MissingClass>com.googlecode.flyway.core.migration.SchemaVersion</MissingClass>
    <MissingClass>com.googlecode.flyway.core.util.ClassUtils</MissingClass>
    <MissingClass>com.googlecode.flyway.core.util.jdbc.DriverDataSource</MissingClass>
    <MissingClass>com.googlecode.flyway.core.util.jdbc.TransactionTemplate</MissingClass>
    <MissingClass>com.googlecode.flyway.core.validation.DbValidator</MissingClass>
    <MissingClass>com.googlecode.flyway.core.validation.ValidationErrorMode</MissingClass>
    <MissingClass>com.googlecode.flyway.core.validation.ValidationException</MissingClass>
    <MissingClass>com.googlecode.flyway.core.validation.ValidationMode</MissingClass>
    <MissingClass>org.apache.commons.logging.Log</MissingClass>
    <MissingClass>org.apache.commons.logging.LogFactory</MissingClass>
    <MissingClass>org.springframework.util.StringUtils</MissingClass>
  </Errors>
  <FindBugsSummary timestamp="Sat, 28 Oct 2023 14:39:19 +0800" total_classes="1" referenced_classes="23" total_bugs="0" total_size="301" num_packages="1" java_version="1.8.0_382" vm_version="25.382-b05" cpu_seconds="7.80" clock_seconds="0.86" peak_mbytes="387.40" alloc_mbytes="1820.50" gc_seconds="0.04">
    <PackageStats package="com.googlecode.flyway.core" total_bugs="0" total_types="1" total_size="301">
      <ClassStats class="com.googlecode.flyway.core.Flyway" sourceFile="Flyway.java" interface="false" size="301" bugs="0"/>
    </PackageStats>
    <FindBugsProfile>
      <ClassProfile name="edu.umd.cs.findbugs.classfile.engine.ClassInfoAnalysisEngine" totalMilliseconds="103" invocations="380" avgMicrosecondsPerInvocation="271" maxMicrosecondsPerInvocation="13856" standardDeviationMicrosecondsPerInvocation="840"/>
      <ClassProfile name="edu.umd.cs.findbugs.detect.FieldItemSummary" totalMilliseconds="64" invocations="23" avgMicrosecondsPerInvocation="2815" maxMicrosecondsPerInvocation="40592" standardDeviationMicrosecondsPerInvocation="8206"/>
      <ClassProfile name="edu.umd.cs.findbugs.classfile.engine.bcel.IsNullValueDataflowFactory" totalMilliseconds="30" invocations="72" avgMicrosecondsPerInvocation="422" maxMicrosecondsPerInvocation="10272" standardDeviationMicrosecondsPerInvocation="1333"/>
      <ClassProfile name="edu.umd.cs.findbugs.classfile.engine.bcel.ValueNumberDataflowFactory" totalMilliseconds="26" invocations="73" avgMicrosecondsPerInvocation="359" maxMicrosecondsPerInvocation="7921" standardDeviationMicrosecondsPerInvocation="1212"/>
      <ClassProfile name="edu.umd.cs.findbugs.OpcodeStack$JumpInfoFactory" totalMilliseconds="25" invocations="162" avgMicrosecondsPerInvocation="159" maxMicrosecondsPerInvocation="1650" standardDeviationMicrosecondsPerInvocation="252"/>
      <ClassProfile name="edu.umd.cs.findbugs.classfile.engine.bcel.TypeDataflowFactory" totalMilliseconds="24" invocations="72" avgMicrosecondsPerInvocation="346" maxMicrosecondsPerInvocation="5566" standardDeviationMicrosecondsPerInvocation="1063"/>
      <ClassProfile name="edu.umd.cs.findbugs.classfile.engine.bcel.MethodGenFactory" totalMilliseconds="21" invocations="72" avgMicrosecondsPerInvocation="295" maxMicrosecondsPerInvocation="17076" standardDeviationMicrosecondsPerInvocation="1994"/>
      <ClassProfile name="edu.umd.cs.findbugs.classfile.engine.bcel.UnconditionalValueDerefDataflowFactory" totalMilliseconds="19" invocations="72" avgMicrosecondsPerInvocation="267" maxMicrosecondsPerInvocation="9010" standardDeviationMicrosecondsPerInvocation="1067"/>
      <ClassProfile name="edu.umd.cs.findbugs.classfile.engine.bcel.CFGFactory" totalMilliseconds="18" invocations="72" avgMicrosecondsPerInvocation="258" maxMicrosecondsPerInvocation="7929" standardDeviationMicrosecondsPerInvocation="967"/>
      <ClassProfile name="edu.umd.cs.findbugs.detect.FindNoSideEffectMethods" totalMilliseconds="17" invocations="23" avgMicrosecondsPerInvocation="758" maxMicrosecondsPerInvocation="3275" standardDeviationMicrosecondsPerInvocation="969"/>
      <ClassProfile name="edu.umd.cs.findbugs.classfile.engine.bcel.JavaClassAnalysisEngine" totalMilliseconds="15" invocations="65" avgMicrosecondsPerInvocation="235" maxMicrosecondsPerInvocation="8273" standardDeviationMicrosecondsPerInvocation="1037"/>
      <ClassProfile name="edu.umd.cs.findbugs.util.TopologicalSort" totalMilliseconds="13" invocations="320" avgMicrosecondsPerInvocation="42" maxMicrosecondsPerInvocation="1059" standardDeviationMicrosecondsPerInvocation="86"/>
      <ClassProfile name="edu.umd.cs.findbugs.ba.npe.NullDerefAndRedundantComparisonFinder" totalMilliseconds="12" invocations="72" avgMicrosecondsPerInvocation="179" maxMicrosecondsPerInvocation="3572" standardDeviationMicrosecondsPerInvocation="481"/>
      <ClassProfile name="edu.umd.cs.findbugs.detect.NoteDirectlyRelevantTypeQualifiers" totalMilliseconds="11" invocations="23" avgMicrosecondsPerInvocation="508" maxMicrosecondsPerInvocation="4637" standardDeviationMicrosecondsPerInvocation="959"/>
    </FindBugsProfile>
  </FindBugsSummary>
  <ClassFeatures></ClassFeatures>
  <History></History>
</BugCollection>
