<?xml version="1.0" encoding="UTF-8"?>

<BugCollection version="4.7.3" sequence="0" timestamp="1698475173101" analysisTimestamp="1698512744856" release="">
  <Project projectName="">
    <Jar>/mnt/disk3/lty/JLeaks/data/classfile/bug-542-fdc7984c4f0359c09005056db3de5b52dabe93442bb74c25e49ac6fd44033fcd.class</Jar>
  </Project>
  <BugInstance type="OS_OPEN_STREAM" priority="2" rank="16" abbrev="OS" category="BAD_PRACTICE">
    <Class classname="edu.harvard.iq.dataverse.util.FileUtil">
      <SourceLine classname="edu.harvard.iq.dataverse.util.FileUtil" start="123" end="2173" sourcefile="FileUtil.java" sourcepath="edu/harvard/iq/dataverse/util/FileUtil.java"/>
    </Class>
    <Method classname="edu.harvard.iq.dataverse.util.FileUtil" name="createDataFiles" signature="(Ledu/harvard/iq/dataverse/DatasetVersion;Ljava/io/InputStream;Ljava/lang/String;Ljava/lang/String;Ljava/lang/String;Ljava/lang/String;Ledu/harvard/iq/dataverse/DataFile$ChecksumType;Ledu/harvard/iq/dataverse/util/SystemConfig;)Ledu/harvard/iq/dataverse/util/file/CreateDataFileResult;" isStatic="true">
      <SourceLine classname="edu.harvard.iq.dataverse.util.FileUtil" start="818" end="1233" startBytecode="0" endBytecode="749" sourcefile="FileUtil.java" sourcepath="edu/harvard/iq/dataverse/util/FileUtil.java"/>
    </Method>
    <Type descriptor="Ljava/io/InputStream;" role="TYPE_CLOSEIT">
      <SourceLine classname="java.io.InputStream" start="45" end="364" sourcefile="InputStream.java" sourcepath="java/io/InputStream.java"/>
    </Type>
    <SourceLine classname="edu.harvard.iq.dataverse.util.FileUtil" start="1127" end="1127" startBytecode="1292" endBytecode="1292" sourcefile="FileUtil.java" sourcepath="edu/harvard/iq/dataverse/util/FileUtil.java"/>
  </BugInstance>
  <Errors errors="0" missingClasses="46">
    <MissingClass>edu.harvard.iq.dataverse.DataFile</MissingClass>
    <MissingClass>edu.harvard.iq.dataverse.DataFile$ChecksumType</MissingClass>
    <MissingClass>edu.harvard.iq.dataverse.Dataset</MissingClass>
    <MissingClass>edu.harvard.iq.dataverse.DatasetVersion</MissingClass>
    <MissingClass>edu.harvard.iq.dataverse.Embargo</MissingClass>
    <MissingClass>edu.harvard.iq.dataverse.FileMetadata</MissingClass>
    <MissingClass>edu.harvard.iq.dataverse.GlobalId</MissingClass>
    <MissingClass>edu.harvard.iq.dataverse.Guestbook</MissingClass>
    <MissingClass>edu.harvard.iq.dataverse.TermsOfUseAndAccess</MissingClass>
    <MissingClass>edu.harvard.iq.dataverse.dataaccess.DataAccess</MissingClass>
    <MissingClass>edu.harvard.iq.dataverse.dataaccess.DataAccessOption</MissingClass>
    <MissingClass>edu.harvard.iq.dataverse.dataaccess.ImageThumbConverter</MissingClass>
    <MissingClass>edu.harvard.iq.dataverse.dataaccess.S3AccessIO</MissingClass>
    <MissingClass>edu.harvard.iq.dataverse.dataaccess.StorageIO</MissingClass>
    <MissingClass>edu.harvard.iq.dataverse.dataset.DatasetThumbnail</MissingClass>
    <MissingClass>edu.harvard.iq.dataverse.dataset.DatasetUtil</MissingClass>
    <MissingClass>edu.harvard.iq.dataverse.datasetutility.FileExceedsMaxSizeException</MissingClass>
    <MissingClass>edu.harvard.iq.dataverse.datasetutility.FileSizeChecker</MissingClass>
    <MissingClass>edu.harvard.iq.dataverse.ingest.IngestReport</MissingClass>
    <MissingClass>edu.harvard.iq.dataverse.ingest.IngestServiceBean</MissingClass>
    <MissingClass>edu.harvard.iq.dataverse.ingest.IngestServiceShapefileHelper</MissingClass>
    <MissingClass>edu.harvard.iq.dataverse.ingest.IngestableDataChecker</MissingClass>
    <MissingClass>edu.harvard.iq.dataverse.license.License</MissingClass>
    <MissingClass>edu.harvard.iq.dataverse.settings.JvmSettings</MissingClass>
    <MissingClass>edu.harvard.iq.dataverse.util.BundleUtil</MissingClass>
    <MissingClass>edu.harvard.iq.dataverse.util.FileUtil$FileCitationExtension</MissingClass>
    <MissingClass>edu.harvard.iq.dataverse.util.JhoveFileType</MissingClass>
    <MissingClass>edu.harvard.iq.dataverse.util.ShapefileHandler</MissingClass>
    <MissingClass>edu.harvard.iq.dataverse.util.StringUtil</MissingClass>
    <MissingClass>edu.harvard.iq.dataverse.util.SystemConfig</MissingClass>
    <MissingClass>edu.harvard.iq.dataverse.util.file.BagItFileHandler</MissingClass>
    <MissingClass>edu.harvard.iq.dataverse.util.file.BagItFileHandlerFactory</MissingClass>
    <MissingClass>edu.harvard.iq.dataverse.util.file.CreateDataFileResult</MissingClass>
    <MissingClass>edu.harvard.iq.dataverse.util.xml.html.HtmlFormatUtil</MissingClass>
    <MissingClass>javax.ejb.EJBException</MissingClass>
    <MissingClass>javax.enterprise.inject.Instance</MissingClass>
    <MissingClass>javax.enterprise.inject.spi.CDI</MissingClass>
    <MissingClass>javax.json.JsonArray</MissingClass>
    <MissingClass>javax.json.JsonObject</MissingClass>
    <MissingClass>javax.json.JsonValue</MissingClass>
    <MissingClass>org.apache.commons.io.FileUtils</MissingClass>
    <MissingClass>org.apache.commons.io.FilenameUtils</MissingClass>
    <MissingClass>org.apache.commons.io.IOUtils</MissingClass>
    <MissingClass>org.apache.commons.lang3.StringUtils</MissingClass>
    <MissingClass>ucar.nc2.NetcdfFile</MissingClass>
    <MissingClass>ucar.nc2.NetcdfFiles</MissingClass>
  </Errors>
  <FindBugsSummary timestamp="Sat, 28 Oct 2023 14:39:33 +0800" total_classes="1" referenced_classes="74" total_bugs="1" total_size="1022" num_packages="1" java_version="1.8.0_382" vm_version="25.382-b05" cpu_seconds="16.51" clock_seconds="1.59" peak_mbytes="457.84" alloc_mbytes="1820.50" gc_seconds="0.04" priority_2="1">
    <PackageStats package="edu.harvard.iq.dataverse.util" total_bugs="1" total_types="1" total_size="1022" priority_2="1">
      <ClassStats class="edu.harvard.iq.dataverse.util.FileUtil" sourceFile="FileUtil.java" interface="false" size="1022" bugs="1" priority_2="1"/>
    </PackageStats>
    <FindBugsProfile>
      <ClassProfile name="edu.umd.cs.findbugs.classfile.engine.ClassInfoAnalysisEngine" totalMilliseconds="175" invocations="759" avgMicrosecondsPerInvocation="231" maxMicrosecondsPerInvocation="17589" standardDeviationMicrosecondsPerInvocation="739"/>
      <ClassProfile name="edu.umd.cs.findbugs.classfile.engine.bcel.TypeDataflowFactory" totalMilliseconds="64" invocations="78" avgMicrosecondsPerInvocation="829" maxMicrosecondsPerInvocation="17850" standardDeviationMicrosecondsPerInvocation="2084"/>
      <ClassProfile name="edu.umd.cs.findbugs.detect.FieldItemSummary" totalMilliseconds="64" invocations="74" avgMicrosecondsPerInvocation="872" maxMicrosecondsPerInvocation="9355" standardDeviationMicrosecondsPerInvocation="1455"/>
      <ClassProfile name="edu.umd.cs.findbugs.ba.npe.NullDerefAndRedundantComparisonFinder" totalMilliseconds="60" invocations="69" avgMicrosecondsPerInvocation="880" maxMicrosecondsPerInvocation="16896" standardDeviationMicrosecondsPerInvocation="2733"/>
      <ClassProfile name="edu.umd.cs.findbugs.detect.FunctionsThatMightBeMistakenForProcedures" totalMilliseconds="58" invocations="74" avgMicrosecondsPerInvocation="790" maxMicrosecondsPerInvocation="42653" standardDeviationMicrosecondsPerInvocation="4913"/>
      <ClassProfile name="edu.umd.cs.findbugs.classfile.engine.bcel.IsNullValueDataflowFactory" totalMilliseconds="57" invocations="69" avgMicrosecondsPerInvocation="838" maxMicrosecondsPerInvocation="14723" standardDeviationMicrosecondsPerInvocation="1888"/>
      <ClassProfile name="edu.umd.cs.findbugs.detect.FindNoSideEffectMethods" totalMilliseconds="51" invocations="74" avgMicrosecondsPerInvocation="697" maxMicrosecondsPerInvocation="4970" standardDeviationMicrosecondsPerInvocation="994"/>
      <ClassProfile name="edu.umd.cs.findbugs.OpcodeStack$JumpInfoFactory" totalMilliseconds="50" invocations="330" avgMicrosecondsPerInvocation="152" maxMicrosecondsPerInvocation="2674" standardDeviationMicrosecondsPerInvocation="249"/>
      <ClassProfile name="edu.umd.cs.findbugs.classfile.engine.bcel.ValueNumberDataflowFactory" totalMilliseconds="50" invocations="78" avgMicrosecondsPerInvocation="641" maxMicrosecondsPerInvocation="10179" standardDeviationMicrosecondsPerInvocation="1383"/>
      <ClassProfile name="edu.umd.cs.findbugs.classfile.engine.bcel.UnconditionalValueDerefDataflowFactory" totalMilliseconds="41" invocations="69" avgMicrosecondsPerInvocation="603" maxMicrosecondsPerInvocation="12542" standardDeviationMicrosecondsPerInvocation="1541"/>
      <ClassProfile name="edu.umd.cs.findbugs.classfile.engine.bcel.CFGFactory" totalMilliseconds="39" invocations="69" avgMicrosecondsPerInvocation="565" maxMicrosecondsPerInvocation="6961" standardDeviationMicrosecondsPerInvocation="1113"/>
      <ClassProfile name="edu.umd.cs.findbugs.detect.FindOpenStream" totalMilliseconds="35" invocations="1" avgMicrosecondsPerInvocation="35443" maxMicrosecondsPerInvocation="35443" standardDeviationMicrosecondsPerInvocation="0"/>
      <ClassProfile name="edu.umd.cs.findbugs.classfile.engine.bcel.MethodGenFactory" totalMilliseconds="27" invocations="69" avgMicrosecondsPerInvocation="396" maxMicrosecondsPerInvocation="16647" standardDeviationMicrosecondsPerInvocation="1990"/>
      <ClassProfile name="edu.umd.cs.findbugs.classfile.engine.bcel.JavaClassAnalysisEngine" totalMilliseconds="27" invocations="168" avgMicrosecondsPerInvocation="162" maxMicrosecondsPerInvocation="8810" standardDeviationMicrosecondsPerInvocation="704"/>
      <ClassProfile name="edu.umd.cs.findbugs.detect.FindRefComparison$SpecialTypeAnalysis" totalMilliseconds="26" invocations="69" avgMicrosecondsPerInvocation="387" maxMicrosecondsPerInvocation="13472" standardDeviationMicrosecondsPerInvocation="1607"/>
      <ClassProfile name="edu.umd.cs.findbugs.detect.NoteDirectlyRelevantTypeQualifiers" totalMilliseconds="24" invocations="74" avgMicrosecondsPerInvocation="332" maxMicrosecondsPerInvocation="4369" standardDeviationMicrosecondsPerInvocation="669"/>
      <ClassProfile name="edu.umd.cs.findbugs.util.TopologicalSort" totalMilliseconds="19" invocations="668" avgMicrosecondsPerInvocation="29" maxMicrosecondsPerInvocation="1196" standardDeviationMicrosecondsPerInvocation="65"/>
      <ClassProfile name="edu.umd.cs.findbugs.detect.CalledMethods" totalMilliseconds="18" invocations="74" avgMicrosecondsPerInvocation="245" maxMicrosecondsPerInvocation="4195" standardDeviationMicrosecondsPerInvocation="558"/>
      <ClassProfile name="edu.umd.cs.findbugs.detect.OverridingEqualsNotSymmetrical" totalMilliseconds="17" invocations="74" avgMicrosecondsPerInvocation="231" maxMicrosecondsPerInvocation="7146" standardDeviationMicrosecondsPerInvocation="837"/>
      <ClassProfile name="edu.umd.cs.findbugs.classfile.engine.ClassDataAnalysisEngine" totalMilliseconds="16" invocations="764" avgMicrosecondsPerInvocation="22" maxMicrosecondsPerInvocation="454" standardDeviationMicrosecondsPerInvocation="25"/>
      <ClassProfile name="edu.umd.cs.findbugs.detect.StreamResourceTracker" totalMilliseconds="16" invocations="18" avgMicrosecondsPerInvocation="927" maxMicrosecondsPerInvocation="2685" standardDeviationMicrosecondsPerInvocation="846"/>
      <ClassProfile name="edu.umd.cs.findbugs.detect.BuildObligationPolicyDatabase" totalMilliseconds="15" invocations="74" avgMicrosecondsPerInvocation="208" maxMicrosecondsPerInvocation="1530" standardDeviationMicrosecondsPerInvocation="263"/>
      <ClassProfile name="edu.umd.cs.findbugs.detect.BuildStringPassthruGraph" totalMilliseconds="14" invocations="74" avgMicrosecondsPerInvocation="201" maxMicrosecondsPerInvocation="2404" standardDeviationMicrosecondsPerInvocation="399"/>
      <ClassProfile name="edu.umd.cs.findbugs.detect.FindDeadLocalStores" totalMilliseconds="13" invocations="1" avgMicrosecondsPerInvocation="13795" maxMicrosecondsPerInvocation="13795" standardDeviationMicrosecondsPerInvocation="0"/>
    </FindBugsProfile>
  </FindBugsSummary>
  <ClassFeatures></ClassFeatures>
  <History></History>
</BugCollection>
