<?xml version="1.0" encoding="UTF-8"?>

<BugCollection version="4.7.3" sequence="0" timestamp="1698475207543" analysisTimestamp="1698514967704" release="">
  <Project projectName="">
    <Jar>/mnt/disk3/lty/JLeaks/data/classfile/bug-793-4b4a8b60d1770682f81ef6fb7cd0228dc962c0ca10bd68bf7ff262f7f9a71da2.class</Jar>
  </Project>
  <BugInstance type="OBL_UNSATISFIED_OBLIGATION_EXCEPTION_EDGE" priority="2" rank="20" abbrev="OBL" category="EXPERIMENTAL">
    <Class classname="org.opensolaris.opengrok.history.JDBCHistoryCache">
      <SourceLine classname="org.opensolaris.opengrok.history.JDBCHistoryCache" start="41" end="476" sourcefile="JDBCHistoryCache.java" sourcepath="org/opensolaris/opengrok/history/JDBCHistoryCache.java"/>
    </Class>
    <Method classname="org.opensolaris.opengrok.history.JDBCHistoryCache" name="getAuthors" signature="(Ljava/sql/Connection;Lorg/opensolaris/opengrok/history/History;I)Ljava/util/Map;" isStatic="false">
      <SourceLine classname="org.opensolaris.opengrok.history.JDBCHistoryCache" start="372" end="411" startBytecode="0" endBytecode="464" sourcefile="JDBCHistoryCache.java" sourcepath="org/opensolaris/opengrok/history/JDBCHistoryCache.java"/>
    </Method>
    <Class classname="java.sql.ResultSet" role="CLASS_REFTYPE">
      <SourceLine classname="java.sql.ResultSet" start="4188" end="4289" sourcefile="ResultSet.java" sourcepath="java/sql/ResultSet.java"/>
    </Class>
    <Int value="1" role="INT_OBLIGATIONS_REMAINING"/>
    <SourceLine classname="org.opensolaris.opengrok.history.JDBCHistoryCache" start="383" end="383" startBytecode="86" endBytecode="86" sourcefile="JDBCHistoryCache.java" sourcepath="org/opensolaris/opengrok/history/JDBCHistoryCache.java" role="SOURCE_LINE_OBLIGATION_CREATED"/>
    <SourceLine classname="org.opensolaris.opengrok.history.JDBCHistoryCache" start="384" end="384" startBytecode="93" endBytecode="93" sourcefile="JDBCHistoryCache.java" sourcepath="org/opensolaris/opengrok/history/JDBCHistoryCache.java" role="SOURCE_LINE_PATH_CONTINUES"/>
    <String value="{Statement x 1,ResultSet x 1}" role="STRING_REMAINING_OBLIGATIONS"/>
  </BugInstance>
  <BugInstance type="OBL_UNSATISFIED_OBLIGATION_EXCEPTION_EDGE" priority="2" rank="20" abbrev="OBL" category="EXPERIMENTAL">
    <Class classname="org.opensolaris.opengrok.history.JDBCHistoryCache">
      <SourceLine classname="org.opensolaris.opengrok.history.JDBCHistoryCache" start="41" end="476" sourcefile="JDBCHistoryCache.java" sourcepath="org/opensolaris/opengrok/history/JDBCHistoryCache.java"/>
    </Class>
    <Method classname="org.opensolaris.opengrok.history.JDBCHistoryCache" name="getAuthors" signature="(Ljava/sql/Connection;Lorg/opensolaris/opengrok/history/History;I)Ljava/util/Map;" isStatic="false">
      <SourceLine classname="org.opensolaris.opengrok.history.JDBCHistoryCache" start="372" end="411" startBytecode="0" endBytecode="464" sourcefile="JDBCHistoryCache.java" sourcepath="org/opensolaris/opengrok/history/JDBCHistoryCache.java"/>
    </Method>
    <Class classname="java.sql.Statement" role="CLASS_REFTYPE">
      <SourceLine classname="java.sql.Statement" start="1092" end="1368" sourcefile="Statement.java" sourcepath="java/sql/Statement.java"/>
    </Class>
    <Int value="1" role="INT_OBLIGATIONS_REMAINING"/>
    <SourceLine classname="org.opensolaris.opengrok.history.JDBCHistoryCache" start="373" end="373" startBytecode="12" endBytecode="12" sourcefile="JDBCHistoryCache.java" sourcepath="org/opensolaris/opengrok/history/JDBCHistoryCache.java" role="SOURCE_LINE_OBLIGATION_CREATED"/>
    <SourceLine classname="org.opensolaris.opengrok.history.JDBCHistoryCache" start="375" end="375" startBytecode="19" endBytecode="19" sourcefile="JDBCHistoryCache.java" sourcepath="org/opensolaris/opengrok/history/JDBCHistoryCache.java" role="SOURCE_LINE_PATH_CONTINUES"/>
    <SourceLine classname="org.opensolaris.opengrok.history.JDBCHistoryCache" start="376" end="376" startBytecode="28" endBytecode="28" sourcefile="JDBCHistoryCache.java" sourcepath="org/opensolaris/opengrok/history/JDBCHistoryCache.java" role="SOURCE_LINE_PATH_CONTINUES"/>
    <SourceLine classname="org.opensolaris.opengrok.history.JDBCHistoryCache" start="378" end="378" startBytecode="31" endBytecode="31" sourcefile="JDBCHistoryCache.java" sourcepath="org/opensolaris/opengrok/history/JDBCHistoryCache.java" role="SOURCE_LINE_PATH_CONTINUES"/>
    <SourceLine classname="org.opensolaris.opengrok.history.JDBCHistoryCache" start="379" end="379" startBytecode="64" endBytecode="64" sourcefile="JDBCHistoryCache.java" sourcepath="org/opensolaris/opengrok/history/JDBCHistoryCache.java" role="SOURCE_LINE_PATH_CONTINUES"/>
    <SourceLine classname="org.opensolaris.opengrok.history.JDBCHistoryCache" start="380" end="380" startBytecode="71" endBytecode="71" sourcefile="JDBCHistoryCache.java" sourcepath="org/opensolaris/opengrok/history/JDBCHistoryCache.java" role="SOURCE_LINE_PATH_CONTINUES"/>
    <SourceLine classname="org.opensolaris.opengrok.history.JDBCHistoryCache" start="382" end="382" startBytecode="74" endBytecode="74" sourcefile="JDBCHistoryCache.java" sourcepath="org/opensolaris/opengrok/history/JDBCHistoryCache.java" role="SOURCE_LINE_PATH_CONTINUES"/>
    <SourceLine classname="org.opensolaris.opengrok.history.JDBCHistoryCache" start="383" end="383" startBytecode="84" endBytecode="84" sourcefile="JDBCHistoryCache.java" sourcepath="org/opensolaris/opengrok/history/JDBCHistoryCache.java" role="SOURCE_LINE_PATH_CONTINUES"/>
    <SourceLine classname="org.opensolaris.opengrok.history.JDBCHistoryCache" start="384" end="384" startBytecode="93" endBytecode="93" sourcefile="JDBCHistoryCache.java" sourcepath="org/opensolaris/opengrok/history/JDBCHistoryCache.java" role="SOURCE_LINE_PATH_CONTINUES"/>
    <String value="{Statement x 1,ResultSet x 1}" role="STRING_REMAINING_OBLIGATIONS"/>
  </BugInstance>
  <BugInstance type="OBL_UNSATISFIED_OBLIGATION_EXCEPTION_EDGE" priority="2" rank="20" abbrev="OBL" category="EXPERIMENTAL">
    <Class classname="org.opensolaris.opengrok.history.JDBCHistoryCache">
      <SourceLine classname="org.opensolaris.opengrok.history.JDBCHistoryCache" start="41" end="476" sourcefile="JDBCHistoryCache.java" sourcepath="org/opensolaris/opengrok/history/JDBCHistoryCache.java"/>
    </Class>
    <Method classname="org.opensolaris.opengrok.history.JDBCHistoryCache" name="initDB" signature="(Ljava/sql/Connection;)V" isStatic="true">
      <SourceLine classname="org.opensolaris.opengrok.history.JDBCHistoryCache" start="57" end="111" startBytecode="0" endBytecode="238" sourcefile="JDBCHistoryCache.java" sourcepath="org/opensolaris/opengrok/history/JDBCHistoryCache.java"/>
    </Method>
    <Class classname="java.sql.Statement" role="CLASS_REFTYPE">
      <SourceLine classname="java.sql.Statement" start="1092" end="1368" sourcefile="Statement.java" sourcepath="java/sql/Statement.java"/>
    </Class>
    <Int value="1" role="INT_OBLIGATIONS_REMAINING"/>
    <SourceLine classname="org.opensolaris.opengrok.history.JDBCHistoryCache" start="58" end="58" startBytecode="8" endBytecode="8" sourcefile="JDBCHistoryCache.java" sourcepath="org/opensolaris/opengrok/history/JDBCHistoryCache.java" role="SOURCE_LINE_OBLIGATION_CREATED"/>
    <SourceLine classname="org.opensolaris.opengrok.history.JDBCHistoryCache" start="59" end="59" startBytecode="14" endBytecode="14" sourcefile="JDBCHistoryCache.java" sourcepath="org/opensolaris/opengrok/history/JDBCHistoryCache.java" role="SOURCE_LINE_PATH_CONTINUES"/>
    <String value="{Statement x 1}" role="STRING_REMAINING_OBLIGATIONS"/>
  </BugInstance>
  <BugInstance type="OBL_UNSATISFIED_OBLIGATION_EXCEPTION_EDGE" priority="2" rank="20" abbrev="OBL" category="EXPERIMENTAL">
    <Class classname="org.opensolaris.opengrok.history.JDBCHistoryCache">
      <SourceLine classname="org.opensolaris.opengrok.history.JDBCHistoryCache" start="41" end="476" sourcefile="JDBCHistoryCache.java" sourcepath="org/opensolaris/opengrok/history/JDBCHistoryCache.java"/>
    </Class>
    <Method classname="org.opensolaris.opengrok.history.JDBCHistoryCache" name="storeEntry" signature="(IILorg/opensolaris/opengrok/history/HistoryEntry;Ljava/util/Map;Ljava/sql/PreparedStatement;Ljava/sql/PreparedStatement;Ljava/sql/PreparedStatement;)V" isStatic="false">
      <SourceLine classname="org.opensolaris.opengrok.history.JDBCHistoryCache" start="432" end="456" startBytecode="0" endBytecode="334" sourcefile="JDBCHistoryCache.java" sourcepath="org/opensolaris/opengrok/history/JDBCHistoryCache.java"/>
    </Method>
    <Class classname="java.sql.ResultSet" role="CLASS_REFTYPE">
      <SourceLine classname="java.sql.ResultSet" start="4188" end="4289" sourcefile="ResultSet.java" sourcepath="java/sql/ResultSet.java"/>
    </Class>
    <Int value="1" role="INT_OBLIGATIONS_REMAINING"/>
    <SourceLine classname="org.opensolaris.opengrok.history.JDBCHistoryCache" start="434" end="434" startBytecode="23" endBytecode="23" sourcefile="JDBCHistoryCache.java" sourcepath="org/opensolaris/opengrok/history/JDBCHistoryCache.java" role="SOURCE_LINE_OBLIGATION_CREATED"/>
    <SourceLine classname="org.opensolaris.opengrok.history.JDBCHistoryCache" start="435" end="435" startBytecode="30" endBytecode="30" sourcefile="JDBCHistoryCache.java" sourcepath="org/opensolaris/opengrok/history/JDBCHistoryCache.java" role="SOURCE_LINE_PATH_CONTINUES"/>
    <SourceLine classname="org.opensolaris.opengrok.history.JDBCHistoryCache" start="436" end="436" startBytecode="33" endBytecode="33" sourcefile="JDBCHistoryCache.java" sourcepath="org/opensolaris/opengrok/history/JDBCHistoryCache.java" role="SOURCE_LINE_PATH_CONTINUES"/>
    <String value="{ResultSet x 1}" role="STRING_REMAINING_OBLIGATIONS"/>
  </BugInstance>
  <Errors errors="0" missingClasses="6">
    <MissingClass>org.opensolaris.opengrok.history.History</MissingClass>
    <MissingClass>org.opensolaris.opengrok.history.HistoryCache</MissingClass>
    <MissingClass>org.opensolaris.opengrok.history.HistoryEntry</MissingClass>
    <MissingClass>org.opensolaris.opengrok.history.HistoryException</MissingClass>
    <MissingClass>org.opensolaris.opengrok.history.Repository</MissingClass>
    <MissingClass>org.opensolaris.opengrok.jdbc.ConnectionManager</MissingClass>
  </Errors>
  <FindBugsSummary timestamp="Sat, 28 Oct 2023 14:40:07 +0800" total_classes="1" referenced_classes="27" total_bugs="4" total_size="215" num_packages="1" java_version="1.8.0_382" vm_version="25.382-b05" cpu_seconds="8.77" clock_seconds="0.89" peak_mbytes="388.11" alloc_mbytes="1820.50" gc_seconds="0.04" priority_2="4">
    <PackageStats package="org.opensolaris.opengrok.history" total_bugs="4" total_types="1" total_size="215" priority_2="4">
      <ClassStats class="org.opensolaris.opengrok.history.JDBCHistoryCache" sourceFile="JDBCHistoryCache.java" interface="false" size="215" bugs="4" priority_2="4"/>
    </PackageStats>
    <FindBugsProfile>
      <ClassProfile name="edu.umd.cs.findbugs.classfile.engine.ClassInfoAnalysisEngine" totalMilliseconds="117" invocations="409" avgMicrosecondsPerInvocation="286" maxMicrosecondsPerInvocation="12029" standardDeviationMicrosecondsPerInvocation="754"/>
      <ClassProfile name="edu.umd.cs.findbugs.OpcodeStack$JumpInfoFactory" totalMilliseconds="64" invocations="115" avgMicrosecondsPerInvocation="559" maxMicrosecondsPerInvocation="40709" standardDeviationMicrosecondsPerInvocation="3770"/>
      <ClassProfile name="edu.umd.cs.findbugs.classfile.engine.bcel.TypeDataflowFactory" totalMilliseconds="32" invocations="19" avgMicrosecondsPerInvocation="1686" maxMicrosecondsPerInvocation="4746" standardDeviationMicrosecondsPerInvocation="1464"/>
      <ClassProfile name="edu.umd.cs.findbugs.classfile.engine.bcel.ValueNumberDataflowFactory" totalMilliseconds="29" invocations="19" avgMicrosecondsPerInvocation="1568" maxMicrosecondsPerInvocation="6446" standardDeviationMicrosecondsPerInvocation="1728"/>
      <ClassProfile name="edu.umd.cs.findbugs.detect.FieldItemSummary" totalMilliseconds="26" invocations="27" avgMicrosecondsPerInvocation="966" maxMicrosecondsPerInvocation="6420" standardDeviationMicrosecondsPerInvocation="1392"/>
      <ClassProfile name="edu.umd.cs.findbugs.classfile.engine.bcel.IsNullValueDataflowFactory" totalMilliseconds="24" invocations="14" avgMicrosecondsPerInvocation="1771" maxMicrosecondsPerInvocation="5739" standardDeviationMicrosecondsPerInvocation="2019"/>
      <ClassProfile name="edu.umd.cs.findbugs.detect.FindNoSideEffectMethods" totalMilliseconds="19" invocations="27" avgMicrosecondsPerInvocation="735" maxMicrosecondsPerInvocation="3221" standardDeviationMicrosecondsPerInvocation="823"/>
      <ClassProfile name="edu.umd.cs.findbugs.classfile.engine.bcel.UnconditionalValueDerefDataflowFactory" totalMilliseconds="19" invocations="14" avgMicrosecondsPerInvocation="1417" maxMicrosecondsPerInvocation="4865" standardDeviationMicrosecondsPerInvocation="1564"/>
      <ClassProfile name="edu.umd.cs.findbugs.classfile.engine.bcel.MethodGenFactory" totalMilliseconds="19" invocations="14" avgMicrosecondsPerInvocation="1408" maxMicrosecondsPerInvocation="16187" standardDeviationMicrosecondsPerInvocation="4105"/>
      <ClassProfile name="edu.umd.cs.findbugs.classfile.engine.bcel.JavaClassAnalysisEngine" totalMilliseconds="17" invocations="56" avgMicrosecondsPerInvocation="309" maxMicrosecondsPerInvocation="8591" standardDeviationMicrosecondsPerInvocation="1152"/>
      <ClassProfile name="edu.umd.cs.findbugs.classfile.engine.bcel.CFGFactory" totalMilliseconds="16" invocations="14" avgMicrosecondsPerInvocation="1176" maxMicrosecondsPerInvocation="6719" standardDeviationMicrosecondsPerInvocation="1604"/>
      <ClassProfile name="edu.umd.cs.findbugs.util.TopologicalSort" totalMilliseconds="15" invocations="370" avgMicrosecondsPerInvocation="41" maxMicrosecondsPerInvocation="812" standardDeviationMicrosecondsPerInvocation="80"/>
      <ClassProfile name="edu.umd.cs.findbugs.ba.npe.NullDerefAndRedundantComparisonFinder" totalMilliseconds="15" invocations="14" avgMicrosecondsPerInvocation="1075" maxMicrosecondsPerInvocation="5208" standardDeviationMicrosecondsPerInvocation="1280"/>
      <ClassProfile name="edu.umd.cs.findbugs.detect.NoteDirectlyRelevantTypeQualifiers" totalMilliseconds="11" invocations="27" avgMicrosecondsPerInvocation="422" maxMicrosecondsPerInvocation="4609" standardDeviationMicrosecondsPerInvocation="868"/>
      <ClassProfile name="edu.umd.cs.findbugs.detect.StreamResourceTracker" totalMilliseconds="11" invocations="15" avgMicrosecondsPerInvocation="745" maxMicrosecondsPerInvocation="1363" standardDeviationMicrosecondsPerInvocation="336"/>
    </FindBugsProfile>
  </FindBugsSummary>
  <ClassFeatures></ClassFeatures>
  <History></History>
</BugCollection>
