<?xml version="1.0" encoding="UTF-8"?>

<BugCollection version="4.7.3" sequence="0" timestamp="1698475249962" analysisTimestamp="1698520691793" release="">
  <Project projectName="">
    <Jar>/mnt/disk3/lty/JLeaks/data/classfile/bug-1075-e2580c6939abb09f730ca5b3c75290375234678ece356f88eadc1d25c50e9e23.class</Jar>
  </Project>
  <Errors errors="0" missingClasses="6">
    <MissingClass>org.apache.log4j.Logger</MissingClass>
    <MissingClass>org.takes.facets.fallback.FbLog4j$1</MissingClass>
    <MissingClass>org.takes.facets.fallback.FbWrap</MissingClass>
    <MissingClass>org.takes.facets.fallback.RqFallback</MissingClass>
    <MissingClass>org.takes.rq.RqHref$Base</MissingClass>
    <MissingClass>org.takes.rq.RqMethod$Base</MissingClass>
  </Errors>
  <FindBugsSummary timestamp="Sat, 28 Oct 2023 14:40:49 +0800" total_classes="1" referenced_classes="12" total_bugs="0" total_size="24" num_packages="1" java_version="1.8.0_382" vm_version="25.382-b05" cpu_seconds="4.84" clock_seconds="0.63" peak_mbytes="412.26" alloc_mbytes="1820.50" gc_seconds="0.04">
    <PackageStats package="org.takes.facets.fallback" total_bugs="0" total_types="1" total_size="24">
      <ClassStats class="org.takes.facets.fallback.FbLog4j" sourceFile="FbLog4j.java" interface="false" size="24" bugs="0"/>
    </PackageStats>
    <FindBugsProfile>
      <ClassProfile name="edu.umd.cs.findbugs.classfile.engine.ClassInfoAnalysisEngine" totalMilliseconds="105" invocations="348" avgMicrosecondsPerInvocation="303" maxMicrosecondsPerInvocation="10495" standardDeviationMicrosecondsPerInvocation="790"/>
      <ClassProfile name="edu.umd.cs.findbugs.detect.FindBugsSummaryStats" totalMilliseconds="42" invocations="12" avgMicrosecondsPerInvocation="3564" maxMicrosecondsPerInvocation="42649" standardDeviationMicrosecondsPerInvocation="11784"/>
      <ClassProfile name="edu.umd.cs.findbugs.detect.FieldItemSummary" totalMilliseconds="20" invocations="12" avgMicrosecondsPerInvocation="1667" maxMicrosecondsPerInvocation="6407" standardDeviationMicrosecondsPerInvocation="1863"/>
      <ClassProfile name="edu.umd.cs.findbugs.classfile.engine.bcel.MethodGenFactory" totalMilliseconds="18" invocations="6" avgMicrosecondsPerInvocation="3029" maxMicrosecondsPerInvocation="17063" standardDeviationMicrosecondsPerInvocation="6278"/>
      <ClassProfile name="edu.umd.cs.findbugs.detect.FindNoSideEffectMethods" totalMilliseconds="15" invocations="12" avgMicrosecondsPerInvocation="1332" maxMicrosecondsPerInvocation="4186" standardDeviationMicrosecondsPerInvocation="1409"/>
      <ClassProfile name="edu.umd.cs.findbugs.OpcodeStack$JumpInfoFactory" totalMilliseconds="15" invocations="69" avgMicrosecondsPerInvocation="231" maxMicrosecondsPerInvocation="2182" standardDeviationMicrosecondsPerInvocation="314"/>
      <ClassProfile name="edu.umd.cs.findbugs.classfile.engine.bcel.JavaClassAnalysisEngine" totalMilliseconds="14" invocations="39" avgMicrosecondsPerInvocation="382" maxMicrosecondsPerInvocation="8439" standardDeviationMicrosecondsPerInvocation="1348"/>
      <ClassProfile name="edu.umd.cs.findbugs.util.TopologicalSort" totalMilliseconds="14" invocations="305" avgMicrosecondsPerInvocation="47" maxMicrosecondsPerInvocation="1255" standardDeviationMicrosecondsPerInvocation="107"/>
      <ClassProfile name="edu.umd.cs.findbugs.classfile.engine.bcel.CFGFactory" totalMilliseconds="12" invocations="6" avgMicrosecondsPerInvocation="2012" maxMicrosecondsPerInvocation="9161" standardDeviationMicrosecondsPerInvocation="3265"/>
    </FindBugsProfile>
  </FindBugsSummary>
  <ClassFeatures></ClassFeatures>
  <History></History>
</BugCollection>
