<?xml version="1.0" encoding="UTF-8"?>

<BugCollection version="4.7.3" sequence="0" timestamp="1698475115451" analysisTimestamp="1698508179912" release="">
  <Project projectName="">
    <Jar>/mnt/disk3/lty/JLeaks/data/classfile/bug-55-7db66d8a4a5a1d0fc0baf1e116c57885f786ee095ef9059ce7265fbdf757ff95.class</Jar>
  </Project>
  <BugInstance type="OS_OPEN_STREAM_EXCEPTION_PATH" priority="3" rank="19" abbrev="OS" category="BAD_PRACTICE">
    <Class classname="org.apache.beam.runners.apex.ApexYarnLauncher">
      <SourceLine classname="org.apache.beam.runners.apex.ApexYarnLauncher" start="81" end="384" sourcefile="ApexYarnLauncher.java" sourcepath="org/apache/beam/runners/apex/ApexYarnLauncher.java"/>
    </Class>
    <Method classname="org.apache.beam.runners.apex.ApexYarnLauncher" name="createJar" signature="(Ljava/io/File;Ljava/io/File;)V" isStatic="true">
      <SourceLine classname="org.apache.beam.runners.apex.ApexYarnLauncher" start="236" end="294" startBytecode="0" endBytecode="126" sourcefile="ApexYarnLauncher.java" sourcepath="org/apache/beam/runners/apex/ApexYarnLauncher.java"/>
    </Method>
    <Type descriptor="Ljava/io/OutputStream;" role="TYPE_CLOSEIT">
      <SourceLine classname="java.io.OutputStream" start="46" end="152" sourcefile="OutputStream.java" sourcepath="java/io/OutputStream.java"/>
    </Type>
    <SourceLine classname="org.apache.beam.runners.apex.ApexYarnLauncher" start="245" end="245" startBytecode="131" endBytecode="131" sourcefile="ApexYarnLauncher.java" sourcepath="org/apache/beam/runners/apex/ApexYarnLauncher.java"/>
  </BugInstance>
  <BugInstance type="OS_OPEN_STREAM_EXCEPTION_PATH" priority="3" rank="19" abbrev="OS" category="BAD_PRACTICE">
    <Class classname="org.apache.beam.runners.apex.ApexYarnLauncher">
      <SourceLine classname="org.apache.beam.runners.apex.ApexYarnLauncher" start="81" end="384" sourcefile="ApexYarnLauncher.java" sourcepath="org/apache/beam/runners/apex/ApexYarnLauncher.java"/>
    </Class>
    <Method classname="org.apache.beam.runners.apex.ApexYarnLauncher" name="getYarnDeployDependencies" signature="()Ljava/util/List;" isStatic="true">
      <SourceLine classname="org.apache.beam.runners.apex.ApexYarnLauncher" start="176" end="225" startBytecode="0" endBytecode="185" sourcefile="ApexYarnLauncher.java" sourcepath="org/apache/beam/runners/apex/ApexYarnLauncher.java"/>
    </Method>
    <Type descriptor="Ljava/io/Reader;" role="TYPE_CLOSEIT">
      <SourceLine classname="java.io.Reader" start="66" end="249" sourcefile="Reader.java" sourcepath="java/io/Reader.java"/>
    </Type>
    <SourceLine classname="org.apache.beam.runners.apex.ApexYarnLauncher" start="177" end="177" startBytecode="8" endBytecode="8" sourcefile="ApexYarnLauncher.java" sourcepath="org/apache/beam/runners/apex/ApexYarnLauncher.java"/>
  </BugInstance>
  <Errors errors="0" missingClasses="21">
    <MissingClass>com.datatorrent.api.Attribute$AttributeMap</MissingClass>
    <MissingClass>com.datatorrent.api.Attribute$AttributeMap$DefaultAttributeMap</MissingClass>
    <MissingClass>com.datatorrent.api.DAG</MissingClass>
    <MissingClass>com.datatorrent.api.StreamingApplication</MissingClass>
    <MissingClass>com.google.common.base.Preconditions</MissingClass>
    <MissingClass>com.google.common.collect.Sets</MissingClass>
    <MissingClass>org.apache.apex.api.EmbeddedAppLauncher</MissingClass>
    <MissingClass>org.apache.apex.api.Launcher</MissingClass>
    <MissingClass>org.apache.apex.api.Launcher$LaunchMode</MissingClass>
    <MissingClass>org.apache.apex.api.YarnAppLauncher</MissingClass>
    <MissingClass>org.apache.beam.runners.apex.ApexYarnLauncher$1</MissingClass>
    <MissingClass>org.apache.beam.runners.apex.ApexYarnLauncher$2</MissingClass>
    <MissingClass>org.apache.beam.runners.apex.ApexYarnLauncher$3</MissingClass>
    <MissingClass>org.apache.beam.runners.apex.ApexYarnLauncher$LaunchParams</MissingClass>
    <MissingClass>org.apache.beam.runners.apex.ApexYarnLauncher$ProcessWatcher</MissingClass>
    <MissingClass>org.apache.commons.io.FileUtils</MissingClass>
    <MissingClass>org.apache.commons.io.IOUtils</MissingClass>
    <MissingClass>org.apache.commons.lang3.SerializationUtils</MissingClass>
    <MissingClass>org.apache.hadoop.conf.Configuration</MissingClass>
    <MissingClass>org.slf4j.Logger</MissingClass>
    <MissingClass>org.slf4j.LoggerFactory</MissingClass>
  </Errors>
  <FindBugsSummary timestamp="Sat, 28 Oct 2023 14:38:35 +0800" total_classes="1" referenced_classes="53" total_bugs="2" total_size="145" num_packages="1" java_version="1.8.0_382" vm_version="25.382-b05" cpu_seconds="9.16" clock_seconds="1.01" peak_mbytes="420.62" alloc_mbytes="1820.50" gc_seconds="0.04" priority_3="2">
    <PackageStats package="org.apache.beam.runners.apex" total_bugs="2" total_types="1" total_size="145" priority_3="2">
      <ClassStats class="org.apache.beam.runners.apex.ApexYarnLauncher" sourceFile="ApexYarnLauncher.java" interface="false" size="145" bugs="2" priority_3="2"/>
    </PackageStats>
    <FindBugsProfile>
      <ClassProfile name="edu.umd.cs.findbugs.classfile.engine.ClassInfoAnalysisEngine" totalMilliseconds="135" invocations="627" avgMicrosecondsPerInvocation="216" maxMicrosecondsPerInvocation="12458" standardDeviationMicrosecondsPerInvocation="630"/>
      <ClassProfile name="edu.umd.cs.findbugs.OpcodeStack$JumpInfoFactory" totalMilliseconds="83" invocations="217" avgMicrosecondsPerInvocation="385" maxMicrosecondsPerInvocation="44667" standardDeviationMicrosecondsPerInvocation="3020"/>
      <ClassProfile name="edu.umd.cs.findbugs.detect.FieldItemSummary" totalMilliseconds="46" invocations="53" avgMicrosecondsPerInvocation="868" maxMicrosecondsPerInvocation="6935" standardDeviationMicrosecondsPerInvocation="1215"/>
      <ClassProfile name="edu.umd.cs.findbugs.detect.FindNoSideEffectMethods" totalMilliseconds="39" invocations="53" avgMicrosecondsPerInvocation="747" maxMicrosecondsPerInvocation="2968" standardDeviationMicrosecondsPerInvocation="914"/>
      <ClassProfile name="edu.umd.cs.findbugs.classfile.engine.bcel.IsNullValueDataflowFactory" totalMilliseconds="29" invocations="11" avgMicrosecondsPerInvocation="2691" maxMicrosecondsPerInvocation="11462" standardDeviationMicrosecondsPerInvocation="3240"/>
      <ClassProfile name="edu.umd.cs.findbugs.classfile.engine.bcel.TypeDataflowFactory" totalMilliseconds="23" invocations="12" avgMicrosecondsPerInvocation="1992" maxMicrosecondsPerInvocation="7353" standardDeviationMicrosecondsPerInvocation="2195"/>
      <ClassProfile name="edu.umd.cs.findbugs.classfile.engine.bcel.JavaClassAnalysisEngine" totalMilliseconds="23" invocations="108" avgMicrosecondsPerInvocation="219" maxMicrosecondsPerInvocation="8794" standardDeviationMicrosecondsPerInvocation="866"/>
      <ClassProfile name="edu.umd.cs.findbugs.classfile.engine.bcel.ValueNumberDataflowFactory" totalMilliseconds="22" invocations="12" avgMicrosecondsPerInvocation="1887" maxMicrosecondsPerInvocation="8293" standardDeviationMicrosecondsPerInvocation="2589"/>
      <ClassProfile name="edu.umd.cs.findbugs.classfile.engine.bcel.MethodGenFactory" totalMilliseconds="20" invocations="11" avgMicrosecondsPerInvocation="1860" maxMicrosecondsPerInvocation="17460" standardDeviationMicrosecondsPerInvocation="4943"/>
      <ClassProfile name="edu.umd.cs.findbugs.classfile.engine.bcel.UnconditionalValueDerefDataflowFactory" totalMilliseconds="19" invocations="11" avgMicrosecondsPerInvocation="1761" maxMicrosecondsPerInvocation="4376" standardDeviationMicrosecondsPerInvocation="1675"/>
      <ClassProfile name="edu.umd.cs.findbugs.detect.NoteDirectlyRelevantTypeQualifiers" totalMilliseconds="18" invocations="53" avgMicrosecondsPerInvocation="345" maxMicrosecondsPerInvocation="4921" standardDeviationMicrosecondsPerInvocation="697"/>
      <ClassProfile name="edu.umd.cs.findbugs.util.TopologicalSort" totalMilliseconds="17" invocations="570" avgMicrosecondsPerInvocation="30" maxMicrosecondsPerInvocation="670" standardDeviationMicrosecondsPerInvocation="60"/>
      <ClassProfile name="edu.umd.cs.findbugs.classfile.engine.bcel.CFGFactory" totalMilliseconds="16" invocations="11" avgMicrosecondsPerInvocation="1517" maxMicrosecondsPerInvocation="6684" standardDeviationMicrosecondsPerInvocation="1965"/>
      <ClassProfile name="edu.umd.cs.findbugs.detect.FindOpenStream" totalMilliseconds="16" invocations="1" avgMicrosecondsPerInvocation="16617" maxMicrosecondsPerInvocation="16617" standardDeviationMicrosecondsPerInvocation="0"/>
      <ClassProfile name="edu.umd.cs.findbugs.classfile.engine.ClassDataAnalysisEngine" totalMilliseconds="13" invocations="633" avgMicrosecondsPerInvocation="21" maxMicrosecondsPerInvocation="427" standardDeviationMicrosecondsPerInvocation="26"/>
      <ClassProfile name="edu.umd.cs.findbugs.detect.OverridingEqualsNotSymmetrical" totalMilliseconds="13" invocations="53" avgMicrosecondsPerInvocation="256" maxMicrosecondsPerInvocation="6362" standardDeviationMicrosecondsPerInvocation="859"/>
      <ClassProfile name="edu.umd.cs.findbugs.detect.FunctionsThatMightBeMistakenForProcedures" totalMilliseconds="13" invocations="53" avgMicrosecondsPerInvocation="251" maxMicrosecondsPerInvocation="3523" standardDeviationMicrosecondsPerInvocation="534"/>
      <ClassProfile name="edu.umd.cs.findbugs.detect.CalledMethods" totalMilliseconds="12" invocations="53" avgMicrosecondsPerInvocation="229" maxMicrosecondsPerInvocation="2158" standardDeviationMicrosecondsPerInvocation="342"/>
      <ClassProfile name="edu.umd.cs.findbugs.detect.BuildObligationPolicyDatabase" totalMilliseconds="12" invocations="53" avgMicrosecondsPerInvocation="226" maxMicrosecondsPerInvocation="1113" standardDeviationMicrosecondsPerInvocation="267"/>
    </FindBugsProfile>
  </FindBugsSummary>
  <ClassFeatures></ClassFeatures>
  <History></History>
</BugCollection>
