<?xml version="1.0" encoding="UTF-8"?>

<BugCollection version="4.7.3" sequence="0" timestamp="1698475173529" analysisTimestamp="1698512965387" release="">
  <Project projectName="">
    <Jar>/mnt/disk3/lty/JLeaks/data/classfile/bug-545-7bc848b03add7335ffc0c950de67184c4150aa899d7bda63dbf0f062fe1003b7.class</Jar>
  </Project>
  <Errors errors="0" missingClasses="29">
    <MissingClass>com.j256.ormlite.dao.Dao</MissingClass>
    <MissingClass>com.j256.ormlite.db.DatabaseType</MissingClass>
    <MissingClass>com.j256.ormlite.field.SqlType</MissingClass>
    <MissingClass>com.j256.ormlite.logger.Logger</MissingClass>
    <MissingClass>com.j256.ormlite.logger.LoggerFactory</MissingClass>
    <MissingClass>com.j256.ormlite.misc.TransactionManager</MissingClass>
    <MissingClass>com.j256.ormlite.stmt.GenericRowMapper</MissingClass>
    <MissingClass>com.j256.ormlite.stmt.PreparedDelete</MissingClass>
    <MissingClass>com.j256.ormlite.stmt.PreparedStmt</MissingClass>
    <MissingClass>com.j256.ormlite.stmt.PreparedUpdate</MissingClass>
    <MissingClass>com.j256.ormlite.stmt.QueryBuilder</MissingClass>
    <MissingClass>com.j256.ormlite.stmt.RawResultsImpl</MissingClass>
    <MissingClass>com.j256.ormlite.stmt.SelectIterator</MissingClass>
    <MissingClass>com.j256.ormlite.stmt.StatementBuilder$StatementType</MissingClass>
    <MissingClass>com.j256.ormlite.stmt.StatementExecutor$ObjectArrayRowMapper</MissingClass>
    <MissingClass>com.j256.ormlite.stmt.StatementExecutor$RawResultsWrapper</MissingClass>
    <MissingClass>com.j256.ormlite.stmt.StatementExecutor$UserObjectRowMapper</MissingClass>
    <MissingClass>com.j256.ormlite.stmt.mapped.MappedCreate</MissingClass>
    <MissingClass>com.j256.ormlite.stmt.mapped.MappedDelete</MissingClass>
    <MissingClass>com.j256.ormlite.stmt.mapped.MappedDeleteCollection</MissingClass>
    <MissingClass>com.j256.ormlite.stmt.mapped.MappedQueryForId</MissingClass>
    <MissingClass>com.j256.ormlite.stmt.mapped.MappedRefresh</MissingClass>
    <MissingClass>com.j256.ormlite.stmt.mapped.MappedUpdate</MissingClass>
    <MissingClass>com.j256.ormlite.stmt.mapped.MappedUpdateId</MissingClass>
    <MissingClass>com.j256.ormlite.support.CompiledStatement</MissingClass>
    <MissingClass>com.j256.ormlite.support.ConnectionSource</MissingClass>
    <MissingClass>com.j256.ormlite.support.DatabaseConnection</MissingClass>
    <MissingClass>com.j256.ormlite.support.DatabaseResults</MissingClass>
    <MissingClass>com.j256.ormlite.table.TableInfo</MissingClass>
  </Errors>
  <FindBugsSummary timestamp="Sat, 28 Oct 2023 14:39:33 +0800" total_classes="1" referenced_classes="17" total_bugs="0" total_size="232" num_packages="1" java_version="1.8.0_382" vm_version="25.382-b05" cpu_seconds="7.32" clock_seconds="0.81" peak_mbytes="395.94" alloc_mbytes="1820.50" gc_seconds="0.04">
    <PackageStats package="com.j256.ormlite.stmt" total_bugs="0" total_types="1" total_size="232">
      <ClassStats class="com.j256.ormlite.stmt.StatementExecutor" sourceFile="StatementExecutor.java" interface="false" size="232" bugs="0"/>
    </PackageStats>
    <FindBugsProfile>
      <ClassProfile name="edu.umd.cs.findbugs.classfile.engine.ClassInfoAnalysisEngine" totalMilliseconds="110" invocations="378" avgMicrosecondsPerInvocation="291" maxMicrosecondsPerInvocation="15547" standardDeviationMicrosecondsPerInvocation="928"/>
      <ClassProfile name="edu.umd.cs.findbugs.OpcodeStack$JumpInfoFactory" totalMilliseconds="59" invocations="112" avgMicrosecondsPerInvocation="530" maxMicrosecondsPerInvocation="39354" standardDeviationMicrosecondsPerInvocation="3692"/>
      <ClassProfile name="edu.umd.cs.findbugs.classfile.engine.bcel.IsNullValueDataflowFactory" totalMilliseconds="24" invocations="31" avgMicrosecondsPerInvocation="799" maxMicrosecondsPerInvocation="5352" standardDeviationMicrosecondsPerInvocation="970"/>
      <ClassProfile name="edu.umd.cs.findbugs.detect.FieldItemSummary" totalMilliseconds="24" invocations="17" avgMicrosecondsPerInvocation="1429" maxMicrosecondsPerInvocation="6143" standardDeviationMicrosecondsPerInvocation="1671"/>
      <ClassProfile name="edu.umd.cs.findbugs.classfile.engine.bcel.ValueNumberDataflowFactory" totalMilliseconds="22" invocations="31" avgMicrosecondsPerInvocation="710" maxMicrosecondsPerInvocation="7184" standardDeviationMicrosecondsPerInvocation="1274"/>
      <ClassProfile name="edu.umd.cs.findbugs.classfile.engine.bcel.TypeDataflowFactory" totalMilliseconds="21" invocations="31" avgMicrosecondsPerInvocation="698" maxMicrosecondsPerInvocation="5691" standardDeviationMicrosecondsPerInvocation="1048"/>
      <ClassProfile name="edu.umd.cs.findbugs.classfile.engine.bcel.MethodGenFactory" totalMilliseconds="21" invocations="31" avgMicrosecondsPerInvocation="684" maxMicrosecondsPerInvocation="17479" standardDeviationMicrosecondsPerInvocation="3068"/>
      <ClassProfile name="edu.umd.cs.findbugs.classfile.engine.bcel.CFGFactory" totalMilliseconds="17" invocations="31" avgMicrosecondsPerInvocation="571" maxMicrosecondsPerInvocation="7712" standardDeviationMicrosecondsPerInvocation="1335"/>
      <ClassProfile name="edu.umd.cs.findbugs.classfile.engine.bcel.UnconditionalValueDerefDataflowFactory" totalMilliseconds="17" invocations="31" avgMicrosecondsPerInvocation="551" maxMicrosecondsPerInvocation="2577" standardDeviationMicrosecondsPerInvocation="550"/>
      <ClassProfile name="edu.umd.cs.findbugs.ba.npe.NullDerefAndRedundantComparisonFinder" totalMilliseconds="16" invocations="30" avgMicrosecondsPerInvocation="545" maxMicrosecondsPerInvocation="1176" standardDeviationMicrosecondsPerInvocation="367"/>
      <ClassProfile name="edu.umd.cs.findbugs.detect.FindNoSideEffectMethods" totalMilliseconds="15" invocations="17" avgMicrosecondsPerInvocation="893" maxMicrosecondsPerInvocation="3355" standardDeviationMicrosecondsPerInvocation="1017"/>
      <ClassProfile name="edu.umd.cs.findbugs.classfile.engine.bcel.JavaClassAnalysisEngine" totalMilliseconds="14" invocations="50" avgMicrosecondsPerInvocation="296" maxMicrosecondsPerInvocation="8403" standardDeviationMicrosecondsPerInvocation="1193"/>
      <ClassProfile name="edu.umd.cs.findbugs.util.TopologicalSort" totalMilliseconds="13" invocations="308" avgMicrosecondsPerInvocation="45" maxMicrosecondsPerInvocation="826" standardDeviationMicrosecondsPerInvocation="87"/>
    </FindBugsProfile>
  </FindBugsSummary>
  <ClassFeatures></ClassFeatures>
  <History></History>
</BugCollection>
