<?xml version="1.0" encoding="UTF-8"?>

<BugCollection version="4.7.3" sequence="0" timestamp="1698475181188" analysisTimestamp="1698513079574" release="">
  <Project projectName="">
    <Jar>/mnt/disk3/lty/JLeaks/data/classfile/bug-603-791870ae0588bda6e213afdc4c15a37970a5ddd946f0029f5c071f2bf3fba062.class</Jar>
  </Project>
  <Errors errors="0" missingClasses="26">
    <MissingClass>com.google.common.base.Strings</MissingClass>
    <MissingClass>com.google.common.collect.ImmutableMap</MissingClass>
    <MissingClass>hudson.Util</MissingClass>
    <MissingClass>hudson.model.Label</MissingClass>
    <MissingClass>hudson.slaves.Cloud</MissingClass>
    <MissingClass>io.fabric8.kubernetes.api.model.Pod</MissingClass>
    <MissingClass>io.fabric8.kubernetes.api.model.PodList</MissingClass>
    <MissingClass>io.fabric8.kubernetes.api.model.PodStatus</MissingClass>
    <MissingClass>io.fabric8.kubernetes.client.KubernetesClient</MissingClass>
    <MissingClass>io.fabric8.kubernetes.client.KubernetesClientException</MissingClass>
    <MissingClass>io.fabric8.kubernetes.client.dsl.FilterWatchListDeletable</MissingClass>
    <MissingClass>io.fabric8.kubernetes.client.dsl.MixedOperation</MissingClass>
    <MissingClass>io.fabric8.kubernetes.client.dsl.NonNamespaceOperation</MissingClass>
    <MissingClass>jenkins.model.JenkinsLocationConfiguration</MissingClass>
    <MissingClass>org.apache.commons.codec.binary.Base64</MissingClass>
    <MissingClass>org.apache.commons.lang.StringUtils</MissingClass>
    <MissingClass>org.csanchez.jenkins.plugins.kubernetes.InProvisioning</MissingClass>
    <MissingClass>org.csanchez.jenkins.plugins.kubernetes.KubernetesClientProvider</MissingClass>
    <MissingClass>org.csanchez.jenkins.plugins.kubernetes.PlannedNodeBuilder</MissingClass>
    <MissingClass>org.csanchez.jenkins.plugins.kubernetes.PlannedNodeBuilderFactory</MissingClass>
    <MissingClass>org.csanchez.jenkins.plugins.kubernetes.PodTemplate</MissingClass>
    <MissingClass>org.csanchez.jenkins.plugins.kubernetes.PodTemplateFilter</MissingClass>
    <MissingClass>org.csanchez.jenkins.plugins.kubernetes.PodTemplateSource</MissingClass>
    <MissingClass>org.csanchez.jenkins.plugins.kubernetes.PodTemplateUtils</MissingClass>
    <MissingClass>org.csanchez.jenkins.plugins.kubernetes.pipeline.PodTemplateMap</MissingClass>
    <MissingClass>org.csanchez.jenkins.plugins.kubernetes.pod.retention.PodRetention</MissingClass>
  </Errors>
  <FindBugsSummary timestamp="Sat, 28 Oct 2023 14:39:41 +0800" total_classes="1" referenced_classes="46" total_bugs="0" total_size="292" num_packages="1" java_version="1.8.0_382" vm_version="25.382-b05" cpu_seconds="9.85" clock_seconds="1.01" peak_mbytes="410.06" alloc_mbytes="1820.50" gc_seconds="0.04">
    <PackageStats package="org.csanchez.jenkins.plugins.kubernetes" total_bugs="0" total_types="1" total_size="292">
      <ClassStats class="org.csanchez.jenkins.plugins.kubernetes.KubernetesCloud" sourceFile="KubernetesCloud.java" interface="false" size="292" bugs="0"/>
    </PackageStats>
    <FindBugsProfile>
      <ClassProfile name="edu.umd.cs.findbugs.classfile.engine.ClassInfoAnalysisEngine" totalMilliseconds="132" invocations="581" avgMicrosecondsPerInvocation="227" maxMicrosecondsPerInvocation="15486" standardDeviationMicrosecondsPerInvocation="750"/>
      <ClassProfile name="edu.umd.cs.findbugs.detect.FieldItemSummary" totalMilliseconds="40" invocations="46" avgMicrosecondsPerInvocation="887" maxMicrosecondsPerInvocation="6123" standardDeviationMicrosecondsPerInvocation="1227"/>
      <ClassProfile name="edu.umd.cs.findbugs.classfile.engine.bcel.TypeDataflowFactory" totalMilliseconds="33" invocations="65" avgMicrosecondsPerInvocation="512" maxMicrosecondsPerInvocation="9243" standardDeviationMicrosecondsPerInvocation="1462"/>
      <ClassProfile name="edu.umd.cs.findbugs.OpcodeStack$JumpInfoFactory" totalMilliseconds="31" invocations="206" avgMicrosecondsPerInvocation="151" maxMicrosecondsPerInvocation="1808" standardDeviationMicrosecondsPerInvocation="217"/>
      <ClassProfile name="edu.umd.cs.findbugs.detect.FindNoSideEffectMethods" totalMilliseconds="31" invocations="46" avgMicrosecondsPerInvocation="674" maxMicrosecondsPerInvocation="2819" standardDeviationMicrosecondsPerInvocation="809"/>
      <ClassProfile name="edu.umd.cs.findbugs.classfile.engine.bcel.ValueNumberDataflowFactory" totalMilliseconds="27" invocations="65" avgMicrosecondsPerInvocation="430" maxMicrosecondsPerInvocation="6753" standardDeviationMicrosecondsPerInvocation="1170"/>
      <ClassProfile name="edu.umd.cs.findbugs.classfile.engine.bcel.IsNullValueDataflowFactory" totalMilliseconds="27" invocations="64" avgMicrosecondsPerInvocation="424" maxMicrosecondsPerInvocation="6846" standardDeviationMicrosecondsPerInvocation="1025"/>
      <ClassProfile name="edu.umd.cs.findbugs.classfile.engine.bcel.MethodGenFactory" totalMilliseconds="23" invocations="64" avgMicrosecondsPerInvocation="371" maxMicrosecondsPerInvocation="17969" standardDeviationMicrosecondsPerInvocation="2227"/>
      <ClassProfile name="edu.umd.cs.findbugs.classfile.engine.bcel.JavaClassAnalysisEngine" totalMilliseconds="23" invocations="109" avgMicrosecondsPerInvocation="212" maxMicrosecondsPerInvocation="8635" standardDeviationMicrosecondsPerInvocation="862"/>
      <ClassProfile name="edu.umd.cs.findbugs.classfile.engine.bcel.CFGFactory" totalMilliseconds="20" invocations="64" avgMicrosecondsPerInvocation="325" maxMicrosecondsPerInvocation="7618" standardDeviationMicrosecondsPerInvocation="1013"/>
      <ClassProfile name="edu.umd.cs.findbugs.util.TopologicalSort" totalMilliseconds="16" invocations="510" avgMicrosecondsPerInvocation="33" maxMicrosecondsPerInvocation="1024" standardDeviationMicrosecondsPerInvocation="71"/>
      <ClassProfile name="edu.umd.cs.findbugs.classfile.engine.bcel.UnconditionalValueDerefDataflowFactory" totalMilliseconds="16" invocations="64" avgMicrosecondsPerInvocation="263" maxMicrosecondsPerInvocation="3684" standardDeviationMicrosecondsPerInvocation="589"/>
      <ClassProfile name="edu.umd.cs.findbugs.detect.NoteDirectlyRelevantTypeQualifiers" totalMilliseconds="16" invocations="46" avgMicrosecondsPerInvocation="362" maxMicrosecondsPerInvocation="4515" standardDeviationMicrosecondsPerInvocation="711"/>
      <ClassProfile name="edu.umd.cs.findbugs.ba.npe.NullDerefAndRedundantComparisonFinder" totalMilliseconds="14" invocations="64" avgMicrosecondsPerInvocation="230" maxMicrosecondsPerInvocation="2878" standardDeviationMicrosecondsPerInvocation="479"/>
      <ClassProfile name="edu.umd.cs.findbugs.classfile.engine.ClassDataAnalysisEngine" totalMilliseconds="14" invocations="586" avgMicrosecondsPerInvocation="24" maxMicrosecondsPerInvocation="702" standardDeviationMicrosecondsPerInvocation="44"/>
      <ClassProfile name="edu.umd.cs.findbugs.detect.FunctionsThatMightBeMistakenForProcedures" totalMilliseconds="12" invocations="46" avgMicrosecondsPerInvocation="281" maxMicrosecondsPerInvocation="2474" standardDeviationMicrosecondsPerInvocation="449"/>
      <ClassProfile name="edu.umd.cs.findbugs.detect.OverridingEqualsNotSymmetrical" totalMilliseconds="12" invocations="46" avgMicrosecondsPerInvocation="280" maxMicrosecondsPerInvocation="6266" standardDeviationMicrosecondsPerInvocation="919"/>
      <ClassProfile name="edu.umd.cs.findbugs.detect.BuildObligationPolicyDatabase" totalMilliseconds="12" invocations="46" avgMicrosecondsPerInvocation="264" maxMicrosecondsPerInvocation="1812" standardDeviationMicrosecondsPerInvocation="345"/>
      <ClassProfile name="edu.umd.cs.findbugs.detect.CalledMethods" totalMilliseconds="11" invocations="46" avgMicrosecondsPerInvocation="251" maxMicrosecondsPerInvocation="2517" standardDeviationMicrosecondsPerInvocation="484"/>
      <ClassProfile name="edu.umd.cs.findbugs.detect.FindOpenStream" totalMilliseconds="11" invocations="1" avgMicrosecondsPerInvocation="11470" maxMicrosecondsPerInvocation="11470" standardDeviationMicrosecondsPerInvocation="0"/>
    </FindBugsProfile>
  </FindBugsSummary>
  <ClassFeatures></ClassFeatures>
  <History></History>
</BugCollection>
