<?xml version="1.0" encoding="UTF-8"?>

<BugCollection version="4.7.3" sequence="0" timestamp="1698475125779" analysisTimestamp="1698509010400" release="">
  <Project projectName="">
    <Jar>/mnt/disk3/lty/JLeaks/data/classfile/bug-150-7079666571e645c157be0b047428400342389431293475deaadf395ab7fcb796.class</Jar>
  </Project>
  <Errors errors="0" missingClasses="15">
    <MissingClass>org.apache.iotdb.common.rpc.thrift.TEndPoint</MissingClass>
    <MissingClass>org.apache.iotdb.db.conf.IoTDBConfig</MissingClass>
    <MissingClass>org.apache.iotdb.db.conf.IoTDBDescriptor</MissingClass>
    <MissingClass>org.apache.iotdb.db.mpp.common.FragmentInstanceId</MissingClass>
    <MissingClass>org.apache.iotdb.db.mpp.common.PlanFragmentId</MissingClass>
    <MissingClass>org.apache.iotdb.db.mpp.common.QueryId</MissingClass>
    <MissingClass>org.apache.iotdb.db.mpp.execution.FragmentInstanceState</MissingClass>
    <MissingClass>org.apache.iotdb.db.mpp.execution.QueryStateMachine</MissingClass>
    <MissingClass>org.apache.iotdb.db.mpp.execution.scheduler.IFragInstanceStateTracker</MissingClass>
    <MissingClass>org.apache.iotdb.db.mpp.execution.scheduler.InternalServiceClientFactory</MissingClass>
    <MissingClass>org.apache.iotdb.db.mpp.sql.planner.plan.FragmentInstance</MissingClass>
    <MissingClass>org.apache.iotdb.mpp.rpc.thrift.InternalService$Iface</MissingClass>
    <MissingClass>org.apache.iotdb.mpp.rpc.thrift.TFetchFragmentInstanceStateReq</MissingClass>
    <MissingClass>org.apache.iotdb.mpp.rpc.thrift.TFragmentInstanceId</MissingClass>
    <MissingClass>org.apache.iotdb.mpp.rpc.thrift.TFragmentInstanceStateResp</MissingClass>
  </Errors>
  <FindBugsSummary timestamp="Sat, 28 Oct 2023 14:38:45 +0800" total_classes="1" referenced_classes="13" total_bugs="0" total_size="27" num_packages="1" java_version="1.8.0_382" vm_version="25.382-b05" cpu_seconds="4.85" clock_seconds="0.61" peak_mbytes="401.53" alloc_mbytes="1820.50" gc_seconds="0.04">
    <PackageStats package="org.apache.iotdb.db.mpp.execution.scheduler" total_bugs="0" total_types="1" total_size="27">
      <ClassStats class="org.apache.iotdb.db.mpp.execution.scheduler.AbstractFragInsStateTracker" sourceFile="AbstractFragInsStateTracker.java" interface="false" size="27" bugs="0"/>
    </PackageStats>
    <FindBugsProfile>
      <ClassProfile name="edu.umd.cs.findbugs.classfile.engine.ClassInfoAnalysisEngine" totalMilliseconds="106" invocations="333" avgMicrosecondsPerInvocation="321" maxMicrosecondsPerInvocation="9653" standardDeviationMicrosecondsPerInvocation="788"/>
      <ClassProfile name="edu.umd.cs.findbugs.detect.FindNoSideEffectMethods" totalMilliseconds="55" invocations="13" avgMicrosecondsPerInvocation="4285" maxMicrosecondsPerInvocation="45695" standardDeviationMicrosecondsPerInvocation="12016"/>
      <ClassProfile name="edu.umd.cs.findbugs.detect.FieldItemSummary" totalMilliseconds="19" invocations="13" avgMicrosecondsPerInvocation="1465" maxMicrosecondsPerInvocation="6450" standardDeviationMicrosecondsPerInvocation="1996"/>
      <ClassProfile name="edu.umd.cs.findbugs.classfile.engine.bcel.MethodGenFactory" totalMilliseconds="17" invocations="5" avgMicrosecondsPerInvocation="3527" maxMicrosecondsPerInvocation="17183" standardDeviationMicrosecondsPerInvocation="6829"/>
      <ClassProfile name="edu.umd.cs.findbugs.OpcodeStack$JumpInfoFactory" totalMilliseconds="15" invocations="62" avgMicrosecondsPerInvocation="252" maxMicrosecondsPerInvocation="1786" standardDeviationMicrosecondsPerInvocation="320"/>
      <ClassProfile name="edu.umd.cs.findbugs.classfile.engine.bcel.JavaClassAnalysisEngine" totalMilliseconds="14" invocations="32" avgMicrosecondsPerInvocation="467" maxMicrosecondsPerInvocation="8610" standardDeviationMicrosecondsPerInvocation="1512"/>
      <ClassProfile name="edu.umd.cs.findbugs.util.TopologicalSort" totalMilliseconds="14" invocations="284" avgMicrosecondsPerInvocation="51" maxMicrosecondsPerInvocation="955" standardDeviationMicrosecondsPerInvocation="104"/>
    </FindBugsProfile>
  </FindBugsSummary>
  <ClassFeatures></ClassFeatures>
  <History></History>
</BugCollection>
