<?xml version="1.0" encoding="UTF-8"?>

<BugCollection version="4.7.3" sequence="0" timestamp="1698475146730" analysisTimestamp="1698511375368" release="">
  <Project projectName="">
    <Jar>/mnt/disk3/lty/JLeaks/data/classfile/bug-331-83503f1e1ab1dcbc5c31ce74afd514b5e7f4b0f7f6f797fa0b2dcfcc776b688e.class</Jar>
  </Project>
  <Errors errors="0" missingClasses="40">
    <MissingClass>github.scarsz.configuralize.DynamicConfig</MissingClass>
    <MissingClass>github.scarsz.discordsrv.Debug</MissingClass>
    <MissingClass>github.scarsz.discordsrv.DiscordSRV</MissingClass>
    <MissingClass>github.scarsz.discordsrv.objects.managers.AccountLinkManager</MissingClass>
    <MissingClass>github.scarsz.discordsrv.util.DiscordUtil</MissingClass>
    <MissingClass>github.scarsz.discordsrv.util.MessageUtil</MissingClass>
    <MissingClass>github.scarsz.discordsrv.util.PlaceholderUtil</MissingClass>
    <MissingClass>net.dv8tion.jda.api.JDA</MissingClass>
    <MissingClass>net.dv8tion.jda.api.Permission</MissingClass>
    <MissingClass>net.dv8tion.jda.api.entities.Guild</MissingClass>
    <MissingClass>net.dv8tion.jda.api.entities.Member</MissingClass>
    <MissingClass>net.dv8tion.jda.api.entities.MessageEmbed</MissingClass>
    <MissingClass>net.dv8tion.jda.api.entities.TextChannel</MissingClass>
    <MissingClass>net.dv8tion.jda.api.entities.User</MissingClass>
    <MissingClass>net.dv8tion.jda.api.entities.Webhook</MissingClass>
    <MissingClass>net.dv8tion.jda.api.interactions.components.ActionRow</MissingClass>
    <MissingClass>net.dv8tion.jda.api.requests.RestAction</MissingClass>
    <MissingClass>net.dv8tion.jda.api.requests.restaction.AuditableRestAction</MissingClass>
    <MissingClass>net.dv8tion.jda.api.requests.restaction.MessageAction</MissingClass>
    <MissingClass>net.dv8tion.jda.api.requests.restaction.WebhookAction</MissingClass>
    <MissingClass>net.dv8tion.jda.api.utils.data.DataObject</MissingClass>
    <MissingClass>net.dv8tion.jda.internal.utils.BufferedRequestBody</MissingClass>
    <MissingClass>okhttp3.Call</MissingClass>
    <MissingClass>okhttp3.MediaType</MissingClass>
    <MissingClass>okhttp3.MultipartBody</MissingClass>
    <MissingClass>okhttp3.MultipartBody$Builder</MissingClass>
    <MissingClass>okhttp3.OkHttpClient</MissingClass>
    <MissingClass>okhttp3.Request$Builder</MissingClass>
    <MissingClass>okhttp3.RequestBody</MissingClass>
    <MissingClass>okhttp3.Response</MissingClass>
    <MissingClass>okhttp3.ResponseBody</MissingClass>
    <MissingClass>okio.Okio</MissingClass>
    <MissingClass>org.apache.commons.lang3.StringUtils</MissingClass>
    <MissingClass>org.bukkit.Bukkit</MissingClass>
    <MissingClass>org.bukkit.OfflinePlayer</MissingClass>
    <MissingClass>org.bukkit.entity.Player</MissingClass>
    <MissingClass>org.bukkit.plugin.PluginDescriptionFile</MissingClass>
    <MissingClass>org.bukkit.scheduler.BukkitScheduler</MissingClass>
    <MissingClass>org.json.JSONArray</MissingClass>
    <MissingClass>org.json.JSONObject</MissingClass>
  </Errors>
  <FindBugsSummary timestamp="Sat, 28 Oct 2023 14:39:06 +0800" total_classes="1" referenced_classes="41" total_bugs="0" total_size="292" num_packages="1" java_version="1.8.0_382" vm_version="25.382-b05" cpu_seconds="10.89" clock_seconds="1.10" peak_mbytes="420.83" alloc_mbytes="1820.50" gc_seconds="0.04">
    <PackageStats package="github.scarsz.discordsrv.util" total_bugs="0" total_types="1" total_size="292">
      <ClassStats class="github.scarsz.discordsrv.util.WebhookUtil" sourceFile="WebhookUtil.java" interface="false" size="292" bugs="0"/>
    </PackageStats>
    <FindBugsProfile>
      <ClassProfile name="edu.umd.cs.findbugs.classfile.engine.ClassInfoAnalysisEngine" totalMilliseconds="143" invocations="660" avgMicrosecondsPerInvocation="217" maxMicrosecondsPerInvocation="13779" standardDeviationMicrosecondsPerInvocation="662"/>
      <ClassProfile name="edu.umd.cs.findbugs.detect.FieldItemSummary" totalMilliseconds="87" invocations="41" avgMicrosecondsPerInvocation="2124" maxMicrosecondsPerInvocation="49142" standardDeviationMicrosecondsPerInvocation="7576"/>
      <ClassProfile name="edu.umd.cs.findbugs.OpcodeStack$JumpInfoFactory" totalMilliseconds="44" invocations="230" avgMicrosecondsPerInvocation="194" maxMicrosecondsPerInvocation="1915" standardDeviationMicrosecondsPerInvocation="263"/>
      <ClassProfile name="edu.umd.cs.findbugs.classfile.engine.bcel.TypeDataflowFactory" totalMilliseconds="43" invocations="40" avgMicrosecondsPerInvocation="1080" maxMicrosecondsPerInvocation="17437" standardDeviationMicrosecondsPerInvocation="2797"/>
      <ClassProfile name="edu.umd.cs.findbugs.classfile.engine.bcel.IsNullValueDataflowFactory" totalMilliseconds="40" invocations="40" avgMicrosecondsPerInvocation="1006" maxMicrosecondsPerInvocation="13617" standardDeviationMicrosecondsPerInvocation="2545"/>
      <ClassProfile name="edu.umd.cs.findbugs.detect.FindNoSideEffectMethods" totalMilliseconds="29" invocations="41" avgMicrosecondsPerInvocation="711" maxMicrosecondsPerInvocation="2839" standardDeviationMicrosecondsPerInvocation="747"/>
      <ClassProfile name="edu.umd.cs.findbugs.classfile.engine.bcel.UnconditionalValueDerefDataflowFactory" totalMilliseconds="28" invocations="40" avgMicrosecondsPerInvocation="714" maxMicrosecondsPerInvocation="11958" standardDeviationMicrosecondsPerInvocation="1928"/>
      <ClassProfile name="edu.umd.cs.findbugs.classfile.engine.bcel.ValueNumberDataflowFactory" totalMilliseconds="28" invocations="41" avgMicrosecondsPerInvocation="686" maxMicrosecondsPerInvocation="8169" standardDeviationMicrosecondsPerInvocation="1572"/>
      <ClassProfile name="edu.umd.cs.findbugs.classfile.engine.bcel.MethodGenFactory" totalMilliseconds="23" invocations="40" avgMicrosecondsPerInvocation="587" maxMicrosecondsPerInvocation="17769" standardDeviationMicrosecondsPerInvocation="2756"/>
      <ClassProfile name="edu.umd.cs.findbugs.classfile.engine.bcel.CFGFactory" totalMilliseconds="22" invocations="40" avgMicrosecondsPerInvocation="569" maxMicrosecondsPerInvocation="6966" standardDeviationMicrosecondsPerInvocation="1291"/>
      <ClassProfile name="edu.umd.cs.findbugs.classfile.engine.bcel.JavaClassAnalysisEngine" totalMilliseconds="21" invocations="106" avgMicrosecondsPerInvocation="200" maxMicrosecondsPerInvocation="8412" standardDeviationMicrosecondsPerInvocation="842"/>
      <ClassProfile name="edu.umd.cs.findbugs.ba.npe.NullDerefAndRedundantComparisonFinder" totalMilliseconds="19" invocations="40" avgMicrosecondsPerInvocation="488" maxMicrosecondsPerInvocation="6800" standardDeviationMicrosecondsPerInvocation="1124"/>
      <ClassProfile name="edu.umd.cs.findbugs.detect.NoteDirectlyRelevantTypeQualifiers" totalMilliseconds="18" invocations="41" avgMicrosecondsPerInvocation="455" maxMicrosecondsPerInvocation="4402" standardDeviationMicrosecondsPerInvocation="865"/>
      <ClassProfile name="edu.umd.cs.findbugs.util.TopologicalSort" totalMilliseconds="17" invocations="576" avgMicrosecondsPerInvocation="29" maxMicrosecondsPerInvocation="938" standardDeviationMicrosecondsPerInvocation="69"/>
      <ClassProfile name="edu.umd.cs.findbugs.detect.FindOpenStream" totalMilliseconds="17" invocations="1" avgMicrosecondsPerInvocation="17096" maxMicrosecondsPerInvocation="17096" standardDeviationMicrosecondsPerInvocation="0"/>
      <ClassProfile name="edu.umd.cs.findbugs.detect.FindRefComparison$SpecialTypeAnalysis" totalMilliseconds="16" invocations="40" avgMicrosecondsPerInvocation="403" maxMicrosecondsPerInvocation="8292" standardDeviationMicrosecondsPerInvocation="1325"/>
      <ClassProfile name="edu.umd.cs.findbugs.classfile.engine.ClassDataAnalysisEngine" totalMilliseconds="14" invocations="665" avgMicrosecondsPerInvocation="21" maxMicrosecondsPerInvocation="484" standardDeviationMicrosecondsPerInvocation="31"/>
      <ClassProfile name="edu.umd.cs.findbugs.detect.CalledMethods" totalMilliseconds="14" invocations="41" avgMicrosecondsPerInvocation="348" maxMicrosecondsPerInvocation="3220" standardDeviationMicrosecondsPerInvocation="665"/>
      <ClassProfile name="edu.umd.cs.findbugs.detect.FunctionsThatMightBeMistakenForProcedures" totalMilliseconds="13" invocations="41" avgMicrosecondsPerInvocation="329" maxMicrosecondsPerInvocation="2232" standardDeviationMicrosecondsPerInvocation="442"/>
      <ClassProfile name="edu.umd.cs.findbugs.detect.OverridingEqualsNotSymmetrical" totalMilliseconds="12" invocations="41" avgMicrosecondsPerInvocation="316" maxMicrosecondsPerInvocation="6054" standardDeviationMicrosecondsPerInvocation="933"/>
      <ClassProfile name="edu.umd.cs.findbugs.detect.BuildObligationPolicyDatabase" totalMilliseconds="12" invocations="41" avgMicrosecondsPerInvocation="299" maxMicrosecondsPerInvocation="1390" standardDeviationMicrosecondsPerInvocation="338"/>
    </FindBugsProfile>
  </FindBugsSummary>
  <ClassFeatures></ClassFeatures>
  <History></History>
</BugCollection>
