<?xml version="1.0" encoding="UTF-8"?>

<BugCollection version="4.7.3" sequence="0" timestamp="1698475144434" analysisTimestamp="1698511027379" release="">
  <Project projectName="">
    <Jar>/mnt/disk3/lty/JLeaks/data/classfile/bug-312-863df440ab0673e64f18e9d02ca1c481234ba6d632ab57aa269c4ace41537740.class</Jar>
  </Project>
  <Errors errors="0" missingClasses="20">
    <MissingClass>org.apache.metamodel.util.FileResource</MissingClass>
    <MissingClass>org.apache.metamodel.util.Resource</MissingClass>
    <MissingClass>org.eobjects.analyzer.beans.writers.WriteDataResult</MissingClass>
    <MissingClass>org.eobjects.analyzer.connection.Datastore</MissingClass>
    <MissingClass>org.eobjects.analyzer.connection.FileDatastore</MissingClass>
    <MissingClass>org.eobjects.analyzer.connection.ResourceDatastore</MissingClass>
    <MissingClass>org.eobjects.analyzer.result.renderer.AbstractRenderer</MissingClass>
    <MissingClass>org.eobjects.analyzer.result.renderer.Renderable</MissingClass>
    <MissingClass>org.eobjects.datacleaner.panels.DCPanel</MissingClass>
    <MissingClass>org.eobjects.datacleaner.user.MutableDatastoreCatalog</MissingClass>
    <MissingClass>org.eobjects.datacleaner.util.ImageManager</MissingClass>
    <MissingClass>org.eobjects.datacleaner.widgets.Alignment</MissingClass>
    <MissingClass>org.eobjects.datacleaner.widgets.result.WriteDataResultSwingRenderer$1</MissingClass>
    <MissingClass>org.eobjects.datacleaner.widgets.result.WriteDataResultSwingRenderer$2</MissingClass>
    <MissingClass>org.eobjects.datacleaner.widgets.result.WriteDataResultSwingRenderer$3</MissingClass>
    <MissingClass>org.eobjects.datacleaner.widgets.result.WriteDataResultSwingRenderer$4</MissingClass>
    <MissingClass>org.eobjects.datacleaner.widgets.result.WriteDataResultSwingRenderer$5</MissingClass>
    <MissingClass>org.jdesktop.swingx.JXEditorPane</MissingClass>
    <MissingClass>org.jdesktop.swingx.VerticalLayout</MissingClass>
    <MissingClass>org.slf4j.LoggerFactory</MissingClass>
  </Errors>
  <FindBugsSummary timestamp="Sat, 28 Oct 2023 14:39:04 +0800" total_classes="1" referenced_classes="22" total_bugs="0" total_size="89" num_packages="1" java_version="1.8.0_382" vm_version="25.382-b05" cpu_seconds="8.80" clock_seconds="0.91" peak_mbytes="430.31" alloc_mbytes="1820.50" gc_seconds="0.04">
    <PackageStats package="org.eobjects.datacleaner.widgets.result" total_bugs="0" total_types="1" total_size="89">
      <ClassStats class="org.eobjects.datacleaner.widgets.result.WriteDataResultSwingRenderer" sourceFile="WriteDataResultSwingRenderer.java" interface="false" size="89" bugs="0"/>
    </PackageStats>
    <FindBugsProfile>
      <ClassProfile name="edu.umd.cs.findbugs.classfile.engine.ClassInfoAnalysisEngine" totalMilliseconds="189" invocations="613" avgMicrosecondsPerInvocation="308" maxMicrosecondsPerInvocation="13197" standardDeviationMicrosecondsPerInvocation="774"/>
      <ClassProfile name="edu.umd.cs.findbugs.detect.NoteDirectlyRelevantTypeQualifiers" totalMilliseconds="62" invocations="22" avgMicrosecondsPerInvocation="2849" maxMicrosecondsPerInvocation="49463" standardDeviationMicrosecondsPerInvocation="10213"/>
      <ClassProfile name="edu.umd.cs.findbugs.detect.FieldItemSummary" totalMilliseconds="41" invocations="22" avgMicrosecondsPerInvocation="1890" maxMicrosecondsPerInvocation="11798" standardDeviationMicrosecondsPerInvocation="2893"/>
      <ClassProfile name="edu.umd.cs.findbugs.detect.FindNoSideEffectMethods" totalMilliseconds="35" invocations="22" avgMicrosecondsPerInvocation="1591" maxMicrosecondsPerInvocation="10742" standardDeviationMicrosecondsPerInvocation="2645"/>
      <ClassProfile name="edu.umd.cs.findbugs.OpcodeStack$JumpInfoFactory" totalMilliseconds="26" invocations="121" avgMicrosecondsPerInvocation="222" maxMicrosecondsPerInvocation="1933" standardDeviationMicrosecondsPerInvocation="297"/>
      <ClassProfile name="edu.umd.cs.findbugs.classfile.engine.bcel.MethodGenFactory" totalMilliseconds="20" invocations="6" avgMicrosecondsPerInvocation="3351" maxMicrosecondsPerInvocation="17448" standardDeviationMicrosecondsPerInvocation="6334"/>
      <ClassProfile name="edu.umd.cs.findbugs.classfile.engine.bcel.JavaClassAnalysisEngine" totalMilliseconds="19" invocations="65" avgMicrosecondsPerInvocation="307" maxMicrosecondsPerInvocation="8788" standardDeviationMicrosecondsPerInvocation="1125"/>
      <ClassProfile name="edu.umd.cs.findbugs.util.TopologicalSort" totalMilliseconds="18" invocations="556" avgMicrosecondsPerInvocation="34" maxMicrosecondsPerInvocation="899" standardDeviationMicrosecondsPerInvocation="78"/>
      <ClassProfile name="edu.umd.cs.findbugs.classfile.engine.bcel.IsNullValueDataflowFactory" totalMilliseconds="16" invocations="6" avgMicrosecondsPerInvocation="2793" maxMicrosecondsPerInvocation="10219" standardDeviationMicrosecondsPerInvocation="3876"/>
      <ClassProfile name="edu.umd.cs.findbugs.classfile.engine.bcel.ValueNumberDataflowFactory" totalMilliseconds="16" invocations="6" avgMicrosecondsPerInvocation="2682" maxMicrosecondsPerInvocation="6965" standardDeviationMicrosecondsPerInvocation="2652"/>
      <ClassProfile name="edu.umd.cs.findbugs.detect.FunctionsThatMightBeMistakenForProcedures" totalMilliseconds="15" invocations="22" avgMicrosecondsPerInvocation="726" maxMicrosecondsPerInvocation="8920" standardDeviationMicrosecondsPerInvocation="1862"/>
      <ClassProfile name="edu.umd.cs.findbugs.detect.ExplicitSerialization" totalMilliseconds="14" invocations="22" avgMicrosecondsPerInvocation="640" maxMicrosecondsPerInvocation="6638" standardDeviationMicrosecondsPerInvocation="1568"/>
      <ClassProfile name="edu.umd.cs.findbugs.classfile.engine.ClassDataAnalysisEngine" totalMilliseconds="13" invocations="620" avgMicrosecondsPerInvocation="22" maxMicrosecondsPerInvocation="451" standardDeviationMicrosecondsPerInvocation="27"/>
      <ClassProfile name="edu.umd.cs.findbugs.classfile.engine.bcel.CFGFactory" totalMilliseconds="13" invocations="6" avgMicrosecondsPerInvocation="2171" maxMicrosecondsPerInvocation="7300" standardDeviationMicrosecondsPerInvocation="2538"/>
      <ClassProfile name="edu.umd.cs.findbugs.classfile.engine.bcel.TypeDataflowFactory" totalMilliseconds="12" invocations="6" avgMicrosecondsPerInvocation="2156" maxMicrosecondsPerInvocation="5501" standardDeviationMicrosecondsPerInvocation="2119"/>
      <ClassProfile name="edu.umd.cs.findbugs.detect.OverridingEqualsNotSymmetrical" totalMilliseconds="12" invocations="22" avgMicrosecondsPerInvocation="573" maxMicrosecondsPerInvocation="6751" standardDeviationMicrosecondsPerInvocation="1402"/>
    </FindBugsProfile>
  </FindBugsSummary>
  <ClassFeatures></ClassFeatures>
  <History></History>
</BugCollection>
