<?xml version="1.0" encoding="UTF-8"?>

<BugCollection version="4.7.3" sequence="0" timestamp="1698475227110" analysisTimestamp="1698515983760" release="">
  <Project projectName="">
    <Jar>/mnt/disk3/lty/JLeaks/data/classfile/bug-926-d53e837a38734e0d25f5a9711398cd6c76ec2d36494dc3cce8b4030cb6434af4.class</Jar>
  </Project>
  <Errors errors="0" missingClasses="10">
    <MissingClass>org.springframework.boot.loader.data.RandomAccessData</MissingClass>
    <MissingClass>org.springframework.boot.loader.data.RandomAccessDataFile</MissingClass>
    <MissingClass>org.springframework.boot.loader.jar.AsciiBytes</MissingClass>
    <MissingClass>org.springframework.boot.loader.jar.CentralDirectoryParser</MissingClass>
    <MissingClass>org.springframework.boot.loader.jar.Handler</MissingClass>
    <MissingClass>org.springframework.boot.loader.jar.JarEntry</MissingClass>
    <MissingClass>org.springframework.boot.loader.jar.JarFile$1</MissingClass>
    <MissingClass>org.springframework.boot.loader.jar.JarFile$2</MissingClass>
    <MissingClass>org.springframework.boot.loader.jar.JarFile$JarFileType</MissingClass>
    <MissingClass>org.springframework.boot.loader.jar.JarFileEntries</MissingClass>
  </Errors>
  <FindBugsSummary timestamp="Sat, 28 Oct 2023 14:40:27 +0800" total_classes="1" referenced_classes="90" total_bugs="0" total_size="168" num_packages="1" java_version="1.8.0_382" vm_version="25.382-b05" cpu_seconds="10.88" clock_seconds="1.06" peak_mbytes="421.80" alloc_mbytes="1820.50" gc_seconds="0.04">
    <PackageStats package="org.springframework.boot.loader.jar" total_bugs="0" total_types="1" total_size="168">
      <ClassStats class="org.springframework.boot.loader.jar.JarFile" sourceFile="JarFile.java" interface="false" size="168" bugs="0"/>
    </PackageStats>
    <FindBugsProfile>
      <ClassProfile name="edu.umd.cs.findbugs.classfile.engine.ClassInfoAnalysisEngine" totalMilliseconds="155" invocations="691" avgMicrosecondsPerInvocation="224" maxMicrosecondsPerInvocation="13523" standardDeviationMicrosecondsPerInvocation="622"/>
      <ClassProfile name="edu.umd.cs.findbugs.detect.FieldItemSummary" totalMilliseconds="60" invocations="90" avgMicrosecondsPerInvocation="674" maxMicrosecondsPerInvocation="4932" standardDeviationMicrosecondsPerInvocation="934"/>
      <ClassProfile name="edu.umd.cs.findbugs.detect.FindNoSideEffectMethods" totalMilliseconds="51" invocations="90" avgMicrosecondsPerInvocation="575" maxMicrosecondsPerInvocation="3639" standardDeviationMicrosecondsPerInvocation="733"/>
      <ClassProfile name="edu.umd.cs.findbugs.detect.EqualsOperandShouldHaveClassCompatibleWithThis" totalMilliseconds="48" invocations="90" avgMicrosecondsPerInvocation="539" maxMicrosecondsPerInvocation="41924" standardDeviationMicrosecondsPerInvocation="4388"/>
      <ClassProfile name="edu.umd.cs.findbugs.OpcodeStack$JumpInfoFactory" totalMilliseconds="38" invocations="263" avgMicrosecondsPerInvocation="145" maxMicrosecondsPerInvocation="1204" standardDeviationMicrosecondsPerInvocation="162"/>
      <ClassProfile name="edu.umd.cs.findbugs.classfile.engine.bcel.JavaClassAnalysisEngine" totalMilliseconds="27" invocations="141" avgMicrosecondsPerInvocation="197" maxMicrosecondsPerInvocation="8643" standardDeviationMicrosecondsPerInvocation="752"/>
      <ClassProfile name="edu.umd.cs.findbugs.detect.NoteDirectlyRelevantTypeQualifiers" totalMilliseconds="22" invocations="90" avgMicrosecondsPerInvocation="251" maxMicrosecondsPerInvocation="2922" standardDeviationMicrosecondsPerInvocation="419"/>
      <ClassProfile name="edu.umd.cs.findbugs.classfile.engine.bcel.TypeDataflowFactory" totalMilliseconds="21" invocations="43" avgMicrosecondsPerInvocation="505" maxMicrosecondsPerInvocation="5428" standardDeviationMicrosecondsPerInvocation="908"/>
      <ClassProfile name="edu.umd.cs.findbugs.ba.npe.NullDerefAndRedundantComparisonFinder" totalMilliseconds="21" invocations="40" avgMicrosecondsPerInvocation="534" maxMicrosecondsPerInvocation="12336" standardDeviationMicrosecondsPerInvocation="1905"/>
      <ClassProfile name="edu.umd.cs.findbugs.classfile.engine.bcel.IsNullValueDataflowFactory" totalMilliseconds="21" invocations="41" avgMicrosecondsPerInvocation="518" maxMicrosecondsPerInvocation="5072" standardDeviationMicrosecondsPerInvocation="839"/>
      <ClassProfile name="edu.umd.cs.findbugs.classfile.engine.bcel.MethodGenFactory" totalMilliseconds="20" invocations="41" avgMicrosecondsPerInvocation="504" maxMicrosecondsPerInvocation="16626" standardDeviationMicrosecondsPerInvocation="2551"/>
      <ClassProfile name="edu.umd.cs.findbugs.classfile.engine.bcel.ValueNumberDataflowFactory" totalMilliseconds="19" invocations="43" avgMicrosecondsPerInvocation="445" maxMicrosecondsPerInvocation="6911" standardDeviationMicrosecondsPerInvocation="1050"/>
      <ClassProfile name="edu.umd.cs.findbugs.util.TopologicalSort" totalMilliseconds="18" invocations="639" avgMicrosecondsPerInvocation="29" maxMicrosecondsPerInvocation="1191" standardDeviationMicrosecondsPerInvocation="66"/>
      <ClassProfile name="edu.umd.cs.findbugs.classfile.engine.bcel.CFGFactory" totalMilliseconds="17" invocations="41" avgMicrosecondsPerInvocation="435" maxMicrosecondsPerInvocation="7563" standardDeviationMicrosecondsPerInvocation="1152"/>
      <ClassProfile name="edu.umd.cs.findbugs.detect.FunctionsThatMightBeMistakenForProcedures" totalMilliseconds="16" invocations="90" avgMicrosecondsPerInvocation="181" maxMicrosecondsPerInvocation="2292" standardDeviationMicrosecondsPerInvocation="349"/>
      <ClassProfile name="edu.umd.cs.findbugs.classfile.engine.ClassDataAnalysisEngine" totalMilliseconds="15" invocations="694" avgMicrosecondsPerInvocation="22" maxMicrosecondsPerInvocation="441" standardDeviationMicrosecondsPerInvocation="27"/>
      <ClassProfile name="edu.umd.cs.findbugs.detect.BuildObligationPolicyDatabase" totalMilliseconds="15" invocations="90" avgMicrosecondsPerInvocation="168" maxMicrosecondsPerInvocation="1015" standardDeviationMicrosecondsPerInvocation="201"/>
      <ClassProfile name="edu.umd.cs.findbugs.detect.OverridingEqualsNotSymmetrical" totalMilliseconds="14" invocations="90" avgMicrosecondsPerInvocation="164" maxMicrosecondsPerInvocation="4944" standardDeviationMicrosecondsPerInvocation="532"/>
      <ClassProfile name="edu.umd.cs.findbugs.classfile.engine.bcel.UnconditionalValueDerefDataflowFactory" totalMilliseconds="14" invocations="41" avgMicrosecondsPerInvocation="359" maxMicrosecondsPerInvocation="2724" standardDeviationMicrosecondsPerInvocation="558"/>
    </FindBugsProfile>
  </FindBugsSummary>
  <ClassFeatures></ClassFeatures>
  <History></History>
</BugCollection>
