<?xml version="1.0" encoding="UTF-8"?>

<BugCollection version="4.7.3" sequence="0" timestamp="1698475151566" analysisTimestamp="1698511568170" release="">
  <Project projectName="">
    <Jar>/mnt/disk3/lty/JLeaks/data/classfile/bug-371-21e2a8981ebeaec2d3690573a9e37551ac5588898d9c020948bbb80227b9a106.class</Jar>
  </Project>
  <Errors errors="0" missingClasses="1">
    <MissingClass>com.alibaba.excel.ExcelReader</MissingClass>
  </Errors>
  <FindBugsSummary timestamp="Sat, 28 Oct 2023 14:39:11 +0800" total_classes="1" referenced_classes="14" total_bugs="0" total_size="17" num_packages="1" java_version="1.8.0_382" vm_version="25.382-b05" cpu_seconds="4.71" clock_seconds="0.59" peak_mbytes="392.01" alloc_mbytes="1820.50" gc_seconds="0.04">
    <PackageStats package="com.dtstack.chunjun.connector.ftp.client.excel" total_bugs="0" total_types="1" total_size="17">
      <ClassStats class="com.dtstack.chunjun.connector.ftp.client.excel.ExcelReaderExecutor" sourceFile="ExcelReaderExecutor.java" interface="false" size="17" bugs="0"/>
    </PackageStats>
    <FindBugsProfile>
      <ClassProfile name="edu.umd.cs.findbugs.classfile.engine.ClassInfoAnalysisEngine" totalMilliseconds="106" invocations="310" avgMicrosecondsPerInvocation="344" maxMicrosecondsPerInvocation="9555" standardDeviationMicrosecondsPerInvocation="800"/>
      <ClassProfile name="edu.umd.cs.findbugs.classfile.engine.ClassDataAnalysisEngine" totalMilliseconds="48" invocations="313" avgMicrosecondsPerInvocation="156" maxMicrosecondsPerInvocation="40932" standardDeviationMicrosecondsPerInvocation="2308"/>
      <ClassProfile name="edu.umd.cs.findbugs.detect.FieldItemSummary" totalMilliseconds="19" invocations="14" avgMicrosecondsPerInvocation="1358" maxMicrosecondsPerInvocation="5665" standardDeviationMicrosecondsPerInvocation="1856"/>
      <ClassProfile name="edu.umd.cs.findbugs.classfile.engine.bcel.MethodGenFactory" totalMilliseconds="17" invocations="3" avgMicrosecondsPerInvocation="5832" maxMicrosecondsPerInvocation="16957" standardDeviationMicrosecondsPerInvocation="7867"/>
      <ClassProfile name="edu.umd.cs.findbugs.OpcodeStack$JumpInfoFactory" totalMilliseconds="15" invocations="60" avgMicrosecondsPerInvocation="260" maxMicrosecondsPerInvocation="1513" standardDeviationMicrosecondsPerInvocation="303"/>
      <ClassProfile name="edu.umd.cs.findbugs.classfile.engine.bcel.JavaClassAnalysisEngine" totalMilliseconds="14" invocations="31" avgMicrosecondsPerInvocation="465" maxMicrosecondsPerInvocation="8596" standardDeviationMicrosecondsPerInvocation="1530"/>
      <ClassProfile name="edu.umd.cs.findbugs.util.TopologicalSort" totalMilliseconds="13" invocations="277" avgMicrosecondsPerInvocation="48" maxMicrosecondsPerInvocation="634" standardDeviationMicrosecondsPerInvocation="84"/>
      <ClassProfile name="edu.umd.cs.findbugs.detect.FindNoSideEffectMethods" totalMilliseconds="11" invocations="14" avgMicrosecondsPerInvocation="829" maxMicrosecondsPerInvocation="4256" standardDeviationMicrosecondsPerInvocation="1168"/>
    </FindBugsProfile>
  </FindBugsSummary>
  <ClassFeatures></ClassFeatures>
  <History></History>
</BugCollection>
