<?xml version="1.0" encoding="UTF-8"?>

<BugCollection version="4.7.3" sequence="0" timestamp="1698475226351" analysisTimestamp="1698515969456" release="">
  <Project projectName="">
    <Jar>/mnt/disk3/lty/JLeaks/data/classfile/bug-921-976ecaf5a3e2045cd8c7f5fe9e70b5a5298bf3a97156732c4d36298d001cecfd.class</Jar>
  </Project>
  <Errors errors="0" missingClasses="6">
    <MissingClass>com.google.common.collect.Queues</MissingClass>
    <MissingClass>com.spotify.docker.client.ApacheUnixSocket$1</MissingClass>
    <MissingClass>com.spotify.docker.client.ApacheUnixSocket$2</MissingClass>
    <MissingClass>com.spotify.docker.client.ApacheUnixSocket$SocketOptionSetter</MissingClass>
    <MissingClass>jnr.unixsocket.UnixSocketAddress</MissingClass>
    <MissingClass>jnr.unixsocket.UnixSocketChannel</MissingClass>
  </Errors>
  <FindBugsSummary timestamp="Sat, 28 Oct 2023 14:40:26 +0800" total_classes="1" referenced_classes="52" total_bugs="0" total_size="138" num_packages="1" java_version="1.8.0_382" vm_version="25.382-b05" cpu_seconds="7.47" clock_seconds="0.80" peak_mbytes="395.21" alloc_mbytes="1820.50" gc_seconds="0.04">
    <PackageStats package="com.spotify.docker.client" total_bugs="0" total_types="1" total_size="138">
      <ClassStats class="com.spotify.docker.client.ApacheUnixSocket" sourceFile="ApacheUnixSocket.java" interface="false" size="138" bugs="0"/>
    </PackageStats>
    <FindBugsProfile>
      <ClassProfile name="edu.umd.cs.findbugs.classfile.engine.ClassInfoAnalysisEngine" totalMilliseconds="121" invocations="475" avgMicrosecondsPerInvocation="255" maxMicrosecondsPerInvocation="10877" standardDeviationMicrosecondsPerInvocation="678"/>
      <ClassProfile name="edu.umd.cs.findbugs.detect.BuildStringPassthruGraph" totalMilliseconds="53" invocations="52" avgMicrosecondsPerInvocation="1036" maxMicrosecondsPerInvocation="45520" standardDeviationMicrosecondsPerInvocation="6250"/>
      <ClassProfile name="edu.umd.cs.findbugs.detect.FieldItemSummary" totalMilliseconds="33" invocations="52" avgMicrosecondsPerInvocation="638" maxMicrosecondsPerInvocation="6610" standardDeviationMicrosecondsPerInvocation="1216"/>
      <ClassProfile name="edu.umd.cs.findbugs.detect.FindNoSideEffectMethods" totalMilliseconds="27" invocations="52" avgMicrosecondsPerInvocation="528" maxMicrosecondsPerInvocation="4519" standardDeviationMicrosecondsPerInvocation="915"/>
      <ClassProfile name="edu.umd.cs.findbugs.classfile.engine.bcel.JavaClassAnalysisEngine" totalMilliseconds="22" invocations="82" avgMicrosecondsPerInvocation="277" maxMicrosecondsPerInvocation="12226" standardDeviationMicrosecondsPerInvocation="1352"/>
      <ClassProfile name="edu.umd.cs.findbugs.OpcodeStack$JumpInfoFactory" totalMilliseconds="21" invocations="132" avgMicrosecondsPerInvocation="159" maxMicrosecondsPerInvocation="2152" standardDeviationMicrosecondsPerInvocation="308"/>
      <ClassProfile name="edu.umd.cs.findbugs.classfile.engine.bcel.MethodGenFactory" totalMilliseconds="19" invocations="45" avgMicrosecondsPerInvocation="429" maxMicrosecondsPerInvocation="16381" standardDeviationMicrosecondsPerInvocation="2406"/>
      <ClassProfile name="edu.umd.cs.findbugs.classfile.engine.bcel.ValueNumberDataflowFactory" totalMilliseconds="16" invocations="47" avgMicrosecondsPerInvocation="357" maxMicrosecondsPerInvocation="6657" standardDeviationMicrosecondsPerInvocation="969"/>
      <ClassProfile name="edu.umd.cs.findbugs.classfile.engine.bcel.TypeDataflowFactory" totalMilliseconds="15" invocations="46" avgMicrosecondsPerInvocation="327" maxMicrosecondsPerInvocation="5292" standardDeviationMicrosecondsPerInvocation="796"/>
      <ClassProfile name="edu.umd.cs.findbugs.util.TopologicalSort" totalMilliseconds="14" invocations="434" avgMicrosecondsPerInvocation="34" maxMicrosecondsPerInvocation="830" standardDeviationMicrosecondsPerInvocation="75"/>
      <ClassProfile name="edu.umd.cs.findbugs.classfile.engine.bcel.CFGFactory" totalMilliseconds="13" invocations="45" avgMicrosecondsPerInvocation="302" maxMicrosecondsPerInvocation="6786" standardDeviationMicrosecondsPerInvocation="988"/>
      <ClassProfile name="edu.umd.cs.findbugs.classfile.engine.bcel.IsNullValueDataflowFactory" totalMilliseconds="12" invocations="45" avgMicrosecondsPerInvocation="287" maxMicrosecondsPerInvocation="5090" standardDeviationMicrosecondsPerInvocation="743"/>
      <ClassProfile name="edu.umd.cs.findbugs.detect.NoteDirectlyRelevantTypeQualifiers" totalMilliseconds="12" invocations="52" avgMicrosecondsPerInvocation="243" maxMicrosecondsPerInvocation="4557" standardDeviationMicrosecondsPerInvocation="644"/>
      <ClassProfile name="edu.umd.cs.findbugs.classfile.engine.ClassDataAnalysisEngine" totalMilliseconds="11" invocations="480" avgMicrosecondsPerInvocation="23" maxMicrosecondsPerInvocation="437" standardDeviationMicrosecondsPerInvocation="30"/>
    </FindBugsProfile>
  </FindBugsSummary>
  <ClassFeatures></ClassFeatures>
  <History></History>
</BugCollection>
