<?xml version="1.0" encoding="UTF-8"?>

<BugCollection version="4.7.3" sequence="0" timestamp="1698475172837" analysisTimestamp="1698512731749" release="">
  <Project projectName="">
    <Jar>/mnt/disk3/lty/JLeaks/data/classfile/bug-540-7612d9dd08429beda96ab1907ef345cb52049cdfbe897a69c00813f86d82a388.class</Jar>
  </Project>
  <BugInstance type="OS_OPEN_STREAM_EXCEPTION_PATH" priority="3" rank="19" abbrev="OS" category="BAD_PRACTICE">
    <Class classname="spoon.support.reflect.cu.CompilationUnitImpl">
      <SourceLine classname="spoon.support.reflect.cu.CompilationUnitImpl" start="42" end="284" sourcefile="CompilationUnitImpl.java" sourcepath="spoon/support/reflect/cu/CompilationUnitImpl.java"/>
    </Class>
    <Method classname="spoon.support.reflect.cu.CompilationUnitImpl" name="getOriginalSourceCode" signature="()Ljava/lang/String;" isStatic="false">
      <SourceLine classname="spoon.support.reflect.cu.CompilationUnitImpl" start="198" end="208" startBytecode="0" endBytecode="38" sourcefile="CompilationUnitImpl.java" sourcepath="spoon/support/reflect/cu/CompilationUnitImpl.java"/>
    </Method>
    <Type descriptor="Ljava/io/InputStream;" role="TYPE_CLOSEIT">
      <SourceLine classname="java.io.InputStream" start="45" end="364" sourcefile="InputStream.java" sourcepath="java/io/InputStream.java"/>
    </Type>
    <SourceLine classname="spoon.support.reflect.cu.CompilationUnitImpl" start="199" end="199" startBytecode="7" endBytecode="7" sourcefile="CompilationUnitImpl.java" sourcepath="spoon/support/reflect/cu/CompilationUnitImpl.java"/>
  </BugInstance>
  <Errors errors="0" missingClasses="9">
    <MissingClass>spoon.compiler.Environment</MissingClass>
    <MissingClass>spoon.reflect.cu.CompilationUnit</MissingClass>
    <MissingClass>spoon.reflect.cu.CompilationUnit$UNIT_TYPE</MissingClass>
    <MissingClass>spoon.reflect.declaration.CtModule</MissingClass>
    <MissingClass>spoon.reflect.declaration.CtPackage</MissingClass>
    <MissingClass>spoon.reflect.declaration.CtType</MissingClass>
    <MissingClass>spoon.reflect.factory.Factory</MissingClass>
    <MissingClass>spoon.reflect.visitor.filter.TypeFilter</MissingClass>
    <MissingClass>spoon.support.reflect.cu.position.PartialSourcePositionImpl</MissingClass>
  </Errors>
  <FindBugsSummary timestamp="Sat, 28 Oct 2023 14:39:32 +0800" total_classes="1" referenced_classes="24" total_bugs="1" total_size="148" num_packages="1" java_version="1.8.0_382" vm_version="25.382-b05" cpu_seconds="8.05" clock_seconds="0.83" peak_mbytes="408.63" alloc_mbytes="1820.50" gc_seconds="0.04" priority_3="1">
    <PackageStats package="spoon.support.reflect.cu" total_bugs="1" total_types="1" total_size="148" priority_3="1">
      <ClassStats class="spoon.support.reflect.cu.CompilationUnitImpl" sourceFile="CompilationUnitImpl.java" interface="false" size="148" bugs="1" priority_3="1"/>
    </PackageStats>
    <FindBugsProfile>
      <ClassProfile name="edu.umd.cs.findbugs.classfile.engine.ClassInfoAnalysisEngine" totalMilliseconds="121" invocations="464" avgMicrosecondsPerInvocation="261" maxMicrosecondsPerInvocation="11751" standardDeviationMicrosecondsPerInvocation="716"/>
      <ClassProfile name="edu.umd.cs.findbugs.detect.FunctionsThatMightBeMistakenForProcedures" totalMilliseconds="55" invocations="24" avgMicrosecondsPerInvocation="2310" maxMicrosecondsPerInvocation="49384" standardDeviationMicrosecondsPerInvocation="9823"/>
      <ClassProfile name="edu.umd.cs.findbugs.detect.FieldItemSummary" totalMilliseconds="27" invocations="24" avgMicrosecondsPerInvocation="1142" maxMicrosecondsPerInvocation="6348" standardDeviationMicrosecondsPerInvocation="1521"/>
      <ClassProfile name="edu.umd.cs.findbugs.classfile.engine.bcel.TypeDataflowFactory" totalMilliseconds="24" invocations="24" avgMicrosecondsPerInvocation="1033" maxMicrosecondsPerInvocation="7812" standardDeviationMicrosecondsPerInvocation="1914"/>
      <ClassProfile name="edu.umd.cs.findbugs.classfile.engine.bcel.MethodGenFactory" totalMilliseconds="24" invocations="24" avgMicrosecondsPerInvocation="1018" maxMicrosecondsPerInvocation="21330" standardDeviationMicrosecondsPerInvocation="4238"/>
      <ClassProfile name="edu.umd.cs.findbugs.OpcodeStack$JumpInfoFactory" totalMilliseconds="23" invocations="135" avgMicrosecondsPerInvocation="177" maxMicrosecondsPerInvocation="1747" standardDeviationMicrosecondsPerInvocation="238"/>
      <ClassProfile name="edu.umd.cs.findbugs.classfile.engine.bcel.ValueNumberDataflowFactory" totalMilliseconds="22" invocations="24" avgMicrosecondsPerInvocation="955" maxMicrosecondsPerInvocation="7289" standardDeviationMicrosecondsPerInvocation="1721"/>
      <ClassProfile name="edu.umd.cs.findbugs.classfile.engine.bcel.IsNullValueDataflowFactory" totalMilliseconds="21" invocations="24" avgMicrosecondsPerInvocation="905" maxMicrosecondsPerInvocation="5297" standardDeviationMicrosecondsPerInvocation="1440"/>
      <ClassProfile name="edu.umd.cs.findbugs.detect.FindNoSideEffectMethods" totalMilliseconds="18" invocations="24" avgMicrosecondsPerInvocation="786" maxMicrosecondsPerInvocation="3231" standardDeviationMicrosecondsPerInvocation="883"/>
      <ClassProfile name="edu.umd.cs.findbugs.classfile.engine.bcel.JavaClassAnalysisEngine" totalMilliseconds="17" invocations="57" avgMicrosecondsPerInvocation="312" maxMicrosecondsPerInvocation="8627" standardDeviationMicrosecondsPerInvocation="1150"/>
      <ClassProfile name="edu.umd.cs.findbugs.util.TopologicalSort" totalMilliseconds="15" invocations="418" avgMicrosecondsPerInvocation="37" maxMicrosecondsPerInvocation="663" standardDeviationMicrosecondsPerInvocation="77"/>
      <ClassProfile name="edu.umd.cs.findbugs.classfile.engine.bcel.CFGFactory" totalMilliseconds="15" invocations="24" avgMicrosecondsPerInvocation="629" maxMicrosecondsPerInvocation="7537" standardDeviationMicrosecondsPerInvocation="1520"/>
      <ClassProfile name="edu.umd.cs.findbugs.classfile.engine.bcel.UnconditionalValueDerefDataflowFactory" totalMilliseconds="14" invocations="24" avgMicrosecondsPerInvocation="591" maxMicrosecondsPerInvocation="4457" standardDeviationMicrosecondsPerInvocation="964"/>
      <ClassProfile name="edu.umd.cs.findbugs.detect.FindReturnRef" totalMilliseconds="11" invocations="1" avgMicrosecondsPerInvocation="11575" maxMicrosecondsPerInvocation="11575" standardDeviationMicrosecondsPerInvocation="0"/>
      <ClassProfile name="edu.umd.cs.findbugs.detect.FindOpenStream" totalMilliseconds="11" invocations="1" avgMicrosecondsPerInvocation="11095" maxMicrosecondsPerInvocation="11095" standardDeviationMicrosecondsPerInvocation="0"/>
      <ClassProfile name="edu.umd.cs.findbugs.classfile.engine.ClassDataAnalysisEngine" totalMilliseconds="11" invocations="466" avgMicrosecondsPerInvocation="23" maxMicrosecondsPerInvocation="474" standardDeviationMicrosecondsPerInvocation="36"/>
      <ClassProfile name="edu.umd.cs.findbugs.detect.NoteDirectlyRelevantTypeQualifiers" totalMilliseconds="11" invocations="24" avgMicrosecondsPerInvocation="458" maxMicrosecondsPerInvocation="4518" standardDeviationMicrosecondsPerInvocation="896"/>
    </FindBugsProfile>
  </FindBugsSummary>
  <ClassFeatures></ClassFeatures>
  <History></History>
</BugCollection>
