<?xml version="1.0" encoding="UTF-8"?>

<BugCollection version="4.7.3" sequence="0" timestamp="1698475135187" analysisTimestamp="1698510696143" release="">
  <Project projectName="">
    <Jar>/mnt/disk3/lty/JLeaks/data/classfile/bug-233-b86b7b9dae71677394686d4771155a881af7c17ed6337fa03e701ee83ebf2f99.class</Jar>
  </Project>
  <Errors errors="0" missingClasses="51">
    <MissingClass>io.axoniq.axonserver.connector.AxonServerConnection</MissingClass>
    <MissingClass>io.axoniq.axonserver.connector.ResultStream</MissingClass>
    <MissingClass>io.axoniq.axonserver.connector.ResultStreamPublisher</MissingClass>
    <MissingClass>io.axoniq.axonserver.connector.query.QueryChannel</MissingClass>
    <MissingClass>io.axoniq.axonserver.connector.query.QueryDefinition</MissingClass>
    <MissingClass>org.axonframework.axonserver.connector.AxonServerConfiguration</MissingClass>
    <MissingClass>org.axonframework.axonserver.connector.AxonServerConfiguration$FlowControlConfiguration</MissingClass>
    <MissingClass>org.axonframework.axonserver.connector.AxonServerConnectionManager</MissingClass>
    <MissingClass>org.axonframework.axonserver.connector.DispatchInterceptors</MissingClass>
    <MissingClass>org.axonframework.axonserver.connector.ErrorCode</MissingClass>
    <MissingClass>org.axonframework.axonserver.connector.PriorityRunnable</MissingClass>
    <MissingClass>org.axonframework.axonserver.connector.TargetContextResolver</MissingClass>
    <MissingClass>org.axonframework.axonserver.connector.command.AxonServerRegistration</MissingClass>
    <MissingClass>org.axonframework.axonserver.connector.query.AxonServerQueryBus$ActivityFinisher</MissingClass>
    <MissingClass>org.axonframework.axonserver.connector.query.AxonServerQueryBus$Builder</MissingClass>
    <MissingClass>org.axonframework.axonserver.connector.query.AxonServerQueryBus$LocalSegmentAdapter</MissingClass>
    <MissingClass>org.axonframework.axonserver.connector.query.AxonServerQueryBus$QueryResponseSpliterator</MissingClass>
    <MissingClass>org.axonframework.axonserver.connector.query.AxonServerQueryBus$ResponseProcessingTask</MissingClass>
    <MissingClass>org.axonframework.axonserver.connector.query.QueryPriorityCalculator</MissingClass>
    <MissingClass>org.axonframework.axonserver.connector.query.QuerySerializer</MissingClass>
    <MissingClass>org.axonframework.axonserver.connector.query.subscription.AxonServerSubscriptionQueryResult</MissingClass>
    <MissingClass>org.axonframework.axonserver.connector.query.subscription.SubscriptionMessageSerializer</MissingClass>
    <MissingClass>org.axonframework.axonserver.connector.util.ExecutorServiceBuilder</MissingClass>
    <MissingClass>org.axonframework.axonserver.connector.util.PriorityTaskSchedulers</MissingClass>
    <MissingClass>org.axonframework.common.Assert</MissingClass>
    <MissingClass>org.axonframework.common.AxonException</MissingClass>
    <MissingClass>org.axonframework.common.StringUtils</MissingClass>
    <MissingClass>org.axonframework.lifecycle.Lifecycle$LifecycleHandler</MissingClass>
    <MissingClass>org.axonframework.lifecycle.Lifecycle$LifecycleRegistry</MissingClass>
    <MissingClass>org.axonframework.lifecycle.ShutdownLatch</MissingClass>
    <MissingClass>org.axonframework.lifecycle.ShutdownLatch$ActivityHandle</MissingClass>
    <MissingClass>org.axonframework.messaging.GenericMessage</MissingClass>
    <MissingClass>org.axonframework.messaging.MessageHandler</MissingClass>
    <MissingClass>org.axonframework.messaging.responsetypes.ConvertingResponseMessage</MissingClass>
    <MissingClass>org.axonframework.messaging.responsetypes.InstanceResponseType</MissingClass>
    <MissingClass>org.axonframework.messaging.responsetypes.MultipleInstancesResponseType</MissingClass>
    <MissingClass>org.axonframework.messaging.responsetypes.ResponseType</MissingClass>
    <MissingClass>org.axonframework.queryhandling.GenericQueryResponseMessage</MissingClass>
    <MissingClass>org.axonframework.queryhandling.QueryBus</MissingClass>
    <MissingClass>org.axonframework.queryhandling.QueryMessage</MissingClass>
    <MissingClass>org.axonframework.queryhandling.QueryResponseMessage</MissingClass>
    <MissingClass>org.axonframework.queryhandling.QueryUpdateEmitter</MissingClass>
    <MissingClass>org.axonframework.queryhandling.StreamingQueryMessage</MissingClass>
    <MissingClass>org.axonframework.queryhandling.SubscriptionQueryMessage</MissingClass>
    <MissingClass>org.axonframework.tracing.Span</MissingClass>
    <MissingClass>org.axonframework.tracing.SpanFactory</MissingClass>
    <MissingClass>org.axonframework.tracing.SpanScope</MissingClass>
    <MissingClass>org.slf4j.Logger</MissingClass>
    <MissingClass>org.slf4j.LoggerFactory</MissingClass>
    <MissingClass>reactor.core.publisher.Flux</MissingClass>
    <MissingClass>reactor.core.publisher.Mono</MissingClass>
  </Errors>
  <FindBugsSummary timestamp="Sat, 28 Oct 2023 14:38:55 +0800" total_classes="1" referenced_classes="40" total_bugs="0" total_size="246" num_packages="1" java_version="1.8.0_382" vm_version="25.382-b05" cpu_seconds="8.90" clock_seconds="0.99" peak_mbytes="398.21" alloc_mbytes="1820.50" gc_seconds="0.04">
    <PackageStats package="org.axonframework.axonserver.connector.query" total_bugs="0" total_types="1" total_size="246">
      <ClassStats class="org.axonframework.axonserver.connector.query.AxonServerQueryBus" sourceFile="AxonServerQueryBus.java" interface="false" size="246" bugs="0"/>
    </PackageStats>
    <FindBugsProfile>
      <ClassProfile name="edu.umd.cs.findbugs.classfile.engine.ClassInfoAnalysisEngine" totalMilliseconds="125" invocations="561" avgMicrosecondsPerInvocation="223" maxMicrosecondsPerInvocation="16362" standardDeviationMicrosecondsPerInvocation="795"/>
      <ClassProfile name="edu.umd.cs.findbugs.detect.NoteDirectlyRelevantTypeQualifiers" totalMilliseconds="61" invocations="40" avgMicrosecondsPerInvocation="1531" maxMicrosecondsPerInvocation="42345" standardDeviationMicrosecondsPerInvocation="6595"/>
      <ClassProfile name="edu.umd.cs.findbugs.detect.FieldItemSummary" totalMilliseconds="45" invocations="40" avgMicrosecondsPerInvocation="1138" maxMicrosecondsPerInvocation="6455" standardDeviationMicrosecondsPerInvocation="1607"/>
      <ClassProfile name="edu.umd.cs.findbugs.detect.FindNoSideEffectMethods" totalMilliseconds="35" invocations="40" avgMicrosecondsPerInvocation="877" maxMicrosecondsPerInvocation="5024" standardDeviationMicrosecondsPerInvocation="1250"/>
      <ClassProfile name="edu.umd.cs.findbugs.classfile.engine.bcel.IsNullValueDataflowFactory" totalMilliseconds="30" invocations="52" avgMicrosecondsPerInvocation="577" maxMicrosecondsPerInvocation="3827" standardDeviationMicrosecondsPerInvocation="917"/>
      <ClassProfile name="edu.umd.cs.findbugs.OpcodeStack$JumpInfoFactory" totalMilliseconds="26" invocations="168" avgMicrosecondsPerInvocation="157" maxMicrosecondsPerInvocation="1810" standardDeviationMicrosecondsPerInvocation="213"/>
      <ClassProfile name="edu.umd.cs.findbugs.classfile.engine.bcel.TypeDataflowFactory" totalMilliseconds="24" invocations="52" avgMicrosecondsPerInvocation="471" maxMicrosecondsPerInvocation="5397" standardDeviationMicrosecondsPerInvocation="919"/>
      <ClassProfile name="edu.umd.cs.findbugs.classfile.engine.bcel.ValueNumberDataflowFactory" totalMilliseconds="23" invocations="52" avgMicrosecondsPerInvocation="442" maxMicrosecondsPerInvocation="7574" standardDeviationMicrosecondsPerInvocation="1073"/>
      <ClassProfile name="edu.umd.cs.findbugs.classfile.engine.bcel.MethodGenFactory" totalMilliseconds="22" invocations="52" avgMicrosecondsPerInvocation="437" maxMicrosecondsPerInvocation="18702" standardDeviationMicrosecondsPerInvocation="2559"/>
      <ClassProfile name="edu.umd.cs.findbugs.classfile.engine.bcel.JavaClassAnalysisEngine" totalMilliseconds="21" invocations="120" avgMicrosecondsPerInvocation="178" maxMicrosecondsPerInvocation="9210" standardDeviationMicrosecondsPerInvocation="867"/>
      <ClassProfile name="edu.umd.cs.findbugs.classfile.engine.bcel.CFGFactory" totalMilliseconds="19" invocations="52" avgMicrosecondsPerInvocation="380" maxMicrosecondsPerInvocation="7654" standardDeviationMicrosecondsPerInvocation="1063"/>
      <ClassProfile name="edu.umd.cs.findbugs.detect.CalledMethods" totalMilliseconds="18" invocations="40" avgMicrosecondsPerInvocation="452" maxMicrosecondsPerInvocation="5583" standardDeviationMicrosecondsPerInvocation="947"/>
      <ClassProfile name="edu.umd.cs.findbugs.detect.FindOpenStream" totalMilliseconds="17" invocations="1" avgMicrosecondsPerInvocation="17024" maxMicrosecondsPerInvocation="17024" standardDeviationMicrosecondsPerInvocation="0"/>
      <ClassProfile name="edu.umd.cs.findbugs.util.TopologicalSort" totalMilliseconds="16" invocations="451" avgMicrosecondsPerInvocation="37" maxMicrosecondsPerInvocation="755" standardDeviationMicrosecondsPerInvocation="77"/>
      <ClassProfile name="edu.umd.cs.findbugs.ba.npe.NullDerefAndRedundantComparisonFinder" totalMilliseconds="16" invocations="51" avgMicrosecondsPerInvocation="327" maxMicrosecondsPerInvocation="2657" standardDeviationMicrosecondsPerInvocation="584"/>
      <ClassProfile name="edu.umd.cs.findbugs.classfile.engine.bcel.UnconditionalValueDerefDataflowFactory" totalMilliseconds="15" invocations="51" avgMicrosecondsPerInvocation="307" maxMicrosecondsPerInvocation="2210" standardDeviationMicrosecondsPerInvocation="502"/>
      <ClassProfile name="edu.umd.cs.findbugs.detect.FunctionsThatMightBeMistakenForProcedures" totalMilliseconds="15" invocations="40" avgMicrosecondsPerInvocation="390" maxMicrosecondsPerInvocation="3429" standardDeviationMicrosecondsPerInvocation="693"/>
      <ClassProfile name="edu.umd.cs.findbugs.classfile.engine.ClassDataAnalysisEngine" totalMilliseconds="14" invocations="566" avgMicrosecondsPerInvocation="25" maxMicrosecondsPerInvocation="690" standardDeviationMicrosecondsPerInvocation="41"/>
      <ClassProfile name="edu.umd.cs.findbugs.detect.OverridingEqualsNotSymmetrical" totalMilliseconds="12" invocations="40" avgMicrosecondsPerInvocation="310" maxMicrosecondsPerInvocation="6853" standardDeviationMicrosecondsPerInvocation="1061"/>
      <ClassProfile name="edu.umd.cs.findbugs.detect.BuildObligationPolicyDatabase" totalMilliseconds="11" invocations="40" avgMicrosecondsPerInvocation="299" maxMicrosecondsPerInvocation="1772" standardDeviationMicrosecondsPerInvocation="416"/>
    </FindBugsProfile>
  </FindBugsSummary>
  <ClassFeatures></ClassFeatures>
  <History></History>
</BugCollection>
