<?xml version="1.0" encoding="UTF-8"?>

<BugCollection version="4.7.3" sequence="0" timestamp="1698475141606" analysisTimestamp="1698510981584" release="">
  <Project projectName="">
    <Jar>/mnt/disk3/lty/JLeaks/data/classfile/bug-288-05ad2e57a6fe0b236e1bf296b4f165ef268d7b7ff3440cdcedebb87e7b004d75.class</Jar>
  </Project>
  <Errors errors="0" missingClasses="5">
    <MissingClass>com.clickhouse.client.ClickHouseByteBuffer</MissingClass>
    <MissingClass>com.clickhouse.client.ClickHouseDataUpdater</MissingClass>
    <MissingClass>com.clickhouse.client.ClickHouseInputStream</MissingClass>
    <MissingClass>com.clickhouse.client.ClickHouseOutputStream</MissingClass>
    <MissingClass>com.clickhouse.client.ClickHouseUtils</MissingClass>
  </Errors>
  <FindBugsSummary timestamp="Sat, 28 Oct 2023 14:39:01 +0800" total_classes="1" referenced_classes="15" total_bugs="0" total_size="165" num_packages="1" java_version="1.8.0_382" vm_version="25.382-b05" cpu_seconds="5.52" clock_seconds="0.69" peak_mbytes="384.04" alloc_mbytes="1820.50" gc_seconds="0.04">
    <PackageStats package="com.clickhouse.client.stream" total_bugs="0" total_types="1" total_size="165">
      <ClassStats class="com.clickhouse.client.stream.AbstractByteArrayInputStream" sourceFile="AbstractByteArrayInputStream.java" interface="false" size="165" bugs="0"/>
    </PackageStats>
    <FindBugsProfile>
      <ClassProfile name="edu.umd.cs.findbugs.classfile.engine.ClassInfoAnalysisEngine" totalMilliseconds="94" invocations="279" avgMicrosecondsPerInvocation="337" maxMicrosecondsPerInvocation="10909" standardDeviationMicrosecondsPerInvocation="857"/>
      <ClassProfile name="edu.umd.cs.findbugs.classfile.engine.bcel.ValueNumberDataflowFactory" totalMilliseconds="21" invocations="13" avgMicrosecondsPerInvocation="1676" maxMicrosecondsPerInvocation="6881" standardDeviationMicrosecondsPerInvocation="1791"/>
      <ClassProfile name="edu.umd.cs.findbugs.classfile.engine.bcel.MethodGenFactory" totalMilliseconds="19" invocations="14" avgMicrosecondsPerInvocation="1395" maxMicrosecondsPerInvocation="16523" standardDeviationMicrosecondsPerInvocation="4198"/>
      <ClassProfile name="edu.umd.cs.findbugs.detect.FieldItemSummary" totalMilliseconds="17" invocations="15" avgMicrosecondsPerInvocation="1195" maxMicrosecondsPerInvocation="6572" standardDeviationMicrosecondsPerInvocation="1805"/>
      <ClassProfile name="edu.umd.cs.findbugs.classfile.engine.bcel.TypeDataflowFactory" totalMilliseconds="16" invocations="13" avgMicrosecondsPerInvocation="1242" maxMicrosecondsPerInvocation="5041" standardDeviationMicrosecondsPerInvocation="1374"/>
      <ClassProfile name="edu.umd.cs.findbugs.classfile.engine.bcel.IsNullValueDataflowFactory" totalMilliseconds="15" invocations="13" avgMicrosecondsPerInvocation="1214" maxMicrosecondsPerInvocation="7590" standardDeviationMicrosecondsPerInvocation="1967"/>
      <ClassProfile name="edu.umd.cs.findbugs.OpcodeStack$JumpInfoFactory" totalMilliseconds="15" invocations="67" avgMicrosecondsPerInvocation="235" maxMicrosecondsPerInvocation="1824" standardDeviationMicrosecondsPerInvocation="330"/>
      <ClassProfile name="edu.umd.cs.findbugs.classfile.engine.bcel.JavaClassAnalysisEngine" totalMilliseconds="13" invocations="30" avgMicrosecondsPerInvocation="458" maxMicrosecondsPerInvocation="8225" standardDeviationMicrosecondsPerInvocation="1486"/>
      <ClassProfile name="edu.umd.cs.findbugs.classfile.engine.bcel.CFGFactory" totalMilliseconds="13" invocations="13" avgMicrosecondsPerInvocation="1009" maxMicrosecondsPerInvocation="7159" standardDeviationMicrosecondsPerInvocation="1789"/>
      <ClassProfile name="edu.umd.cs.findbugs.util.TopologicalSort" totalMilliseconds="12" invocations="246" avgMicrosecondsPerInvocation="51" maxMicrosecondsPerInvocation="763" standardDeviationMicrosecondsPerInvocation="93"/>
      <ClassProfile name="edu.umd.cs.findbugs.classfile.engine.bcel.UnconditionalValueDerefDataflowFactory" totalMilliseconds="12" invocations="13" avgMicrosecondsPerInvocation="940" maxMicrosecondsPerInvocation="5342" standardDeviationMicrosecondsPerInvocation="1418"/>
    </FindBugsProfile>
  </FindBugsSummary>
  <ClassFeatures></ClassFeatures>
  <History></History>
</BugCollection>
