<?xml version="1.0" encoding="UTF-8"?>

<BugCollection version="4.7.3" sequence="0" timestamp="1698475131735" analysisTimestamp="1698509798274" release="">
  <Project projectName="">
    <Jar>/mnt/disk3/lty/JLeaks/data/classfile/bug-203-69a99cc059206d80123cebafc75ebb673bc1c99560d2ff4ede9a41b9389dc28f.class</Jar>
  </Project>
  <Errors errors="0" missingClasses="1">
    <MissingClass>org.apache.pulsar.common.util.ClassLoaderUtils</MissingClass>
  </Errors>
  <FindBugsSummary timestamp="Sat, 28 Oct 2023 14:38:51 +0800" total_classes="1" referenced_classes="40" total_bugs="0" total_size="160" num_packages="1" java_version="1.8.0_382" vm_version="25.382-b05" cpu_seconds="10.81" clock_seconds="1.20" peak_mbytes="397.93" alloc_mbytes="1820.50" gc_seconds="0.06">
    <PackageStats package="org.apache.pulsar.common.util" total_bugs="0" total_types="1" total_size="160">
      <ClassStats class="org.apache.pulsar.common.util.Reflections" sourceFile="Reflections.java" interface="false" size="160" bugs="0"/>
    </PackageStats>
    <FindBugsProfile>
      <ClassProfile name="edu.umd.cs.findbugs.classfile.engine.ClassInfoAnalysisEngine" totalMilliseconds="162" invocations="519" avgMicrosecondsPerInvocation="312" maxMicrosecondsPerInvocation="14917" standardDeviationMicrosecondsPerInvocation="819"/>
      <ClassProfile name="edu.umd.cs.findbugs.detect.FunctionsThatMightBeMistakenForProcedures" totalMilliseconds="81" invocations="40" avgMicrosecondsPerInvocation="2047" maxMicrosecondsPerInvocation="68489" standardDeviationMicrosecondsPerInvocation="10648"/>
      <ClassProfile name="edu.umd.cs.findbugs.detect.FieldItemSummary" totalMilliseconds="59" invocations="40" avgMicrosecondsPerInvocation="1476" maxMicrosecondsPerInvocation="7529" standardDeviationMicrosecondsPerInvocation="1849"/>
      <ClassProfile name="edu.umd.cs.findbugs.OpcodeStack$JumpInfoFactory" totalMilliseconds="49" invocations="220" avgMicrosecondsPerInvocation="224" maxMicrosecondsPerInvocation="1812" standardDeviationMicrosecondsPerInvocation="288"/>
      <ClassProfile name="edu.umd.cs.findbugs.detect.FindNoSideEffectMethods" totalMilliseconds="41" invocations="40" avgMicrosecondsPerInvocation="1027" maxMicrosecondsPerInvocation="5079" standardDeviationMicrosecondsPerInvocation="1406"/>
      <ClassProfile name="edu.umd.cs.findbugs.classfile.engine.bcel.TypeDataflowFactory" totalMilliseconds="39" invocations="20" avgMicrosecondsPerInvocation="1990" maxMicrosecondsPerInvocation="6032" standardDeviationMicrosecondsPerInvocation="1628"/>
      <ClassProfile name="edu.umd.cs.findbugs.classfile.engine.bcel.IsNullValueDataflowFactory" totalMilliseconds="34" invocations="13" avgMicrosecondsPerInvocation="2664" maxMicrosecondsPerInvocation="16225" standardDeviationMicrosecondsPerInvocation="4363"/>
      <ClassProfile name="edu.umd.cs.findbugs.classfile.engine.bcel.JavaClassAnalysisEngine" totalMilliseconds="29" invocations="67" avgMicrosecondsPerInvocation="442" maxMicrosecondsPerInvocation="9909" standardDeviationMicrosecondsPerInvocation="1296"/>
      <ClassProfile name="edu.umd.cs.findbugs.classfile.engine.bcel.ValueNumberDataflowFactory" totalMilliseconds="29" invocations="20" avgMicrosecondsPerInvocation="1474" maxMicrosecondsPerInvocation="7728" standardDeviationMicrosecondsPerInvocation="1660"/>
      <ClassProfile name="edu.umd.cs.findbugs.detect.NoteDirectlyRelevantTypeQualifiers" totalMilliseconds="28" invocations="40" avgMicrosecondsPerInvocation="714" maxMicrosecondsPerInvocation="5054" standardDeviationMicrosecondsPerInvocation="1132"/>
      <ClassProfile name="edu.umd.cs.findbugs.classfile.engine.bcel.CFGFactory" totalMilliseconds="22" invocations="13" avgMicrosecondsPerInvocation="1730" maxMicrosecondsPerInvocation="9202" standardDeviationMicrosecondsPerInvocation="2270"/>
      <ClassProfile name="edu.umd.cs.findbugs.classfile.engine.bcel.MethodGenFactory" totalMilliseconds="22" invocations="13" avgMicrosecondsPerInvocation="1729" maxMicrosecondsPerInvocation="18824" standardDeviationMicrosecondsPerInvocation="4945"/>
      <ClassProfile name="edu.umd.cs.findbugs.classfile.engine.bcel.UnconditionalValueDerefDataflowFactory" totalMilliseconds="21" invocations="13" avgMicrosecondsPerInvocation="1634" maxMicrosecondsPerInvocation="5251" standardDeviationMicrosecondsPerInvocation="1510"/>
      <ClassProfile name="edu.umd.cs.findbugs.util.TopologicalSort" totalMilliseconds="21" invocations="485" avgMicrosecondsPerInvocation="43" maxMicrosecondsPerInvocation="784" standardDeviationMicrosecondsPerInvocation="80"/>
      <ClassProfile name="edu.umd.cs.findbugs.detect.OverridingEqualsNotSymmetrical" totalMilliseconds="17" invocations="40" avgMicrosecondsPerInvocation="443" maxMicrosecondsPerInvocation="8169" standardDeviationMicrosecondsPerInvocation="1266"/>
      <ClassProfile name="edu.umd.cs.findbugs.classfile.engine.ClassDataAnalysisEngine" totalMilliseconds="17" invocations="521" avgMicrosecondsPerInvocation="33" maxMicrosecondsPerInvocation="1325" standardDeviationMicrosecondsPerInvocation="84"/>
      <ClassProfile name="edu.umd.cs.findbugs.detect.CalledMethods" totalMilliseconds="16" invocations="40" avgMicrosecondsPerInvocation="421" maxMicrosecondsPerInvocation="2539" standardDeviationMicrosecondsPerInvocation="639"/>
      <ClassProfile name="edu.umd.cs.findbugs.detect.ReflectiveClasses" totalMilliseconds="16" invocations="40" avgMicrosecondsPerInvocation="407" maxMicrosecondsPerInvocation="2900" standardDeviationMicrosecondsPerInvocation="735"/>
    </FindBugsProfile>
  </FindBugsSummary>
  <ClassFeatures></ClassFeatures>
  <History></History>
</BugCollection>
