<?xml version="1.0" encoding="UTF-8"?>

<BugCollection version="4.7.3" sequence="0" timestamp="1698475201552" analysisTimestamp="1698513877181" release="">
  <Project projectName="">
    <Jar>/mnt/disk3/lty/JLeaks/data/classfile/bug-751-2ad20af9c6615325f52d43c6800f9ffbfe4edbec0238c739e31f775e76b0c0ca.class</Jar>
  </Project>
  <Errors errors="0" missingClasses="39">
    <MissingClass>com.google.common.collect.ImmutableList</MissingClass>
    <MissingClass>com.google.common.collect.ImmutableMultimap</MissingClass>
    <MissingClass>it.unibz.inf.ontop.answering.connection.OntopConnection</MissingClass>
    <MissingClass>it.unibz.inf.ontop.answering.connection.OntopStatement</MissingClass>
    <MissingClass>it.unibz.inf.ontop.exception.MinorOntopInternalBugException</MissingClass>
    <MissingClass>it.unibz.inf.ontop.exception.OntopConnectionException</MissingClass>
    <MissingClass>it.unibz.inf.ontop.exception.OntopKGQueryException</MissingClass>
    <MissingClass>it.unibz.inf.ontop.exception.OntopReformulationException</MissingClass>
    <MissingClass>it.unibz.inf.ontop.iq.IQ</MissingClass>
    <MissingClass>it.unibz.inf.ontop.iq.IQTree</MissingClass>
    <MissingClass>it.unibz.inf.ontop.iq.node.NativeNode</MissingClass>
    <MissingClass>it.unibz.inf.ontop.query.KGQueryFactory</MissingClass>
    <MissingClass>it.unibz.inf.ontop.rdf4j.query.impl.OntopBooleanQuery</MissingClass>
    <MissingClass>it.unibz.inf.ontop.rdf4j.query.impl.OntopGraphQuery</MissingClass>
    <MissingClass>it.unibz.inf.ontop.rdf4j.query.impl.OntopTupleQuery</MissingClass>
    <MissingClass>it.unibz.inf.ontop.rdf4j.repository.OntopRepository</MissingClass>
    <MissingClass>it.unibz.inf.ontop.rdf4j.repository.OntopRepositoryConnection</MissingClass>
    <MissingClass>org.eclipse.rdf4j.common.iteration.CloseableIteratorIteration</MissingClass>
    <MissingClass>org.eclipse.rdf4j.common.transaction.IsolationLevels</MissingClass>
    <MissingClass>org.eclipse.rdf4j.model.Resource</MissingClass>
    <MissingClass>org.eclipse.rdf4j.model.Statement</MissingClass>
    <MissingClass>org.eclipse.rdf4j.model.impl.SimpleNamespace</MissingClass>
    <MissingClass>org.eclipse.rdf4j.model.impl.SimpleValueFactory</MissingClass>
    <MissingClass>org.eclipse.rdf4j.query.GraphQuery</MissingClass>
    <MissingClass>org.eclipse.rdf4j.query.GraphQueryResult</MissingClass>
    <MissingClass>org.eclipse.rdf4j.query.MalformedQueryException</MissingClass>
    <MissingClass>org.eclipse.rdf4j.query.QueryEvaluationException</MissingClass>
    <MissingClass>org.eclipse.rdf4j.query.QueryLanguage</MissingClass>
    <MissingClass>org.eclipse.rdf4j.query.parser.ParsedQuery</MissingClass>
    <MissingClass>org.eclipse.rdf4j.query.parser.QueryParserUtil</MissingClass>
    <MissingClass>org.eclipse.rdf4j.queryrender.RenderUtils</MissingClass>
    <MissingClass>org.eclipse.rdf4j.repository.RepositoryException</MissingClass>
    <MissingClass>org.eclipse.rdf4j.repository.RepositoryResult</MissingClass>
    <MissingClass>org.eclipse.rdf4j.rio.RDFFormat</MissingClass>
    <MissingClass>org.eclipse.rdf4j.rio.RDFHandler</MissingClass>
    <MissingClass>org.eclipse.rdf4j.rio.RDFParser</MissingClass>
    <MissingClass>org.eclipse.rdf4j.rio.Rio</MissingClass>
    <MissingClass>org.slf4j.Logger</MissingClass>
    <MissingClass>org.slf4j.LoggerFactory</MissingClass>
  </Errors>
  <FindBugsSummary timestamp="Sat, 28 Oct 2023 14:40:01 +0800" total_classes="1" referenced_classes="28" total_bugs="0" total_size="259" num_packages="1" java_version="1.8.0_382" vm_version="25.382-b05" cpu_seconds="9.39" clock_seconds="0.95" peak_mbytes="399.34" alloc_mbytes="1820.50" gc_seconds="0.04">
    <PackageStats package="it.unibz.inf.ontop.rdf4j.repository.impl" total_bugs="0" total_types="1" total_size="259">
      <ClassStats class="it.unibz.inf.ontop.rdf4j.repository.impl.OntopRepositoryConnectionImpl" sourceFile="OntopRepositoryConnectionImpl.java" interface="false" size="259" bugs="0"/>
    </PackageStats>
    <FindBugsProfile>
      <ClassProfile name="edu.umd.cs.findbugs.classfile.engine.ClassInfoAnalysisEngine" totalMilliseconds="121" invocations="475" avgMicrosecondsPerInvocation="256" maxMicrosecondsPerInvocation="14407" standardDeviationMicrosecondsPerInvocation="788"/>
      <ClassProfile name="edu.umd.cs.findbugs.detect.ReflectiveClasses" totalMilliseconds="51" invocations="28" avgMicrosecondsPerInvocation="1842" maxMicrosecondsPerInvocation="43041" standardDeviationMicrosecondsPerInvocation="7939"/>
      <ClassProfile name="edu.umd.cs.findbugs.detect.FieldItemSummary" totalMilliseconds="39" invocations="28" avgMicrosecondsPerInvocation="1418" maxMicrosecondsPerInvocation="6182" standardDeviationMicrosecondsPerInvocation="1603"/>
      <ClassProfile name="edu.umd.cs.findbugs.OpcodeStack$JumpInfoFactory" totalMilliseconds="32" invocations="175" avgMicrosecondsPerInvocation="184" maxMicrosecondsPerInvocation="1597" standardDeviationMicrosecondsPerInvocation="225"/>
      <ClassProfile name="edu.umd.cs.findbugs.detect.FindNoSideEffectMethods" totalMilliseconds="28" invocations="28" avgMicrosecondsPerInvocation="1006" maxMicrosecondsPerInvocation="4069" standardDeviationMicrosecondsPerInvocation="1237"/>
      <ClassProfile name="edu.umd.cs.findbugs.classfile.engine.bcel.IsNullValueDataflowFactory" totalMilliseconds="26" invocations="60" avgMicrosecondsPerInvocation="433" maxMicrosecondsPerInvocation="5885" standardDeviationMicrosecondsPerInvocation="847"/>
      <ClassProfile name="edu.umd.cs.findbugs.classfile.engine.bcel.TypeDataflowFactory" totalMilliseconds="25" invocations="61" avgMicrosecondsPerInvocation="411" maxMicrosecondsPerInvocation="6021" standardDeviationMicrosecondsPerInvocation="832"/>
      <ClassProfile name="edu.umd.cs.findbugs.ba.npe.NullDerefAndRedundantComparisonFinder" totalMilliseconds="23" invocations="60" avgMicrosecondsPerInvocation="397" maxMicrosecondsPerInvocation="9811" standardDeviationMicrosecondsPerInvocation="1265"/>
      <ClassProfile name="edu.umd.cs.findbugs.classfile.engine.bcel.MethodGenFactory" totalMilliseconds="22" invocations="60" avgMicrosecondsPerInvocation="368" maxMicrosecondsPerInvocation="16824" standardDeviationMicrosecondsPerInvocation="2143"/>
      <ClassProfile name="edu.umd.cs.findbugs.classfile.engine.bcel.CFGFactory" totalMilliseconds="21" invocations="60" avgMicrosecondsPerInvocation="357" maxMicrosecondsPerInvocation="7700" standardDeviationMicrosecondsPerInvocation="985"/>
      <ClassProfile name="edu.umd.cs.findbugs.classfile.engine.bcel.ValueNumberDataflowFactory" totalMilliseconds="21" invocations="61" avgMicrosecondsPerInvocation="350" maxMicrosecondsPerInvocation="7795" standardDeviationMicrosecondsPerInvocation="1002"/>
      <ClassProfile name="edu.umd.cs.findbugs.classfile.engine.bcel.JavaClassAnalysisEngine" totalMilliseconds="19" invocations="78" avgMicrosecondsPerInvocation="248" maxMicrosecondsPerInvocation="8402" standardDeviationMicrosecondsPerInvocation="982"/>
      <ClassProfile name="edu.umd.cs.findbugs.detect.NoteDirectlyRelevantTypeQualifiers" totalMilliseconds="18" invocations="28" avgMicrosecondsPerInvocation="644" maxMicrosecondsPerInvocation="4570" standardDeviationMicrosecondsPerInvocation="916"/>
      <ClassProfile name="edu.umd.cs.findbugs.classfile.engine.bcel.UnconditionalValueDerefDataflowFactory" totalMilliseconds="15" invocations="60" avgMicrosecondsPerInvocation="262" maxMicrosecondsPerInvocation="1614" standardDeviationMicrosecondsPerInvocation="347"/>
      <ClassProfile name="edu.umd.cs.findbugs.util.TopologicalSort" totalMilliseconds="15" invocations="378" avgMicrosecondsPerInvocation="40" maxMicrosecondsPerInvocation="997" standardDeviationMicrosecondsPerInvocation="78"/>
      <ClassProfile name="edu.umd.cs.findbugs.detect.CalledMethods" totalMilliseconds="13" invocations="28" avgMicrosecondsPerInvocation="492" maxMicrosecondsPerInvocation="2504" standardDeviationMicrosecondsPerInvocation="619"/>
      <ClassProfile name="edu.umd.cs.findbugs.classfile.engine.ClassDataAnalysisEngine" totalMilliseconds="11" invocations="478" avgMicrosecondsPerInvocation="24" maxMicrosecondsPerInvocation="439" standardDeviationMicrosecondsPerInvocation="29"/>
      <ClassProfile name="edu.umd.cs.findbugs.detect.FunctionsThatMightBeMistakenForProcedures" totalMilliseconds="11" invocations="28" avgMicrosecondsPerInvocation="408" maxMicrosecondsPerInvocation="2254" standardDeviationMicrosecondsPerInvocation="567"/>
      <ClassProfile name="edu.umd.cs.findbugs.detect.OverridingEqualsNotSymmetrical" totalMilliseconds="11" invocations="28" avgMicrosecondsPerInvocation="402" maxMicrosecondsPerInvocation="6249" standardDeviationMicrosecondsPerInvocation="1139"/>
    </FindBugsProfile>
  </FindBugsSummary>
  <ClassFeatures></ClassFeatures>
  <History></History>
</BugCollection>
