<?xml version="1.0" encoding="UTF-8"?>

<BugCollection version="4.7.3" sequence="0" timestamp="1698475145514" analysisTimestamp="1698511166648" release="">
  <Project projectName="">
    <Jar>/mnt/disk3/lty/JLeaks/data/classfile/bug-321-35124bc0ee1a6d8b64a9ec9a03c1d8bdc203a18f3c8c81174575936b83ee8cae.class</Jar>
  </Project>
  <Errors errors="0" missingClasses="3">
    <MissingClass>com.github.davidmoten.rx.jdbc.OperationQuerySelect$QuerySelectOnSubscribe</MissingClass>
    <MissingClass>org.slf4j.LoggerFactory</MissingClass>
    <MissingClass>rx.Observable</MissingClass>
  </Errors>
  <FindBugsSummary timestamp="Sat, 28 Oct 2023 14:39:05 +0800" total_classes="1" referenced_classes="10" total_bugs="0" total_size="10" num_packages="1" java_version="1.8.0_382" vm_version="25.382-b05" cpu_seconds="3.96" clock_seconds="0.54" peak_mbytes="401.04" alloc_mbytes="1820.50" gc_seconds="0.04">
    <PackageStats package="com.github.davidmoten.rx.jdbc" total_bugs="0" total_types="1" total_size="10">
      <ClassStats class="com.github.davidmoten.rx.jdbc.OperationQuerySelect" sourceFile="OperationQuerySelect.java" interface="false" size="10" bugs="0"/>
    </PackageStats>
    <FindBugsProfile>
      <ClassProfile name="edu.umd.cs.findbugs.classfile.engine.ClassInfoAnalysisEngine" totalMilliseconds="99" invocations="303" avgMicrosecondsPerInvocation="328" maxMicrosecondsPerInvocation="10416" standardDeviationMicrosecondsPerInvocation="838"/>
      <ClassProfile name="edu.umd.cs.findbugs.detect.FunctionsThatMightBeMistakenForProcedures" totalMilliseconds="48" invocations="10" avgMicrosecondsPerInvocation="4846" maxMicrosecondsPerInvocation="45743" standardDeviationMicrosecondsPerInvocation="13639"/>
      <ClassProfile name="edu.umd.cs.findbugs.classfile.engine.bcel.MethodGenFactory" totalMilliseconds="16" invocations="4" avgMicrosecondsPerInvocation="4217" maxMicrosecondsPerInvocation="16402" standardDeviationMicrosecondsPerInvocation="7035"/>
      <ClassProfile name="edu.umd.cs.findbugs.detect.FieldItemSummary" totalMilliseconds="16" invocations="10" avgMicrosecondsPerInvocation="1637" maxMicrosecondsPerInvocation="5753" standardDeviationMicrosecondsPerInvocation="2030"/>
      <ClassProfile name="edu.umd.cs.findbugs.classfile.engine.bcel.JavaClassAnalysisEngine" totalMilliseconds="13" invocations="27" avgMicrosecondsPerInvocation="506" maxMicrosecondsPerInvocation="8381" standardDeviationMicrosecondsPerInvocation="1593"/>
      <ClassProfile name="edu.umd.cs.findbugs.util.TopologicalSort" totalMilliseconds="12" invocations="264" avgMicrosecondsPerInvocation="48" maxMicrosecondsPerInvocation="632" standardDeviationMicrosecondsPerInvocation="87"/>
      <ClassProfile name="edu.umd.cs.findbugs.detect.FindNoSideEffectMethods" totalMilliseconds="12" invocations="10" avgMicrosecondsPerInvocation="1204" maxMicrosecondsPerInvocation="5317" standardDeviationMicrosecondsPerInvocation="1592"/>
      <ClassProfile name="edu.umd.cs.findbugs.OpcodeStack$JumpInfoFactory" totalMilliseconds="11" invocations="39" avgMicrosecondsPerInvocation="303" maxMicrosecondsPerInvocation="1255" standardDeviationMicrosecondsPerInvocation="282"/>
    </FindBugsProfile>
  </FindBugsSummary>
  <ClassFeatures></ClassFeatures>
  <History></History>
</BugCollection>
