<?xml version="1.0" encoding="UTF-8"?>

<BugCollection version="4.7.3" sequence="0" timestamp="1698475134143" analysisTimestamp="1698510598734" release="">
  <Project projectName="">
    <Jar>/mnt/disk3/lty/JLeaks/data/classfile/bug-224-05e4042886ae90c0866338c7eddafafdae467218582f6845051169f40d34a6ff.class</Jar>
  </Project>
  <Errors errors="0" missingClasses="15">
    <MissingClass>org.asamk.signal.UserAlreadyExists</MissingClass>
    <MissingClass>org.asamk.signal.manager.KeyUtils</MissingClass>
    <MissingClass>org.asamk.signal.manager.Manager</MissingClass>
    <MissingClass>org.asamk.signal.manager.PathConfig</MissingClass>
    <MissingClass>org.asamk.signal.manager.Utils</MissingClass>
    <MissingClass>org.asamk.signal.manager.Utils$DeviceLinkInfo</MissingClass>
    <MissingClass>org.asamk.signal.storage.SignalAccount</MissingClass>
    <MissingClass>org.signal.zkgroup.profiles.ProfileKey</MissingClass>
    <MissingClass>org.whispersystems.libsignal.IdentityKey</MissingClass>
    <MissingClass>org.whispersystems.libsignal.IdentityKeyPair</MissingClass>
    <MissingClass>org.whispersystems.libsignal.util.KeyHelper</MissingClass>
    <MissingClass>org.whispersystems.signalservice.api.SignalServiceAccountManager</MissingClass>
    <MissingClass>org.whispersystems.signalservice.api.SignalServiceAccountManager$NewDeviceRegistrationReturn</MissingClass>
    <MissingClass>org.whispersystems.signalservice.api.util.UptimeSleepTimer</MissingClass>
    <MissingClass>org.whispersystems.signalservice.internal.configuration.SignalServiceConfiguration</MissingClass>
  </Errors>
  <FindBugsSummary timestamp="Sat, 28 Oct 2023 14:38:54 +0800" total_classes="1" referenced_classes="13" total_bugs="0" total_size="45" num_packages="1" java_version="1.8.0_382" vm_version="25.382-b05" cpu_seconds="5.38" clock_seconds="0.67" peak_mbytes="381.05" alloc_mbytes="1820.50" gc_seconds="0.04">
    <PackageStats package="org.asamk.signal.manager" total_bugs="0" total_types="1" total_size="45">
      <ClassStats class="org.asamk.signal.manager.ProvisioningManager" sourceFile="ProvisioningManager.java" interface="false" size="45" bugs="0"/>
    </PackageStats>
    <FindBugsProfile>
      <ClassProfile name="edu.umd.cs.findbugs.classfile.engine.ClassInfoAnalysisEngine" totalMilliseconds="109" invocations="332" avgMicrosecondsPerInvocation="329" maxMicrosecondsPerInvocation="11139" standardDeviationMicrosecondsPerInvocation="845"/>
      <ClassProfile name="edu.umd.cs.findbugs.detect.FindNoSideEffectMethods" totalMilliseconds="58" invocations="13" avgMicrosecondsPerInvocation="4481" maxMicrosecondsPerInvocation="47196" standardDeviationMicrosecondsPerInvocation="12387"/>
      <ClassProfile name="edu.umd.cs.findbugs.detect.FieldItemSummary" totalMilliseconds="21" invocations="13" avgMicrosecondsPerInvocation="1648" maxMicrosecondsPerInvocation="6646" standardDeviationMicrosecondsPerInvocation="2069"/>
      <ClassProfile name="edu.umd.cs.findbugs.classfile.engine.bcel.MethodGenFactory" totalMilliseconds="18" invocations="3" avgMicrosecondsPerInvocation="6170" maxMicrosecondsPerInvocation="17498" standardDeviationMicrosecondsPerInvocation="8014"/>
      <ClassProfile name="edu.umd.cs.findbugs.OpcodeStack$JumpInfoFactory" totalMilliseconds="17" invocations="62" avgMicrosecondsPerInvocation="276" maxMicrosecondsPerInvocation="1898" standardDeviationMicrosecondsPerInvocation="344"/>
      <ClassProfile name="edu.umd.cs.findbugs.classfile.engine.bcel.JavaClassAnalysisEngine" totalMilliseconds="16" invocations="43" avgMicrosecondsPerInvocation="385" maxMicrosecondsPerInvocation="9629" standardDeviationMicrosecondsPerInvocation="1472"/>
      <ClassProfile name="edu.umd.cs.findbugs.util.TopologicalSort" totalMilliseconds="14" invocations="280" avgMicrosecondsPerInvocation="52" maxMicrosecondsPerInvocation="856" standardDeviationMicrosecondsPerInvocation="98"/>
      <ClassProfile name="edu.umd.cs.findbugs.classfile.engine.bcel.ValueNumberDataflowFactory" totalMilliseconds="11" invocations="3" avgMicrosecondsPerInvocation="3911" maxMicrosecondsPerInvocation="8266" standardDeviationMicrosecondsPerInvocation="3209"/>
    </FindBugsProfile>
  </FindBugsSummary>
  <ClassFeatures></ClassFeatures>
  <History></History>
</BugCollection>
