<?xml version="1.0" encoding="UTF-8"?>

<BugCollection version="4.7.3" sequence="0" timestamp="1698475115219" analysisTimestamp="1698508173341" release="">
  <Project projectName="">
    <Jar>/mnt/disk3/lty/JLeaks/data/classfile/bug-53-7db66d8a4a5a1d0fc0baf1e116c57885f786ee095ef9059ce7265fbdf757ff95.class</Jar>
  </Project>
  <BugInstance type="OS_OPEN_STREAM_EXCEPTION_PATH" priority="3" rank="19" abbrev="OS" category="BAD_PRACTICE">
    <Class classname="org.apache.beam.runners.apex.ApexYarnLauncher">
      <SourceLine classname="org.apache.beam.runners.apex.ApexYarnLauncher" start="81" end="384" sourcefile="ApexYarnLauncher.java" sourcepath="org/apache/beam/runners/apex/ApexYarnLauncher.java"/>
    </Class>
    <Method classname="org.apache.beam.runners.apex.ApexYarnLauncher" name="createJar" signature="(Ljava/io/File;Ljava/io/File;)V" isStatic="true">
      <SourceLine classname="org.apache.beam.runners.apex.ApexYarnLauncher" start="236" end="294" startBytecode="0" endBytecode="126" sourcefile="ApexYarnLauncher.java" sourcepath="org/apache/beam/runners/apex/ApexYarnLauncher.java"/>
    </Method>
    <Type descriptor="Ljava/io/OutputStream;" role="TYPE_CLOSEIT">
      <SourceLine classname="java.io.OutputStream" start="46" end="152" sourcefile="OutputStream.java" sourcepath="java/io/OutputStream.java"/>
    </Type>
    <SourceLine classname="org.apache.beam.runners.apex.ApexYarnLauncher" start="245" end="245" startBytecode="131" endBytecode="131" sourcefile="ApexYarnLauncher.java" sourcepath="org/apache/beam/runners/apex/ApexYarnLauncher.java"/>
  </BugInstance>
  <BugInstance type="OS_OPEN_STREAM_EXCEPTION_PATH" priority="3" rank="19" abbrev="OS" category="BAD_PRACTICE">
    <Class classname="org.apache.beam.runners.apex.ApexYarnLauncher">
      <SourceLine classname="org.apache.beam.runners.apex.ApexYarnLauncher" start="81" end="384" sourcefile="ApexYarnLauncher.java" sourcepath="org/apache/beam/runners/apex/ApexYarnLauncher.java"/>
    </Class>
    <Method classname="org.apache.beam.runners.apex.ApexYarnLauncher" name="getYarnDeployDependencies" signature="()Ljava/util/List;" isStatic="true">
      <SourceLine classname="org.apache.beam.runners.apex.ApexYarnLauncher" start="176" end="225" startBytecode="0" endBytecode="185" sourcefile="ApexYarnLauncher.java" sourcepath="org/apache/beam/runners/apex/ApexYarnLauncher.java"/>
    </Method>
    <Type descriptor="Ljava/io/Reader;" role="TYPE_CLOSEIT">
      <SourceLine classname="java.io.Reader" start="66" end="249" sourcefile="Reader.java" sourcepath="java/io/Reader.java"/>
    </Type>
    <SourceLine classname="org.apache.beam.runners.apex.ApexYarnLauncher" start="177" end="177" startBytecode="8" endBytecode="8" sourcefile="ApexYarnLauncher.java" sourcepath="org/apache/beam/runners/apex/ApexYarnLauncher.java"/>
  </BugInstance>
  <Errors errors="0" missingClasses="21">
    <MissingClass>com.datatorrent.api.Attribute$AttributeMap</MissingClass>
    <MissingClass>com.datatorrent.api.Attribute$AttributeMap$DefaultAttributeMap</MissingClass>
    <MissingClass>com.datatorrent.api.DAG</MissingClass>
    <MissingClass>com.datatorrent.api.StreamingApplication</MissingClass>
    <MissingClass>com.google.common.base.Preconditions</MissingClass>
    <MissingClass>com.google.common.collect.Sets</MissingClass>
    <MissingClass>org.apache.apex.api.EmbeddedAppLauncher</MissingClass>
    <MissingClass>org.apache.apex.api.Launcher</MissingClass>
    <MissingClass>org.apache.apex.api.Launcher$LaunchMode</MissingClass>
    <MissingClass>org.apache.apex.api.YarnAppLauncher</MissingClass>
    <MissingClass>org.apache.beam.runners.apex.ApexYarnLauncher$1</MissingClass>
    <MissingClass>org.apache.beam.runners.apex.ApexYarnLauncher$2</MissingClass>
    <MissingClass>org.apache.beam.runners.apex.ApexYarnLauncher$3</MissingClass>
    <MissingClass>org.apache.beam.runners.apex.ApexYarnLauncher$LaunchParams</MissingClass>
    <MissingClass>org.apache.beam.runners.apex.ApexYarnLauncher$ProcessWatcher</MissingClass>
    <MissingClass>org.apache.commons.io.FileUtils</MissingClass>
    <MissingClass>org.apache.commons.io.IOUtils</MissingClass>
    <MissingClass>org.apache.commons.lang3.SerializationUtils</MissingClass>
    <MissingClass>org.apache.hadoop.conf.Configuration</MissingClass>
    <MissingClass>org.slf4j.Logger</MissingClass>
    <MissingClass>org.slf4j.LoggerFactory</MissingClass>
  </Errors>
  <FindBugsSummary timestamp="Sat, 28 Oct 2023 14:38:35 +0800" total_classes="1" referenced_classes="53" total_bugs="2" total_size="145" num_packages="1" java_version="1.8.0_382" vm_version="25.382-b05" cpu_seconds="9.89" clock_seconds="1.02" peak_mbytes="410.41" alloc_mbytes="1820.50" gc_seconds="0.04" priority_3="2">
    <PackageStats package="org.apache.beam.runners.apex" total_bugs="2" total_types="1" total_size="145" priority_3="2">
      <ClassStats class="org.apache.beam.runners.apex.ApexYarnLauncher" sourceFile="ApexYarnLauncher.java" interface="false" size="145" bugs="2" priority_3="2"/>
    </PackageStats>
    <FindBugsProfile>
      <ClassProfile name="edu.umd.cs.findbugs.classfile.engine.ClassInfoAnalysisEngine" totalMilliseconds="133" invocations="627" avgMicrosecondsPerInvocation="212" maxMicrosecondsPerInvocation="12320" standardDeviationMicrosecondsPerInvocation="617"/>
      <ClassProfile name="edu.umd.cs.findbugs.detect.FieldItemSummary" totalMilliseconds="45" invocations="53" avgMicrosecondsPerInvocation="865" maxMicrosecondsPerInvocation="6536" standardDeviationMicrosecondsPerInvocation="1167"/>
      <ClassProfile name="edu.umd.cs.findbugs.classfile.engine.bcel.MethodFactory" totalMilliseconds="43" invocations="31" avgMicrosecondsPerInvocation="1411" maxMicrosecondsPerInvocation="42465" standardDeviationMicrosecondsPerInvocation="7495"/>
      <ClassProfile name="edu.umd.cs.findbugs.OpcodeStack$JumpInfoFactory" totalMilliseconds="41" invocations="217" avgMicrosecondsPerInvocation="190" maxMicrosecondsPerInvocation="1757" standardDeviationMicrosecondsPerInvocation="237"/>
      <ClassProfile name="edu.umd.cs.findbugs.detect.FindNoSideEffectMethods" totalMilliseconds="39" invocations="53" avgMicrosecondsPerInvocation="747" maxMicrosecondsPerInvocation="2955" standardDeviationMicrosecondsPerInvocation="902"/>
      <ClassProfile name="edu.umd.cs.findbugs.classfile.engine.bcel.IsNullValueDataflowFactory" totalMilliseconds="30" invocations="11" avgMicrosecondsPerInvocation="2811" maxMicrosecondsPerInvocation="12402" standardDeviationMicrosecondsPerInvocation="3487"/>
      <ClassProfile name="edu.umd.cs.findbugs.classfile.engine.bcel.TypeDataflowFactory" totalMilliseconds="25" invocations="12" avgMicrosecondsPerInvocation="2156" maxMicrosecondsPerInvocation="7694" standardDeviationMicrosecondsPerInvocation="2396"/>
      <ClassProfile name="edu.umd.cs.findbugs.classfile.engine.bcel.ValueNumberDataflowFactory" totalMilliseconds="24" invocations="12" avgMicrosecondsPerInvocation="2005" maxMicrosecondsPerInvocation="9219" standardDeviationMicrosecondsPerInvocation="2854"/>
      <ClassProfile name="edu.umd.cs.findbugs.classfile.engine.bcel.JavaClassAnalysisEngine" totalMilliseconds="23" invocations="108" avgMicrosecondsPerInvocation="217" maxMicrosecondsPerInvocation="8614" standardDeviationMicrosecondsPerInvocation="862"/>
      <ClassProfile name="edu.umd.cs.findbugs.classfile.engine.bcel.MethodGenFactory" totalMilliseconds="20" invocations="11" avgMicrosecondsPerInvocation="1881" maxMicrosecondsPerInvocation="17646" standardDeviationMicrosecondsPerInvocation="4995"/>
      <ClassProfile name="edu.umd.cs.findbugs.classfile.engine.bcel.UnconditionalValueDerefDataflowFactory" totalMilliseconds="19" invocations="11" avgMicrosecondsPerInvocation="1813" maxMicrosecondsPerInvocation="4720" standardDeviationMicrosecondsPerInvocation="1755"/>
      <ClassProfile name="edu.umd.cs.findbugs.detect.NoteDirectlyRelevantTypeQualifiers" totalMilliseconds="18" invocations="53" avgMicrosecondsPerInvocation="347" maxMicrosecondsPerInvocation="4557" standardDeviationMicrosecondsPerInvocation="660"/>
      <ClassProfile name="edu.umd.cs.findbugs.classfile.engine.bcel.CFGFactory" totalMilliseconds="17" invocations="11" avgMicrosecondsPerInvocation="1602" maxMicrosecondsPerInvocation="7540" standardDeviationMicrosecondsPerInvocation="2154"/>
      <ClassProfile name="edu.umd.cs.findbugs.util.TopologicalSort" totalMilliseconds="16" invocations="570" avgMicrosecondsPerInvocation="29" maxMicrosecondsPerInvocation="647" standardDeviationMicrosecondsPerInvocation="59"/>
      <ClassProfile name="edu.umd.cs.findbugs.detect.FindOpenStream" totalMilliseconds="16" invocations="1" avgMicrosecondsPerInvocation="16450" maxMicrosecondsPerInvocation="16450" standardDeviationMicrosecondsPerInvocation="0"/>
      <ClassProfile name="edu.umd.cs.findbugs.classfile.engine.ClassDataAnalysisEngine" totalMilliseconds="14" invocations="633" avgMicrosecondsPerInvocation="22" maxMicrosecondsPerInvocation="426" standardDeviationMicrosecondsPerInvocation="28"/>
      <ClassProfile name="edu.umd.cs.findbugs.detect.OverridingEqualsNotSymmetrical" totalMilliseconds="13" invocations="53" avgMicrosecondsPerInvocation="260" maxMicrosecondsPerInvocation="6283" standardDeviationMicrosecondsPerInvocation="850"/>
      <ClassProfile name="edu.umd.cs.findbugs.detect.FunctionsThatMightBeMistakenForProcedures" totalMilliseconds="13" invocations="53" avgMicrosecondsPerInvocation="250" maxMicrosecondsPerInvocation="3563" standardDeviationMicrosecondsPerInvocation="537"/>
      <ClassProfile name="edu.umd.cs.findbugs.detect.BuildObligationPolicyDatabase" totalMilliseconds="12" invocations="53" avgMicrosecondsPerInvocation="237" maxMicrosecondsPerInvocation="1232" standardDeviationMicrosecondsPerInvocation="288"/>
      <ClassProfile name="edu.umd.cs.findbugs.ba.npe.NullDerefAndRedundantComparisonFinder" totalMilliseconds="12" invocations="11" avgMicrosecondsPerInvocation="1124" maxMicrosecondsPerInvocation="3183" standardDeviationMicrosecondsPerInvocation="1070"/>
    </FindBugsProfile>
  </FindBugsSummary>
  <ClassFeatures></ClassFeatures>
  <History></History>
</BugCollection>
