<?xml version="1.0" encoding="UTF-8"?>

<BugCollection version="4.7.3" sequence="0" timestamp="1698475249646" analysisTimestamp="1698520654155" release="">
  <Project projectName="">
    <Jar>/mnt/disk3/lty/JLeaks/data/classfile/bug-1073-aa75eafbc88736c17b5ce6ecdad4a9dd11fd4d1a486788eea99f9059be1e57b7.class</Jar>
  </Project>
  <BugInstance type="OS_OPEN_STREAM_EXCEPTION_PATH" priority="3" rank="19" abbrev="OS" category="BAD_PRACTICE">
    <Class classname="org.sqlite.SQLiteConnection">
      <SourceLine classname="org.sqlite.SQLiteConnection" start="25" end="525" sourcefile="SQLiteConnection.java" sourcepath="org/sqlite/SQLiteConnection.java"/>
    </Class>
    <Method classname="org.sqlite.SQLiteConnection" name="extractResource" signature="(Ljava/net/URL;)Ljava/io/File;" isStatic="true">
      <SourceLine classname="org.sqlite.SQLiteConnection" start="262" end="310" startBytecode="0" endBytecode="116" sourcefile="SQLiteConnection.java" sourcepath="org/sqlite/SQLiteConnection.java"/>
    </Method>
    <Type descriptor="Ljava/io/OutputStream;" role="TYPE_CLOSEIT">
      <SourceLine classname="java.io.OutputStream" start="46" end="152" sourcefile="OutputStream.java" sourcepath="java/io/OutputStream.java"/>
    </Type>
    <SourceLine classname="org.sqlite.SQLiteConnection" start="299" end="299" startBytecode="163" endBytecode="163" sourcefile="SQLiteConnection.java" sourcepath="org/sqlite/SQLiteConnection.java"/>
  </BugInstance>
  <Errors errors="0" missingClasses="7">
    <MissingClass>org.sqlite.SQLiteConfig</MissingClass>
    <MissingClass>org.sqlite.SQLiteConnectionConfig</MissingClass>
    <MissingClass>org.sqlite.SQLiteLimits</MissingClass>
    <MissingClass>org.sqlite.core.CoreDatabaseMetaData</MissingClass>
    <MissingClass>org.sqlite.core.DB</MissingClass>
    <MissingClass>org.sqlite.core.NativeDB</MissingClass>
    <MissingClass>org.sqlite.jdbc4.JDBC4DatabaseMetaData</MissingClass>
  </Errors>
  <FindBugsSummary timestamp="Sat, 28 Oct 2023 14:40:49 +0800" total_classes="1" referenced_classes="33" total_bugs="1" total_size="228" num_packages="1" java_version="1.8.0_382" vm_version="25.382-b05" cpu_seconds="8.88" clock_seconds="0.91" peak_mbytes="397.79" alloc_mbytes="1820.50" gc_seconds="0.04" priority_3="1">
    <PackageStats package="org.sqlite" total_bugs="1" total_types="1" total_size="228" priority_3="1">
      <ClassStats class="org.sqlite.SQLiteConnection" sourceFile="SQLiteConnection.java" interface="false" size="228" bugs="1" priority_3="1"/>
    </PackageStats>
    <FindBugsProfile>
      <ClassProfile name="edu.umd.cs.findbugs.classfile.engine.ClassInfoAnalysisEngine" totalMilliseconds="123" invocations="488" avgMicrosecondsPerInvocation="252" maxMicrosecondsPerInvocation="11505" standardDeviationMicrosecondsPerInvocation="691"/>
      <ClassProfile name="edu.umd.cs.findbugs.OpcodeStack$JumpInfoFactory" totalMilliseconds="69" invocations="154" avgMicrosecondsPerInvocation="450" maxMicrosecondsPerInvocation="41829" standardDeviationMicrosecondsPerInvocation="3353"/>
      <ClassProfile name="edu.umd.cs.findbugs.detect.FieldItemSummary" totalMilliseconds="33" invocations="33" avgMicrosecondsPerInvocation="1015" maxMicrosecondsPerInvocation="6311" standardDeviationMicrosecondsPerInvocation="1303"/>
      <ClassProfile name="edu.umd.cs.findbugs.detect.FindNoSideEffectMethods" totalMilliseconds="29" invocations="33" avgMicrosecondsPerInvocation="906" maxMicrosecondsPerInvocation="3515" standardDeviationMicrosecondsPerInvocation="975"/>
      <ClassProfile name="edu.umd.cs.findbugs.classfile.engine.bcel.IsNullValueDataflowFactory" totalMilliseconds="27" invocations="36" avgMicrosecondsPerInvocation="769" maxMicrosecondsPerInvocation="6323" standardDeviationMicrosecondsPerInvocation="1575"/>
      <ClassProfile name="edu.umd.cs.findbugs.classfile.engine.bcel.TypeDataflowFactory" totalMilliseconds="26" invocations="38" avgMicrosecondsPerInvocation="705" maxMicrosecondsPerInvocation="6055" standardDeviationMicrosecondsPerInvocation="1390"/>
      <ClassProfile name="edu.umd.cs.findbugs.classfile.engine.bcel.ValueNumberDataflowFactory" totalMilliseconds="25" invocations="38" avgMicrosecondsPerInvocation="676" maxMicrosecondsPerInvocation="7218" standardDeviationMicrosecondsPerInvocation="1464"/>
      <ClassProfile name="edu.umd.cs.findbugs.classfile.engine.bcel.MethodGenFactory" totalMilliseconds="21" invocations="36" avgMicrosecondsPerInvocation="583" maxMicrosecondsPerInvocation="16062" standardDeviationMicrosecondsPerInvocation="2628"/>
      <ClassProfile name="edu.umd.cs.findbugs.classfile.engine.bcel.UnconditionalValueDerefDataflowFactory" totalMilliseconds="19" invocations="36" avgMicrosecondsPerInvocation="532" maxMicrosecondsPerInvocation="5478" standardDeviationMicrosecondsPerInvocation="1193"/>
      <ClassProfile name="edu.umd.cs.findbugs.classfile.engine.bcel.CFGFactory" totalMilliseconds="18" invocations="36" avgMicrosecondsPerInvocation="523" maxMicrosecondsPerInvocation="7184" standardDeviationMicrosecondsPerInvocation="1253"/>
      <ClassProfile name="edu.umd.cs.findbugs.classfile.engine.bcel.JavaClassAnalysisEngine" totalMilliseconds="18" invocations="70" avgMicrosecondsPerInvocation="266" maxMicrosecondsPerInvocation="8477" standardDeviationMicrosecondsPerInvocation="1022"/>
      <ClassProfile name="edu.umd.cs.findbugs.util.TopologicalSort" totalMilliseconds="16" invocations="445" avgMicrosecondsPerInvocation="36" maxMicrosecondsPerInvocation="1250" standardDeviationMicrosecondsPerInvocation="87"/>
      <ClassProfile name="edu.umd.cs.findbugs.detect.NoteDirectlyRelevantTypeQualifiers" totalMilliseconds="13" invocations="33" avgMicrosecondsPerInvocation="413" maxMicrosecondsPerInvocation="4420" standardDeviationMicrosecondsPerInvocation="770"/>
      <ClassProfile name="edu.umd.cs.findbugs.ba.npe.NullDerefAndRedundantComparisonFinder" totalMilliseconds="11" invocations="36" avgMicrosecondsPerInvocation="319" maxMicrosecondsPerInvocation="2215" standardDeviationMicrosecondsPerInvocation="558"/>
      <ClassProfile name="edu.umd.cs.findbugs.detect.OverridingEqualsNotSymmetrical" totalMilliseconds="11" invocations="33" avgMicrosecondsPerInvocation="337" maxMicrosecondsPerInvocation="6191" standardDeviationMicrosecondsPerInvocation="1050"/>
      <ClassProfile name="edu.umd.cs.findbugs.classfile.engine.ClassDataAnalysisEngine" totalMilliseconds="11" invocations="491" avgMicrosecondsPerInvocation="22" maxMicrosecondsPerInvocation="451" standardDeviationMicrosecondsPerInvocation="32"/>
    </FindBugsProfile>
  </FindBugsSummary>
  <ClassFeatures></ClassFeatures>
  <History></History>
</BugCollection>
