<?xml version="1.0" encoding="UTF-8"?>

<BugCollection version="4.7.3" sequence="0" timestamp="1698475151930" analysisTimestamp="1698511575444" release="">
  <Project projectName="">
    <Jar>/mnt/disk3/lty/JLeaks/data/classfile/bug-374-241a3ef3cb4a176043364a28cf4865960892dbde72aa2595e356d5178241fc9b.class</Jar>
  </Project>
  <Errors errors="0" missingClasses="0"></Errors>
  <FindBugsSummary timestamp="Sat, 28 Oct 2023 14:39:11 +0800" total_classes="1" referenced_classes="20" total_bugs="0" total_size="24" num_packages="1" java_version="1.8.0_382" vm_version="25.382-b05" cpu_seconds="4.79" clock_seconds="0.63" peak_mbytes="391.47" alloc_mbytes="1820.50" gc_seconds="0.04">
    <PackageStats package="io.ebean.dbmigration.migrationreader" total_bugs="0" total_types="1" total_size="24">
      <ClassStats class="io.ebean.dbmigration.migrationreader.MigrationXmlWriter" sourceFile="MigrationXmlWriter.java" interface="false" size="24" bugs="0"/>
    </PackageStats>
    <FindBugsProfile>
      <ClassProfile name="edu.umd.cs.findbugs.classfile.engine.ClassInfoAnalysisEngine" totalMilliseconds="107" invocations="354" avgMicrosecondsPerInvocation="304" maxMicrosecondsPerInvocation="9319" standardDeviationMicrosecondsPerInvocation="737"/>
      <ClassProfile name="edu.umd.cs.findbugs.detect.FieldItemSummary" totalMilliseconds="64" invocations="20" avgMicrosecondsPerInvocation="3221" maxMicrosecondsPerInvocation="46333" standardDeviationMicrosecondsPerInvocation="9988"/>
      <ClassProfile name="edu.umd.cs.findbugs.classfile.engine.bcel.MethodGenFactory" totalMilliseconds="17" invocations="2" avgMicrosecondsPerInvocation="8964" maxMicrosecondsPerInvocation="16649" standardDeviationMicrosecondsPerInvocation="7685"/>
      <ClassProfile name="edu.umd.cs.findbugs.classfile.engine.bcel.JavaClassAnalysisEngine" totalMilliseconds="16" invocations="40" avgMicrosecondsPerInvocation="406" maxMicrosecondsPerInvocation="8825" standardDeviationMicrosecondsPerInvocation="1388"/>
      <ClassProfile name="edu.umd.cs.findbugs.OpcodeStack$JumpInfoFactory" totalMilliseconds="15" invocations="66" avgMicrosecondsPerInvocation="238" maxMicrosecondsPerInvocation="1554" standardDeviationMicrosecondsPerInvocation="276"/>
      <ClassProfile name="edu.umd.cs.findbugs.detect.FindNoSideEffectMethods" totalMilliseconds="15" invocations="20" avgMicrosecondsPerInvocation="780" maxMicrosecondsPerInvocation="4849" standardDeviationMicrosecondsPerInvocation="1069"/>
      <ClassProfile name="edu.umd.cs.findbugs.util.TopologicalSort" totalMilliseconds="15" invocations="321" avgMicrosecondsPerInvocation="46" maxMicrosecondsPerInvocation="1028" standardDeviationMicrosecondsPerInvocation="96"/>
    </FindBugsProfile>
  </FindBugsSummary>
  <ClassFeatures></ClassFeatures>
  <History></History>
</BugCollection>
