<?xml version="1.0" encoding="UTF-8"?>

<BugCollection version="4.7.3" sequence="0" timestamp="1698475186040" analysisTimestamp="1698513150805" release="">
  <Project projectName="">
    <Jar>/mnt/disk3/lty/JLeaks/data/classfile/bug-639-938799fc9ff2ef5a48195866d5f74f53fc4d6632c024908ac1612c596ce51128.class</Jar>
  </Project>
  <BugInstance type="OS_OPEN_STREAM_EXCEPTION_PATH" priority="3" rank="19" abbrev="OS" category="BAD_PRACTICE">
    <Class classname="org.joda.time.tz.ZoneInfoCompiler">
      <SourceLine classname="org.joda.time.tz.ZoneInfoCompiler" start="68" end="511" sourcefile="ZoneInfoCompiler.java" sourcepath="org/joda/time/tz/ZoneInfoCompiler.java"/>
    </Class>
    <Method classname="org.joda.time.tz.ZoneInfoCompiler" name="compile" signature="(Ljava/io/File;[Ljava/io/File;)Ljava/util/Map;" isStatic="false">
      <SourceLine classname="org.joda.time.tz.ZoneInfoCompiler" start="367" end="452" startBytecode="0" endBytecode="282" sourcefile="ZoneInfoCompiler.java" sourcepath="org/joda/time/tz/ZoneInfoCompiler.java"/>
    </Method>
    <Type descriptor="Ljava/io/InputStream;" role="TYPE_CLOSEIT">
      <SourceLine classname="java.io.InputStream" start="45" end="364" sourcefile="InputStream.java" sourcepath="java/io/InputStream.java"/>
    </Type>
    <SourceLine classname="org.joda.time.tz.ZoneInfoCompiler" start="408" end="408" startBytecode="335" endBytecode="335" sourcefile="ZoneInfoCompiler.java" sourcepath="org/joda/time/tz/ZoneInfoCompiler.java"/>
  </BugInstance>
  <BugInstance type="OS_OPEN_STREAM_EXCEPTION_PATH" priority="3" rank="19" abbrev="OS" category="BAD_PRACTICE">
    <Class classname="org.joda.time.tz.ZoneInfoCompiler">
      <SourceLine classname="org.joda.time.tz.ZoneInfoCompiler" start="68" end="511" sourcefile="ZoneInfoCompiler.java" sourcepath="org/joda/time/tz/ZoneInfoCompiler.java"/>
    </Class>
    <Method classname="org.joda.time.tz.ZoneInfoCompiler" name="compile" signature="(Ljava/io/File;[Ljava/io/File;)Ljava/util/Map;" isStatic="false">
      <SourceLine classname="org.joda.time.tz.ZoneInfoCompiler" start="367" end="452" startBytecode="0" endBytecode="282" sourcefile="ZoneInfoCompiler.java" sourcepath="org/joda/time/tz/ZoneInfoCompiler.java"/>
    </Method>
    <Type descriptor="Ljava/io/OutputStream;" role="TYPE_CLOSEIT">
      <SourceLine classname="java.io.OutputStream" start="46" end="152" sourcefile="OutputStream.java" sourcepath="java/io/OutputStream.java"/>
    </Type>
    <SourceLine classname="org.joda.time.tz.ZoneInfoCompiler" start="444" end="444" startBytecode="618" endBytecode="618" sourcefile="ZoneInfoCompiler.java" sourcepath="org/joda/time/tz/ZoneInfoCompiler.java"/>
    <SourceLine classname="org.joda.time.tz.ZoneInfoCompiler" start="403" end="403" startBytecode="307" endBytecode="307" sourcefile="ZoneInfoCompiler.java" sourcepath="org/joda/time/tz/ZoneInfoCompiler.java" role="SOURCE_LINE_ANOTHER_INSTANCE"/>
  </BugInstance>
  <BugInstance type="OS_OPEN_STREAM_EXCEPTION_PATH" priority="3" rank="19" abbrev="OS" category="BAD_PRACTICE">
    <Class classname="org.joda.time.tz.ZoneInfoCompiler">
      <SourceLine classname="org.joda.time.tz.ZoneInfoCompiler" start="68" end="511" sourcefile="ZoneInfoCompiler.java" sourcepath="org/joda/time/tz/ZoneInfoCompiler.java"/>
    </Class>
    <Method classname="org.joda.time.tz.ZoneInfoCompiler" name="compile" signature="(Ljava/io/File;[Ljava/io/File;)Ljava/util/Map;" isStatic="false">
      <SourceLine classname="org.joda.time.tz.ZoneInfoCompiler" start="367" end="452" startBytecode="0" endBytecode="282" sourcefile="ZoneInfoCompiler.java" sourcepath="org/joda/time/tz/ZoneInfoCompiler.java"/>
    </Method>
    <Type descriptor="Ljava/io/Reader;" role="TYPE_CLOSEIT">
      <SourceLine classname="java.io.Reader" start="66" end="249" sourcefile="Reader.java" sourcepath="java/io/Reader.java"/>
    </Type>
    <SourceLine classname="org.joda.time.tz.ZoneInfoCompiler" start="369" end="369" startBytecode="12" endBytecode="12" sourcefile="ZoneInfoCompiler.java" sourcepath="org/joda/time/tz/ZoneInfoCompiler.java"/>
  </BugInstance>
  <Errors errors="0" missingClasses="13">
    <MissingClass>org.joda.time.DateTime</MissingClass>
    <MissingClass>org.joda.time.DateTimeField</MissingClass>
    <MissingClass>org.joda.time.DateTimeZone</MissingClass>
    <MissingClass>org.joda.time.MutableDateTime</MissingClass>
    <MissingClass>org.joda.time.chrono.ISOChronology</MissingClass>
    <MissingClass>org.joda.time.chrono.LenientChronology</MissingClass>
    <MissingClass>org.joda.time.format.DateTimeFormatter</MissingClass>
    <MissingClass>org.joda.time.format.ISODateTimeFormat</MissingClass>
    <MissingClass>org.joda.time.tz.DateTimeZoneBuilder</MissingClass>
    <MissingClass>org.joda.time.tz.ZoneInfoCompiler$DateTimeOfYear</MissingClass>
    <MissingClass>org.joda.time.tz.ZoneInfoCompiler$Rule</MissingClass>
    <MissingClass>org.joda.time.tz.ZoneInfoCompiler$RuleSet</MissingClass>
    <MissingClass>org.joda.time.tz.ZoneInfoCompiler$Zone</MissingClass>
  </Errors>
  <FindBugsSummary timestamp="Sat, 28 Oct 2023 14:39:46 +0800" total_classes="1" referenced_classes="42" total_bugs="3" total_size="266" num_packages="1" java_version="1.8.0_382" vm_version="25.382-b05" cpu_seconds="10.20" clock_seconds="1.03" peak_mbytes="410.32" alloc_mbytes="1820.50" gc_seconds="0.04" priority_3="3">
    <PackageStats package="org.joda.time.tz" total_bugs="3" total_types="1" total_size="266" priority_3="3">
      <ClassStats class="org.joda.time.tz.ZoneInfoCompiler" sourceFile="ZoneInfoCompiler.java" interface="false" size="266" bugs="3" priority_3="3"/>
    </PackageStats>
    <FindBugsProfile>
      <ClassProfile name="edu.umd.cs.findbugs.classfile.engine.ClassInfoAnalysisEngine" totalMilliseconds="123" invocations="487" avgMicrosecondsPerInvocation="252" maxMicrosecondsPerInvocation="11948" standardDeviationMicrosecondsPerInvocation="694"/>
      <ClassProfile name="edu.umd.cs.findbugs.detect.NoteDirectlyRelevantTypeQualifiers" totalMilliseconds="58" invocations="42" avgMicrosecondsPerInvocation="1389" maxMicrosecondsPerInvocation="43655" standardDeviationMicrosecondsPerInvocation="6640"/>
      <ClassProfile name="edu.umd.cs.findbugs.classfile.engine.bcel.IsNullValueDataflowFactory" totalMilliseconds="38" invocations="17" avgMicrosecondsPerInvocation="2262" maxMicrosecondsPerInvocation="15268" standardDeviationMicrosecondsPerInvocation="3636"/>
      <ClassProfile name="edu.umd.cs.findbugs.detect.FieldItemSummary" totalMilliseconds="37" invocations="42" avgMicrosecondsPerInvocation="896" maxMicrosecondsPerInvocation="6073" standardDeviationMicrosecondsPerInvocation="1274"/>
      <ClassProfile name="edu.umd.cs.findbugs.classfile.engine.bcel.ValueNumberDataflowFactory" totalMilliseconds="32" invocations="18" avgMicrosecondsPerInvocation="1789" maxMicrosecondsPerInvocation="13158" standardDeviationMicrosecondsPerInvocation="3400"/>
      <ClassProfile name="edu.umd.cs.findbugs.classfile.engine.bcel.TypeDataflowFactory" totalMilliseconds="31" invocations="17" avgMicrosecondsPerInvocation="1855" maxMicrosecondsPerInvocation="12754" standardDeviationMicrosecondsPerInvocation="3208"/>
      <ClassProfile name="edu.umd.cs.findbugs.OpcodeStack$JumpInfoFactory" totalMilliseconds="31" invocations="168" avgMicrosecondsPerInvocation="187" maxMicrosecondsPerInvocation="1925" standardDeviationMicrosecondsPerInvocation="236"/>
      <ClassProfile name="edu.umd.cs.findbugs.detect.FindNoSideEffectMethods" totalMilliseconds="29" invocations="42" avgMicrosecondsPerInvocation="711" maxMicrosecondsPerInvocation="3960" standardDeviationMicrosecondsPerInvocation="900"/>
      <ClassProfile name="edu.umd.cs.findbugs.classfile.engine.bcel.UnconditionalValueDerefDataflowFactory" totalMilliseconds="28" invocations="17" avgMicrosecondsPerInvocation="1693" maxMicrosecondsPerInvocation="7688" standardDeviationMicrosecondsPerInvocation="2478"/>
      <ClassProfile name="edu.umd.cs.findbugs.classfile.engine.bcel.MethodGenFactory" totalMilliseconds="20" invocations="17" avgMicrosecondsPerInvocation="1215" maxMicrosecondsPerInvocation="16423" standardDeviationMicrosecondsPerInvocation="3820"/>
      <ClassProfile name="edu.umd.cs.findbugs.classfile.engine.bcel.JavaClassAnalysisEngine" totalMilliseconds="20" invocations="80" avgMicrosecondsPerInvocation="251" maxMicrosecondsPerInvocation="8890" standardDeviationMicrosecondsPerInvocation="1003"/>
      <ClassProfile name="edu.umd.cs.findbugs.detect.StreamResourceTracker" totalMilliseconds="20" invocations="21" avgMicrosecondsPerInvocation="955" maxMicrosecondsPerInvocation="1630" standardDeviationMicrosecondsPerInvocation="529"/>
      <ClassProfile name="edu.umd.cs.findbugs.classfile.engine.bcel.CFGFactory" totalMilliseconds="19" invocations="17" avgMicrosecondsPerInvocation="1121" maxMicrosecondsPerInvocation="9938" standardDeviationMicrosecondsPerInvocation="2293"/>
      <ClassProfile name="edu.umd.cs.findbugs.ba.npe.NullDerefAndRedundantComparisonFinder" totalMilliseconds="16" invocations="17" avgMicrosecondsPerInvocation="959" maxMicrosecondsPerInvocation="4075" standardDeviationMicrosecondsPerInvocation="1233"/>
      <ClassProfile name="edu.umd.cs.findbugs.util.TopologicalSort" totalMilliseconds="15" invocations="439" avgMicrosecondsPerInvocation="36" maxMicrosecondsPerInvocation="652" standardDeviationMicrosecondsPerInvocation="73"/>
      <ClassProfile name="edu.umd.cs.findbugs.detect.FindOpenStream" totalMilliseconds="15" invocations="1" avgMicrosecondsPerInvocation="15094" maxMicrosecondsPerInvocation="15094" standardDeviationMicrosecondsPerInvocation="0"/>
      <ClassProfile name="edu.umd.cs.findbugs.detect.OverridingEqualsNotSymmetrical" totalMilliseconds="13" invocations="42" avgMicrosecondsPerInvocation="317" maxMicrosecondsPerInvocation="7334" standardDeviationMicrosecondsPerInvocation="1106"/>
      <ClassProfile name="edu.umd.cs.findbugs.detect.FindRefComparison$SpecialTypeAnalysis" totalMilliseconds="13" invocations="16" avgMicrosecondsPerInvocation="830" maxMicrosecondsPerInvocation="4723" standardDeviationMicrosecondsPerInvocation="1246"/>
      <ClassProfile name="edu.umd.cs.findbugs.detect.FunctionsThatMightBeMistakenForProcedures" totalMilliseconds="12" invocations="42" avgMicrosecondsPerInvocation="301" maxMicrosecondsPerInvocation="3302" standardDeviationMicrosecondsPerInvocation="571"/>
      <ClassProfile name="edu.umd.cs.findbugs.classfile.engine.ClassDataAnalysisEngine" totalMilliseconds="11" invocations="489" avgMicrosecondsPerInvocation="23" maxMicrosecondsPerInvocation="441" standardDeviationMicrosecondsPerInvocation="29"/>
    </FindBugsProfile>
  </FindBugsSummary>
  <ClassFeatures></ClassFeatures>
  <History></History>
</BugCollection>
