<?xml version="1.0" encoding="UTF-8"?>

<BugCollection version="4.7.3" sequence="0" timestamp="1698475115007" analysisTimestamp="1698508168750" release="">
  <Project projectName="">
    <Jar>/mnt/disk3/lty/JLeaks/data/classfile/bug-51-de00b494cce84ed7c9f90d51dad5e20ded2747ee6e6a9279ba981ecfea5b0f09.class</Jar>
  </Project>
  <Errors errors="0" missingClasses="19">
    <MissingClass>org.apache.avro.AvroRuntimeException</MissingClass>
    <MissingClass>org.apache.avro.Schema</MissingClass>
    <MissingClass>org.apache.avro.data.Json$1</MissingClass>
    <MissingClass>org.apache.avro.data.Json$JsonType</MissingClass>
    <MissingClass>org.apache.avro.io.Decoder</MissingClass>
    <MissingClass>org.apache.avro.io.Encoder</MissingClass>
    <MissingClass>org.apache.avro.util.internal.JacksonUtils</MissingClass>
    <MissingClass>org.codehaus.jackson.JsonFactory</MissingClass>
    <MissingClass>org.codehaus.jackson.JsonNode</MissingClass>
    <MissingClass>org.codehaus.jackson.JsonToken</MissingClass>
    <MissingClass>org.codehaus.jackson.map.ObjectMapper</MissingClass>
    <MissingClass>org.codehaus.jackson.node.ArrayNode</MissingClass>
    <MissingClass>org.codehaus.jackson.node.BooleanNode</MissingClass>
    <MissingClass>org.codehaus.jackson.node.DoubleNode</MissingClass>
    <MissingClass>org.codehaus.jackson.node.JsonNodeFactory</MissingClass>
    <MissingClass>org.codehaus.jackson.node.LongNode</MissingClass>
    <MissingClass>org.codehaus.jackson.node.NullNode</MissingClass>
    <MissingClass>org.codehaus.jackson.node.ObjectNode</MissingClass>
    <MissingClass>org.codehaus.jackson.node.TextNode</MissingClass>
  </Errors>
  <FindBugsSummary timestamp="Sat, 28 Oct 2023 14:38:35 +0800" total_classes="1" referenced_classes="17" total_bugs="0" total_size="93" num_packages="1" java_version="1.8.0_382" vm_version="25.382-b05" cpu_seconds="6.12" clock_seconds="0.76" peak_mbytes="393.74" alloc_mbytes="1820.50" gc_seconds="0.04">
    <PackageStats package="org.apache.avro.data" total_bugs="0" total_types="1" total_size="93">
      <ClassStats class="org.apache.avro.data.Json" sourceFile="Json.java" interface="false" size="93" bugs="0"/>
    </PackageStats>
    <FindBugsProfile>
      <ClassProfile name="edu.umd.cs.findbugs.classfile.engine.ClassInfoAnalysisEngine" totalMilliseconds="107" invocations="340" avgMicrosecondsPerInvocation="316" maxMicrosecondsPerInvocation="13490" standardDeviationMicrosecondsPerInvocation="894"/>
      <ClassProfile name="edu.umd.cs.findbugs.classfile.engine.bcel.JavaClassAnalysisEngine" totalMilliseconds="56" invocations="51" avgMicrosecondsPerInvocation="1112" maxMicrosecondsPerInvocation="40382" standardDeviationMicrosecondsPerInvocation="5711"/>
      <ClassProfile name="edu.umd.cs.findbugs.detect.FieldItemSummary" totalMilliseconds="20" invocations="17" avgMicrosecondsPerInvocation="1226" maxMicrosecondsPerInvocation="6563" standardDeviationMicrosecondsPerInvocation="1876"/>
      <ClassProfile name="edu.umd.cs.findbugs.OpcodeStack$JumpInfoFactory" totalMilliseconds="20" invocations="73" avgMicrosecondsPerInvocation="282" maxMicrosecondsPerInvocation="2090" standardDeviationMicrosecondsPerInvocation="369"/>
      <ClassProfile name="edu.umd.cs.findbugs.classfile.engine.bcel.MethodGenFactory" totalMilliseconds="20" invocations="10" avgMicrosecondsPerInvocation="2025" maxMicrosecondsPerInvocation="17409" standardDeviationMicrosecondsPerInvocation="5142"/>
      <ClassProfile name="edu.umd.cs.findbugs.classfile.engine.bcel.IsNullValueDataflowFactory" totalMilliseconds="18" invocations="10" avgMicrosecondsPerInvocation="1870" maxMicrosecondsPerInvocation="5342" standardDeviationMicrosecondsPerInvocation="2247"/>
      <ClassProfile name="edu.umd.cs.findbugs.classfile.engine.bcel.TypeDataflowFactory" totalMilliseconds="18" invocations="11" avgMicrosecondsPerInvocation="1676" maxMicrosecondsPerInvocation="5292" standardDeviationMicrosecondsPerInvocation="1815"/>
      <ClassProfile name="edu.umd.cs.findbugs.classfile.engine.bcel.ValueNumberDataflowFactory" totalMilliseconds="17" invocations="11" avgMicrosecondsPerInvocation="1585" maxMicrosecondsPerInvocation="7007" standardDeviationMicrosecondsPerInvocation="2091"/>
      <ClassProfile name="edu.umd.cs.findbugs.classfile.engine.bcel.UnconditionalValueDerefDataflowFactory" totalMilliseconds="15" invocations="10" avgMicrosecondsPerInvocation="1571" maxMicrosecondsPerInvocation="6212" standardDeviationMicrosecondsPerInvocation="2261"/>
      <ClassProfile name="edu.umd.cs.findbugs.util.TopologicalSort" totalMilliseconds="14" invocations="283" avgMicrosecondsPerInvocation="50" maxMicrosecondsPerInvocation="608" standardDeviationMicrosecondsPerInvocation="91"/>
      <ClassProfile name="edu.umd.cs.findbugs.classfile.engine.bcel.CFGFactory" totalMilliseconds="14" invocations="10" avgMicrosecondsPerInvocation="1420" maxMicrosecondsPerInvocation="7310" standardDeviationMicrosecondsPerInvocation="2121"/>
      <ClassProfile name="edu.umd.cs.findbugs.detect.FindNoSideEffectMethods" totalMilliseconds="14" invocations="17" avgMicrosecondsPerInvocation="828" maxMicrosecondsPerInvocation="4132" standardDeviationMicrosecondsPerInvocation="1091"/>
    </FindBugsProfile>
  </FindBugsSummary>
  <ClassFeatures></ClassFeatures>
  <History></History>
</BugCollection>
