<?xml version="1.0" encoding="UTF-8"?>

<BugCollection version="4.7.3" sequence="0" timestamp="1698475138942" analysisTimestamp="1698510945475" release="">
  <Project projectName="">
    <Jar>/mnt/disk3/lty/JLeaks/data/classfile/bug-265-1d595a8c758f660657b6f25667a0780047905d0f187b2dcdc86a4163b507ed0a.class</Jar>
  </Project>
  <BugInstance type="OS_OPEN_STREAM_EXCEPTION_PATH" priority="3" rank="19" abbrev="OS" category="BAD_PRACTICE">
    <Class classname="org.bytedeco.javacpp.tools.ClassScanner">
      <SourceLine classname="org.bytedeco.javacpp.tools.ClassScanner" start="38" end="130" sourcefile="ClassScanner.java" sourcepath="org/bytedeco/javacpp/tools/ClassScanner.java"/>
    </Class>
    <Method classname="org.bytedeco.javacpp.tools.ClassScanner" name="addPackage" signature="(Ljava/lang/String;Z)V" isStatic="false">
      <SourceLine classname="org.bytedeco.javacpp.tools.ClassScanner" start="93" end="116" startBytecode="0" endBytecode="117" sourcefile="ClassScanner.java" sourcepath="org/bytedeco/javacpp/tools/ClassScanner.java"/>
    </Method>
    <Type descriptor="Ljava/io/InputStream;" role="TYPE_CLOSEIT">
      <SourceLine classname="java.io.InputStream" start="45" end="364" sourcefile="InputStream.java" sourcepath="java/io/InputStream.java"/>
    </Type>
    <SourceLine classname="org.bytedeco.javacpp.tools.ClassScanner" start="101" end="101" startBytecode="119" endBytecode="119" sourcefile="ClassScanner.java" sourcepath="org/bytedeco/javacpp/tools/ClassScanner.java"/>
  </BugInstance>
  <Errors errors="0" missingClasses="2">
    <MissingClass>org.bytedeco.javacpp.tools.Logger</MissingClass>
    <MissingClass>org.bytedeco.javacpp.tools.UserClassLoader</MissingClass>
  </Errors>
  <FindBugsSummary timestamp="Sat, 28 Oct 2023 14:38:58 +0800" total_classes="1" referenced_classes="22" total_bugs="1" total_size="71" num_packages="1" java_version="1.8.0_382" vm_version="25.382-b05" cpu_seconds="6.72" clock_seconds="0.78" peak_mbytes="395.23" alloc_mbytes="1820.50" gc_seconds="0.04" priority_3="1">
    <PackageStats package="org.bytedeco.javacpp.tools" total_bugs="1" total_types="1" total_size="71" priority_3="1">
      <ClassStats class="org.bytedeco.javacpp.tools.ClassScanner" sourceFile="ClassScanner.java" interface="false" size="71" bugs="1" priority_3="1"/>
    </PackageStats>
    <FindBugsProfile>
      <ClassProfile name="edu.umd.cs.findbugs.classfile.engine.ClassInfoAnalysisEngine" totalMilliseconds="162" invocations="428" avgMicrosecondsPerInvocation="380" maxMicrosecondsPerInvocation="43298" standardDeviationMicrosecondsPerInvocation="2188"/>
      <ClassProfile name="edu.umd.cs.findbugs.detect.FieldItemSummary" totalMilliseconds="32" invocations="22" avgMicrosecondsPerInvocation="1477" maxMicrosecondsPerInvocation="6869" standardDeviationMicrosecondsPerInvocation="1792"/>
      <ClassProfile name="edu.umd.cs.findbugs.OpcodeStack$JumpInfoFactory" totalMilliseconds="23" invocations="153" avgMicrosecondsPerInvocation="151" maxMicrosecondsPerInvocation="1561" standardDeviationMicrosecondsPerInvocation="192"/>
      <ClassProfile name="edu.umd.cs.findbugs.detect.FindNoSideEffectMethods" totalMilliseconds="22" invocations="22" avgMicrosecondsPerInvocation="1004" maxMicrosecondsPerInvocation="4312" standardDeviationMicrosecondsPerInvocation="1105"/>
      <ClassProfile name="edu.umd.cs.findbugs.classfile.engine.bcel.MethodGenFactory" totalMilliseconds="19" invocations="9" avgMicrosecondsPerInvocation="2126" maxMicrosecondsPerInvocation="17089" standardDeviationMicrosecondsPerInvocation="5291"/>
      <ClassProfile name="edu.umd.cs.findbugs.classfile.engine.bcel.JavaClassAnalysisEngine" totalMilliseconds="17" invocations="46" avgMicrosecondsPerInvocation="384" maxMicrosecondsPerInvocation="8321" standardDeviationMicrosecondsPerInvocation="1236"/>
      <ClassProfile name="edu.umd.cs.findbugs.classfile.engine.bcel.ValueNumberDataflowFactory" totalMilliseconds="17" invocations="9" avgMicrosecondsPerInvocation="1915" maxMicrosecondsPerInvocation="6642" standardDeviationMicrosecondsPerInvocation="2312"/>
      <ClassProfile name="edu.umd.cs.findbugs.classfile.engine.bcel.IsNullValueDataflowFactory" totalMilliseconds="15" invocations="9" avgMicrosecondsPerInvocation="1731" maxMicrosecondsPerInvocation="4865" standardDeviationMicrosecondsPerInvocation="1591"/>
      <ClassProfile name="edu.umd.cs.findbugs.util.TopologicalSort" totalMilliseconds="15" invocations="392" avgMicrosecondsPerInvocation="39" maxMicrosecondsPerInvocation="754" standardDeviationMicrosecondsPerInvocation="79"/>
      <ClassProfile name="edu.umd.cs.findbugs.classfile.engine.bcel.TypeDataflowFactory" totalMilliseconds="14" invocations="9" avgMicrosecondsPerInvocation="1585" maxMicrosecondsPerInvocation="5371" standardDeviationMicrosecondsPerInvocation="1702"/>
      <ClassProfile name="edu.umd.cs.findbugs.classfile.engine.bcel.UnconditionalValueDerefDataflowFactory" totalMilliseconds="13" invocations="9" avgMicrosecondsPerInvocation="1532" maxMicrosecondsPerInvocation="5372" standardDeviationMicrosecondsPerInvocation="1780"/>
      <ClassProfile name="edu.umd.cs.findbugs.detect.NoteDirectlyRelevantTypeQualifiers" totalMilliseconds="12" invocations="22" avgMicrosecondsPerInvocation="568" maxMicrosecondsPerInvocation="3653" standardDeviationMicrosecondsPerInvocation="801"/>
      <ClassProfile name="edu.umd.cs.findbugs.detect.OverridingEqualsNotSymmetrical" totalMilliseconds="11" invocations="22" avgMicrosecondsPerInvocation="543" maxMicrosecondsPerInvocation="6634" standardDeviationMicrosecondsPerInvocation="1358"/>
      <ClassProfile name="edu.umd.cs.findbugs.classfile.engine.bcel.CFGFactory" totalMilliseconds="11" invocations="9" avgMicrosecondsPerInvocation="1287" maxMicrosecondsPerInvocation="6781" standardDeviationMicrosecondsPerInvocation="1995"/>
    </FindBugsProfile>
  </FindBugsSummary>
  <ClassFeatures></ClassFeatures>
  <History></History>
</BugCollection>
