<?xml version="1.0" encoding="UTF-8"?>

<BugCollection version="4.7.3" sequence="0" timestamp="1698475250118" analysisTimestamp="1698520694744" release="">
  <Project projectName="">
    <Jar>/mnt/disk3/lty/JLeaks/data/classfile/bug-1076-bb37ff8923c78f163298ade0ab96cbd92536f6cda765fe6938bd6b818613cfaa.class</Jar>
  </Project>
  <Errors errors="0" missingClasses="7">
    <MissingClass>org.slf4j.Logger</MissingClass>
    <MissingClass>org.slf4j.LoggerFactory</MissingClass>
    <MissingClass>org.takes.facets.fallback.FbSlf4j$1</MissingClass>
    <MissingClass>org.takes.facets.fallback.FbWrap</MissingClass>
    <MissingClass>org.takes.facets.fallback.RqFallback</MissingClass>
    <MissingClass>org.takes.rq.RqHref$Base</MissingClass>
    <MissingClass>org.takes.rq.RqMethod$Base</MissingClass>
  </Errors>
  <FindBugsSummary timestamp="Sat, 28 Oct 2023 14:40:50 +0800" total_classes="1" referenced_classes="12" total_bugs="0" total_size="26" num_packages="1" java_version="1.8.0_382" vm_version="25.382-b05" cpu_seconds="5.01" clock_seconds="0.61" peak_mbytes="392.03" alloc_mbytes="1820.50" gc_seconds="0.04">
    <PackageStats package="org.takes.facets.fallback" total_bugs="0" total_types="1" total_size="26">
      <ClassStats class="org.takes.facets.fallback.FbSlf4j" sourceFile="FbSlf4j.java" interface="false" size="26" bugs="0"/>
    </PackageStats>
    <FindBugsProfile>
      <ClassProfile name="edu.umd.cs.findbugs.classfile.engine.ClassInfoAnalysisEngine" totalMilliseconds="104" invocations="348" avgMicrosecondsPerInvocation="300" maxMicrosecondsPerInvocation="10251" standardDeviationMicrosecondsPerInvocation="772"/>
      <ClassProfile name="edu.umd.cs.findbugs.classfile.engine.bcel.JavaClassAnalysisEngine" totalMilliseconds="54" invocations="39" avgMicrosecondsPerInvocation="1408" maxMicrosecondsPerInvocation="40358" standardDeviationMicrosecondsPerInvocation="6484"/>
      <ClassProfile name="edu.umd.cs.findbugs.detect.FieldItemSummary" totalMilliseconds="19" invocations="12" avgMicrosecondsPerInvocation="1652" maxMicrosecondsPerInvocation="6472" standardDeviationMicrosecondsPerInvocation="1866"/>
      <ClassProfile name="edu.umd.cs.findbugs.classfile.engine.bcel.MethodGenFactory" totalMilliseconds="18" invocations="7" avgMicrosecondsPerInvocation="2619" maxMicrosecondsPerInvocation="17063" standardDeviationMicrosecondsPerInvocation="5900"/>
      <ClassProfile name="edu.umd.cs.findbugs.OpcodeStack$JumpInfoFactory" totalMilliseconds="15" invocations="70" avgMicrosecondsPerInvocation="219" maxMicrosecondsPerInvocation="1673" standardDeviationMicrosecondsPerInvocation="276"/>
      <ClassProfile name="edu.umd.cs.findbugs.detect.FindNoSideEffectMethods" totalMilliseconds="14" invocations="12" avgMicrosecondsPerInvocation="1220" maxMicrosecondsPerInvocation="4304" standardDeviationMicrosecondsPerInvocation="1244"/>
      <ClassProfile name="edu.umd.cs.findbugs.util.TopologicalSort" totalMilliseconds="13" invocations="305" avgMicrosecondsPerInvocation="45" maxMicrosecondsPerInvocation="714" standardDeviationMicrosecondsPerInvocation="88"/>
    </FindBugsProfile>
  </FindBugsSummary>
  <ClassFeatures></ClassFeatures>
  <History></History>
</BugCollection>
