<?xml version="1.0" encoding="UTF-8"?>

<BugCollection version="4.7.3" sequence="0" timestamp="1698475132203" analysisTimestamp="1698509955238" release="">
  <Project projectName="">
    <Jar>/mnt/disk3/lty/JLeaks/data/classfile/bug-207-2c40ad473018a16ff3d86300b172a43073693716246584562c6c49072d2f09e6.class</Jar>
  </Project>
  <BugInstance type="OS_OPEN_STREAM_EXCEPTION_PATH" priority="3" rank="19" abbrev="OS" category="BAD_PRACTICE">
    <Class classname="org.apache.rocketmq.common.utils.ServiceProvider">
      <SourceLine classname="org.apache.rocketmq.common.utils.ServiceProvider" start="31" end="198" sourcefile="ServiceProvider.java" sourcepath="org/apache/rocketmq/common/utils/ServiceProvider.java"/>
    </Class>
    <Method classname="org.apache.rocketmq.common.utils.ServiceProvider" name="load" signature="(Ljava/lang/String;Ljava/lang/Class;)Ljava/util/List;" isStatic="true">
      <SourceLine classname="org.apache.rocketmq.common.utils.ServiceProvider" start="107" end="134" startBytecode="0" endBytecode="80" sourcefile="ServiceProvider.java" sourcepath="org/apache/rocketmq/common/utils/ServiceProvider.java"/>
    </Method>
    <Type descriptor="Ljava/io/Reader;" role="TYPE_CLOSEIT">
      <SourceLine classname="java.io.Reader" start="66" end="249" sourcefile="Reader.java" sourcepath="java/io/Reader.java"/>
    </Type>
    <SourceLine classname="org.apache.rocketmq.common.utils.ServiceProvider" start="113" end="113" startBytecode="31" endBytecode="31" sourcefile="ServiceProvider.java" sourcepath="org/apache/rocketmq/common/utils/ServiceProvider.java"/>
  </BugInstance>
  <BugInstance type="OS_OPEN_STREAM_EXCEPTION_PATH" priority="3" rank="19" abbrev="OS" category="BAD_PRACTICE">
    <Class classname="org.apache.rocketmq.common.utils.ServiceProvider">
      <SourceLine classname="org.apache.rocketmq.common.utils.ServiceProvider" start="31" end="198" sourcefile="ServiceProvider.java" sourcepath="org/apache/rocketmq/common/utils/ServiceProvider.java"/>
    </Class>
    <Method classname="org.apache.rocketmq.common.utils.ServiceProvider" name="loadClass" signature="(Ljava/lang/String;Ljava/lang/Class;)Ljava/lang/Object;" isStatic="true">
      <SourceLine classname="org.apache.rocketmq.common.utils.ServiceProvider" start="138" end="155" startBytecode="0" endBytecode="49" sourcefile="ServiceProvider.java" sourcepath="org/apache/rocketmq/common/utils/ServiceProvider.java"/>
    </Method>
    <Type descriptor="Ljava/io/Reader;" role="TYPE_CLOSEIT">
      <SourceLine classname="java.io.Reader" start="66" end="249" sourcefile="Reader.java" sourcepath="java/io/Reader.java"/>
    </Type>
    <SourceLine classname="org.apache.rocketmq.common.utils.ServiceProvider" start="142" end="142" startBytecode="12" endBytecode="12" sourcefile="ServiceProvider.java" sourcepath="org/apache/rocketmq/common/utils/ServiceProvider.java"/>
  </BugInstance>
  <Errors errors="0" missingClasses="2">
    <MissingClass>org.apache.rocketmq.logging.InternalLogger</MissingClass>
    <MissingClass>org.apache.rocketmq.logging.InternalLoggerFactory</MissingClass>
  </Errors>
  <FindBugsSummary timestamp="Sat, 28 Oct 2023 14:38:52 +0800" total_classes="1" referenced_classes="26" total_bugs="2" total_size="94" num_packages="1" java_version="1.8.0_382" vm_version="25.382-b05" cpu_seconds="45.66" clock_seconds="4.29" peak_mbytes="384.54" alloc_mbytes="1820.50" gc_seconds="0.22" priority_3="2">
    <PackageStats package="org.apache.rocketmq.common.utils" total_bugs="2" total_types="1" total_size="94" priority_3="2">
      <ClassStats class="org.apache.rocketmq.common.utils.ServiceProvider" sourceFile="ServiceProvider.java" interface="false" size="94" bugs="2" priority_3="2"/>
    </PackageStats>
    <FindBugsProfile>
      <ClassProfile name="edu.umd.cs.findbugs.classfile.engine.ClassInfoAnalysisEngine" totalMilliseconds="583" invocations="420" avgMicrosecondsPerInvocation="1389" maxMicrosecondsPerInvocation="60791" standardDeviationMicrosecondsPerInvocation="3537"/>
      <ClassProfile name="edu.umd.cs.findbugs.detect.FindNoSideEffectMethods" totalMilliseconds="360" invocations="26" avgMicrosecondsPerInvocation="13873" maxMicrosecondsPerInvocation="237387" standardDeviationMicrosecondsPerInvocation="44987"/>
      <ClassProfile name="edu.umd.cs.findbugs.detect.FieldItemSummary" totalMilliseconds="166" invocations="26" avgMicrosecondsPerInvocation="6389" maxMicrosecondsPerInvocation="25180" standardDeviationMicrosecondsPerInvocation="7485"/>
      <ClassProfile name="edu.umd.cs.findbugs.OpcodeStack$JumpInfoFactory" totalMilliseconds="122" invocations="105" avgMicrosecondsPerInvocation="1165" maxMicrosecondsPerInvocation="12075" standardDeviationMicrosecondsPerInvocation="1511"/>
      <ClassProfile name="edu.umd.cs.findbugs.classfile.engine.bcel.MethodGenFactory" totalMilliseconds="110" invocations="9" avgMicrosecondsPerInvocation="12314" maxMicrosecondsPerInvocation="99461" standardDeviationMicrosecondsPerInvocation="30816"/>
      <ClassProfile name="edu.umd.cs.findbugs.classfile.engine.bcel.TypeDataflowFactory" totalMilliseconds="109" invocations="10" avgMicrosecondsPerInvocation="10953" maxMicrosecondsPerInvocation="28687" standardDeviationMicrosecondsPerInvocation="8374"/>
      <ClassProfile name="edu.umd.cs.findbugs.classfile.engine.bcel.ValueNumberDataflowFactory" totalMilliseconds="103" invocations="10" avgMicrosecondsPerInvocation="10334" maxMicrosecondsPerInvocation="40276" standardDeviationMicrosecondsPerInvocation="11602"/>
      <ClassProfile name="edu.umd.cs.findbugs.classfile.engine.bcel.IsNullValueDataflowFactory" totalMilliseconds="95" invocations="9" avgMicrosecondsPerInvocation="10619" maxMicrosecondsPerInvocation="33088" standardDeviationMicrosecondsPerInvocation="9695"/>
      <ClassProfile name="edu.umd.cs.findbugs.classfile.engine.ClassDataAnalysisEngine" totalMilliseconds="93" invocations="422" avgMicrosecondsPerInvocation="222" maxMicrosecondsPerInvocation="4542" standardDeviationMicrosecondsPerInvocation="291"/>
      <ClassProfile name="edu.umd.cs.findbugs.util.TopologicalSort" totalMilliseconds="84" invocations="385" avgMicrosecondsPerInvocation="220" maxMicrosecondsPerInvocation="2923" standardDeviationMicrosecondsPerInvocation="331"/>
      <ClassProfile name="edu.umd.cs.findbugs.classfile.engine.bcel.JavaClassAnalysisEngine" totalMilliseconds="83" invocations="54" avgMicrosecondsPerInvocation="1542" maxMicrosecondsPerInvocation="45692" standardDeviationMicrosecondsPerInvocation="6209"/>
      <ClassProfile name="edu.umd.cs.findbugs.classfile.engine.bcel.CFGFactory" totalMilliseconds="79" invocations="9" avgMicrosecondsPerInvocation="8873" maxMicrosecondsPerInvocation="42687" standardDeviationMicrosecondsPerInvocation="12252"/>
      <ClassProfile name="edu.umd.cs.findbugs.detect.FindOpenStream" totalMilliseconds="73" invocations="1" avgMicrosecondsPerInvocation="73575" maxMicrosecondsPerInvocation="73575" standardDeviationMicrosecondsPerInvocation="0"/>
      <ClassProfile name="edu.umd.cs.findbugs.classfile.engine.bcel.UnconditionalValueDerefDataflowFactory" totalMilliseconds="59" invocations="9" avgMicrosecondsPerInvocation="6657" maxMicrosecondsPerInvocation="14287" standardDeviationMicrosecondsPerInvocation="5028"/>
      <ClassProfile name="edu.umd.cs.findbugs.detect.FunctionsThatMightBeMistakenForProcedures" totalMilliseconds="59" invocations="26" avgMicrosecondsPerInvocation="2298" maxMicrosecondsPerInvocation="16138" standardDeviationMicrosecondsPerInvocation="3694"/>
      <ClassProfile name="edu.umd.cs.findbugs.detect.NoteDirectlyRelevantTypeQualifiers" totalMilliseconds="59" invocations="26" avgMicrosecondsPerInvocation="2280" maxMicrosecondsPerInvocation="23216" standardDeviationMicrosecondsPerInvocation="4363"/>
      <ClassProfile name="edu.umd.cs.findbugs.detect.OverridingEqualsNotSymmetrical" totalMilliseconds="57" invocations="26" avgMicrosecondsPerInvocation="2218" maxMicrosecondsPerInvocation="27902" standardDeviationMicrosecondsPerInvocation="5304"/>
      <ClassProfile name="edu.umd.cs.findbugs.detect.BuildStringPassthruGraph" totalMilliseconds="43" invocations="26" avgMicrosecondsPerInvocation="1665" maxMicrosecondsPerInvocation="13049" standardDeviationMicrosecondsPerInvocation="2672"/>
      <ClassProfile name="edu.umd.cs.findbugs.detect.BuildObligationPolicyDatabase" totalMilliseconds="40" invocations="26" avgMicrosecondsPerInvocation="1569" maxMicrosecondsPerInvocation="10371" standardDeviationMicrosecondsPerInvocation="1951"/>
    </FindBugsProfile>
  </FindBugsSummary>
  <ClassFeatures></ClassFeatures>
  <History></History>
</BugCollection>
