<?xml version="1.0" encoding="UTF-8"?>

<BugCollection version="4.7.3" sequence="0" timestamp="1698475244054" analysisTimestamp="1698520590358" release="">
  <Project projectName="">
    <Jar>/mnt/disk3/lty/JLeaks/data/classfile/bug-1037-6b1777ef35aa0d5355831af3a09b6ff2220f421c9f2fa75a583835ae6be8a02c.class</Jar>
  </Project>
  <Errors errors="0" missingClasses="27">
    <MissingClass>com.vaadin.annotations.VaadinServletConfiguration$InitParameterName</MissingClass>
    <MissingClass>com.vaadin.sass.internal.ScssStylesheet</MissingClass>
    <MissingClass>com.vaadin.server.Constants</MissingClass>
    <MissingClass>com.vaadin.server.DefaultDeploymentConfiguration</MissingClass>
    <MissingClass>com.vaadin.server.DeploymentConfiguration</MissingClass>
    <MissingClass>com.vaadin.server.ServiceException</MissingClass>
    <MissingClass>com.vaadin.server.ServletPortletHelper</MissingClass>
    <MissingClass>com.vaadin.server.SystemMessages</MissingClass>
    <MissingClass>com.vaadin.server.UIProvider</MissingClass>
    <MissingClass>com.vaadin.server.VaadinService</MissingClass>
    <MissingClass>com.vaadin.server.VaadinServlet$RequestType</MissingClass>
    <MissingClass>com.vaadin.server.VaadinServlet$ScssCacheEntry</MissingClass>
    <MissingClass>com.vaadin.server.VaadinServletRequest</MissingClass>
    <MissingClass>com.vaadin.server.VaadinServletResponse</MissingClass>
    <MissingClass>com.vaadin.server.VaadinServletService</MissingClass>
    <MissingClass>com.vaadin.server.communication.ServletUIInitHandler</MissingClass>
    <MissingClass>com.vaadin.shared.Version</MissingClass>
    <MissingClass>com.vaadin.util.CurrentInstance</MissingClass>
    <MissingClass>elemental.json.Json</MissingClass>
    <MissingClass>elemental.json.JsonObject</MissingClass>
    <MissingClass>javax.servlet.ServletConfig</MissingClass>
    <MissingClass>javax.servlet.ServletContext</MissingClass>
    <MissingClass>javax.servlet.ServletException</MissingClass>
    <MissingClass>javax.servlet.ServletOutputStream</MissingClass>
    <MissingClass>javax.servlet.http.HttpServlet</MissingClass>
    <MissingClass>javax.servlet.http.HttpServletRequest</MissingClass>
    <MissingClass>javax.servlet.http.HttpServletResponse</MissingClass>
  </Errors>
  <FindBugsSummary timestamp="Sat, 28 Oct 2023 14:40:44 +0800" total_classes="1" referenced_classes="41" total_bugs="0" total_size="507" num_packages="1" java_version="1.8.0_382" vm_version="25.382-b05" cpu_seconds="10.83" clock_seconds="1.13" peak_mbytes="390.50" alloc_mbytes="1820.50" gc_seconds="0.04">
    <PackageStats package="com.vaadin.server" total_bugs="0" total_types="1" total_size="507">
      <ClassStats class="com.vaadin.server.VaadinServlet" sourceFile="VaadinServlet.java" interface="false" size="507" bugs="0"/>
    </PackageStats>
    <FindBugsProfile>
      <ClassProfile name="edu.umd.cs.findbugs.classfile.engine.ClassInfoAnalysisEngine" totalMilliseconds="140" invocations="581" avgMicrosecondsPerInvocation="241" maxMicrosecondsPerInvocation="15669" standardDeviationMicrosecondsPerInvocation="759"/>
      <ClassProfile name="edu.umd.cs.findbugs.detect.BuildObligationPolicyDatabase" totalMilliseconds="52" invocations="41" avgMicrosecondsPerInvocation="1273" maxMicrosecondsPerInvocation="42175" standardDeviationMicrosecondsPerInvocation="6473"/>
      <ClassProfile name="edu.umd.cs.findbugs.detect.FieldItemSummary" totalMilliseconds="46" invocations="41" avgMicrosecondsPerInvocation="1146" maxMicrosecondsPerInvocation="5371" standardDeviationMicrosecondsPerInvocation="1320"/>
      <ClassProfile name="edu.umd.cs.findbugs.ba.npe.NullDerefAndRedundantComparisonFinder" totalMilliseconds="41" invocations="48" avgMicrosecondsPerInvocation="864" maxMicrosecondsPerInvocation="12404" standardDeviationMicrosecondsPerInvocation="2201"/>
      <ClassProfile name="edu.umd.cs.findbugs.detect.FindNoSideEffectMethods" totalMilliseconds="41" invocations="41" avgMicrosecondsPerInvocation="1005" maxMicrosecondsPerInvocation="4889" standardDeviationMicrosecondsPerInvocation="1065"/>
      <ClassProfile name="edu.umd.cs.findbugs.OpcodeStack$JumpInfoFactory" totalMilliseconds="34" invocations="249" avgMicrosecondsPerInvocation="139" maxMicrosecondsPerInvocation="1276" standardDeviationMicrosecondsPerInvocation="168"/>
      <ClassProfile name="edu.umd.cs.findbugs.classfile.engine.bcel.TypeDataflowFactory" totalMilliseconds="34" invocations="51" avgMicrosecondsPerInvocation="673" maxMicrosecondsPerInvocation="4689" standardDeviationMicrosecondsPerInvocation="885"/>
      <ClassProfile name="edu.umd.cs.findbugs.classfile.engine.bcel.IsNullValueDataflowFactory" totalMilliseconds="33" invocations="48" avgMicrosecondsPerInvocation="688" maxMicrosecondsPerInvocation="5176" standardDeviationMicrosecondsPerInvocation="854"/>
      <ClassProfile name="edu.umd.cs.findbugs.classfile.engine.bcel.ValueNumberDataflowFactory" totalMilliseconds="31" invocations="51" avgMicrosecondsPerInvocation="615" maxMicrosecondsPerInvocation="6079" standardDeviationMicrosecondsPerInvocation="1014"/>
      <ClassProfile name="edu.umd.cs.findbugs.classfile.engine.bcel.CFGFactory" totalMilliseconds="24" invocations="48" avgMicrosecondsPerInvocation="514" maxMicrosecondsPerInvocation="6928" standardDeviationMicrosecondsPerInvocation="1012"/>
      <ClassProfile name="edu.umd.cs.findbugs.classfile.engine.bcel.MethodGenFactory" totalMilliseconds="23" invocations="48" avgMicrosecondsPerInvocation="494" maxMicrosecondsPerInvocation="16488" standardDeviationMicrosecondsPerInvocation="2341"/>
      <ClassProfile name="edu.umd.cs.findbugs.classfile.engine.bcel.JavaClassAnalysisEngine" totalMilliseconds="23" invocations="98" avgMicrosecondsPerInvocation="239" maxMicrosecondsPerInvocation="9073" standardDeviationMicrosecondsPerInvocation="942"/>
      <ClassProfile name="edu.umd.cs.findbugs.classfile.engine.bcel.UnconditionalValueDerefDataflowFactory" totalMilliseconds="21" invocations="48" avgMicrosecondsPerInvocation="453" maxMicrosecondsPerInvocation="6489" standardDeviationMicrosecondsPerInvocation="931"/>
      <ClassProfile name="edu.umd.cs.findbugs.detect.NoteDirectlyRelevantTypeQualifiers" totalMilliseconds="18" invocations="41" avgMicrosecondsPerInvocation="440" maxMicrosecondsPerInvocation="3134" standardDeviationMicrosecondsPerInvocation="597"/>
      <ClassProfile name="edu.umd.cs.findbugs.util.TopologicalSort" totalMilliseconds="17" invocations="513" avgMicrosecondsPerInvocation="34" maxMicrosecondsPerInvocation="1055" standardDeviationMicrosecondsPerInvocation="75"/>
      <ClassProfile name="edu.umd.cs.findbugs.detect.FindOpenStream" totalMilliseconds="17" invocations="1" avgMicrosecondsPerInvocation="17532" maxMicrosecondsPerInvocation="17532" standardDeviationMicrosecondsPerInvocation="0"/>
      <ClassProfile name="edu.umd.cs.findbugs.detect.FunctionsThatMightBeMistakenForProcedures" totalMilliseconds="15" invocations="41" avgMicrosecondsPerInvocation="378" maxMicrosecondsPerInvocation="3602" standardDeviationMicrosecondsPerInvocation="688"/>
      <ClassProfile name="edu.umd.cs.findbugs.classfile.engine.ClassDataAnalysisEngine" totalMilliseconds="13" invocations="586" avgMicrosecondsPerInvocation="23" maxMicrosecondsPerInvocation="586" standardDeviationMicrosecondsPerInvocation="34"/>
      <ClassProfile name="edu.umd.cs.findbugs.detect.OverridingEqualsNotSymmetrical" totalMilliseconds="13" invocations="41" avgMicrosecondsPerInvocation="335" maxMicrosecondsPerInvocation="6510" standardDeviationMicrosecondsPerInvocation="999"/>
      <ClassProfile name="edu.umd.cs.findbugs.detect.CalledMethods" totalMilliseconds="12" invocations="41" avgMicrosecondsPerInvocation="295" maxMicrosecondsPerInvocation="2483" standardDeviationMicrosecondsPerInvocation="439"/>
    </FindBugsProfile>
  </FindBugsSummary>
  <ClassFeatures></ClassFeatures>
  <History></History>
</BugCollection>
