<?xml version="1.0" encoding="UTF-8"?>

<BugCollection version="4.7.3" sequence="0" timestamp="1698475186600" analysisTimestamp="1698513178257" release="">
  <Project projectName="">
    <Jar>/mnt/disk3/lty/JLeaks/data/classfile/bug-643-4c3d600de2d3bc13ac544e64801262647cf8b6a79355bf0892ce1106a5488e21.class</Jar>
  </Project>
  <Errors errors="0" missingClasses="12">
    <MissingClass>org.bouncycastle.asn1.x509.CRLReason</MissingClass>
    <MissingClass>org.keycloak.authentication.authenticators.x509.CertificateValidator$CRLFileLoader</MissingClass>
    <MissingClass>org.keycloak.authentication.authenticators.x509.CertificateValidator$CRLLoaderImpl</MissingClass>
    <MissingClass>org.keycloak.authentication.authenticators.x509.CertificateValidator$KeyUsageBits</MissingClass>
    <MissingClass>org.keycloak.authentication.authenticators.x509.CertificateValidator$OCSPChecker</MissingClass>
    <MissingClass>org.keycloak.authentication.authenticators.x509.OCSPUtils$OCSPRevocationStatus</MissingClass>
    <MissingClass>org.keycloak.authentication.authenticators.x509.OCSPUtils$RevocationStatus</MissingClass>
    <MissingClass>org.keycloak.common.util.Time</MissingClass>
    <MissingClass>org.keycloak.models.KeycloakSession</MissingClass>
    <MissingClass>org.keycloak.services.ServicesLogger</MissingClass>
    <MissingClass>org.keycloak.truststore.TruststoreProvider</MissingClass>
    <MissingClass>org.keycloak.utils.CRLUtils</MissingClass>
  </Errors>
  <FindBugsSummary timestamp="Sat, 28 Oct 2023 14:39:46 +0800" total_classes="1" referenced_classes="33" total_bugs="0" total_size="174" num_packages="1" java_version="1.8.0_382" vm_version="25.382-b05" cpu_seconds="8.99" clock_seconds="0.99" peak_mbytes="409.26" alloc_mbytes="1820.50" gc_seconds="0.04">
    <PackageStats package="org.keycloak.authentication.authenticators.x509" total_bugs="0" total_types="1" total_size="174">
      <ClassStats class="org.keycloak.authentication.authenticators.x509.CertificateValidator" sourceFile="CertificateValidator.java" interface="false" size="174" bugs="0"/>
    </PackageStats>
    <FindBugsProfile>
      <ClassProfile name="edu.umd.cs.findbugs.classfile.engine.ClassInfoAnalysisEngine" totalMilliseconds="136" invocations="473" avgMicrosecondsPerInvocation="289" maxMicrosecondsPerInvocation="13406" standardDeviationMicrosecondsPerInvocation="768"/>
      <ClassProfile name="edu.umd.cs.findbugs.detect.FieldItemSummary" totalMilliseconds="90" invocations="33" avgMicrosecondsPerInvocation="2729" maxMicrosecondsPerInvocation="43786" standardDeviationMicrosecondsPerInvocation="7535"/>
      <ClassProfile name="edu.umd.cs.findbugs.OpcodeStack$JumpInfoFactory" totalMilliseconds="45" invocations="188" avgMicrosecondsPerInvocation="242" maxMicrosecondsPerInvocation="2659" standardDeviationMicrosecondsPerInvocation="320"/>
      <ClassProfile name="edu.umd.cs.findbugs.detect.FindNoSideEffectMethods" totalMilliseconds="29" invocations="33" avgMicrosecondsPerInvocation="904" maxMicrosecondsPerInvocation="3895" standardDeviationMicrosecondsPerInvocation="983"/>
      <ClassProfile name="edu.umd.cs.findbugs.detect.NoteDirectlyRelevantTypeQualifiers" totalMilliseconds="25" invocations="33" avgMicrosecondsPerInvocation="775" maxMicrosecondsPerInvocation="5688" standardDeviationMicrosecondsPerInvocation="1308"/>
      <ClassProfile name="edu.umd.cs.findbugs.classfile.engine.bcel.ValueNumberDataflowFactory" totalMilliseconds="24" invocations="16" avgMicrosecondsPerInvocation="1519" maxMicrosecondsPerInvocation="6345" standardDeviationMicrosecondsPerInvocation="2118"/>
      <ClassProfile name="edu.umd.cs.findbugs.classfile.engine.bcel.TypeDataflowFactory" totalMilliseconds="23" invocations="16" avgMicrosecondsPerInvocation="1446" maxMicrosecondsPerInvocation="7255" standardDeviationMicrosecondsPerInvocation="1928"/>
      <ClassProfile name="edu.umd.cs.findbugs.classfile.engine.bcel.IsNullValueDataflowFactory" totalMilliseconds="22" invocations="16" avgMicrosecondsPerInvocation="1403" maxMicrosecondsPerInvocation="8991" standardDeviationMicrosecondsPerInvocation="2154"/>
      <ClassProfile name="edu.umd.cs.findbugs.classfile.engine.bcel.JavaClassAnalysisEngine" totalMilliseconds="20" invocations="77" avgMicrosecondsPerInvocation="268" maxMicrosecondsPerInvocation="8468" standardDeviationMicrosecondsPerInvocation="994"/>
      <ClassProfile name="edu.umd.cs.findbugs.classfile.engine.bcel.MethodGenFactory" totalMilliseconds="19" invocations="16" avgMicrosecondsPerInvocation="1226" maxMicrosecondsPerInvocation="16262" standardDeviationMicrosecondsPerInvocation="3887"/>
      <ClassProfile name="edu.umd.cs.findbugs.detect.FunctionsThatMightBeMistakenForProcedures" totalMilliseconds="17" invocations="33" avgMicrosecondsPerInvocation="532" maxMicrosecondsPerInvocation="5480" standardDeviationMicrosecondsPerInvocation="1028"/>
      <ClassProfile name="edu.umd.cs.findbugs.util.TopologicalSort" totalMilliseconds="17" invocations="416" avgMicrosecondsPerInvocation="41" maxMicrosecondsPerInvocation="721" standardDeviationMicrosecondsPerInvocation="74"/>
      <ClassProfile name="edu.umd.cs.findbugs.detect.CalledMethods" totalMilliseconds="17" invocations="33" avgMicrosecondsPerInvocation="527" maxMicrosecondsPerInvocation="5152" standardDeviationMicrosecondsPerInvocation="956"/>
      <ClassProfile name="edu.umd.cs.findbugs.classfile.engine.bcel.CFGFactory" totalMilliseconds="16" invocations="16" avgMicrosecondsPerInvocation="1043" maxMicrosecondsPerInvocation="8741" standardDeviationMicrosecondsPerInvocation="2042"/>
      <ClassProfile name="edu.umd.cs.findbugs.classfile.engine.bcel.UnconditionalValueDerefDataflowFactory" totalMilliseconds="16" invocations="16" avgMicrosecondsPerInvocation="1041" maxMicrosecondsPerInvocation="3847" standardDeviationMicrosecondsPerInvocation="1111"/>
      <ClassProfile name="edu.umd.cs.findbugs.detect.ExplicitSerialization" totalMilliseconds="16" invocations="33" avgMicrosecondsPerInvocation="495" maxMicrosecondsPerInvocation="10783" standardDeviationMicrosecondsPerInvocation="1865"/>
      <ClassProfile name="edu.umd.cs.findbugs.detect.ReflectiveClasses" totalMilliseconds="13" invocations="33" avgMicrosecondsPerInvocation="396" maxMicrosecondsPerInvocation="4067" standardDeviationMicrosecondsPerInvocation="781"/>
      <ClassProfile name="edu.umd.cs.findbugs.classfile.engine.ClassDataAnalysisEngine" totalMilliseconds="12" invocations="475" avgMicrosecondsPerInvocation="26" maxMicrosecondsPerInvocation="434" standardDeviationMicrosecondsPerInvocation="31"/>
      <ClassProfile name="edu.umd.cs.findbugs.detect.OverridingEqualsNotSymmetrical" totalMilliseconds="12" invocations="33" avgMicrosecondsPerInvocation="370" maxMicrosecondsPerInvocation="6216" standardDeviationMicrosecondsPerInvocation="1057"/>
    </FindBugsProfile>
  </FindBugsSummary>
  <ClassFeatures></ClassFeatures>
  <History></History>
</BugCollection>
