<?xml version="1.0" encoding="UTF-8"?>

<BugCollection version="4.7.3" sequence="0" timestamp="1698499049847" analysisTimestamp="1698520481956" release="">
  <Project projectName="">
    <Jar>/mnt/disk3/lty/JLeaks/data/classfile/bug-978-1d1ab39a5b82d992573795001dceeb211d124750677b3ccd30181a829c18a0aa.class</Jar>
  </Project>
  <Errors errors="0" missingClasses="8">
    <MissingClass>org.java_websocket.AbstractWebSocket</MissingClass>
    <MissingClass>org.java_websocket.WebSocket</MissingClass>
    <MissingClass>org.java_websocket.WebSocketImpl</MissingClass>
    <MissingClass>org.java_websocket.client.WebSocketClient$WebsocketWriteThread</MissingClass>
    <MissingClass>org.java_websocket.drafts.Draft</MissingClass>
    <MissingClass>org.java_websocket.drafts.Draft_6455</MissingClass>
    <MissingClass>org.java_websocket.exceptions.InvalidHandshakeException</MissingClass>
    <MissingClass>org.java_websocket.handshake.HandshakeImpl1Client</MissingClass>
  </Errors>
  <FindBugsSummary timestamp="Sat, 28 Oct 2023 21:17:29 +0800" total_classes="1" referenced_classes="42" total_bugs="0" total_size="264" num_packages="1" java_version="1.8.0_382" vm_version="25.382-b05" cpu_seconds="8.98" clock_seconds="0.91" peak_mbytes="409.10" alloc_mbytes="1820.50" gc_seconds="0.04">
    <PackageStats package="org.java_websocket.client" total_bugs="0" total_types="1" total_size="264">
      <ClassStats class="org.java_websocket.client.WebSocketClient" sourceFile="WebSocketClient.java" interface="false" size="264" bugs="0"/>
    </PackageStats>
    <FindBugsProfile>
      <ClassProfile name="edu.umd.cs.findbugs.classfile.engine.ClassInfoAnalysisEngine" totalMilliseconds="125" invocations="503" avgMicrosecondsPerInvocation="249" maxMicrosecondsPerInvocation="13930" standardDeviationMicrosecondsPerInvocation="739"/>
      <ClassProfile name="edu.umd.cs.findbugs.detect.NoteDirectlyRelevantTypeQualifiers" totalMilliseconds="56" invocations="42" avgMicrosecondsPerInvocation="1352" maxMicrosecondsPerInvocation="44717" standardDeviationMicrosecondsPerInvocation="6814"/>
      <ClassProfile name="edu.umd.cs.findbugs.detect.FieldItemSummary" totalMilliseconds="32" invocations="42" avgMicrosecondsPerInvocation="783" maxMicrosecondsPerInvocation="6335" standardDeviationMicrosecondsPerInvocation="1331"/>
      <ClassProfile name="edu.umd.cs.findbugs.classfile.engine.bcel.ValueNumberDataflowFactory" totalMilliseconds="29" invocations="59" avgMicrosecondsPerInvocation="496" maxMicrosecondsPerInvocation="7438" standardDeviationMicrosecondsPerInvocation="1413"/>
      <ClassProfile name="edu.umd.cs.findbugs.classfile.engine.bcel.TypeDataflowFactory" totalMilliseconds="28" invocations="58" avgMicrosecondsPerInvocation="492" maxMicrosecondsPerInvocation="7511" standardDeviationMicrosecondsPerInvocation="1359"/>
      <ClassProfile name="edu.umd.cs.findbugs.detect.FindNoSideEffectMethods" totalMilliseconds="27" invocations="42" avgMicrosecondsPerInvocation="649" maxMicrosecondsPerInvocation="4133" standardDeviationMicrosecondsPerInvocation="989"/>
      <ClassProfile name="edu.umd.cs.findbugs.classfile.engine.bcel.IsNullValueDataflowFactory" totalMilliseconds="24" invocations="57" avgMicrosecondsPerInvocation="432" maxMicrosecondsPerInvocation="5408" standardDeviationMicrosecondsPerInvocation="940"/>
      <ClassProfile name="edu.umd.cs.findbugs.OpcodeStack$JumpInfoFactory" totalMilliseconds="21" invocations="177" avgMicrosecondsPerInvocation="123" maxMicrosecondsPerInvocation="1730" standardDeviationMicrosecondsPerInvocation="190"/>
      <ClassProfile name="edu.umd.cs.findbugs.classfile.engine.bcel.MethodGenFactory" totalMilliseconds="21" invocations="61" avgMicrosecondsPerInvocation="351" maxMicrosecondsPerInvocation="16879" standardDeviationMicrosecondsPerInvocation="2137"/>
      <ClassProfile name="edu.umd.cs.findbugs.classfile.engine.bcel.CFGFactory" totalMilliseconds="20" invocations="57" avgMicrosecondsPerInvocation="354" maxMicrosecondsPerInvocation="7271" standardDeviationMicrosecondsPerInvocation="1056"/>
      <ClassProfile name="edu.umd.cs.findbugs.classfile.engine.bcel.JavaClassAnalysisEngine" totalMilliseconds="19" invocations="86" avgMicrosecondsPerInvocation="221" maxMicrosecondsPerInvocation="8610" standardDeviationMicrosecondsPerInvocation="946"/>
      <ClassProfile name="edu.umd.cs.findbugs.util.TopologicalSort" totalMilliseconds="16" invocations="454" avgMicrosecondsPerInvocation="35" maxMicrosecondsPerInvocation="1421" standardDeviationMicrosecondsPerInvocation="88"/>
      <ClassProfile name="edu.umd.cs.findbugs.classfile.engine.bcel.UnconditionalValueDerefDataflowFactory" totalMilliseconds="15" invocations="57" avgMicrosecondsPerInvocation="271" maxMicrosecondsPerInvocation="2398" standardDeviationMicrosecondsPerInvocation="472"/>
      <ClassProfile name="edu.umd.cs.findbugs.detect.OverridingEqualsNotSymmetrical" totalMilliseconds="11" invocations="42" avgMicrosecondsPerInvocation="277" maxMicrosecondsPerInvocation="6332" standardDeviationMicrosecondsPerInvocation="960"/>
      <ClassProfile name="edu.umd.cs.findbugs.ba.npe.NullDerefAndRedundantComparisonFinder" totalMilliseconds="11" invocations="57" avgMicrosecondsPerInvocation="200" maxMicrosecondsPerInvocation="2126" standardDeviationMicrosecondsPerInvocation="359"/>
      <ClassProfile name="edu.umd.cs.findbugs.classfile.engine.ClassDataAnalysisEngine" totalMilliseconds="11" invocations="507" avgMicrosecondsPerInvocation="22" maxMicrosecondsPerInvocation="425" standardDeviationMicrosecondsPerInvocation="28"/>
    </FindBugsProfile>
  </FindBugsSummary>
  <ClassFeatures></ClassFeatures>
  <History></History>
</BugCollection>
