<?xml version="1.0" encoding="UTF-8"?>

<BugCollection version="4.7.3" sequence="0" timestamp="1698475172573" analysisTimestamp="1698512721122" release="">
  <Project projectName="">
    <Jar>/mnt/disk3/lty/JLeaks/data/classfile/bug-538-55a8f582e3d7d96cedb949b9788d9d96e7cf7bb54a19edc129a6455ed4443e79.class</Jar>
  </Project>
  <BugInstance type="OS_OPEN_STREAM_EXCEPTION_PATH" priority="3" rank="19" abbrev="OS" category="BAD_PRACTICE">
    <Class classname="spoon.MavenLauncher">
      <SourceLine classname="spoon.MavenLauncher" start="44" end="256" sourcefile="MavenLauncher.java" sourcepath="spoon/MavenLauncher.java"/>
    </Class>
    <Method classname="spoon.MavenLauncher" name="readClassPath" signature="([Ljava/io/File;)[Ljava/lang/String;" isStatic="true">
      <SourceLine classname="spoon.MavenLauncher" start="170" end="193" startBytecode="0" endBytecode="91" sourcefile="MavenLauncher.java" sourcepath="spoon/MavenLauncher.java"/>
    </Method>
    <Type descriptor="Ljava/io/Reader;" role="TYPE_CLOSEIT">
      <SourceLine classname="java.io.Reader" start="66" end="249" sourcefile="Reader.java" sourcepath="java/io/Reader.java"/>
    </Type>
    <SourceLine classname="spoon.MavenLauncher" start="174" end="174" startBytecode="28" endBytecode="28" sourcefile="MavenLauncher.java" sourcepath="spoon/MavenLauncher.java"/>
  </BugInstance>
  <Errors errors="0" missingClasses="11">
    <MissingClass>org.apache.log4j.Logger</MissingClass>
    <MissingClass>org.apache.maven.shared.invoker.DefaultInvocationRequest</MissingClass>
    <MissingClass>org.apache.maven.shared.invoker.DefaultInvoker</MissingClass>
    <MissingClass>org.apache.maven.shared.invoker.InvocationRequest</MissingClass>
    <MissingClass>org.apache.maven.shared.invoker.Invoker</MissingClass>
    <MissingClass>spoon.Launcher</MissingClass>
    <MissingClass>spoon.MavenLauncher$SOURCE_TYPE</MissingClass>
    <MissingClass>spoon.SpoonException</MissingClass>
    <MissingClass>spoon.SpoonModelBuilder</MissingClass>
    <MissingClass>spoon.compiler.Environment</MissingClass>
    <MissingClass>spoon.internal.mavenlauncher.InheritanceModel</MissingClass>
  </Errors>
  <FindBugsSummary timestamp="Sat, 28 Oct 2023 14:39:32 +0800" total_classes="1" referenced_classes="41" total_bugs="1" total_size="126" num_packages="1" java_version="1.8.0_382" vm_version="25.382-b05" cpu_seconds="8.07" clock_seconds="0.88" peak_mbytes="387.44" alloc_mbytes="1820.50" gc_seconds="0.04" priority_3="1">
    <PackageStats package="spoon" total_bugs="1" total_types="1" total_size="126" priority_3="1">
      <ClassStats class="spoon.MavenLauncher" sourceFile="MavenLauncher.java" interface="false" size="126" bugs="1" priority_3="1"/>
    </PackageStats>
    <FindBugsProfile>
      <ClassProfile name="edu.umd.cs.findbugs.classfile.engine.ClassInfoAnalysisEngine" totalMilliseconds="126" invocations="539" avgMicrosecondsPerInvocation="235" maxMicrosecondsPerInvocation="11882" standardDeviationMicrosecondsPerInvocation="660"/>
      <ClassProfile name="edu.umd.cs.findbugs.detect.NoteCheckReturnValueAnnotations" totalMilliseconds="44" invocations="41" avgMicrosecondsPerInvocation="1087" maxMicrosecondsPerInvocation="43327" standardDeviationMicrosecondsPerInvocation="6678"/>
      <ClassProfile name="edu.umd.cs.findbugs.detect.FieldItemSummary" totalMilliseconds="39" invocations="41" avgMicrosecondsPerInvocation="963" maxMicrosecondsPerInvocation="7007" standardDeviationMicrosecondsPerInvocation="1337"/>
      <ClassProfile name="edu.umd.cs.findbugs.detect.FindNoSideEffectMethods" totalMilliseconds="30" invocations="41" avgMicrosecondsPerInvocation="749" maxMicrosecondsPerInvocation="2529" standardDeviationMicrosecondsPerInvocation="791"/>
      <ClassProfile name="edu.umd.cs.findbugs.OpcodeStack$JumpInfoFactory" totalMilliseconds="25" invocations="144" avgMicrosecondsPerInvocation="174" maxMicrosecondsPerInvocation="1810" standardDeviationMicrosecondsPerInvocation="232"/>
      <ClassProfile name="edu.umd.cs.findbugs.classfile.engine.bcel.JavaClassAnalysisEngine" totalMilliseconds="23" invocations="87" avgMicrosecondsPerInvocation="269" maxMicrosecondsPerInvocation="8625" standardDeviationMicrosecondsPerInvocation="1002"/>
      <ClassProfile name="edu.umd.cs.findbugs.classfile.engine.bcel.IsNullValueDataflowFactory" totalMilliseconds="22" invocations="15" avgMicrosecondsPerInvocation="1532" maxMicrosecondsPerInvocation="10705" standardDeviationMicrosecondsPerInvocation="2703"/>
      <ClassProfile name="edu.umd.cs.findbugs.classfile.engine.bcel.TypeDataflowFactory" totalMilliseconds="20" invocations="15" avgMicrosecondsPerInvocation="1387" maxMicrosecondsPerInvocation="5580" standardDeviationMicrosecondsPerInvocation="1648"/>
      <ClassProfile name="edu.umd.cs.findbugs.classfile.engine.bcel.ValueNumberDataflowFactory" totalMilliseconds="20" invocations="15" avgMicrosecondsPerInvocation="1387" maxMicrosecondsPerInvocation="6716" standardDeviationMicrosecondsPerInvocation="1950"/>
      <ClassProfile name="edu.umd.cs.findbugs.classfile.engine.bcel.MethodGenFactory" totalMilliseconds="19" invocations="15" avgMicrosecondsPerInvocation="1277" maxMicrosecondsPerInvocation="16489" standardDeviationMicrosecondsPerInvocation="4072"/>
      <ClassProfile name="edu.umd.cs.findbugs.util.TopologicalSort" totalMilliseconds="16" invocations="489" avgMicrosecondsPerInvocation="33" maxMicrosecondsPerInvocation="581" standardDeviationMicrosecondsPerInvocation="64"/>
      <ClassProfile name="edu.umd.cs.findbugs.classfile.engine.bcel.UnconditionalValueDerefDataflowFactory" totalMilliseconds="15" invocations="15" avgMicrosecondsPerInvocation="1049" maxMicrosecondsPerInvocation="4610" standardDeviationMicrosecondsPerInvocation="1383"/>
      <ClassProfile name="edu.umd.cs.findbugs.detect.NoteDirectlyRelevantTypeQualifiers" totalMilliseconds="15" invocations="41" avgMicrosecondsPerInvocation="370" maxMicrosecondsPerInvocation="4582" standardDeviationMicrosecondsPerInvocation="731"/>
      <ClassProfile name="edu.umd.cs.findbugs.classfile.engine.bcel.CFGFactory" totalMilliseconds="14" invocations="15" avgMicrosecondsPerInvocation="945" maxMicrosecondsPerInvocation="6946" standardDeviationMicrosecondsPerInvocation="1695"/>
      <ClassProfile name="edu.umd.cs.findbugs.detect.FindOpenStream" totalMilliseconds="13" invocations="1" avgMicrosecondsPerInvocation="13916" maxMicrosecondsPerInvocation="13916" standardDeviationMicrosecondsPerInvocation="0"/>
      <ClassProfile name="edu.umd.cs.findbugs.detect.FunctionsThatMightBeMistakenForProcedures" totalMilliseconds="12" invocations="41" avgMicrosecondsPerInvocation="303" maxMicrosecondsPerInvocation="2625" standardDeviationMicrosecondsPerInvocation="493"/>
      <ClassProfile name="edu.umd.cs.findbugs.classfile.engine.ClassDataAnalysisEngine" totalMilliseconds="12" invocations="546" avgMicrosecondsPerInvocation="22" maxMicrosecondsPerInvocation="454" standardDeviationMicrosecondsPerInvocation="29"/>
      <ClassProfile name="edu.umd.cs.findbugs.detect.OverridingEqualsNotSymmetrical" totalMilliseconds="11" invocations="41" avgMicrosecondsPerInvocation="286" maxMicrosecondsPerInvocation="6341" standardDeviationMicrosecondsPerInvocation="967"/>
      <ClassProfile name="edu.umd.cs.findbugs.detect.BuildObligationPolicyDatabase" totalMilliseconds="11" invocations="41" avgMicrosecondsPerInvocation="282" maxMicrosecondsPerInvocation="1723" standardDeviationMicrosecondsPerInvocation="352"/>
    </FindBugsProfile>
  </FindBugsSummary>
  <ClassFeatures></ClassFeatures>
  <History></History>
</BugCollection>
