<?xml version="1.0" encoding="UTF-8"?>

<BugCollection version="4.7.3" sequence="0" timestamp="1698475202264" analysisTimestamp="1698514898399" release="">
  <Project projectName="">
    <Jar>/mnt/disk3/lty/JLeaks/data/classfile/bug-756-9d69bfea89b190d6e15f5d3fa8f41b06f869ff5fb4daadf8ad78a4b232fff1a3.class</Jar>
  </Project>
  <Errors errors="0" missingClasses="18">
    <MissingClass>io.swagger.client.auth.OAuth$1</MissingClass>
    <MissingClass>io.swagger.client.auth.OAuth$AccessTokenListener</MissingClass>
    <MissingClass>io.swagger.client.auth.OAuthFlow</MissingClass>
    <MissingClass>io.swagger.client.auth.OAuthOkHttpClient</MissingClass>
    <MissingClass>okhttp3.HttpUrl</MissingClass>
    <MissingClass>okhttp3.Interceptor</MissingClass>
    <MissingClass>okhttp3.Interceptor$Chain</MissingClass>
    <MissingClass>okhttp3.OkHttpClient</MissingClass>
    <MissingClass>okhttp3.Request</MissingClass>
    <MissingClass>okhttp3.Request$Builder</MissingClass>
    <MissingClass>okhttp3.Response</MissingClass>
    <MissingClass>org.apache.oltu.oauth2.client.OAuthClient</MissingClass>
    <MissingClass>org.apache.oltu.oauth2.client.request.OAuthBearerClientRequest</MissingClass>
    <MissingClass>org.apache.oltu.oauth2.client.request.OAuthClientRequest</MissingClass>
    <MissingClass>org.apache.oltu.oauth2.client.request.OAuthClientRequest$AuthenticationRequestBuilder</MissingClass>
    <MissingClass>org.apache.oltu.oauth2.client.request.OAuthClientRequest$TokenRequestBuilder</MissingClass>
    <MissingClass>org.apache.oltu.oauth2.client.response.OAuthJSONAccessTokenResponse</MissingClass>
    <MissingClass>org.apache.oltu.oauth2.common.message.types.GrantType</MissingClass>
  </Errors>
  <FindBugsSummary timestamp="Sat, 28 Oct 2023 14:40:02 +0800" total_classes="1" referenced_classes="16" total_bugs="0" total_size="87" num_packages="1" java_version="1.8.0_382" vm_version="25.382-b05" cpu_seconds="5.56" clock_seconds="0.71" peak_mbytes="393.22" alloc_mbytes="1820.50" gc_seconds="0.04">
    <PackageStats package="io.swagger.client.auth" total_bugs="0" total_types="1" total_size="87">
      <ClassStats class="io.swagger.client.auth.OAuth" sourceFile="OAuth.java" interface="false" size="87" bugs="0"/>
    </PackageStats>
    <FindBugsProfile>
      <ClassProfile name="edu.umd.cs.findbugs.classfile.engine.ClassInfoAnalysisEngine" totalMilliseconds="107" invocations="357" avgMicrosecondsPerInvocation="301" maxMicrosecondsPerInvocation="10604" standardDeviationMicrosecondsPerInvocation="754"/>
      <ClassProfile name="edu.umd.cs.findbugs.detect.BuildObligationPolicyDatabase" totalMilliseconds="47" invocations="16" avgMicrosecondsPerInvocation="2939" maxMicrosecondsPerInvocation="41875" standardDeviationMicrosecondsPerInvocation="10060"/>
      <ClassProfile name="edu.umd.cs.findbugs.detect.FieldItemSummary" totalMilliseconds="21" invocations="16" avgMicrosecondsPerInvocation="1324" maxMicrosecondsPerInvocation="6408" standardDeviationMicrosecondsPerInvocation="1832"/>
      <ClassProfile name="edu.umd.cs.findbugs.classfile.engine.bcel.MethodGenFactory" totalMilliseconds="19" invocations="14" avgMicrosecondsPerInvocation="1387" maxMicrosecondsPerInvocation="17116" standardDeviationMicrosecondsPerInvocation="4367"/>
      <ClassProfile name="edu.umd.cs.findbugs.classfile.engine.bcel.TypeDataflowFactory" totalMilliseconds="18" invocations="14" avgMicrosecondsPerInvocation="1331" maxMicrosecondsPerInvocation="7422" standardDeviationMicrosecondsPerInvocation="2379"/>
      <ClassProfile name="edu.umd.cs.findbugs.classfile.engine.bcel.CFGFactory" totalMilliseconds="18" invocations="14" avgMicrosecondsPerInvocation="1304" maxMicrosecondsPerInvocation="12283" standardDeviationMicrosecondsPerInvocation="3120"/>
      <ClassProfile name="edu.umd.cs.findbugs.OpcodeStack$JumpInfoFactory" totalMilliseconds="18" invocations="76" avgMicrosecondsPerInvocation="238" maxMicrosecondsPerInvocation="1818" standardDeviationMicrosecondsPerInvocation="314"/>
      <ClassProfile name="edu.umd.cs.findbugs.classfile.engine.bcel.IsNullValueDataflowFactory" totalMilliseconds="17" invocations="14" avgMicrosecondsPerInvocation="1248" maxMicrosecondsPerInvocation="8264" standardDeviationMicrosecondsPerInvocation="2306"/>
      <ClassProfile name="edu.umd.cs.findbugs.classfile.engine.bcel.JavaClassAnalysisEngine" totalMilliseconds="17" invocations="53" avgMicrosecondsPerInvocation="321" maxMicrosecondsPerInvocation="8726" standardDeviationMicrosecondsPerInvocation="1225"/>
      <ClassProfile name="edu.umd.cs.findbugs.util.TopologicalSort" totalMilliseconds="16" invocations="301" avgMicrosecondsPerInvocation="53" maxMicrosecondsPerInvocation="1218" standardDeviationMicrosecondsPerInvocation="127"/>
      <ClassProfile name="edu.umd.cs.findbugs.classfile.engine.bcel.ValueNumberDataflowFactory" totalMilliseconds="14" invocations="14" avgMicrosecondsPerInvocation="1053" maxMicrosecondsPerInvocation="6906" standardDeviationMicrosecondsPerInvocation="1899"/>
      <ClassProfile name="edu.umd.cs.findbugs.detect.FindNoSideEffectMethods" totalMilliseconds="13" invocations="16" avgMicrosecondsPerInvocation="840" maxMicrosecondsPerInvocation="3919" standardDeviationMicrosecondsPerInvocation="1057"/>
      <ClassProfile name="edu.umd.cs.findbugs.classfile.engine.bcel.UnconditionalValueDerefDataflowFactory" totalMilliseconds="12" invocations="14" avgMicrosecondsPerInvocation="865" maxMicrosecondsPerInvocation="6419" standardDeviationMicrosecondsPerInvocation="1648"/>
    </FindBugsProfile>
  </FindBugsSummary>
  <ClassFeatures></ClassFeatures>
  <History></History>
</BugCollection>
