<?xml version="1.0" encoding="UTF-8"?>

<BugCollection version="4.7.3" sequence="0" timestamp="1698475172433" analysisTimestamp="1698512715142" release="">
  <Project projectName="">
    <Jar>/mnt/disk3/lty/JLeaks/data/classfile/bug-537-072e225cdc81e1ef99c17789a130259d071f696c7ab7852a04c211cb15f4dd28.class</Jar>
  </Project>
  <Errors errors="0" missingClasses="0"></Errors>
  <FindBugsSummary timestamp="Sat, 28 Oct 2023 14:39:32 +0800" total_classes="1" referenced_classes="17" total_bugs="0" total_size="17" num_packages="1" java_version="1.8.0_382" vm_version="25.382-b05" cpu_seconds="5.24" clock_seconds="0.62" peak_mbytes="392.57" alloc_mbytes="1820.50" gc_seconds="0.04">
    <PackageStats package="spoon.support.util" total_bugs="0" total_types="1" total_size="17">
      <ClassStats class="spoon.support.util.ByteSerialization" sourceFile="ByteSerialization.java" interface="false" size="17" bugs="0"/>
    </PackageStats>
    <FindBugsProfile>
      <ClassProfile name="edu.umd.cs.findbugs.classfile.engine.ClassInfoAnalysisEngine" totalMilliseconds="147" invocations="355" avgMicrosecondsPerInvocation="414" maxMicrosecondsPerInvocation="41831" standardDeviationMicrosecondsPerInvocation="2317"/>
      <ClassProfile name="edu.umd.cs.findbugs.detect.FieldItemSummary" totalMilliseconds="24" invocations="17" avgMicrosecondsPerInvocation="1464" maxMicrosecondsPerInvocation="5616" standardDeviationMicrosecondsPerInvocation="1992"/>
      <ClassProfile name="edu.umd.cs.findbugs.detect.FindNoSideEffectMethods" totalMilliseconds="21" invocations="17" avgMicrosecondsPerInvocation="1256" maxMicrosecondsPerInvocation="5642" standardDeviationMicrosecondsPerInvocation="1793"/>
      <ClassProfile name="edu.umd.cs.findbugs.OpcodeStack$JumpInfoFactory" totalMilliseconds="18" invocations="52" avgMicrosecondsPerInvocation="362" maxMicrosecondsPerInvocation="1501" standardDeviationMicrosecondsPerInvocation="360"/>
      <ClassProfile name="edu.umd.cs.findbugs.classfile.engine.bcel.MethodGenFactory" totalMilliseconds="18" invocations="3" avgMicrosecondsPerInvocation="6096" maxMicrosecondsPerInvocation="17918" standardDeviationMicrosecondsPerInvocation="8359"/>
      <ClassProfile name="edu.umd.cs.findbugs.classfile.engine.bcel.JavaClassAnalysisEngine" totalMilliseconds="16" invocations="45" avgMicrosecondsPerInvocation="361" maxMicrosecondsPerInvocation="8379" standardDeviationMicrosecondsPerInvocation="1255"/>
      <ClassProfile name="edu.umd.cs.findbugs.util.TopologicalSort" totalMilliseconds="13" invocations="316" avgMicrosecondsPerInvocation="44" maxMicrosecondsPerInvocation="602" standardDeviationMicrosecondsPerInvocation="81"/>
      <ClassProfile name="edu.umd.cs.findbugs.detect.NoteDirectlyRelevantTypeQualifiers" totalMilliseconds="11" invocations="17" avgMicrosecondsPerInvocation="652" maxMicrosecondsPerInvocation="3095" standardDeviationMicrosecondsPerInvocation="876"/>
    </FindBugsProfile>
  </FindBugsSummary>
  <ClassFeatures></ClassFeatures>
  <History></History>
</BugCollection>
