<?xml version="1.0" encoding="UTF-8"?>

<BugCollection version="4.7.3" sequence="0" timestamp="1698475185488" analysisTimestamp="1698513138155" release="">
  <Project projectName="">
    <Jar>/mnt/disk3/lty/JLeaks/data/classfile/bug-635-bb14c1a6956d39544ac0dd3c19ca956636594bed3e352d8778cebc332082a9b1.class</Jar>
  </Project>
  <BugInstance type="OS_OPEN_STREAM" priority="2" rank="16" abbrev="OS" category="BAD_PRACTICE">
    <Class classname="org.jline.builtins.Nano">
      <SourceLine classname="org.jline.builtins.Nano" start="60" end="3663" sourcefile="Nano.java" sourcepath="org/jline/builtins/Nano.java"/>
    </Class>
    <Method classname="org.jline.builtins.Nano" name="save" signature="(Ljava/lang/String;)Z" isStatic="false">
      <SourceLine classname="org.jline.builtins.Nano" start="2491" end="2548" startBytecode="0" endBytecode="283" sourcefile="Nano.java" sourcepath="org/jline/builtins/Nano.java"/>
    </Method>
    <Type descriptor="Ljava/io/Writer;" role="TYPE_CLOSEIT">
      <SourceLine classname="java.io.Writer" start="50" end="294" sourcefile="Writer.java" sourcepath="java/io/Writer.java"/>
    </Type>
    <SourceLine classname="org.jline.builtins.Nano" start="2511" end="2511" startBytecode="227" endBytecode="227" sourcefile="Nano.java" sourcepath="org/jline/builtins/Nano.java"/>
  </BugInstance>
  <BugInstance type="OS_OPEN_STREAM_EXCEPTION_PATH" priority="3" rank="19" abbrev="OS" category="BAD_PRACTICE">
    <Class classname="org.jline.builtins.Nano">
      <SourceLine classname="org.jline.builtins.Nano" start="60" end="3663" sourcefile="Nano.java" sourcepath="org/jline/builtins/Nano.java"/>
    </Class>
    <Method classname="org.jline.builtins.Nano" name="parseConfig" signature="(Ljava/nio/file/Path;)V" isStatic="false">
      <SourceLine classname="org.jline.builtins.Nano" start="2046" end="2124" startBytecode="0" endBytecode="383" sourcefile="Nano.java" sourcepath="org/jline/builtins/Nano.java"/>
    </Method>
    <Type descriptor="Ljava/io/Reader;" role="TYPE_CLOSEIT">
      <SourceLine classname="java.io.Reader" start="66" end="249" sourcefile="Reader.java" sourcepath="java/io/Reader.java"/>
    </Type>
    <SourceLine classname="org.jline.builtins.Nano" start="2046" end="2046" startBytecode="0" endBytecode="0" sourcefile="Nano.java" sourcepath="org/jline/builtins/Nano.java"/>
  </BugInstance>
  <Errors errors="0" missingClasses="30">
    <MissingClass>org.jline.builtins.Commands</MissingClass>
    <MissingClass>org.jline.builtins.ConfigurationPath</MissingClass>
    <MissingClass>org.jline.builtins.Nano$1</MissingClass>
    <MissingClass>org.jline.builtins.Nano$Buffer</MissingClass>
    <MissingClass>org.jline.builtins.Nano$Operation</MissingClass>
    <MissingClass>org.jline.builtins.Nano$Parser</MissingClass>
    <MissingClass>org.jline.builtins.Nano$PatternHistory</MissingClass>
    <MissingClass>org.jline.builtins.Nano$WriteFormat</MissingClass>
    <MissingClass>org.jline.builtins.Nano$WriteMode</MissingClass>
    <MissingClass>org.jline.builtins.Options</MissingClass>
    <MissingClass>org.jline.keymap.BindingReader</MissingClass>
    <MissingClass>org.jline.keymap.KeyMap</MissingClass>
    <MissingClass>org.jline.reader.Editor</MissingClass>
    <MissingClass>org.jline.terminal.Attributes</MissingClass>
    <MissingClass>org.jline.terminal.Attributes$ControlChar</MissingClass>
    <MissingClass>org.jline.terminal.Attributes$InputFlag</MissingClass>
    <MissingClass>org.jline.terminal.Attributes$LocalFlag</MissingClass>
    <MissingClass>org.jline.terminal.MouseEvent</MissingClass>
    <MissingClass>org.jline.terminal.MouseEvent$Button</MissingClass>
    <MissingClass>org.jline.terminal.MouseEvent$Type</MissingClass>
    <MissingClass>org.jline.terminal.Size</MissingClass>
    <MissingClass>org.jline.terminal.Terminal</MissingClass>
    <MissingClass>org.jline.terminal.Terminal$MouseTracking</MissingClass>
    <MissingClass>org.jline.terminal.Terminal$Signal</MissingClass>
    <MissingClass>org.jline.utils.AttributedString</MissingClass>
    <MissingClass>org.jline.utils.AttributedStringBuilder</MissingClass>
    <MissingClass>org.jline.utils.AttributedStyle</MissingClass>
    <MissingClass>org.jline.utils.Display</MissingClass>
    <MissingClass>org.jline.utils.InfoCmp$Capability</MissingClass>
    <MissingClass>org.jline.utils.Status</MissingClass>
  </Errors>
  <FindBugsSummary timestamp="Sat, 28 Oct 2023 14:39:45 +0800" total_classes="1" referenced_classes="62" total_bugs="2" total_size="1386" num_packages="1" java_version="1.8.0_382" vm_version="25.382-b05" cpu_seconds="17.35" clock_seconds="1.73" peak_mbytes="498.78" alloc_mbytes="1820.50" gc_seconds="0.04" priority_3="1" priority_2="1">
    <PackageStats package="org.jline.builtins" total_bugs="2" total_types="1" total_size="1386" priority_3="1" priority_2="1">
      <ClassStats class="org.jline.builtins.Nano" sourceFile="Nano.java" interface="false" size="1386" bugs="2" priority_3="1" priority_2="1"/>
    </PackageStats>
    <FindBugsProfile>
      <ClassProfile name="edu.umd.cs.findbugs.classfile.engine.ClassInfoAnalysisEngine" totalMilliseconds="162" invocations="608" avgMicrosecondsPerInvocation="267" maxMicrosecondsPerInvocation="20376" standardDeviationMicrosecondsPerInvocation="925"/>
      <ClassProfile name="edu.umd.cs.findbugs.classfile.engine.bcel.ValueNumberDataflowFactory" totalMilliseconds="87" invocations="73" avgMicrosecondsPerInvocation="1203" maxMicrosecondsPerInvocation="9243" standardDeviationMicrosecondsPerInvocation="1973"/>
      <ClassProfile name="edu.umd.cs.findbugs.classfile.engine.bcel.TypeDataflowFactory" totalMilliseconds="78" invocations="70" avgMicrosecondsPerInvocation="1124" maxMicrosecondsPerInvocation="6639" standardDeviationMicrosecondsPerInvocation="1673"/>
      <ClassProfile name="edu.umd.cs.findbugs.classfile.engine.bcel.IsNullValueDataflowFactory" totalMilliseconds="77" invocations="65" avgMicrosecondsPerInvocation="1192" maxMicrosecondsPerInvocation="8109" standardDeviationMicrosecondsPerInvocation="1749"/>
      <ClassProfile name="edu.umd.cs.findbugs.classfile.engine.bcel.UnconditionalValueDerefDataflowFactory" totalMilliseconds="64" invocations="65" avgMicrosecondsPerInvocation="993" maxMicrosecondsPerInvocation="11113" standardDeviationMicrosecondsPerInvocation="1889"/>
      <ClassProfile name="edu.umd.cs.findbugs.ba.npe.NullDerefAndRedundantComparisonFinder" totalMilliseconds="61" invocations="65" avgMicrosecondsPerInvocation="944" maxMicrosecondsPerInvocation="14737" standardDeviationMicrosecondsPerInvocation="2059"/>
      <ClassProfile name="edu.umd.cs.findbugs.detect.BuildObligationPolicyDatabase" totalMilliseconds="55" invocations="62" avgMicrosecondsPerInvocation="893" maxMicrosecondsPerInvocation="43423" standardDeviationMicrosecondsPerInvocation="5450"/>
      <ClassProfile name="edu.umd.cs.findbugs.OpcodeStack$JumpInfoFactory" totalMilliseconds="54" invocations="282" avgMicrosecondsPerInvocation="194" maxMicrosecondsPerInvocation="3637" standardDeviationMicrosecondsPerInvocation="351"/>
      <ClassProfile name="edu.umd.cs.findbugs.detect.FieldItemSummary" totalMilliseconds="51" invocations="62" avgMicrosecondsPerInvocation="830" maxMicrosecondsPerInvocation="7618" standardDeviationMicrosecondsPerInvocation="1505"/>
      <ClassProfile name="edu.umd.cs.findbugs.detect.FindOpenStream" totalMilliseconds="50" invocations="1" avgMicrosecondsPerInvocation="50290" maxMicrosecondsPerInvocation="50290" standardDeviationMicrosecondsPerInvocation="0"/>
      <ClassProfile name="edu.umd.cs.findbugs.detect.FindNoSideEffectMethods" totalMilliseconds="44" invocations="62" avgMicrosecondsPerInvocation="714" maxMicrosecondsPerInvocation="6720" standardDeviationMicrosecondsPerInvocation="1302"/>
      <ClassProfile name="edu.umd.cs.findbugs.classfile.engine.bcel.CFGFactory" totalMilliseconds="42" invocations="65" avgMicrosecondsPerInvocation="658" maxMicrosecondsPerInvocation="7974" standardDeviationMicrosecondsPerInvocation="1230"/>
      <ClassProfile name="edu.umd.cs.findbugs.detect.FindRefComparison$SpecialTypeAnalysis" totalMilliseconds="33" invocations="53" avgMicrosecondsPerInvocation="627" maxMicrosecondsPerInvocation="4533" standardDeviationMicrosecondsPerInvocation="976"/>
      <ClassProfile name="edu.umd.cs.findbugs.classfile.engine.bcel.MethodGenFactory" totalMilliseconds="28" invocations="65" avgMicrosecondsPerInvocation="432" maxMicrosecondsPerInvocation="16977" standardDeviationMicrosecondsPerInvocation="2093"/>
      <ClassProfile name="edu.umd.cs.findbugs.classfile.engine.bcel.JavaClassAnalysisEngine" totalMilliseconds="26" invocations="127" avgMicrosecondsPerInvocation="204" maxMicrosecondsPerInvocation="8642" standardDeviationMicrosecondsPerInvocation="812"/>
      <ClassProfile name="edu.umd.cs.findbugs.detect.NoteDirectlyRelevantTypeQualifiers" totalMilliseconds="22" invocations="62" avgMicrosecondsPerInvocation="361" maxMicrosecondsPerInvocation="4779" standardDeviationMicrosecondsPerInvocation="843"/>
      <ClassProfile name="edu.umd.cs.findbugs.classfile.engine.bcel.ConstantDataflowFactory" totalMilliseconds="19" invocations="65" avgMicrosecondsPerInvocation="296" maxMicrosecondsPerInvocation="1886" standardDeviationMicrosecondsPerInvocation="447"/>
      <ClassProfile name="edu.umd.cs.findbugs.classfile.engine.bcel.ValueRangeAnalysisFactory" totalMilliseconds="17" invocations="65" avgMicrosecondsPerInvocation="267" maxMicrosecondsPerInvocation="5008" standardDeviationMicrosecondsPerInvocation="754"/>
      <ClassProfile name="edu.umd.cs.findbugs.util.TopologicalSort" totalMilliseconds="17" invocations="530" avgMicrosecondsPerInvocation="32" maxMicrosecondsPerInvocation="1107" standardDeviationMicrosecondsPerInvocation="70"/>
      <ClassProfile name="edu.umd.cs.findbugs.detect.CalledMethods" totalMilliseconds="16" invocations="62" avgMicrosecondsPerInvocation="262" maxMicrosecondsPerInvocation="6984" standardDeviationMicrosecondsPerInvocation="894"/>
      <ClassProfile name="edu.umd.cs.findbugs.detect.FunctionsThatMightBeMistakenForProcedures" totalMilliseconds="14" invocations="62" avgMicrosecondsPerInvocation="236" maxMicrosecondsPerInvocation="2466" standardDeviationMicrosecondsPerInvocation="416"/>
      <ClassProfile name="edu.umd.cs.findbugs.classfile.engine.ClassDataAnalysisEngine" totalMilliseconds="14" invocations="614" avgMicrosecondsPerInvocation="23" maxMicrosecondsPerInvocation="435" standardDeviationMicrosecondsPerInvocation="26"/>
      <ClassProfile name="edu.umd.cs.findbugs.detect.OverridingEqualsNotSymmetrical" totalMilliseconds="13" invocations="62" avgMicrosecondsPerInvocation="222" maxMicrosecondsPerInvocation="6168" standardDeviationMicrosecondsPerInvocation="785"/>
      <ClassProfile name="edu.umd.cs.findbugs.detect.DumbMethods" totalMilliseconds="13" invocations="1" avgMicrosecondsPerInvocation="13557" maxMicrosecondsPerInvocation="13557" standardDeviationMicrosecondsPerInvocation="0"/>
      <ClassProfile name="edu.umd.cs.findbugs.detect.UnreadFields" totalMilliseconds="13" invocations="1" avgMicrosecondsPerInvocation="13374" maxMicrosecondsPerInvocation="13374" standardDeviationMicrosecondsPerInvocation="0"/>
      <ClassProfile name="edu.umd.cs.findbugs.detect.FindInconsistentSync2" totalMilliseconds="11" invocations="1" avgMicrosecondsPerInvocation="11861" maxMicrosecondsPerInvocation="11861" standardDeviationMicrosecondsPerInvocation="0"/>
    </FindBugsProfile>
  </FindBugsSummary>
  <ClassFeatures></ClassFeatures>
  <History></History>
</BugCollection>
