<?xml version="1.0" encoding="UTF-8"?>

<BugCollection version="4.7.3" sequence="0" timestamp="1698475135431" analysisTimestamp="1698510780502" release="">
  <Project projectName="">
    <Jar>/mnt/disk3/lty/JLeaks/data/classfile/bug-235-269ed7b8bef73a5c33dbdfd696dbd2cfe7ed0a9647add5e4dd464dfd3b578df2.class</Jar>
  </Project>
  <Errors errors="0" missingClasses="33">
    <MissingClass>com.microsoft.azure.servicebus.ActiveClientTokenManager</MissingClass>
    <MissingClass>com.microsoft.azure.servicebus.CBSChannel</MissingClass>
    <MissingClass>com.microsoft.azure.servicebus.ClientConstants</MissingClass>
    <MissingClass>com.microsoft.azure.servicebus.ClientEntity</MissingClass>
    <MissingClass>com.microsoft.azure.servicebus.ExceptionUtil</MissingClass>
    <MissingClass>com.microsoft.azure.servicebus.MessageReceiver$1</MissingClass>
    <MissingClass>com.microsoft.azure.servicebus.MessageReceiver$10</MissingClass>
    <MissingClass>com.microsoft.azure.servicebus.MessageReceiver$11</MissingClass>
    <MissingClass>com.microsoft.azure.servicebus.MessageReceiver$12</MissingClass>
    <MissingClass>com.microsoft.azure.servicebus.MessageReceiver$2</MissingClass>
    <MissingClass>com.microsoft.azure.servicebus.MessageReceiver$3</MissingClass>
    <MissingClass>com.microsoft.azure.servicebus.MessageReceiver$4</MissingClass>
    <MissingClass>com.microsoft.azure.servicebus.MessageReceiver$5</MissingClass>
    <MissingClass>com.microsoft.azure.servicebus.MessageReceiver$6</MissingClass>
    <MissingClass>com.microsoft.azure.servicebus.MessageReceiver$7</MissingClass>
    <MissingClass>com.microsoft.azure.servicebus.MessageReceiver$8</MissingClass>
    <MissingClass>com.microsoft.azure.servicebus.MessageReceiver$9</MissingClass>
    <MissingClass>com.microsoft.azure.servicebus.MessageReceiver$ReceiveWorkItem</MissingClass>
    <MissingClass>com.microsoft.azure.servicebus.MessagingFactory</MissingClass>
    <MissingClass>com.microsoft.azure.servicebus.ReceiverContext</MissingClass>
    <MissingClass>com.microsoft.azure.servicebus.RetryPolicy</MissingClass>
    <MissingClass>com.microsoft.azure.servicebus.ServiceBusException</MissingClass>
    <MissingClass>com.microsoft.azure.servicebus.SharedAccessSignatureTokenProvider</MissingClass>
    <MissingClass>com.microsoft.azure.servicebus.TimeoutTracker</MissingClass>
    <MissingClass>com.microsoft.azure.servicebus.Timer</MissingClass>
    <MissingClass>com.microsoft.azure.servicebus.TimerType</MissingClass>
    <MissingClass>com.microsoft.azure.servicebus.WorkItem</MissingClass>
    <MissingClass>org.apache.qpid.proton.Proton</MissingClass>
    <MissingClass>org.apache.qpid.proton.amqp.Symbol</MissingClass>
    <MissingClass>org.apache.qpid.proton.amqp.transport.ErrorCondition</MissingClass>
    <MissingClass>org.apache.qpid.proton.engine.Delivery</MissingClass>
    <MissingClass>org.apache.qpid.proton.engine.Receiver</MissingClass>
    <MissingClass>org.apache.qpid.proton.message.Message</MissingClass>
  </Errors>
  <FindBugsSummary timestamp="Sat, 28 Oct 2023 14:38:55 +0800" total_classes="1" referenced_classes="23" total_bugs="0" total_size="247" num_packages="1" java_version="1.8.0_382" vm_version="25.382-b05" cpu_seconds="9.00" clock_seconds="0.95" peak_mbytes="388.04" alloc_mbytes="1820.50" gc_seconds="0.04">
    <PackageStats package="com.microsoft.azure.servicebus" total_bugs="0" total_types="1" total_size="247">
      <ClassStats class="com.microsoft.azure.servicebus.MessageReceiver" sourceFile="MessageReceiver.java" interface="false" size="247" bugs="0"/>
    </PackageStats>
    <FindBugsProfile>
      <ClassProfile name="edu.umd.cs.findbugs.classfile.engine.ClassInfoAnalysisEngine" totalMilliseconds="124" invocations="428" avgMicrosecondsPerInvocation="289" maxMicrosecondsPerInvocation="12881" standardDeviationMicrosecondsPerInvocation="846"/>
      <ClassProfile name="edu.umd.cs.findbugs.classfile.engine.ClassDataAnalysisEngine" totalMilliseconds="51" invocations="433" avgMicrosecondsPerInvocation="118" maxMicrosecondsPerInvocation="39770" standardDeviationMicrosecondsPerInvocation="1908"/>
      <ClassProfile name="edu.umd.cs.findbugs.detect.FieldItemSummary" totalMilliseconds="35" invocations="23" avgMicrosecondsPerInvocation="1547" maxMicrosecondsPerInvocation="8853" standardDeviationMicrosecondsPerInvocation="2237"/>
      <ClassProfile name="edu.umd.cs.findbugs.classfile.engine.bcel.IsNullValueDataflowFactory" totalMilliseconds="29" invocations="43" avgMicrosecondsPerInvocation="692" maxMicrosecondsPerInvocation="4539" standardDeviationMicrosecondsPerInvocation="1105"/>
      <ClassProfile name="edu.umd.cs.findbugs.classfile.engine.bcel.ValueNumberDataflowFactory" totalMilliseconds="29" invocations="45" avgMicrosecondsPerInvocation="656" maxMicrosecondsPerInvocation="10452" standardDeviationMicrosecondsPerInvocation="1666"/>
      <ClassProfile name="edu.umd.cs.findbugs.classfile.engine.bcel.TypeDataflowFactory" totalMilliseconds="27" invocations="45" avgMicrosecondsPerInvocation="619" maxMicrosecondsPerInvocation="7942" standardDeviationMicrosecondsPerInvocation="1302"/>
      <ClassProfile name="edu.umd.cs.findbugs.detect.FindNoSideEffectMethods" totalMilliseconds="24" invocations="23" avgMicrosecondsPerInvocation="1083" maxMicrosecondsPerInvocation="6153" standardDeviationMicrosecondsPerInvocation="1442"/>
      <ClassProfile name="edu.umd.cs.findbugs.classfile.engine.bcel.MethodGenFactory" totalMilliseconds="23" invocations="43" avgMicrosecondsPerInvocation="552" maxMicrosecondsPerInvocation="19598" standardDeviationMicrosecondsPerInvocation="2941"/>
      <ClassProfile name="edu.umd.cs.findbugs.classfile.engine.bcel.CFGFactory" totalMilliseconds="23" invocations="43" avgMicrosecondsPerInvocation="535" maxMicrosecondsPerInvocation="10205" standardDeviationMicrosecondsPerInvocation="1546"/>
      <ClassProfile name="edu.umd.cs.findbugs.OpcodeStack$JumpInfoFactory" totalMilliseconds="22" invocations="130" avgMicrosecondsPerInvocation="170" maxMicrosecondsPerInvocation="1934" standardDeviationMicrosecondsPerInvocation="269"/>
      <ClassProfile name="edu.umd.cs.findbugs.classfile.engine.bcel.JavaClassAnalysisEngine" totalMilliseconds="19" invocations="83" avgMicrosecondsPerInvocation="231" maxMicrosecondsPerInvocation="9016" standardDeviationMicrosecondsPerInvocation="1023"/>
      <ClassProfile name="edu.umd.cs.findbugs.classfile.engine.bcel.UnconditionalValueDerefDataflowFactory" totalMilliseconds="18" invocations="43" avgMicrosecondsPerInvocation="421" maxMicrosecondsPerInvocation="4063" standardDeviationMicrosecondsPerInvocation="724"/>
      <ClassProfile name="edu.umd.cs.findbugs.util.TopologicalSort" totalMilliseconds="16" invocations="360" avgMicrosecondsPerInvocation="44" maxMicrosecondsPerInvocation="1355" standardDeviationMicrosecondsPerInvocation="104"/>
      <ClassProfile name="edu.umd.cs.findbugs.ba.npe.NullDerefAndRedundantComparisonFinder" totalMilliseconds="15" invocations="43" avgMicrosecondsPerInvocation="360" maxMicrosecondsPerInvocation="1673" standardDeviationMicrosecondsPerInvocation="453"/>
      <ClassProfile name="edu.umd.cs.findbugs.detect.NoteDirectlyRelevantTypeQualifiers" totalMilliseconds="14" invocations="23" avgMicrosecondsPerInvocation="640" maxMicrosecondsPerInvocation="6242" standardDeviationMicrosecondsPerInvocation="1291"/>
      <ClassProfile name="edu.umd.cs.findbugs.detect.FunctionsThatMightBeMistakenForProcedures" totalMilliseconds="13" invocations="23" avgMicrosecondsPerInvocation="590" maxMicrosecondsPerInvocation="5208" standardDeviationMicrosecondsPerInvocation="1141"/>
      <ClassProfile name="edu.umd.cs.findbugs.detect.OverridingEqualsNotSymmetrical" totalMilliseconds="11" invocations="23" avgMicrosecondsPerInvocation="507" maxMicrosecondsPerInvocation="6808" standardDeviationMicrosecondsPerInvocation="1368"/>
    </FindBugsProfile>
  </FindBugsSummary>
  <ClassFeatures></ClassFeatures>
  <History></History>
</BugCollection>
