<?xml version="1.0" encoding="UTF-8"?>

<BugCollection version="4.7.3" sequence="0" timestamp="1698475146858" analysisTimestamp="1698511493137" release="">
  <Project projectName="">
    <Jar>/mnt/disk3/lty/JLeaks/data/classfile/bug-332-da9097d01afc1dcd3cfe08e58295dc9b02242b5923ab126ccf167a0a98a27c21.class</Jar>
  </Project>
  <Errors errors="0" missingClasses="3">
    <MissingClass>org.slf4j.LoggerFactory</MissingClass>
    <MissingClass>org.xbill.DNS.Client</MissingClass>
    <MissingClass>org.xbill.DNS.NioUdpClient$Transaction</MissingClass>
  </Errors>
  <FindBugsSummary timestamp="Sat, 28 Oct 2023 14:39:06 +0800" total_classes="1" referenced_classes="35" total_bugs="0" total_size="89" num_packages="1" java_version="1.8.0_382" vm_version="25.382-b05" cpu_seconds="7.15" clock_seconds="0.82" peak_mbytes="406.90" alloc_mbytes="1820.50" gc_seconds="0.04">
    <PackageStats package="org.xbill.DNS" total_bugs="0" total_types="1" total_size="89">
      <ClassStats class="org.xbill.DNS.NioUdpClient" sourceFile="NioUdpClient.java" interface="false" size="89" bugs="0"/>
    </PackageStats>
    <FindBugsProfile>
      <ClassProfile name="edu.umd.cs.findbugs.classfile.engine.ClassInfoAnalysisEngine" totalMilliseconds="128" invocations="526" avgMicrosecondsPerInvocation="244" maxMicrosecondsPerInvocation="12760" standardDeviationMicrosecondsPerInvocation="710"/>
      <ClassProfile name="edu.umd.cs.findbugs.detect.BuildObligationPolicyDatabase" totalMilliseconds="54" invocations="35" avgMicrosecondsPerInvocation="1552" maxMicrosecondsPerInvocation="46536" standardDeviationMicrosecondsPerInvocation="7722"/>
      <ClassProfile name="edu.umd.cs.findbugs.detect.FieldItemSummary" totalMilliseconds="37" invocations="35" avgMicrosecondsPerInvocation="1076" maxMicrosecondsPerInvocation="6435" standardDeviationMicrosecondsPerInvocation="1658"/>
      <ClassProfile name="edu.umd.cs.findbugs.detect.FindNoSideEffectMethods" totalMilliseconds="31" invocations="35" avgMicrosecondsPerInvocation="897" maxMicrosecondsPerInvocation="4891" standardDeviationMicrosecondsPerInvocation="1151"/>
      <ClassProfile name="edu.umd.cs.findbugs.OpcodeStack$JumpInfoFactory" totalMilliseconds="23" invocations="120" avgMicrosecondsPerInvocation="191" maxMicrosecondsPerInvocation="1699" standardDeviationMicrosecondsPerInvocation="243"/>
      <ClassProfile name="edu.umd.cs.findbugs.classfile.engine.bcel.ValueNumberDataflowFactory" totalMilliseconds="22" invocations="11" avgMicrosecondsPerInvocation="2019" maxMicrosecondsPerInvocation="13980" standardDeviationMicrosecondsPerInvocation="3915"/>
      <ClassProfile name="edu.umd.cs.findbugs.classfile.engine.bcel.MethodGenFactory" totalMilliseconds="20" invocations="8" avgMicrosecondsPerInvocation="2547" maxMicrosecondsPerInvocation="18123" standardDeviationMicrosecondsPerInvocation="5893"/>
      <ClassProfile name="edu.umd.cs.findbugs.classfile.engine.bcel.TypeDataflowFactory" totalMilliseconds="19" invocations="9" avgMicrosecondsPerInvocation="2205" maxMicrosecondsPerInvocation="12770" standardDeviationMicrosecondsPerInvocation="3855"/>
      <ClassProfile name="edu.umd.cs.findbugs.classfile.engine.bcel.JavaClassAnalysisEngine" totalMilliseconds="19" invocations="80" avgMicrosecondsPerInvocation="242" maxMicrosecondsPerInvocation="8318" standardDeviationMicrosecondsPerInvocation="948"/>
      <ClassProfile name="edu.umd.cs.findbugs.classfile.engine.bcel.IsNullValueDataflowFactory" totalMilliseconds="19" invocations="8" avgMicrosecondsPerInvocation="2376" maxMicrosecondsPerInvocation="13013" standardDeviationMicrosecondsPerInvocation="4046"/>
      <ClassProfile name="edu.umd.cs.findbugs.util.TopologicalSort" totalMilliseconds="17" invocations="485" avgMicrosecondsPerInvocation="35" maxMicrosecondsPerInvocation="1138" standardDeviationMicrosecondsPerInvocation="83"/>
      <ClassProfile name="edu.umd.cs.findbugs.detect.NoteDirectlyRelevantTypeQualifiers" totalMilliseconds="15" invocations="35" avgMicrosecondsPerInvocation="435" maxMicrosecondsPerInvocation="4640" standardDeviationMicrosecondsPerInvocation="839"/>
      <ClassProfile name="edu.umd.cs.findbugs.detect.FunctionsThatMightBeMistakenForProcedures" totalMilliseconds="13" invocations="35" avgMicrosecondsPerInvocation="394" maxMicrosecondsPerInvocation="3080" standardDeviationMicrosecondsPerInvocation="699"/>
      <ClassProfile name="edu.umd.cs.findbugs.classfile.engine.bcel.CFGFactory" totalMilliseconds="13" invocations="8" avgMicrosecondsPerInvocation="1631" maxMicrosecondsPerInvocation="10313" standardDeviationMicrosecondsPerInvocation="3289"/>
      <ClassProfile name="edu.umd.cs.findbugs.classfile.engine.ClassDataAnalysisEngine" totalMilliseconds="12" invocations="530" avgMicrosecondsPerInvocation="24" maxMicrosecondsPerInvocation="444" standardDeviationMicrosecondsPerInvocation="32"/>
      <ClassProfile name="edu.umd.cs.findbugs.detect.OverridingEqualsNotSymmetrical" totalMilliseconds="11" invocations="35" avgMicrosecondsPerInvocation="334" maxMicrosecondsPerInvocation="6285" standardDeviationMicrosecondsPerInvocation="1040"/>
    </FindBugsProfile>
  </FindBugsSummary>
  <ClassFeatures></ClassFeatures>
  <History></History>
</BugCollection>
