<?xml version="1.0" encoding="UTF-8"?>

<BugCollection version="4.7.3" sequence="0" timestamp="1698475115787" analysisTimestamp="1698508247835" release="">
  <Project projectName="">
    <Jar>/mnt/disk3/lty/JLeaks/data/classfile/bug-58-4cc10bc909b11c87a39cb501fd1d04058a2e84e8e6c5625c259ac86398bc7776.class</Jar>
  </Project>
  <Errors errors="0" missingClasses="26">
    <MissingClass>com.google.common.collect.Lists</MissingClass>
    <MissingClass>org.apache.bookkeeper.bookie.BookieImpl</MissingClass>
    <MissingClass>org.apache.bookkeeper.common.component.ComponentInfoPublisher</MissingClass>
    <MissingClass>org.apache.bookkeeper.common.component.ComponentInfoPublisher$EndpointInfo</MissingClass>
    <MissingClass>org.apache.bookkeeper.conf.ServerConfiguration</MissingClass>
    <MissingClass>org.apache.bookkeeper.discover.BookieServiceInfo</MissingClass>
    <MissingClass>org.apache.bookkeeper.discover.BookieServiceInfo$Endpoint</MissingClass>
    <MissingClass>org.apache.bookkeeper.meta.zk.ZKMetadataDriverBase</MissingClass>
    <MissingClass>org.apache.bookkeeper.net.BookieId</MissingClass>
    <MissingClass>org.apache.bookkeeper.proto.BookieServer</MissingClass>
    <MissingClass>org.apache.bookkeeper.server.conf.BookieConfiguration</MissingClass>
    <MissingClass>org.apache.bookkeeper.server.service.BookieService</MissingClass>
    <MissingClass>org.apache.bookkeeper.shims.zk.ZooKeeperServerShim</MissingClass>
    <MissingClass>org.apache.bookkeeper.shims.zk.ZooKeeperServerShimFactory</MissingClass>
    <MissingClass>org.apache.bookkeeper.stats.NullStatsLogger</MissingClass>
    <MissingClass>org.apache.bookkeeper.util.IOUtils</MissingClass>
    <MissingClass>org.apache.bookkeeper.util.PortManager</MissingClass>
    <MissingClass>org.apache.bookkeeper.util.ZkUtils</MissingClass>
    <MissingClass>org.apache.bookkeeper.zookeeper.ZooKeeperClient</MissingClass>
    <MissingClass>org.apache.bookkeeper.zookeeper.ZooKeeperClient$Builder</MissingClass>
    <MissingClass>org.apache.commons.io.FileUtils</MissingClass>
    <MissingClass>org.apache.zookeeper.CreateMode</MissingClass>
    <MissingClass>org.apache.zookeeper.Op</MissingClass>
    <MissingClass>org.apache.zookeeper.ZooDefs$Ids</MissingClass>
    <MissingClass>org.slf4j.Logger</MissingClass>
    <MissingClass>org.slf4j.LoggerFactory</MissingClass>
  </Errors>
  <FindBugsSummary timestamp="Sat, 28 Oct 2023 14:38:35 +0800" total_classes="1" referenced_classes="47" total_bugs="0" total_size="302" num_packages="1" java_version="1.8.0_382" vm_version="25.382-b05" cpu_seconds="11.23" clock_seconds="1.15" peak_mbytes="401.17" alloc_mbytes="1820.50" gc_seconds="0.04">
    <PackageStats package="org.apache.bookkeeper.util" total_bugs="0" total_types="1" total_size="302">
      <ClassStats class="org.apache.bookkeeper.util.LocalBookKeeper" sourceFile="LocalBookKeeper.java" interface="false" size="302" bugs="0"/>
    </PackageStats>
    <FindBugsProfile>
      <ClassProfile name="edu.umd.cs.findbugs.classfile.engine.ClassInfoAnalysisEngine" totalMilliseconds="137" invocations="570" avgMicrosecondsPerInvocation="241" maxMicrosecondsPerInvocation="15150" standardDeviationMicrosecondsPerInvocation="754"/>
      <ClassProfile name="edu.umd.cs.findbugs.detect.BuildObligationPolicyDatabase" totalMilliseconds="58" invocations="47" avgMicrosecondsPerInvocation="1237" maxMicrosecondsPerInvocation="45392" standardDeviationMicrosecondsPerInvocation="6518"/>
      <ClassProfile name="edu.umd.cs.findbugs.detect.FieldItemSummary" totalMilliseconds="46" invocations="47" avgMicrosecondsPerInvocation="984" maxMicrosecondsPerInvocation="6481" standardDeviationMicrosecondsPerInvocation="1209"/>
      <ClassProfile name="edu.umd.cs.findbugs.classfile.engine.bcel.ValueNumberDataflowFactory" totalMilliseconds="41" invocations="29" avgMicrosecondsPerInvocation="1430" maxMicrosecondsPerInvocation="9398" standardDeviationMicrosecondsPerInvocation="2309"/>
      <ClassProfile name="edu.umd.cs.findbugs.detect.FindNoSideEffectMethods" totalMilliseconds="41" invocations="47" avgMicrosecondsPerInvocation="879" maxMicrosecondsPerInvocation="3173" standardDeviationMicrosecondsPerInvocation="924"/>
      <ClassProfile name="edu.umd.cs.findbugs.classfile.engine.bcel.TypeDataflowFactory" totalMilliseconds="40" invocations="29" avgMicrosecondsPerInvocation="1408" maxMicrosecondsPerInvocation="7385" standardDeviationMicrosecondsPerInvocation="1932"/>
      <ClassProfile name="edu.umd.cs.findbugs.classfile.engine.bcel.IsNullValueDataflowFactory" totalMilliseconds="38" invocations="23" avgMicrosecondsPerInvocation="1684" maxMicrosecondsPerInvocation="9251" standardDeviationMicrosecondsPerInvocation="2488"/>
      <ClassProfile name="edu.umd.cs.findbugs.classfile.engine.bcel.UnconditionalValueDerefDataflowFactory" totalMilliseconds="30" invocations="23" avgMicrosecondsPerInvocation="1319" maxMicrosecondsPerInvocation="12351" standardDeviationMicrosecondsPerInvocation="2844"/>
      <ClassProfile name="edu.umd.cs.findbugs.OpcodeStack$JumpInfoFactory" totalMilliseconds="29" invocations="172" avgMicrosecondsPerInvocation="173" maxMicrosecondsPerInvocation="1871" standardDeviationMicrosecondsPerInvocation="242"/>
      <ClassProfile name="edu.umd.cs.findbugs.detect.FindUselessObjects" totalMilliseconds="27" invocations="1" avgMicrosecondsPerInvocation="27923" maxMicrosecondsPerInvocation="27923" standardDeviationMicrosecondsPerInvocation="0"/>
      <ClassProfile name="edu.umd.cs.findbugs.classfile.engine.bcel.JavaClassAnalysisEngine" totalMilliseconds="23" invocations="106" avgMicrosecondsPerInvocation="225" maxMicrosecondsPerInvocation="8816" standardDeviationMicrosecondsPerInvocation="880"/>
      <ClassProfile name="edu.umd.cs.findbugs.classfile.engine.bcel.CFGFactory" totalMilliseconds="23" invocations="23" avgMicrosecondsPerInvocation="1007" maxMicrosecondsPerInvocation="7547" standardDeviationMicrosecondsPerInvocation="1591"/>
      <ClassProfile name="edu.umd.cs.findbugs.ba.npe.NullDerefAndRedundantComparisonFinder" totalMilliseconds="22" invocations="23" avgMicrosecondsPerInvocation="987" maxMicrosecondsPerInvocation="7286" standardDeviationMicrosecondsPerInvocation="1765"/>
      <ClassProfile name="edu.umd.cs.findbugs.classfile.engine.bcel.MethodGenFactory" totalMilliseconds="22" invocations="23" avgMicrosecondsPerInvocation="956" maxMicrosecondsPerInvocation="16873" standardDeviationMicrosecondsPerInvocation="3401"/>
      <ClassProfile name="edu.umd.cs.findbugs.util.TopologicalSort" totalMilliseconds="18" invocations="501" avgMicrosecondsPerInvocation="36" maxMicrosecondsPerInvocation="952" standardDeviationMicrosecondsPerInvocation="72"/>
      <ClassProfile name="edu.umd.cs.findbugs.detect.NoteDirectlyRelevantTypeQualifiers" totalMilliseconds="17" invocations="47" avgMicrosecondsPerInvocation="371" maxMicrosecondsPerInvocation="4544" standardDeviationMicrosecondsPerInvocation="676"/>
      <ClassProfile name="edu.umd.cs.findbugs.detect.FindRefComparison$SpecialTypeAnalysis" totalMilliseconds="14" invocations="23" avgMicrosecondsPerInvocation="646" maxMicrosecondsPerInvocation="5209" standardDeviationMicrosecondsPerInvocation="1202"/>
      <ClassProfile name="edu.umd.cs.findbugs.detect.FunctionsThatMightBeMistakenForProcedures" totalMilliseconds="14" invocations="47" avgMicrosecondsPerInvocation="312" maxMicrosecondsPerInvocation="2377" standardDeviationMicrosecondsPerInvocation="438"/>
      <ClassProfile name="edu.umd.cs.findbugs.classfile.engine.ClassDataAnalysisEngine" totalMilliseconds="14" invocations="574" avgMicrosecondsPerInvocation="25" maxMicrosecondsPerInvocation="860" standardDeviationMicrosecondsPerInvocation="45"/>
      <ClassProfile name="edu.umd.cs.findbugs.detect.CalledMethods" totalMilliseconds="13" invocations="47" avgMicrosecondsPerInvocation="287" maxMicrosecondsPerInvocation="2370" standardDeviationMicrosecondsPerInvocation="482"/>
      <ClassProfile name="edu.umd.cs.findbugs.detect.OverridingEqualsNotSymmetrical" totalMilliseconds="13" invocations="47" avgMicrosecondsPerInvocation="280" maxMicrosecondsPerInvocation="6273" standardDeviationMicrosecondsPerInvocation="895"/>
      <ClassProfile name="edu.umd.cs.findbugs.detect.FindOpenStream" totalMilliseconds="12" invocations="1" avgMicrosecondsPerInvocation="12835" maxMicrosecondsPerInvocation="12835" standardDeviationMicrosecondsPerInvocation="0"/>
    </FindBugsProfile>
  </FindBugsSummary>
  <ClassFeatures></ClassFeatures>
  <History></History>
</BugCollection>
