<?xml version="1.0" encoding="UTF-8"?>

<BugCollection version="4.7.3" sequence="0" timestamp="1698475219839" analysisTimestamp="1698515604571" release="">
  <Project projectName="">
    <Jar>/mnt/disk3/lty/JLeaks/data/classfile/bug-877-fc93cdf57de027fb3525ea3c91b0f5a73116c06a5139b091b4fb18ddfef8fb39.class</Jar>
  </Project>
  <BugInstance type="OBL_UNSATISFIED_OBLIGATION_EXCEPTION_EDGE" priority="2" rank="20" abbrev="OBL" category="EXPERIMENTAL">
    <Class classname="org.jboss.resteasy.spi.FactoryFinder">
      <SourceLine classname="org.jboss.resteasy.spi.FactoryFinder" start="16" end="217" sourcefile="FactoryFinder.java" sourcepath="org/jboss/resteasy/spi/FactoryFinder.java"/>
    </Class>
    <Method classname="org.jboss.resteasy.spi.FactoryFinder" name="find" signature="(Ljava/lang/String;Ljava/lang/String;)Ljava/lang/Object;" isStatic="true">
      <SourceLine classname="org.jboss.resteasy.spi.FactoryFinder" start="103" end="185" startBytecode="0" endBytecode="766" sourcefile="FactoryFinder.java" sourcepath="org/jboss/resteasy/spi/FactoryFinder.java"/>
    </Method>
    <Class classname="java.io.InputStream" role="CLASS_REFTYPE">
      <SourceLine classname="java.io.InputStream" start="45" end="364" sourcefile="InputStream.java" sourcepath="java/io/InputStream.java"/>
    </Class>
    <Int value="1" role="INT_OBLIGATIONS_REMAINING"/>
    <SourceLine classname="org.jboss.resteasy.spi.FactoryFinder" start="138" end="138" startBytecode="229" endBytecode="229" sourcefile="FactoryFinder.java" sourcepath="org/jboss/resteasy/spi/FactoryFinder.java" role="SOURCE_LINE_OBLIGATION_CREATED"/>
    <SourceLine classname="org.jboss.resteasy.spi.FactoryFinder" start="139" end="139" startBytecode="235" endBytecode="235" sourcefile="FactoryFinder.java" sourcepath="org/jboss/resteasy/spi/FactoryFinder.java" role="SOURCE_LINE_PATH_CONTINUES"/>
    <SourceLine classname="org.jboss.resteasy.spi.FactoryFinder" start="140" end="140" startBytecode="243" endBytecode="243" sourcefile="FactoryFinder.java" sourcepath="org/jboss/resteasy/spi/FactoryFinder.java" role="SOURCE_LINE_PATH_CONTINUES"/>
    <String value="{InputStream x 1}" role="STRING_REMAINING_OBLIGATIONS"/>
  </BugInstance>
  <BugInstance type="OS_OPEN_STREAM" priority="2" rank="16" abbrev="OS" category="BAD_PRACTICE">
    <Class classname="org.jboss.resteasy.spi.FactoryFinder">
      <SourceLine classname="org.jboss.resteasy.spi.FactoryFinder" start="16" end="217" sourcefile="FactoryFinder.java" sourcepath="org/jboss/resteasy/spi/FactoryFinder.java"/>
    </Class>
    <Method classname="org.jboss.resteasy.spi.FactoryFinder" name="find" signature="(Ljava/lang/String;Ljava/lang/String;)Ljava/lang/Object;" isStatic="true">
      <SourceLine classname="org.jboss.resteasy.spi.FactoryFinder" start="103" end="185" startBytecode="0" endBytecode="206" sourcefile="FactoryFinder.java" sourcepath="org/jboss/resteasy/spi/FactoryFinder.java"/>
    </Method>
    <Type descriptor="Ljava/io/InputStream;" role="TYPE_CLOSEIT">
      <SourceLine classname="java.io.InputStream" start="45" end="364" sourcefile="InputStream.java" sourcepath="java/io/InputStream.java"/>
    </Type>
    <SourceLine classname="org.jboss.resteasy.spi.FactoryFinder" start="138" end="138" startBytecode="223" endBytecode="223" sourcefile="FactoryFinder.java" sourcepath="org/jboss/resteasy/spi/FactoryFinder.java"/>
  </BugInstance>
  <BugInstance type="OS_OPEN_STREAM_EXCEPTION_PATH" priority="3" rank="19" abbrev="OS" category="BAD_PRACTICE">
    <Class classname="org.jboss.resteasy.spi.FactoryFinder">
      <SourceLine classname="org.jboss.resteasy.spi.FactoryFinder" start="16" end="217" sourcefile="FactoryFinder.java" sourcepath="org/jboss/resteasy/spi/FactoryFinder.java"/>
    </Class>
    <Method classname="org.jboss.resteasy.spi.FactoryFinder" name="find" signature="(Ljava/lang/String;Ljava/lang/String;)Ljava/lang/Object;" isStatic="true">
      <SourceLine classname="org.jboss.resteasy.spi.FactoryFinder" start="103" end="185" startBytecode="0" endBytecode="206" sourcefile="FactoryFinder.java" sourcepath="org/jboss/resteasy/spi/FactoryFinder.java"/>
    </Method>
    <Type descriptor="Ljava/io/Reader;" role="TYPE_CLOSEIT">
      <SourceLine classname="java.io.Reader" start="66" end="249" sourcefile="Reader.java" sourcepath="java/io/Reader.java"/>
    </Type>
    <SourceLine classname="org.jboss.resteasy.spi.FactoryFinder" start="116" end="116" startBytecode="49" endBytecode="49" sourcefile="FactoryFinder.java" sourcepath="org/jboss/resteasy/spi/FactoryFinder.java"/>
    <SourceLine classname="org.jboss.resteasy.spi.FactoryFinder" start="165" end="165" startBytecode="371" endBytecode="371" sourcefile="FactoryFinder.java" sourcepath="org/jboss/resteasy/spi/FactoryFinder.java" role="SOURCE_LINE_ANOTHER_INSTANCE"/>
  </BugInstance>
  <Errors errors="0" missingClasses="2">
    <MissingClass>org.jboss.resteasy.spi.FactoryFinder$1</MissingClass>
    <MissingClass>org.jboss.resteasy.spi.FactoryFinder$2</MissingClass>
  </Errors>
  <FindBugsSummary timestamp="Sat, 28 Oct 2023 14:40:19 +0800" total_classes="1" referenced_classes="31" total_bugs="3" total_size="93" num_packages="1" java_version="1.8.0_382" vm_version="25.382-b05" cpu_seconds="7.75" clock_seconds="0.82" peak_mbytes="396.21" alloc_mbytes="1820.50" gc_seconds="0.04" priority_3="1" priority_2="2">
    <PackageStats package="org.jboss.resteasy.spi" total_bugs="3" total_types="1" total_size="93" priority_3="1" priority_2="2">
      <ClassStats class="org.jboss.resteasy.spi.FactoryFinder" sourceFile="FactoryFinder.java" interface="false" size="93" bugs="3" priority_3="1" priority_2="2"/>
    </PackageStats>
    <FindBugsProfile>
      <ClassProfile name="edu.umd.cs.findbugs.classfile.engine.ClassInfoAnalysisEngine" totalMilliseconds="123" invocations="434" avgMicrosecondsPerInvocation="283" maxMicrosecondsPerInvocation="11473" standardDeviationMicrosecondsPerInvocation="729"/>
      <ClassProfile name="edu.umd.cs.findbugs.detect.FindNoSideEffectMethods" totalMilliseconds="67" invocations="31" avgMicrosecondsPerInvocation="2189" maxMicrosecondsPerInvocation="43066" standardDeviationMicrosecondsPerInvocation="7513"/>
      <ClassProfile name="edu.umd.cs.findbugs.detect.FieldItemSummary" totalMilliseconds="35" invocations="31" avgMicrosecondsPerInvocation="1133" maxMicrosecondsPerInvocation="6563" standardDeviationMicrosecondsPerInvocation="1513"/>
      <ClassProfile name="edu.umd.cs.findbugs.OpcodeStack$JumpInfoFactory" totalMilliseconds="22" invocations="107" avgMicrosecondsPerInvocation="212" maxMicrosecondsPerInvocation="1074" standardDeviationMicrosecondsPerInvocation="200"/>
      <ClassProfile name="edu.umd.cs.findbugs.classfile.engine.bcel.TypeDataflowFactory" totalMilliseconds="21" invocations="9" avgMicrosecondsPerInvocation="2425" maxMicrosecondsPerInvocation="5275" standardDeviationMicrosecondsPerInvocation="1877"/>
      <ClassProfile name="edu.umd.cs.findbugs.classfile.engine.bcel.MethodGenFactory" totalMilliseconds="18" invocations="7" avgMicrosecondsPerInvocation="2676" maxMicrosecondsPerInvocation="16555" standardDeviationMicrosecondsPerInvocation="5672"/>
      <ClassProfile name="edu.umd.cs.findbugs.classfile.engine.bcel.ValueNumberDataflowFactory" totalMilliseconds="18" invocations="9" avgMicrosecondsPerInvocation="2073" maxMicrosecondsPerInvocation="6512" standardDeviationMicrosecondsPerInvocation="2094"/>
      <ClassProfile name="edu.umd.cs.findbugs.classfile.engine.bcel.IsNullValueDataflowFactory" totalMilliseconds="18" invocations="7" avgMicrosecondsPerInvocation="2593" maxMicrosecondsPerInvocation="6001" standardDeviationMicrosecondsPerInvocation="2382"/>
      <ClassProfile name="edu.umd.cs.findbugs.classfile.engine.bcel.JavaClassAnalysisEngine" totalMilliseconds="16" invocations="58" avgMicrosecondsPerInvocation="290" maxMicrosecondsPerInvocation="8306" standardDeviationMicrosecondsPerInvocation="1094"/>
      <ClassProfile name="edu.umd.cs.findbugs.util.TopologicalSort" totalMilliseconds="15" invocations="400" avgMicrosecondsPerInvocation="39" maxMicrosecondsPerInvocation="620" standardDeviationMicrosecondsPerInvocation="72"/>
      <ClassProfile name="edu.umd.cs.findbugs.classfile.engine.bcel.CFGFactory" totalMilliseconds="15" invocations="7" avgMicrosecondsPerInvocation="2172" maxMicrosecondsPerInvocation="6904" standardDeviationMicrosecondsPerInvocation="2265"/>
      <ClassProfile name="edu.umd.cs.findbugs.detect.NoteDirectlyRelevantTypeQualifiers" totalMilliseconds="14" invocations="31" avgMicrosecondsPerInvocation="453" maxMicrosecondsPerInvocation="3103" standardDeviationMicrosecondsPerInvocation="664"/>
      <ClassProfile name="edu.umd.cs.findbugs.detect.FindOpenStream" totalMilliseconds="12" invocations="1" avgMicrosecondsPerInvocation="12825" maxMicrosecondsPerInvocation="12825" standardDeviationMicrosecondsPerInvocation="0"/>
      <ClassProfile name="edu.umd.cs.findbugs.detect.BuildStringPassthruGraph" totalMilliseconds="12" invocations="31" avgMicrosecondsPerInvocation="399" maxMicrosecondsPerInvocation="3654" standardDeviationMicrosecondsPerInvocation="745"/>
      <ClassProfile name="edu.umd.cs.findbugs.classfile.engine.bcel.UnconditionalValueDerefDataflowFactory" totalMilliseconds="11" invocations="7" avgMicrosecondsPerInvocation="1640" maxMicrosecondsPerInvocation="5422" standardDeviationMicrosecondsPerInvocation="2058"/>
    </FindBugsProfile>
  </FindBugsSummary>
  <ClassFeatures></ClassFeatures>
  <History></History>
</BugCollection>
