<?xml version="1.0" encoding="UTF-8"?>

<BugCollection version="4.7.3" sequence="0" timestamp="1698475186884" analysisTimestamp="1698513185178" release="">
  <Project projectName="">
    <Jar>/mnt/disk3/lty/JLeaks/data/classfile/bug-645-53b52ced2def5c67262b0aa905f6d55becd2482fb2d74dce8c21915972f4630f.class</Jar>
  </Project>
  <Errors errors="0" missingClasses="34">
    <MissingClass>javax.persistence.EntityManager</MissingClass>
    <MissingClass>javax.persistence.EntityManagerFactory</MissingClass>
    <MissingClass>javax.persistence.spi.PersistenceUnitTransactionType</MissingClass>
    <MissingClass>javax.transaction.HeuristicMixedException</MissingClass>
    <MissingClass>javax.transaction.HeuristicRollbackException</MissingClass>
    <MissingClass>javax.transaction.RollbackException</MissingClass>
    <MissingClass>javax.transaction.SystemException</MissingClass>
    <MissingClass>javax.transaction.TransactionManager</MissingClass>
    <MissingClass>org.hibernate.internal.SessionImpl</MissingClass>
    <MissingClass>org.hibernate.jpa.boot.internal.PersistenceXmlParser</MissingClass>
    <MissingClass>org.hibernate.jpa.boot.spi.Bootstrap</MissingClass>
    <MissingClass>org.hibernate.jpa.boot.spi.EntityManagerFactoryBuilder</MissingClass>
    <MissingClass>org.jboss.logging.Logger</MissingClass>
    <MissingClass>org.keycloak.Config$Scope</MissingClass>
    <MissingClass>org.keycloak.common.Profile</MissingClass>
    <MissingClass>org.keycloak.common.Profile$Feature</MissingClass>
    <MissingClass>org.keycloak.common.util.StackUtil</MissingClass>
    <MissingClass>org.keycloak.common.util.StringPropertyReplacer</MissingClass>
    <MissingClass>org.keycloak.component.AmphibianProviderFactory</MissingClass>
    <MissingClass>org.keycloak.models.KeycloakSession</MissingClass>
    <MissingClass>org.keycloak.models.KeycloakSessionFactory</MissingClass>
    <MissingClass>org.keycloak.models.ModelException</MissingClass>
    <MissingClass>org.keycloak.models.locking.GlobalLockProvider</MissingClass>
    <MissingClass>org.keycloak.models.map.common.DeepCloner$Builder</MissingClass>
    <MissingClass>org.keycloak.models.map.common.SessionAttributesUtils</MissingClass>
    <MissingClass>org.keycloak.models.map.storage.jpa.EventListenerIntegrator</MissingClass>
    <MissingClass>org.keycloak.models.map.storage.jpa.JpaMapStorageProvider</MissingClass>
    <MissingClass>org.keycloak.models.map.storage.jpa.JpaMapUtils</MissingClass>
    <MissingClass>org.keycloak.models.map.storage.jpa.PersistenceExceptionConverter</MissingClass>
    <MissingClass>org.keycloak.models.map.storage.jpa.updater.MapJpaUpdaterProvider</MissingClass>
    <MissingClass>org.keycloak.models.map.storage.jpa.updater.MapJpaUpdaterProvider$Status</MissingClass>
    <MissingClass>org.keycloak.provider.ProviderConfigurationBuilder</MissingClass>
    <MissingClass>org.keycloak.provider.ProviderConfigurationBuilder$ProviderConfigPropertyBuilder</MissingClass>
    <MissingClass>org.keycloak.transaction.JtaTransactionManagerLookup</MissingClass>
  </Errors>
  <FindBugsSummary timestamp="Sat, 28 Oct 2023 14:39:46 +0800" total_classes="1" referenced_classes="44" total_bugs="0" total_size="251" num_packages="1" java_version="1.8.0_382" vm_version="25.382-b05" cpu_seconds="9.58" clock_seconds="1.04" peak_mbytes="421.33" alloc_mbytes="1820.50" gc_seconds="0.04">
    <PackageStats package="org.keycloak.models.map.storage.jpa" total_bugs="0" total_types="1" total_size="251">
      <ClassStats class="org.keycloak.models.map.storage.jpa.JpaMapStorageProviderFactory" sourceFile="JpaMapStorageProviderFactory.java" interface="false" size="251" bugs="0"/>
    </PackageStats>
    <FindBugsProfile>
      <ClassProfile name="edu.umd.cs.findbugs.classfile.engine.ClassInfoAnalysisEngine" totalMilliseconds="133" invocations="696" avgMicrosecondsPerInvocation="192" maxMicrosecondsPerInvocation="13605" standardDeviationMicrosecondsPerInvocation="635"/>
      <ClassProfile name="edu.umd.cs.findbugs.OpcodeStack$JumpInfoFactory" totalMilliseconds="83" invocations="186" avgMicrosecondsPerInvocation="446" maxMicrosecondsPerInvocation="45153" standardDeviationMicrosecondsPerInvocation="3300"/>
      <ClassProfile name="edu.umd.cs.findbugs.detect.FieldItemSummary" totalMilliseconds="41" invocations="44" avgMicrosecondsPerInvocation="942" maxMicrosecondsPerInvocation="6496" standardDeviationMicrosecondsPerInvocation="1289"/>
      <ClassProfile name="edu.umd.cs.findbugs.detect.FindNoSideEffectMethods" totalMilliseconds="35" invocations="44" avgMicrosecondsPerInvocation="811" maxMicrosecondsPerInvocation="6096" standardDeviationMicrosecondsPerInvocation="1102"/>
      <ClassProfile name="edu.umd.cs.findbugs.classfile.engine.bcel.TypeDataflowFactory" totalMilliseconds="30" invocations="28" avgMicrosecondsPerInvocation="1099" maxMicrosecondsPerInvocation="5876" standardDeviationMicrosecondsPerInvocation="1485"/>
      <ClassProfile name="edu.umd.cs.findbugs.classfile.engine.bcel.IsNullValueDataflowFactory" totalMilliseconds="27" invocations="25" avgMicrosecondsPerInvocation="1089" maxMicrosecondsPerInvocation="10597" standardDeviationMicrosecondsPerInvocation="2106"/>
      <ClassProfile name="edu.umd.cs.findbugs.classfile.engine.bcel.ValueNumberDataflowFactory" totalMilliseconds="25" invocations="29" avgMicrosecondsPerInvocation="895" maxMicrosecondsPerInvocation="7020" standardDeviationMicrosecondsPerInvocation="1427"/>
      <ClassProfile name="edu.umd.cs.findbugs.classfile.engine.bcel.JavaClassAnalysisEngine" totalMilliseconds="22" invocations="108" avgMicrosecondsPerInvocation="208" maxMicrosecondsPerInvocation="8663" standardDeviationMicrosecondsPerInvocation="857"/>
      <ClassProfile name="edu.umd.cs.findbugs.classfile.engine.bcel.MethodGenFactory" totalMilliseconds="21" invocations="25" avgMicrosecondsPerInvocation="866" maxMicrosecondsPerInvocation="17988" standardDeviationMicrosecondsPerInvocation="3497"/>
      <ClassProfile name="edu.umd.cs.findbugs.ba.npe.NullDerefAndRedundantComparisonFinder" totalMilliseconds="21" invocations="24" avgMicrosecondsPerInvocation="892" maxMicrosecondsPerInvocation="6757" standardDeviationMicrosecondsPerInvocation="1481"/>
      <ClassProfile name="edu.umd.cs.findbugs.classfile.engine.bcel.CFGFactory" totalMilliseconds="20" invocations="25" avgMicrosecondsPerInvocation="818" maxMicrosecondsPerInvocation="7883" standardDeviationMicrosecondsPerInvocation="1574"/>
      <ClassProfile name="edu.umd.cs.findbugs.util.TopologicalSort" totalMilliseconds="17" invocations="527" avgMicrosecondsPerInvocation="32" maxMicrosecondsPerInvocation="1049" standardDeviationMicrosecondsPerInvocation="73"/>
      <ClassProfile name="edu.umd.cs.findbugs.detect.FindOpenStream" totalMilliseconds="16" invocations="1" avgMicrosecondsPerInvocation="16845" maxMicrosecondsPerInvocation="16845" standardDeviationMicrosecondsPerInvocation="0"/>
      <ClassProfile name="edu.umd.cs.findbugs.classfile.engine.ClassDataAnalysisEngine" totalMilliseconds="16" invocations="699" avgMicrosecondsPerInvocation="23" maxMicrosecondsPerInvocation="457" standardDeviationMicrosecondsPerInvocation="33"/>
      <ClassProfile name="edu.umd.cs.findbugs.classfile.engine.bcel.UnconditionalValueDerefDataflowFactory" totalMilliseconds="16" invocations="25" avgMicrosecondsPerInvocation="642" maxMicrosecondsPerInvocation="3240" standardDeviationMicrosecondsPerInvocation="744"/>
      <ClassProfile name="edu.umd.cs.findbugs.detect.NoteDirectlyRelevantTypeQualifiers" totalMilliseconds="15" invocations="44" avgMicrosecondsPerInvocation="359" maxMicrosecondsPerInvocation="2912" standardDeviationMicrosecondsPerInvocation="559"/>
      <ClassProfile name="edu.umd.cs.findbugs.detect.BuildObligationPolicyDatabase" totalMilliseconds="14" invocations="44" avgMicrosecondsPerInvocation="331" maxMicrosecondsPerInvocation="1642" standardDeviationMicrosecondsPerInvocation="364"/>
      <ClassProfile name="edu.umd.cs.findbugs.detect.OverridingEqualsNotSymmetrical" totalMilliseconds="13" invocations="44" avgMicrosecondsPerInvocation="296" maxMicrosecondsPerInvocation="5737" standardDeviationMicrosecondsPerInvocation="864"/>
      <ClassProfile name="edu.umd.cs.findbugs.detect.CalledMethods" totalMilliseconds="12" invocations="44" avgMicrosecondsPerInvocation="294" maxMicrosecondsPerInvocation="3225" standardDeviationMicrosecondsPerInvocation="557"/>
      <ClassProfile name="edu.umd.cs.findbugs.detect.FunctionsThatMightBeMistakenForProcedures" totalMilliseconds="12" invocations="44" avgMicrosecondsPerInvocation="280" maxMicrosecondsPerInvocation="2393" standardDeviationMicrosecondsPerInvocation="421"/>
      <ClassProfile name="edu.umd.cs.findbugs.detect.ExplicitSerialization" totalMilliseconds="11" invocations="44" avgMicrosecondsPerInvocation="262" maxMicrosecondsPerInvocation="6554" standardDeviationMicrosecondsPerInvocation="1014"/>
    </FindBugsProfile>
  </FindBugsSummary>
  <ClassFeatures></ClassFeatures>
  <History></History>
</BugCollection>
