<?xml version="1.0" encoding="UTF-8"?>

<BugCollection version="4.7.3" sequence="0" timestamp="1698475147114" analysisTimestamp="1698511505696" release="">
  <Project projectName="">
    <Jar>/mnt/disk3/lty/JLeaks/data/classfile/bug-334-6ea2a6c3c0e623601fa67f0452275d08689f5e46c315f0c7edf6d9aab6b834ab.class</Jar>
  </Project>
  <Errors errors="0" missingClasses="12">
    <MissingClass>com.github.dockerjava.api.exception.BadRequestException</MissingClass>
    <MissingClass>com.github.dockerjava.api.exception.ConflictException</MissingClass>
    <MissingClass>com.github.dockerjava.api.exception.DockerException</MissingClass>
    <MissingClass>com.github.dockerjava.api.exception.InternalServerErrorException</MissingClass>
    <MissingClass>com.github.dockerjava.api.exception.NotAcceptableException</MissingClass>
    <MissingClass>com.github.dockerjava.api.exception.NotFoundException</MissingClass>
    <MissingClass>com.github.dockerjava.api.exception.NotModifiedException</MissingClass>
    <MissingClass>com.github.dockerjava.api.exception.UnauthorizedException</MissingClass>
    <MissingClass>javax.ws.rs.client.ClientResponseContext</MissingClass>
    <MissingClass>javax.ws.rs.client.ClientResponseFilter</MissingClass>
    <MissingClass>javax.ws.rs.core.MediaType</MissingClass>
    <MissingClass>org.apache.commons.io.IOUtils</MissingClass>
  </Errors>
  <FindBugsSummary timestamp="Sat, 28 Oct 2023 14:39:07 +0800" total_classes="1" referenced_classes="16" total_bugs="0" total_size="38" num_packages="1" java_version="1.8.0_382" vm_version="25.382-b05" cpu_seconds="4.81" clock_seconds="0.62" peak_mbytes="402.70" alloc_mbytes="1820.50" gc_seconds="0.04">
    <PackageStats package="com.github.dockerjava.jaxrs.filter" total_bugs="0" total_types="1" total_size="38">
      <ClassStats class="com.github.dockerjava.jaxrs.filter.ResponseStatusExceptionFilter" sourceFile="ResponseStatusExceptionFilter.java" interface="false" size="38" bugs="0"/>
    </PackageStats>
    <FindBugsProfile>
      <ClassProfile name="edu.umd.cs.findbugs.classfile.engine.ClassInfoAnalysisEngine" totalMilliseconds="143" invocations="353" avgMicrosecondsPerInvocation="406" maxMicrosecondsPerInvocation="38485" standardDeviationMicrosecondsPerInvocation="2153"/>
      <ClassProfile name="edu.umd.cs.findbugs.detect.FieldItemSummary" totalMilliseconds="20" invocations="16" avgMicrosecondsPerInvocation="1270" maxMicrosecondsPerInvocation="5180" standardDeviationMicrosecondsPerInvocation="1574"/>
      <ClassProfile name="edu.umd.cs.findbugs.classfile.engine.bcel.MethodGenFactory" totalMilliseconds="18" invocations="3" avgMicrosecondsPerInvocation="6122" maxMicrosecondsPerInvocation="17073" standardDeviationMicrosecondsPerInvocation="7743"/>
      <ClassProfile name="edu.umd.cs.findbugs.OpcodeStack$JumpInfoFactory" totalMilliseconds="16" invocations="68" avgMicrosecondsPerInvocation="243" maxMicrosecondsPerInvocation="1725" standardDeviationMicrosecondsPerInvocation="306"/>
      <ClassProfile name="edu.umd.cs.findbugs.classfile.engine.bcel.JavaClassAnalysisEngine" totalMilliseconds="15" invocations="46" avgMicrosecondsPerInvocation="335" maxMicrosecondsPerInvocation="9096" standardDeviationMicrosecondsPerInvocation="1346"/>
      <ClassProfile name="edu.umd.cs.findbugs.detect.FindNoSideEffectMethods" totalMilliseconds="14" invocations="16" avgMicrosecondsPerInvocation="901" maxMicrosecondsPerInvocation="3704" standardDeviationMicrosecondsPerInvocation="1068"/>
      <ClassProfile name="edu.umd.cs.findbugs.util.TopologicalSort" totalMilliseconds="14" invocations="307" avgMicrosecondsPerInvocation="46" maxMicrosecondsPerInvocation="806" standardDeviationMicrosecondsPerInvocation="90"/>
    </FindBugsProfile>
  </FindBugsSummary>
  <ClassFeatures></ClassFeatures>
  <History></History>
</BugCollection>
