<?xml version="1.0" encoding="UTF-8"?>

<BugCollection version="4.7.3" sequence="0" timestamp="1698475126011" analysisTimestamp="1698509034357" release="">
  <Project projectName="">
    <Jar>/mnt/disk3/lty/JLeaks/data/classfile/bug-152-c6190a32498c60a3f459b0563d74d86a3559e921d9267038b0e81761dd8d76f6.class</Jar>
  </Project>
  <Errors errors="0" missingClasses="9">
    <MissingClass>org.apache.iotdb.common.rpc.thrift.TEndPoint</MissingClass>
    <MissingClass>org.apache.iotdb.db.conf.IoTDBConfig</MissingClass>
    <MissingClass>org.apache.iotdb.db.conf.IoTDBDescriptor</MissingClass>
    <MissingClass>org.apache.iotdb.db.mpp.common.QueryId</MissingClass>
    <MissingClass>org.apache.iotdb.db.mpp.execution.scheduler.IQueryTerminator</MissingClass>
    <MissingClass>org.apache.iotdb.db.mpp.execution.scheduler.InternalServiceClientFactory</MissingClass>
    <MissingClass>org.apache.iotdb.mpp.rpc.thrift.InternalService$Iface</MissingClass>
    <MissingClass>org.apache.iotdb.mpp.rpc.thrift.TCancelQueryReq</MissingClass>
    <MissingClass>org.slf4j.LoggerFactory</MissingClass>
  </Errors>
  <FindBugsSummary timestamp="Sat, 28 Oct 2023 14:38:46 +0800" total_classes="1" referenced_classes="27" total_bugs="0" total_size="33" num_packages="1" java_version="1.8.0_382" vm_version="25.382-b05" cpu_seconds="6.55" clock_seconds="0.72" peak_mbytes="403.28" alloc_mbytes="1820.50" gc_seconds="0.04">
    <PackageStats package="org.apache.iotdb.db.mpp.execution.scheduler" total_bugs="0" total_types="1" total_size="33">
      <ClassStats class="org.apache.iotdb.db.mpp.execution.scheduler.SimpleQueryTerminator" sourceFile="SimpleQueryTerminator.java" interface="false" size="33" bugs="0"/>
    </PackageStats>
    <FindBugsProfile>
      <ClassProfile name="edu.umd.cs.findbugs.classfile.engine.ClassInfoAnalysisEngine" totalMilliseconds="120" invocations="420" avgMicrosecondsPerInvocation="286" maxMicrosecondsPerInvocation="10478" standardDeviationMicrosecondsPerInvocation="713"/>
      <ClassProfile name="edu.umd.cs.findbugs.detect.BuildObligationPolicyDatabase" totalMilliseconds="53" invocations="27" avgMicrosecondsPerInvocation="1968" maxMicrosecondsPerInvocation="44673" standardDeviationMicrosecondsPerInvocation="8385"/>
      <ClassProfile name="edu.umd.cs.findbugs.detect.FieldItemSummary" totalMilliseconds="30" invocations="27" avgMicrosecondsPerInvocation="1141" maxMicrosecondsPerInvocation="6827" standardDeviationMicrosecondsPerInvocation="1751"/>
      <ClassProfile name="edu.umd.cs.findbugs.detect.FindNoSideEffectMethods" totalMilliseconds="23" invocations="27" avgMicrosecondsPerInvocation="876" maxMicrosecondsPerInvocation="3780" standardDeviationMicrosecondsPerInvocation="1040"/>
      <ClassProfile name="edu.umd.cs.findbugs.classfile.engine.bcel.JavaClassAnalysisEngine" totalMilliseconds="18" invocations="57" avgMicrosecondsPerInvocation="319" maxMicrosecondsPerInvocation="8368" standardDeviationMicrosecondsPerInvocation="1121"/>
      <ClassProfile name="edu.umd.cs.findbugs.OpcodeStack$JumpInfoFactory" totalMilliseconds="18" invocations="85" avgMicrosecondsPerInvocation="212" maxMicrosecondsPerInvocation="1925" standardDeviationMicrosecondsPerInvocation="295"/>
      <ClassProfile name="edu.umd.cs.findbugs.classfile.engine.bcel.MethodGenFactory" totalMilliseconds="17" invocations="5" avgMicrosecondsPerInvocation="3583" maxMicrosecondsPerInvocation="16822" standardDeviationMicrosecondsPerInvocation="6620"/>
      <ClassProfile name="edu.umd.cs.findbugs.util.TopologicalSort" totalMilliseconds="16" invocations="371" avgMicrosecondsPerInvocation="45" maxMicrosecondsPerInvocation="771" standardDeviationMicrosecondsPerInvocation="89"/>
      <ClassProfile name="edu.umd.cs.findbugs.classfile.engine.bcel.TypeDataflowFactory" totalMilliseconds="13" invocations="5" avgMicrosecondsPerInvocation="2754" maxMicrosecondsPerInvocation="6697" standardDeviationMicrosecondsPerInvocation="2770"/>
      <ClassProfile name="edu.umd.cs.findbugs.detect.NoteDirectlyRelevantTypeQualifiers" totalMilliseconds="11" invocations="27" avgMicrosecondsPerInvocation="437" maxMicrosecondsPerInvocation="4903" standardDeviationMicrosecondsPerInvocation="926"/>
      <ClassProfile name="edu.umd.cs.findbugs.classfile.engine.bcel.ValueNumberDataflowFactory" totalMilliseconds="11" invocations="5" avgMicrosecondsPerInvocation="2268" maxMicrosecondsPerInvocation="6726" standardDeviationMicrosecondsPerInvocation="2486"/>
      <ClassProfile name="edu.umd.cs.findbugs.classfile.engine.ClassDataAnalysisEngine" totalMilliseconds="11" invocations="423" avgMicrosecondsPerInvocation="26" maxMicrosecondsPerInvocation="446" standardDeviationMicrosecondsPerInvocation="35"/>
      <ClassProfile name="edu.umd.cs.findbugs.detect.FunctionsThatMightBeMistakenForProcedures" totalMilliseconds="11" invocations="27" avgMicrosecondsPerInvocation="412" maxMicrosecondsPerInvocation="2670" standardDeviationMicrosecondsPerInvocation="619"/>
      <ClassProfile name="edu.umd.cs.findbugs.detect.OverridingEqualsNotSymmetrical" totalMilliseconds="11" invocations="27" avgMicrosecondsPerInvocation="412" maxMicrosecondsPerInvocation="6726" standardDeviationMicrosecondsPerInvocation="1252"/>
    </FindBugsProfile>
  </FindBugsSummary>
  <ClassFeatures></ClassFeatures>
  <History></History>
</BugCollection>
