<?xml version="1.0" encoding="UTF-8"?>

<BugCollection version="4.7.3" sequence="0" timestamp="1698475152674" analysisTimestamp="1698511953727" release="">
  <Project projectName="">
    <Jar>/mnt/disk3/lty/JLeaks/data/classfile/bug-380-31c74f170ae4bbe90a8581209993e6832b37c9c5930d6c9923a2bde46d8eac83.class</Jar>
  </Project>
  <BugInstance type="OBL_UNSATISFIED_OBLIGATION_EXCEPTION_EDGE" priority="2" rank="20" abbrev="OBL" category="EXPERIMENTAL">
    <Class classname="org.eclipse.jetty.jndi.DataSourceCloser">
      <SourceLine classname="org.eclipse.jetty.jndi.DataSourceCloser" start="40" end="89" sourcefile="DataSourceCloser.java" sourcepath="org/eclipse/jetty/jndi/DataSourceCloser.java"/>
    </Class>
    <Method classname="org.eclipse.jetty.jndi.DataSourceCloser" name="destroy" signature="()V" isStatic="false">
      <SourceLine classname="org.eclipse.jetty.jndi.DataSourceCloser" start="66" end="89" startBytecode="0" endBytecode="252" sourcefile="DataSourceCloser.java" sourcepath="org/eclipse/jetty/jndi/DataSourceCloser.java"/>
    </Method>
    <Class classname="java.sql.Statement" role="CLASS_REFTYPE">
      <SourceLine classname="java.sql.Statement" start="1092" end="1368" sourcefile="Statement.java" sourcepath="java/sql/Statement.java"/>
    </Class>
    <Int value="1" role="INT_OBLIGATIONS_REMAINING"/>
    <SourceLine classname="org.eclipse.jetty.jndi.DataSourceCloser" start="69" end="69" startBytecode="37" endBytecode="37" sourcefile="DataSourceCloser.java" sourcepath="org/eclipse/jetty/jndi/DataSourceCloser.java" role="SOURCE_LINE_OBLIGATION_CREATED"/>
    <SourceLine classname="org.eclipse.jetty.jndi.DataSourceCloser" start="70" end="70" startBytecode="43" endBytecode="43" sourcefile="DataSourceCloser.java" sourcepath="org/eclipse/jetty/jndi/DataSourceCloser.java" role="SOURCE_LINE_PATH_CONTINUES"/>
    <SourceLine classname="org.eclipse.jetty.jndi.DataSourceCloser" start="74" end="74" startBytecode="63" endBytecode="63" sourcefile="DataSourceCloser.java" sourcepath="org/eclipse/jetty/jndi/DataSourceCloser.java" role="SOURCE_LINE_PATH_CONTINUES"/>
    <SourceLine classname="org.eclipse.jetty.jndi.DataSourceCloser" start="76" end="76" startBytecode="64" endBytecode="64" sourcefile="DataSourceCloser.java" sourcepath="org/eclipse/jetty/jndi/DataSourceCloser.java" role="SOURCE_LINE_PATH_CONTINUES"/>
    <String value="{Statement x 1}" role="STRING_REMAINING_OBLIGATIONS"/>
  </BugInstance>
  <BugInstance type="ODR_OPEN_DATABASE_RESOURCE" priority="2" rank="16" abbrev="ODR" category="BAD_PRACTICE">
    <Class classname="org.eclipse.jetty.jndi.DataSourceCloser">
      <SourceLine classname="org.eclipse.jetty.jndi.DataSourceCloser" start="40" end="89" sourcefile="DataSourceCloser.java" sourcepath="org/eclipse/jetty/jndi/DataSourceCloser.java"/>
    </Class>
    <Method classname="org.eclipse.jetty.jndi.DataSourceCloser" name="destroy" signature="()V" isStatic="false">
      <SourceLine classname="org.eclipse.jetty.jndi.DataSourceCloser" start="66" end="89" startBytecode="0" endBytecode="60" sourcefile="DataSourceCloser.java" sourcepath="org/eclipse/jetty/jndi/DataSourceCloser.java"/>
    </Method>
    <Type descriptor="Ljava/sql/Connection;" role="TYPE_CLOSEIT">
      <SourceLine classname="java.sql.Connection" sourcefile="Connection.java" sourcepath="java/sql/Connection.java"/>
    </Type>
    <SourceLine classname="org.eclipse.jetty.jndi.DataSourceCloser" start="69" end="69" startBytecode="32" endBytecode="32" sourcefile="DataSourceCloser.java" sourcepath="org/eclipse/jetty/jndi/DataSourceCloser.java"/>
  </BugInstance>
  <BugInstance type="ODR_OPEN_DATABASE_RESOURCE_EXCEPTION_PATH" priority="3" rank="19" abbrev="ODR" category="BAD_PRACTICE">
    <Class classname="org.eclipse.jetty.jndi.DataSourceCloser">
      <SourceLine classname="org.eclipse.jetty.jndi.DataSourceCloser" start="40" end="89" sourcefile="DataSourceCloser.java" sourcepath="org/eclipse/jetty/jndi/DataSourceCloser.java"/>
    </Class>
    <Method classname="org.eclipse.jetty.jndi.DataSourceCloser" name="destroy" signature="()V" isStatic="false">
      <SourceLine classname="org.eclipse.jetty.jndi.DataSourceCloser" start="66" end="89" startBytecode="0" endBytecode="60" sourcefile="DataSourceCloser.java" sourcepath="org/eclipse/jetty/jndi/DataSourceCloser.java"/>
    </Method>
    <Type descriptor="Ljava/sql/Statement;" role="TYPE_CLOSEIT">
      <SourceLine classname="java.sql.Statement" start="1092" end="1368" sourcefile="Statement.java" sourcepath="java/sql/Statement.java"/>
    </Type>
    <SourceLine classname="org.eclipse.jetty.jndi.DataSourceCloser" start="69" end="69" startBytecode="37" endBytecode="37" sourcefile="DataSourceCloser.java" sourcepath="org/eclipse/jetty/jndi/DataSourceCloser.java"/>
  </BugInstance>
  <Errors errors="0" missingClasses="2">
    <MissingClass>org.eclipse.jetty.util.log.Log</MissingClass>
    <MissingClass>org.eclipse.jetty.util.log.Logger</MissingClass>
  </Errors>
  <FindBugsSummary timestamp="Sat, 28 Oct 2023 14:39:12 +0800" total_classes="1" referenced_classes="15" total_bugs="3" total_size="36" num_packages="1" java_version="1.8.0_382" vm_version="25.382-b05" cpu_seconds="4.73" clock_seconds="0.63" peak_mbytes="381.31" alloc_mbytes="1820.50" gc_seconds="0.04" priority_3="1" priority_2="2">
    <PackageStats package="org.eclipse.jetty.jndi" total_bugs="3" total_types="1" total_size="36" priority_3="1" priority_2="2">
      <ClassStats class="org.eclipse.jetty.jndi.DataSourceCloser" sourceFile="DataSourceCloser.java" interface="false" size="36" bugs="3" priority_3="1" priority_2="2"/>
    </PackageStats>
    <FindBugsProfile>
      <ClassProfile name="edu.umd.cs.findbugs.classfile.engine.ClassInfoAnalysisEngine" totalMilliseconds="103" invocations="336" avgMicrosecondsPerInvocation="307" maxMicrosecondsPerInvocation="10284" standardDeviationMicrosecondsPerInvocation="772"/>
      <ClassProfile name="edu.umd.cs.findbugs.detect.FunctionsThatMightBeMistakenForProcedures" totalMilliseconds="48" invocations="15" avgMicrosecondsPerInvocation="3263" maxMicrosecondsPerInvocation="44605" standardDeviationMicrosecondsPerInvocation="11056"/>
      <ClassProfile name="edu.umd.cs.findbugs.detect.FieldItemSummary" totalMilliseconds="19" invocations="15" avgMicrosecondsPerInvocation="1317" maxMicrosecondsPerInvocation="5613" standardDeviationMicrosecondsPerInvocation="1703"/>
      <ClassProfile name="edu.umd.cs.findbugs.classfile.engine.bcel.MethodGenFactory" totalMilliseconds="17" invocations="4" avgMicrosecondsPerInvocation="4484" maxMicrosecondsPerInvocation="17147" standardDeviationMicrosecondsPerInvocation="7313"/>
      <ClassProfile name="edu.umd.cs.findbugs.OpcodeStack$JumpInfoFactory" totalMilliseconds="14" invocations="61" avgMicrosecondsPerInvocation="242" maxMicrosecondsPerInvocation="1561" standardDeviationMicrosecondsPerInvocation="297"/>
      <ClassProfile name="edu.umd.cs.findbugs.classfile.engine.bcel.JavaClassAnalysisEngine" totalMilliseconds="14" invocations="37" avgMicrosecondsPerInvocation="397" maxMicrosecondsPerInvocation="8629" standardDeviationMicrosecondsPerInvocation="1411"/>
      <ClassProfile name="edu.umd.cs.findbugs.detect.FindNoSideEffectMethods" totalMilliseconds="13" invocations="15" avgMicrosecondsPerInvocation="924" maxMicrosecondsPerInvocation="3785" standardDeviationMicrosecondsPerInvocation="1043"/>
      <ClassProfile name="edu.umd.cs.findbugs.util.TopologicalSort" totalMilliseconds="13" invocations="301" avgMicrosecondsPerInvocation="45" maxMicrosecondsPerInvocation="625" standardDeviationMicrosecondsPerInvocation="78"/>
    </FindBugsProfile>
  </FindBugsSummary>
  <ClassFeatures></ClassFeatures>
  <History></History>
</BugCollection>
