<?xml version="1.0" encoding="UTF-8"?>

<BugCollection version="4.7.3" sequence="0" timestamp="1698475211587" analysisTimestamp="1698515019963" release="">
  <Project projectName="">
    <Jar>/mnt/disk3/lty/JLeaks/data/classfile/bug-821-9a62238eb6db90f8ac946c3ea42e09d9e27f8b34416f06aad0e8c8e267a95314.class</Jar>
  </Project>
  <BugInstance type="OBL_UNSATISFIED_OBLIGATION_EXCEPTION_EDGE" priority="2" rank="20" abbrev="OBL" category="EXPERIMENTAL">
    <Class classname="com.sun.enterprise.admin.servermgmt.services.WindowsService">
      <SourceLine classname="com.sun.enterprise.admin.servermgmt.services.WindowsService" start="59" end="359" sourcefile="WindowsService.java" sourcepath="com/sun/enterprise/admin/servermgmt/services/WindowsService.java"/>
    </Class>
    <Method classname="com.sun.enterprise.admin.servermgmt.services.WindowsService" name="setSourceWin32Exe" signature="()V" isStatic="false">
      <SourceLine classname="com.sun.enterprise.admin.servermgmt.services.WindowsService" start="234" end="244" startBytecode="0" endBytecode="170" sourcefile="WindowsService.java" sourcepath="com/sun/enterprise/admin/servermgmt/services/WindowsService.java"/>
    </Method>
    <Class classname="java.io.InputStream" role="CLASS_REFTYPE">
      <SourceLine classname="java.io.InputStream" start="45" end="364" sourcefile="InputStream.java" sourcepath="java/io/InputStream.java"/>
    </Class>
    <Int value="1" role="INT_OBLIGATIONS_REMAINING"/>
    <SourceLine classname="com.sun.enterprise.admin.servermgmt.services.WindowsService" start="238" end="238" startBytecode="34" endBytecode="34" sourcefile="WindowsService.java" sourcepath="com/sun/enterprise/admin/servermgmt/services/WindowsService.java" role="SOURCE_LINE_OBLIGATION_CREATED"/>
    <SourceLine classname="com.sun.enterprise.admin.servermgmt.services.WindowsService" start="239" end="239" startBytecode="38" endBytecode="38" sourcefile="WindowsService.java" sourcepath="com/sun/enterprise/admin/servermgmt/services/WindowsService.java" role="SOURCE_LINE_PATH_CONTINUES"/>
    <String value="{InputStream x 1}" role="STRING_REMAINING_OBLIGATIONS"/>
  </BugInstance>
  <Errors errors="0" missingClasses="11">
    <MissingClass>com.sun.enterprise.admin.servermgmt.services.NonSMFServiceAdapter</MissingClass>
    <MissingClass>com.sun.enterprise.admin.servermgmt.services.PlatformServicesInfo</MissingClass>
    <MissingClass>com.sun.enterprise.admin.servermgmt.services.ServicesUtils</MissingClass>
    <MissingClass>com.sun.enterprise.admin.servermgmt.services.Strings</MissingClass>
    <MissingClass>com.sun.enterprise.universal.process.ProcessManager</MissingClass>
    <MissingClass>com.sun.enterprise.universal.process.ProcessManagerException</MissingClass>
    <MissingClass>com.sun.enterprise.util.OS</MissingClass>
    <MissingClass>com.sun.enterprise.util.ObjectAnalyzer</MissingClass>
    <MissingClass>com.sun.enterprise.util.StringUtils</MissingClass>
    <MissingClass>com.sun.enterprise.util.io.FileUtils</MissingClass>
    <MissingClass>com.sun.enterprise.util.io.ServerDirs</MissingClass>
  </Errors>
  <FindBugsSummary timestamp="Sat, 28 Oct 2023 14:40:11 +0800" total_classes="1" referenced_classes="15" total_bugs="1" total_size="181" num_packages="1" java_version="1.8.0_382" vm_version="25.382-b05" cpu_seconds="7.75" clock_seconds="0.84" peak_mbytes="378.04" alloc_mbytes="1820.50" gc_seconds="0.04" priority_2="1">
    <PackageStats package="com.sun.enterprise.admin.servermgmt.services" total_bugs="1" total_types="1" total_size="181" priority_2="1">
      <ClassStats class="com.sun.enterprise.admin.servermgmt.services.WindowsService" sourceFile="WindowsService.java" interface="false" size="181" bugs="1" priority_2="1"/>
    </PackageStats>
    <FindBugsProfile>
      <ClassProfile name="edu.umd.cs.findbugs.classfile.engine.ClassInfoAnalysisEngine" totalMilliseconds="114" invocations="362" avgMicrosecondsPerInvocation="314" maxMicrosecondsPerInvocation="18110" standardDeviationMicrosecondsPerInvocation="1081"/>
      <ClassProfile name="edu.umd.cs.findbugs.detect.ReflectiveClasses" totalMilliseconds="42" invocations="15" avgMicrosecondsPerInvocation="2849" maxMicrosecondsPerInvocation="41053" standardDeviationMicrosecondsPerInvocation="10211"/>
      <ClassProfile name="edu.umd.cs.findbugs.classfile.engine.bcel.TypeDataflowFactory" totalMilliseconds="28" invocations="22" avgMicrosecondsPerInvocation="1303" maxMicrosecondsPerInvocation="5737" standardDeviationMicrosecondsPerInvocation="1528"/>
      <ClassProfile name="edu.umd.cs.findbugs.classfile.engine.bcel.IsNullValueDataflowFactory" totalMilliseconds="26" invocations="20" avgMicrosecondsPerInvocation="1307" maxMicrosecondsPerInvocation="6375" standardDeviationMicrosecondsPerInvocation="1335"/>
      <ClassProfile name="edu.umd.cs.findbugs.classfile.engine.bcel.ValueNumberDataflowFactory" totalMilliseconds="24" invocations="22" avgMicrosecondsPerInvocation="1107" maxMicrosecondsPerInvocation="6715" standardDeviationMicrosecondsPerInvocation="1532"/>
      <ClassProfile name="edu.umd.cs.findbugs.detect.FieldItemSummary" totalMilliseconds="24" invocations="15" avgMicrosecondsPerInvocation="1609" maxMicrosecondsPerInvocation="5653" standardDeviationMicrosecondsPerInvocation="2016"/>
      <ClassProfile name="edu.umd.cs.findbugs.classfile.engine.bcel.CFGFactory" totalMilliseconds="22" invocations="20" avgMicrosecondsPerInvocation="1123" maxMicrosecondsPerInvocation="6899" standardDeviationMicrosecondsPerInvocation="1562"/>
      <ClassProfile name="edu.umd.cs.findbugs.classfile.engine.bcel.MethodGenFactory" totalMilliseconds="20" invocations="20" avgMicrosecondsPerInvocation="1049" maxMicrosecondsPerInvocation="17184" standardDeviationMicrosecondsPerInvocation="3706"/>
      <ClassProfile name="edu.umd.cs.findbugs.classfile.engine.bcel.UnconditionalValueDerefDataflowFactory" totalMilliseconds="18" invocations="20" avgMicrosecondsPerInvocation="948" maxMicrosecondsPerInvocation="3130" standardDeviationMicrosecondsPerInvocation="829"/>
      <ClassProfile name="edu.umd.cs.findbugs.detect.FindNoSideEffectMethods" totalMilliseconds="16" invocations="15" avgMicrosecondsPerInvocation="1102" maxMicrosecondsPerInvocation="4808" standardDeviationMicrosecondsPerInvocation="1352"/>
      <ClassProfile name="edu.umd.cs.findbugs.detect.FindOpenStream" totalMilliseconds="15" invocations="1" avgMicrosecondsPerInvocation="15701" maxMicrosecondsPerInvocation="15701" standardDeviationMicrosecondsPerInvocation="0"/>
      <ClassProfile name="edu.umd.cs.findbugs.OpcodeStack$JumpInfoFactory" totalMilliseconds="15" invocations="84" avgMicrosecondsPerInvocation="185" maxMicrosecondsPerInvocation="1170" standardDeviationMicrosecondsPerInvocation="173"/>
      <ClassProfile name="edu.umd.cs.findbugs.classfile.engine.bcel.JavaClassAnalysisEngine" totalMilliseconds="15" invocations="47" avgMicrosecondsPerInvocation="320" maxMicrosecondsPerInvocation="8447" standardDeviationMicrosecondsPerInvocation="1237"/>
      <ClassProfile name="edu.umd.cs.findbugs.util.TopologicalSort" totalMilliseconds="14" invocations="316" avgMicrosecondsPerInvocation="45" maxMicrosecondsPerInvocation="987" standardDeviationMicrosecondsPerInvocation="95"/>
      <ClassProfile name="edu.umd.cs.findbugs.ba.npe.NullDerefAndRedundantComparisonFinder" totalMilliseconds="11" invocations="20" avgMicrosecondsPerInvocation="591" maxMicrosecondsPerInvocation="1704" standardDeviationMicrosecondsPerInvocation="432"/>
    </FindBugsProfile>
  </FindBugsSummary>
  <ClassFeatures></ClassFeatures>
  <History></History>
</BugCollection>
