<?xml version="1.0" encoding="UTF-8"?>

<BugCollection version="4.7.3" sequence="0" timestamp="1698475155506" analysisTimestamp="1698512013050" release="">
  <Project projectName="">
    <Jar>/mnt/disk3/lty/JLeaks/data/classfile/bug-403-8dbe924a3a57900f039f58ec9c223c95957ee6162e5ffd617077ede09b6fa76e.class</Jar>
  </Project>
  <Errors errors="0" missingClasses="28">
    <MissingClass>org.apache.lucene.analysis.Analyzer</MissingClass>
    <MissingClass>org.apache.lucene.analysis.TokenStream</MissingClass>
    <MissingClass>org.apache.lucene.search.spell.DirectSpellChecker</MissingClass>
    <MissingClass>org.apache.lucene.search.spell.JaroWinklerDistance</MissingClass>
    <MissingClass>org.apache.lucene.search.spell.LevensteinDistance</MissingClass>
    <MissingClass>org.apache.lucene.search.spell.LuceneLevenshteinDistance</MissingClass>
    <MissingClass>org.apache.lucene.search.spell.NGramDistance</MissingClass>
    <MissingClass>org.apache.lucene.search.spell.SuggestMode</MissingClass>
    <MissingClass>org.apache.lucene.search.spell.SuggestWordFrequencyComparator</MissingClass>
    <MissingClass>org.apache.lucene.search.spell.SuggestWordQueue</MissingClass>
    <MissingClass>org.apache.lucene.util.BytesRef</MissingClass>
    <MissingClass>org.apache.lucene.util.BytesRefBuilder</MissingClass>
    <MissingClass>org.apache.lucene.util.CharsRef</MissingClass>
    <MissingClass>org.apache.lucene.util.CharsRefBuilder</MissingClass>
    <MissingClass>org.elasticsearch.common.ParseFieldMatcher</MissingClass>
    <MissingClass>org.elasticsearch.common.io.FastCharArrayReader</MissingClass>
    <MissingClass>org.elasticsearch.common.xcontent.XContentParser</MissingClass>
    <MissingClass>org.elasticsearch.index.analysis.AnalysisService</MissingClass>
    <MissingClass>org.elasticsearch.index.analysis.CustomAnalyzer</MissingClass>
    <MissingClass>org.elasticsearch.index.analysis.NamedAnalyzer</MissingClass>
    <MissingClass>org.elasticsearch.index.analysis.ShingleTokenFilterFactory</MissingClass>
    <MissingClass>org.elasticsearch.index.mapper.MapperService</MissingClass>
    <MissingClass>org.elasticsearch.search.suggest.DirectSpellcheckerSettings</MissingClass>
    <MissingClass>org.elasticsearch.search.suggest.Suggest$Suggestion$Sort</MissingClass>
    <MissingClass>org.elasticsearch.search.suggest.SuggestUtils$1</MissingClass>
    <MissingClass>org.elasticsearch.search.suggest.SuggestUtils$Fields</MissingClass>
    <MissingClass>org.elasticsearch.search.suggest.SuggestUtils$TokenConsumer</MissingClass>
    <MissingClass>org.elasticsearch.search.suggest.SuggestionSearchContext$SuggestionContext</MissingClass>
  </Errors>
  <FindBugsSummary timestamp="Sat, 28 Oct 2023 14:39:15 +0800" total_classes="1" referenced_classes="15" total_bugs="0" total_size="142" num_packages="1" java_version="1.8.0_382" vm_version="25.382-b05" cpu_seconds="7.17" clock_seconds="0.78" peak_mbytes="406.86" alloc_mbytes="1820.50" gc_seconds="0.04">
    <PackageStats package="org.elasticsearch.search.suggest" total_bugs="0" total_types="1" total_size="142">
      <ClassStats class="org.elasticsearch.search.suggest.SuggestUtils" sourceFile="SuggestUtils.java" interface="false" size="142" bugs="0"/>
    </PackageStats>
    <FindBugsProfile>
      <ClassProfile name="edu.umd.cs.findbugs.classfile.engine.ClassInfoAnalysisEngine" totalMilliseconds="117" invocations="397" avgMicrosecondsPerInvocation="296" maxMicrosecondsPerInvocation="11354" standardDeviationMicrosecondsPerInvocation="773"/>
      <ClassProfile name="edu.umd.cs.findbugs.detect.FindBugsSummaryStats" totalMilliseconds="39" invocations="15" avgMicrosecondsPerInvocation="2659" maxMicrosecondsPerInvocation="39795" standardDeviationMicrosecondsPerInvocation="9925"/>
      <ClassProfile name="edu.umd.cs.findbugs.detect.FieldItemSummary" totalMilliseconds="27" invocations="15" avgMicrosecondsPerInvocation="1800" maxMicrosecondsPerInvocation="6776" standardDeviationMicrosecondsPerInvocation="1957"/>
      <ClassProfile name="edu.umd.cs.findbugs.classfile.engine.bcel.MethodGenFactory" totalMilliseconds="20" invocations="14" avgMicrosecondsPerInvocation="1472" maxMicrosecondsPerInvocation="17348" standardDeviationMicrosecondsPerInvocation="4407"/>
      <ClassProfile name="edu.umd.cs.findbugs.classfile.engine.bcel.IsNullValueDataflowFactory" totalMilliseconds="18" invocations="14" avgMicrosecondsPerInvocation="1349" maxMicrosecondsPerInvocation="6783" standardDeviationMicrosecondsPerInvocation="1635"/>
      <ClassProfile name="edu.umd.cs.findbugs.OpcodeStack$JumpInfoFactory" totalMilliseconds="18" invocations="81" avgMicrosecondsPerInvocation="229" maxMicrosecondsPerInvocation="1987" standardDeviationMicrosecondsPerInvocation="296"/>
      <ClassProfile name="edu.umd.cs.findbugs.classfile.engine.bcel.ValueNumberDataflowFactory" totalMilliseconds="17" invocations="14" avgMicrosecondsPerInvocation="1277" maxMicrosecondsPerInvocation="6902" standardDeviationMicrosecondsPerInvocation="1745"/>
      <ClassProfile name="edu.umd.cs.findbugs.classfile.engine.bcel.CFGFactory" totalMilliseconds="17" invocations="14" avgMicrosecondsPerInvocation="1215" maxMicrosecondsPerInvocation="7103" standardDeviationMicrosecondsPerInvocation="1791"/>
      <ClassProfile name="edu.umd.cs.findbugs.detect.FindNoSideEffectMethods" totalMilliseconds="16" invocations="15" avgMicrosecondsPerInvocation="1126" maxMicrosecondsPerInvocation="4224" standardDeviationMicrosecondsPerInvocation="1306"/>
      <ClassProfile name="edu.umd.cs.findbugs.classfile.engine.bcel.TypeDataflowFactory" totalMilliseconds="16" invocations="14" avgMicrosecondsPerInvocation="1158" maxMicrosecondsPerInvocation="5025" standardDeviationMicrosecondsPerInvocation="1261"/>
      <ClassProfile name="edu.umd.cs.findbugs.classfile.engine.bcel.JavaClassAnalysisEngine" totalMilliseconds="15" invocations="57" avgMicrosecondsPerInvocation="279" maxMicrosecondsPerInvocation="8563" standardDeviationMicrosecondsPerInvocation="1146"/>
      <ClassProfile name="edu.umd.cs.findbugs.util.TopologicalSort" totalMilliseconds="14" invocations="328" avgMicrosecondsPerInvocation="44" maxMicrosecondsPerInvocation="693" standardDeviationMicrosecondsPerInvocation="85"/>
      <ClassProfile name="edu.umd.cs.findbugs.classfile.engine.bcel.UnconditionalValueDerefDataflowFactory" totalMilliseconds="14" invocations="14" avgMicrosecondsPerInvocation="1035" maxMicrosecondsPerInvocation="3296" standardDeviationMicrosecondsPerInvocation="1001"/>
    </FindBugsProfile>
  </FindBugsSummary>
  <ClassFeatures></ClassFeatures>
  <History></History>
</BugCollection>
