<?xml version="1.0" encoding="UTF-8"?>

<BugCollection version="4.7.3" sequence="0" timestamp="1698475112988" analysisTimestamp="1698507956755" release="">
  <Project projectName="">
    <Jar>/mnt/disk3/lty/JLeaks/data/classfile/bug-32-f8d0c3e542617bb18cb62b55349a5dc809f315cf3d0cc5e4ece177b0301d640f.class</Jar>
  </Project>
  <BugInstance type="OBL_UNSATISFIED_OBLIGATION_EXCEPTION_EDGE" priority="2" rank="20" abbrev="OBL" category="EXPERIMENTAL">
    <Class classname="tachyon.UnderFileSystemSingleLocal">
      <SourceLine classname="tachyon.UnderFileSystemSingleLocal" start="21" end="173" sourcefile="UnderFileSystemSingleLocal.java" sourcepath="tachyon/UnderFileSystemSingleLocal.java"/>
    </Class>
    <Method classname="tachyon.UnderFileSystemSingleLocal" name="create" signature="(Ljava/lang/String;)Ljava/io/OutputStream;" isStatic="false">
      <SourceLine classname="tachyon.UnderFileSystemSingleLocal" start="32" end="35" startBytecode="0" endBytecode="57" sourcefile="UnderFileSystemSingleLocal.java" sourcepath="tachyon/UnderFileSystemSingleLocal.java"/>
    </Method>
    <Class classname="java.io.OutputStream" role="CLASS_REFTYPE">
      <SourceLine classname="java.io.OutputStream" start="46" end="152" sourcefile="OutputStream.java" sourcepath="java/io/OutputStream.java"/>
    </Class>
    <Int value="1" role="INT_OBLIGATIONS_REMAINING"/>
    <SourceLine classname="tachyon.UnderFileSystemSingleLocal" start="32" end="32" startBytecode="5" endBytecode="5" sourcefile="UnderFileSystemSingleLocal.java" sourcepath="tachyon/UnderFileSystemSingleLocal.java" role="SOURCE_LINE_OBLIGATION_CREATED"/>
    <SourceLine classname="tachyon.UnderFileSystemSingleLocal" start="33" end="33" startBytecode="9" endBytecode="9" sourcefile="UnderFileSystemSingleLocal.java" sourcepath="tachyon/UnderFileSystemSingleLocal.java" role="SOURCE_LINE_PATH_CONTINUES"/>
    <String value="{OutputStream x 1}" role="STRING_REMAINING_OBLIGATIONS"/>
  </BugInstance>
  <Errors errors="0" missingClasses="5">
    <MissingClass>tachyon.UnderFileSystem</MissingClass>
    <MissingClass>tachyon.UnderFileSystem$SpaceType</MissingClass>
    <MissingClass>tachyon.UnderFileSystemSingleLocal$1</MissingClass>
    <MissingClass>tachyon.util.CommonUtils</MissingClass>
    <MissingClass>tachyon.util.NetworkUtils</MissingClass>
  </Errors>
  <FindBugsSummary timestamp="Sat, 28 Oct 2023 14:38:32 +0800" total_classes="1" referenced_classes="12" total_bugs="1" total_size="84" num_packages="1" java_version="1.8.0_382" vm_version="25.382-b05" cpu_seconds="34.22" clock_seconds="3.69" peak_mbytes="385.57" alloc_mbytes="1820.50" gc_seconds="0.21" priority_2="1">
    <PackageStats package="tachyon" total_bugs="1" total_types="1" total_size="84" priority_2="1">
      <ClassStats class="tachyon.UnderFileSystemSingleLocal" sourceFile="UnderFileSystemSingleLocal.java" interface="false" size="84" bugs="1" priority_2="1"/>
    </PackageStats>
    <FindBugsProfile>
      <ClassProfile name="edu.umd.cs.findbugs.classfile.engine.ClassInfoAnalysisEngine" totalMilliseconds="412" invocations="293" avgMicrosecondsPerInvocation="1406" maxMicrosecondsPerInvocation="44321" standardDeviationMicrosecondsPerInvocation="3216"/>
      <ClassProfile name="edu.umd.cs.findbugs.detect.FunctionsThatMightBeMistakenForProcedures" totalMilliseconds="282" invocations="12" avgMicrosecondsPerInvocation="23508" maxMicrosecondsPerInvocation="265185" standardDeviationMicrosecondsPerInvocation="72901"/>
      <ClassProfile name="edu.umd.cs.findbugs.classfile.engine.bcel.MethodGenFactory" totalMilliseconds="116" invocations="22" avgMicrosecondsPerInvocation="5305" maxMicrosecondsPerInvocation="99033" standardDeviationMicrosecondsPerInvocation="20461"/>
      <ClassProfile name="edu.umd.cs.findbugs.detect.FieldItemSummary" totalMilliseconds="104" invocations="12" avgMicrosecondsPerInvocation="8736" maxMicrosecondsPerInvocation="28504" standardDeviationMicrosecondsPerInvocation="9010"/>
      <ClassProfile name="edu.umd.cs.findbugs.classfile.engine.bcel.CFGFactory" totalMilliseconds="82" invocations="22" avgMicrosecondsPerInvocation="3762" maxMicrosecondsPerInvocation="44247" standardDeviationMicrosecondsPerInvocation="8901"/>
      <ClassProfile name="edu.umd.cs.findbugs.OpcodeStack$JumpInfoFactory" totalMilliseconds="79" invocations="68" avgMicrosecondsPerInvocation="1172" maxMicrosecondsPerInvocation="9525" standardDeviationMicrosecondsPerInvocation="1560"/>
      <ClassProfile name="edu.umd.cs.findbugs.classfile.engine.bcel.TypeDataflowFactory" totalMilliseconds="79" invocations="22" avgMicrosecondsPerInvocation="3610" maxMicrosecondsPerInvocation="27901" standardDeviationMicrosecondsPerInvocation="5865"/>
      <ClassProfile name="edu.umd.cs.findbugs.classfile.engine.bcel.IsNullValueDataflowFactory" totalMilliseconds="78" invocations="22" avgMicrosecondsPerInvocation="3563" maxMicrosecondsPerInvocation="29676" standardDeviationMicrosecondsPerInvocation="6180"/>
      <ClassProfile name="edu.umd.cs.findbugs.ba.npe.NullDerefAndRedundantComparisonFinder" totalMilliseconds="76" invocations="22" avgMicrosecondsPerInvocation="3458" maxMicrosecondsPerInvocation="36279" standardDeviationMicrosecondsPerInvocation="7302"/>
      <ClassProfile name="edu.umd.cs.findbugs.detect.FindNoSideEffectMethods" totalMilliseconds="74" invocations="12" avgMicrosecondsPerInvocation="6185" maxMicrosecondsPerInvocation="17039" standardDeviationMicrosecondsPerInvocation="4505"/>
      <ClassProfile name="edu.umd.cs.findbugs.classfile.engine.bcel.ValueNumberDataflowFactory" totalMilliseconds="70" invocations="22" avgMicrosecondsPerInvocation="3208" maxMicrosecondsPerInvocation="39451" standardDeviationMicrosecondsPerInvocation="8104"/>
      <ClassProfile name="edu.umd.cs.findbugs.classfile.engine.bcel.JavaClassAnalysisEngine" totalMilliseconds="69" invocations="33" avgMicrosecondsPerInvocation="2113" maxMicrosecondsPerInvocation="38268" standardDeviationMicrosecondsPerInvocation="6620"/>
      <ClassProfile name="edu.umd.cs.findbugs.util.TopologicalSort" totalMilliseconds="63" invocations="258" avgMicrosecondsPerInvocation="247" maxMicrosecondsPerInvocation="4013" standardDeviationMicrosecondsPerInvocation="406"/>
      <ClassProfile name="edu.umd.cs.findbugs.classfile.engine.ClassDataAnalysisEngine" totalMilliseconds="60" invocations="297" avgMicrosecondsPerInvocation="202" maxMicrosecondsPerInvocation="3458" standardDeviationMicrosecondsPerInvocation="259"/>
      <ClassProfile name="edu.umd.cs.findbugs.classfile.engine.bcel.UnconditionalValueDerefDataflowFactory" totalMilliseconds="52" invocations="22" avgMicrosecondsPerInvocation="2379" maxMicrosecondsPerInvocation="13423" standardDeviationMicrosecondsPerInvocation="3211"/>
      <ClassProfile name="edu.umd.cs.findbugs.detect.NoteDirectlyRelevantTypeQualifiers" totalMilliseconds="50" invocations="12" avgMicrosecondsPerInvocation="4227" maxMicrosecondsPerInvocation="17236" standardDeviationMicrosecondsPerInvocation="4665"/>
      <ClassProfile name="edu.umd.cs.findbugs.detect.OverridingEqualsNotSymmetrical" totalMilliseconds="46" invocations="12" avgMicrosecondsPerInvocation="3910" maxMicrosecondsPerInvocation="28621" standardDeviationMicrosecondsPerInvocation="7677"/>
      <ClassProfile name="edu.umd.cs.findbugs.detect.FindOpenStream" totalMilliseconds="35" invocations="1" avgMicrosecondsPerInvocation="35646" maxMicrosecondsPerInvocation="35646" standardDeviationMicrosecondsPerInvocation="0"/>
      <ClassProfile name="edu.umd.cs.findbugs.detect.CheckRelaxingNullnessAnnotation" totalMilliseconds="29" invocations="1" avgMicrosecondsPerInvocation="29659" maxMicrosecondsPerInvocation="29659" standardDeviationMicrosecondsPerInvocation="0"/>
      <ClassProfile name="edu.umd.cs.findbugs.ba.npe.TypeQualifierNullnessAnnotationDatabase" totalMilliseconds="29" invocations="98" avgMicrosecondsPerInvocation="297" maxMicrosecondsPerInvocation="5646" standardDeviationMicrosecondsPerInvocation="738"/>
      <ClassProfile name="edu.umd.cs.findbugs.detect.FindUselessObjects" totalMilliseconds="23" invocations="1" avgMicrosecondsPerInvocation="23732" maxMicrosecondsPerInvocation="23732" standardDeviationMicrosecondsPerInvocation="0"/>
      <ClassProfile name="edu.umd.cs.findbugs.classfile.engine.bcel.ConstantDataflowFactory" totalMilliseconds="23" invocations="22" avgMicrosecondsPerInvocation="1062" maxMicrosecondsPerInvocation="7736" standardDeviationMicrosecondsPerInvocation="1804"/>
      <ClassProfile name="edu.umd.cs.findbugs.detect.BuildObligationPolicyDatabase" totalMilliseconds="23" invocations="12" avgMicrosecondsPerInvocation="1941" maxMicrosecondsPerInvocation="9248" standardDeviationMicrosecondsPerInvocation="2400"/>
    </FindBugsProfile>
  </FindBugsSummary>
  <ClassFeatures></ClassFeatures>
  <History></History>
</BugCollection>
