<?xml version="1.0" encoding="UTF-8"?>

<BugCollection version="4.7.3" sequence="0" timestamp="1698475234806" analysisTimestamp="1698520464597" release="">
  <Project projectName="">
    <Jar>/mnt/disk3/lty/JLeaks/data/classfile/bug-977-b4ef7aa57f967285b53696478bf3cd79385e551da1b72cbb27d2c7631945a87e.class</Jar>
  </Project>
  <Errors errors="0" missingClasses="3">
    <MissingClass>org.java_websocket.WrappedByteChannel</MissingClass>
    <MissingClass>org.slf4j.Logger</MissingClass>
    <MissingClass>org.slf4j.LoggerFactory</MissingClass>
  </Errors>
  <FindBugsSummary timestamp="Sat, 28 Oct 2023 14:40:34 +0800" total_classes="1" referenced_classes="43" total_bugs="0" total_size="244" num_packages="1" java_version="1.8.0_382" vm_version="25.382-b05" cpu_seconds="7.91" clock_seconds="0.85" peak_mbytes="397.49" alloc_mbytes="1820.50" gc_seconds="0.04">
    <PackageStats package="org.java_websocket" total_bugs="0" total_types="1" total_size="244">
      <ClassStats class="org.java_websocket.SSLSocketChannel2" sourceFile="SSLSocketChannel2.java" interface="false" size="244" bugs="0"/>
    </PackageStats>
    <FindBugsProfile>
      <ClassProfile name="edu.umd.cs.findbugs.classfile.engine.ClassInfoAnalysisEngine" totalMilliseconds="116" invocations="427" avgMicrosecondsPerInvocation="273" maxMicrosecondsPerInvocation="11803" standardDeviationMicrosecondsPerInvocation="723"/>
      <ClassProfile name="edu.umd.cs.findbugs.detect.FindNoSideEffectMethods" totalMilliseconds="63" invocations="43" avgMicrosecondsPerInvocation="1472" maxMicrosecondsPerInvocation="46083" standardDeviationMicrosecondsPerInvocation="6913"/>
      <ClassProfile name="edu.umd.cs.findbugs.classfile.engine.bcel.ValueNumberDataflowFactory" totalMilliseconds="30" invocations="32" avgMicrosecondsPerInvocation="967" maxMicrosecondsPerInvocation="9451" standardDeviationMicrosecondsPerInvocation="1804"/>
      <ClassProfile name="edu.umd.cs.findbugs.detect.FieldItemSummary" totalMilliseconds="29" invocations="43" avgMicrosecondsPerInvocation="678" maxMicrosecondsPerInvocation="5509" standardDeviationMicrosecondsPerInvocation="1183"/>
      <ClassProfile name="edu.umd.cs.findbugs.classfile.engine.bcel.TypeDataflowFactory" totalMilliseconds="27" invocations="32" avgMicrosecondsPerInvocation="863" maxMicrosecondsPerInvocation="7328" standardDeviationMicrosecondsPerInvocation="1458"/>
      <ClassProfile name="edu.umd.cs.findbugs.classfile.engine.bcel.IsNullValueDataflowFactory" totalMilliseconds="23" invocations="29" avgMicrosecondsPerInvocation="812" maxMicrosecondsPerInvocation="4774" standardDeviationMicrosecondsPerInvocation="1153"/>
      <ClassProfile name="edu.umd.cs.findbugs.classfile.engine.bcel.MethodGenFactory" totalMilliseconds="22" invocations="29" avgMicrosecondsPerInvocation="763" maxMicrosecondsPerInvocation="18834" standardDeviationMicrosecondsPerInvocation="3417"/>
      <ClassProfile name="edu.umd.cs.findbugs.OpcodeStack$JumpInfoFactory" totalMilliseconds="18" invocations="116" avgMicrosecondsPerInvocation="160" maxMicrosecondsPerInvocation="1478" standardDeviationMicrosecondsPerInvocation="208"/>
      <ClassProfile name="edu.umd.cs.findbugs.classfile.engine.bcel.CFGFactory" totalMilliseconds="17" invocations="29" avgMicrosecondsPerInvocation="617" maxMicrosecondsPerInvocation="9250" standardDeviationMicrosecondsPerInvocation="1667"/>
      <ClassProfile name="edu.umd.cs.findbugs.classfile.engine.bcel.UnconditionalValueDerefDataflowFactory" totalMilliseconds="17" invocations="29" avgMicrosecondsPerInvocation="598" maxMicrosecondsPerInvocation="5244" standardDeviationMicrosecondsPerInvocation="1102"/>
      <ClassProfile name="edu.umd.cs.findbugs.classfile.engine.bcel.JavaClassAnalysisEngine" totalMilliseconds="17" invocations="77" avgMicrosecondsPerInvocation="222" maxMicrosecondsPerInvocation="8473" standardDeviationMicrosecondsPerInvocation="977"/>
      <ClassProfile name="edu.umd.cs.findbugs.util.TopologicalSort" totalMilliseconds="14" invocations="388" avgMicrosecondsPerInvocation="38" maxMicrosecondsPerInvocation="827" standardDeviationMicrosecondsPerInvocation="73"/>
      <ClassProfile name="edu.umd.cs.findbugs.detect.NoteDirectlyRelevantTypeQualifiers" totalMilliseconds="11" invocations="43" avgMicrosecondsPerInvocation="261" maxMicrosecondsPerInvocation="2334" standardDeviationMicrosecondsPerInvocation="509"/>
    </FindBugsProfile>
  </FindBugsSummary>
  <ClassFeatures></ClassFeatures>
  <History></History>
</BugCollection>
