<?xml version="1.0" encoding="UTF-8"?>

<BugCollection version="4.7.3" sequence="0" timestamp="1698475175901" analysisTimestamp="1698512999758" release="">
  <Project projectName="">
    <Jar>/mnt/disk3/lty/JLeaks/data/classfile/bug-563-db2c693888a7912d2fc1f50ca0cffa2454dec6a9a2251683e5c1b48ef73ead38.class</Jar>
  </Project>
  <Errors errors="0" missingClasses="5">
    <MissingClass>com.relayrides.pushy.apns.ApnsEnvironment</MissingClass>
    <MissingClass>com.relayrides.pushy.apns.PushManager</MissingClass>
    <MissingClass>io.netty.channel.nio.NioEventLoopGroup</MissingClass>
    <MissingClass>org.slf4j.Logger</MissingClass>
    <MissingClass>org.slf4j.LoggerFactory</MissingClass>
  </Errors>
  <FindBugsSummary timestamp="Sat, 28 Oct 2023 14:39:35 +0800" total_classes="1" referenced_classes="29" total_bugs="0" total_size="67" num_packages="1" java_version="1.8.0_382" vm_version="25.382-b05" cpu_seconds="5.54" clock_seconds="0.68" peak_mbytes="373.15" alloc_mbytes="1820.50" gc_seconds="0.04">
    <PackageStats package="com.relayrides.pushy.apns" total_bugs="0" total_types="1" total_size="67">
      <ClassStats class="com.relayrides.pushy.apns.PushManagerFactory" sourceFile="PushManagerFactory.java" interface="false" size="67" bugs="0"/>
    </PackageStats>
    <FindBugsProfile>
      <ClassProfile name="edu.umd.cs.findbugs.classfile.engine.ClassInfoAnalysisEngine" totalMilliseconds="112" invocations="397" avgMicrosecondsPerInvocation="282" maxMicrosecondsPerInvocation="10465" standardDeviationMicrosecondsPerInvocation="718"/>
      <ClassProfile name="edu.umd.cs.findbugs.detect.FunctionsThatMightBeMistakenForProcedures" totalMilliseconds="50" invocations="29" avgMicrosecondsPerInvocation="1725" maxMicrosecondsPerInvocation="44685" standardDeviationMicrosecondsPerInvocation="8125"/>
      <ClassProfile name="edu.umd.cs.findbugs.detect.FieldItemSummary" totalMilliseconds="23" invocations="29" avgMicrosecondsPerInvocation="820" maxMicrosecondsPerInvocation="6261" standardDeviationMicrosecondsPerInvocation="1425"/>
      <ClassProfile name="edu.umd.cs.findbugs.classfile.engine.bcel.MethodGenFactory" totalMilliseconds="18" invocations="11" avgMicrosecondsPerInvocation="1681" maxMicrosecondsPerInvocation="17031" standardDeviationMicrosecondsPerInvocation="4855"/>
      <ClassProfile name="edu.umd.cs.findbugs.detect.FindNoSideEffectMethods" totalMilliseconds="17" invocations="29" avgMicrosecondsPerInvocation="598" maxMicrosecondsPerInvocation="3590" standardDeviationMicrosecondsPerInvocation="898"/>
      <ClassProfile name="edu.umd.cs.findbugs.classfile.engine.bcel.JavaClassAnalysisEngine" totalMilliseconds="16" invocations="55" avgMicrosecondsPerInvocation="305" maxMicrosecondsPerInvocation="8729" standardDeviationMicrosecondsPerInvocation="1204"/>
      <ClassProfile name="edu.umd.cs.findbugs.OpcodeStack$JumpInfoFactory" totalMilliseconds="15" invocations="79" avgMicrosecondsPerInvocation="200" maxMicrosecondsPerInvocation="1593" standardDeviationMicrosecondsPerInvocation="265"/>
      <ClassProfile name="edu.umd.cs.findbugs.util.TopologicalSort" totalMilliseconds="15" invocations="358" avgMicrosecondsPerInvocation="43" maxMicrosecondsPerInvocation="975" standardDeviationMicrosecondsPerInvocation="92"/>
      <ClassProfile name="edu.umd.cs.findbugs.classfile.engine.bcel.TypeDataflowFactory" totalMilliseconds="11" invocations="11" avgMicrosecondsPerInvocation="1014" maxMicrosecondsPerInvocation="6285" standardDeviationMicrosecondsPerInvocation="1719"/>
    </FindBugsProfile>
  </FindBugsSummary>
  <ClassFeatures></ClassFeatures>
  <History></History>
</BugCollection>
