<?xml version="1.0" encoding="UTF-8"?>

<BugCollection version="4.7.3" sequence="0" timestamp="1698475159625" analysisTimestamp="1698512112780" release="">
  <Project projectName="">
    <Jar>/mnt/disk3/lty/JLeaks/data/classfile/bug-436-d9a2be0ab4bf2e4aefaf98bc7745e3f55e6ba260e6487be40fc753e72d8b8de5.class</Jar>
  </Project>
  <Errors errors="0" missingClasses="1">
    <MissingClass>org.loklak.http.ClientConnection</MissingClass>
  </Errors>
  <FindBugsSummary timestamp="Sat, 28 Oct 2023 14:39:19 +0800" total_classes="1" referenced_classes="11" total_bugs="0" total_size="11" num_packages="1" java_version="1.8.0_382" vm_version="25.382-b05" cpu_seconds="4.65" clock_seconds="0.60" peak_mbytes="392.93" alloc_mbytes="1820.50" gc_seconds="0.04">
    <PackageStats package="org.loklak.api.client" total_bugs="0" total_types="1" total_size="11">
      <ClassStats class="org.loklak.api.client.HelloClient" sourceFile="HelloClient.java" interface="false" size="11" bugs="0"/>
    </PackageStats>
    <FindBugsProfile>
      <ClassProfile name="edu.umd.cs.findbugs.classfile.engine.ClassInfoAnalysisEngine" totalMilliseconds="105" invocations="309" avgMicrosecondsPerInvocation="341" maxMicrosecondsPerInvocation="9630" standardDeviationMicrosecondsPerInvocation="804"/>
      <ClassProfile name="edu.umd.cs.findbugs.detect.FieldItemSummary" totalMilliseconds="59" invocations="11" avgMicrosecondsPerInvocation="5427" maxMicrosecondsPerInvocation="45445" standardDeviationMicrosecondsPerInvocation="12815"/>
      <ClassProfile name="edu.umd.cs.findbugs.classfile.engine.bcel.MethodGenFactory" totalMilliseconds="17" invocations="2" avgMicrosecondsPerInvocation="8634" maxMicrosecondsPerInvocation="16523" standardDeviationMicrosecondsPerInvocation="7889"/>
      <ClassProfile name="edu.umd.cs.findbugs.OpcodeStack$JumpInfoFactory" totalMilliseconds="16" invocations="60" avgMicrosecondsPerInvocation="274" maxMicrosecondsPerInvocation="1806" standardDeviationMicrosecondsPerInvocation="330"/>
      <ClassProfile name="edu.umd.cs.findbugs.classfile.engine.bcel.JavaClassAnalysisEngine" totalMilliseconds="13" invocations="28" avgMicrosecondsPerInvocation="498" maxMicrosecondsPerInvocation="8458" standardDeviationMicrosecondsPerInvocation="1579"/>
      <ClassProfile name="edu.umd.cs.findbugs.util.TopologicalSort" totalMilliseconds="13" invocations="275" avgMicrosecondsPerInvocation="49" maxMicrosecondsPerInvocation="788" standardDeviationMicrosecondsPerInvocation="93"/>
      <ClassProfile name="edu.umd.cs.findbugs.classfile.engine.bcel.ValueNumberDataflowFactory" totalMilliseconds="13" invocations="3" avgMicrosecondsPerInvocation="4420" maxMicrosecondsPerInvocation="6416" standardDeviationMicrosecondsPerInvocation="1831"/>
      <ClassProfile name="edu.umd.cs.findbugs.classfile.engine.bcel.TypeDataflowFactory" totalMilliseconds="11" invocations="3" avgMicrosecondsPerInvocation="3730" maxMicrosecondsPerInvocation="5008" standardDeviationMicrosecondsPerInvocation="1415"/>
    </FindBugsProfile>
  </FindBugsSummary>
  <ClassFeatures></ClassFeatures>
  <History></History>
</BugCollection>
