<?xml version="1.0" encoding="UTF-8"?>

<BugCollection version="4.7.3" sequence="0" timestamp="1698475216403" analysisTimestamp="1698515077649" release="">
  <Project projectName="">
    <Jar>/mnt/disk3/lty/JLeaks/data/classfile/bug-854-fa3e7cdc2ffeaab030cdd4e9fc4e54c29a97e75a108a368d7d09bd883030869d.class</Jar>
  </Project>
  <Errors errors="0" missingClasses="15">
    <MissingClass>javax.el.ValueExpression</MissingClass>
    <MissingClass>javax.faces.application.Application</MissingClass>
    <MissingClass>javax.faces.application.Resource</MissingClass>
    <MissingClass>javax.faces.application.ResourceHandler</MissingClass>
    <MissingClass>javax.faces.component.UIComponent</MissingClass>
    <MissingClass>javax.faces.context.ExternalContext</MissingClass>
    <MissingClass>javax.faces.context.FacesContext</MissingClass>
    <MissingClass>javax.faces.context.ResponseWriter</MissingClass>
    <MissingClass>javax.faces.convert.ConverterException</MissingClass>
    <MissingClass>org.apache.commons.io.input.BoundedInputStream</MissingClass>
    <MissingClass>org.primefaces.component.imagecropper.ImageCropper</MissingClass>
    <MissingClass>org.primefaces.component.imagecropper.ImageCropperBase$PropertyKeys</MissingClass>
    <MissingClass>org.primefaces.model.CroppedImage</MissingClass>
    <MissingClass>org.primefaces.renderkit.CoreRenderer</MissingClass>
    <MissingClass>org.primefaces.util.WidgetBuilder</MissingClass>
  </Errors>
  <FindBugsSummary timestamp="Sat, 28 Oct 2023 14:40:16 +0800" total_classes="1" referenced_classes="19" total_bugs="0" total_size="146" num_packages="1" java_version="1.8.0_382" vm_version="25.382-b05" cpu_seconds="7.11" clock_seconds="0.80" peak_mbytes="406.76" alloc_mbytes="1820.50" gc_seconds="0.04">
    <PackageStats package="org.primefaces.component.imagecropper" total_bugs="0" total_types="1" total_size="146">
      <ClassStats class="org.primefaces.component.imagecropper.ImageCropperRenderer" sourceFile="ImageCropperRenderer.java" interface="false" size="146" bugs="0"/>
    </PackageStats>
    <FindBugsProfile>
      <ClassProfile name="edu.umd.cs.findbugs.classfile.engine.ClassInfoAnalysisEngine" totalMilliseconds="122" invocations="409" avgMicrosecondsPerInvocation="300" maxMicrosecondsPerInvocation="10752" standardDeviationMicrosecondsPerInvocation="729"/>
      <ClassProfile name="edu.umd.cs.findbugs.detect.NoteDirectlyRelevantTypeQualifiers" totalMilliseconds="51" invocations="19" avgMicrosecondsPerInvocation="2727" maxMicrosecondsPerInvocation="42846" standardDeviationMicrosecondsPerInvocation="9488"/>
      <ClassProfile name="edu.umd.cs.findbugs.detect.FieldItemSummary" totalMilliseconds="26" invocations="19" avgMicrosecondsPerInvocation="1419" maxMicrosecondsPerInvocation="5583" standardDeviationMicrosecondsPerInvocation="1511"/>
      <ClassProfile name="edu.umd.cs.findbugs.OpcodeStack$JumpInfoFactory" totalMilliseconds="22" invocations="75" avgMicrosecondsPerInvocation="305" maxMicrosecondsPerInvocation="5591" standardDeviationMicrosecondsPerInvocation="755"/>
      <ClassProfile name="edu.umd.cs.findbugs.classfile.engine.bcel.IsNullValueDataflowFactory" totalMilliseconds="20" invocations="9" avgMicrosecondsPerInvocation="2320" maxMicrosecondsPerInvocation="7088" standardDeviationMicrosecondsPerInvocation="2451"/>
      <ClassProfile name="edu.umd.cs.findbugs.classfile.engine.bcel.MethodGenFactory" totalMilliseconds="19" invocations="9" avgMicrosecondsPerInvocation="2182" maxMicrosecondsPerInvocation="16855" standardDeviationMicrosecondsPerInvocation="5190"/>
      <ClassProfile name="edu.umd.cs.findbugs.detect.FindNoSideEffectMethods" totalMilliseconds="19" invocations="19" avgMicrosecondsPerInvocation="1016" maxMicrosecondsPerInvocation="5048" standardDeviationMicrosecondsPerInvocation="1130"/>
      <ClassProfile name="edu.umd.cs.findbugs.classfile.engine.bcel.TypeDataflowFactory" totalMilliseconds="17" invocations="9" avgMicrosecondsPerInvocation="1978" maxMicrosecondsPerInvocation="5178" standardDeviationMicrosecondsPerInvocation="1742"/>
      <ClassProfile name="edu.umd.cs.findbugs.classfile.engine.bcel.CFGFactory" totalMilliseconds="16" invocations="9" avgMicrosecondsPerInvocation="1841" maxMicrosecondsPerInvocation="7090" standardDeviationMicrosecondsPerInvocation="1999"/>
      <ClassProfile name="edu.umd.cs.findbugs.classfile.engine.bcel.JavaClassAnalysisEngine" totalMilliseconds="15" invocations="59" avgMicrosecondsPerInvocation="268" maxMicrosecondsPerInvocation="8375" standardDeviationMicrosecondsPerInvocation="1097"/>
      <ClassProfile name="edu.umd.cs.findbugs.util.TopologicalSort" totalMilliseconds="15" invocations="363" avgMicrosecondsPerInvocation="42" maxMicrosecondsPerInvocation="807" standardDeviationMicrosecondsPerInvocation="86"/>
      <ClassProfile name="edu.umd.cs.findbugs.classfile.engine.bcel.ValueNumberDataflowFactory" totalMilliseconds="14" invocations="9" avgMicrosecondsPerInvocation="1627" maxMicrosecondsPerInvocation="6844" standardDeviationMicrosecondsPerInvocation="1948"/>
      <ClassProfile name="edu.umd.cs.findbugs.classfile.engine.bcel.UnconditionalValueDerefDataflowFactory" totalMilliseconds="12" invocations="9" avgMicrosecondsPerInvocation="1381" maxMicrosecondsPerInvocation="3223" standardDeviationMicrosecondsPerInvocation="1075"/>
      <ClassProfile name="edu.umd.cs.findbugs.detect.FindOpenStream" totalMilliseconds="12" invocations="1" avgMicrosecondsPerInvocation="12049" maxMicrosecondsPerInvocation="12049" standardDeviationMicrosecondsPerInvocation="0"/>
    </FindBugsProfile>
  </FindBugsSummary>
  <ClassFeatures></ClassFeatures>
  <History></History>
</BugCollection>
