<?xml version="1.0" encoding="UTF-8"?>

<BugCollection version="4.7.3" sequence="0" timestamp="1698475130359" analysisTimestamp="1698509363432" release="">
  <Project projectName="">
    <Jar>/mnt/disk3/lty/JLeaks/data/classfile/bug-191-59e3c1713194f8c444e5d13c0f595e20cfaf076cf0063a0cc32619c8b2174771.class</Jar>
  </Project>
  <Errors errors="0" missingClasses="148">
    <MissingClass>com.google.common.cache.Cache</MissingClass>
    <MissingClass>com.google.common.collect.Lists</MissingClass>
    <MissingClass>com.google.common.collect.Maps</MissingClass>
    <MissingClass>com.google.protobuf.ByteString</MissingClass>
    <MissingClass>com.google.protobuf.RpcCallback</MissingClass>
    <MissingClass>org.apache.hadoop.conf.Configuration</MissingClass>
    <MissingClass>org.apache.hadoop.hbase.Cell</MissingClass>
    <MissingClass>org.apache.hadoop.hbase.CellUtil</MissingClass>
    <MissingClass>org.apache.hadoop.hbase.Coprocessor</MissingClass>
    <MissingClass>org.apache.hadoop.hbase.CoprocessorEnvironment</MissingClass>
    <MissingClass>org.apache.hadoop.hbase.DoNotRetryIOException</MissingClass>
    <MissingClass>org.apache.hadoop.hbase.HConstants</MissingClass>
    <MissingClass>org.apache.hadoop.hbase.HRegionInfo</MissingClass>
    <MissingClass>org.apache.hadoop.hbase.HTableDescriptor</MissingClass>
    <MissingClass>org.apache.hadoop.hbase.KeyValue</MissingClass>
    <MissingClass>org.apache.hadoop.hbase.KeyValue$Type</MissingClass>
    <MissingClass>org.apache.hadoop.hbase.KeyValueUtil</MissingClass>
    <MissingClass>org.apache.hadoop.hbase.TableName</MissingClass>
    <MissingClass>org.apache.hadoop.hbase.client.Delete</MissingClass>
    <MissingClass>org.apache.hadoop.hbase.client.Get</MissingClass>
    <MissingClass>org.apache.hadoop.hbase.client.HTableInterface</MissingClass>
    <MissingClass>org.apache.hadoop.hbase.client.Mutation</MissingClass>
    <MissingClass>org.apache.hadoop.hbase.client.Put</MissingClass>
    <MissingClass>org.apache.hadoop.hbase.client.Result</MissingClass>
    <MissingClass>org.apache.hadoop.hbase.client.ResultScanner</MissingClass>
    <MissingClass>org.apache.hadoop.hbase.client.Scan</MissingClass>
    <MissingClass>org.apache.hadoop.hbase.coprocessor.CoprocessorException</MissingClass>
    <MissingClass>org.apache.hadoop.hbase.coprocessor.CoprocessorService</MissingClass>
    <MissingClass>org.apache.hadoop.hbase.coprocessor.RegionCoprocessorEnvironment</MissingClass>
    <MissingClass>org.apache.hadoop.hbase.filter.CompareFilter$CompareOp</MissingClass>
    <MissingClass>org.apache.hadoop.hbase.filter.FilterList</MissingClass>
    <MissingClass>org.apache.hadoop.hbase.filter.FirstKeyOnlyFilter</MissingClass>
    <MissingClass>org.apache.hadoop.hbase.filter.SingleColumnValueFilter</MissingClass>
    <MissingClass>org.apache.hadoop.hbase.io.ImmutableBytesWritable</MissingClass>
    <MissingClass>org.apache.hadoop.hbase.regionserver.Region</MissingClass>
    <MissingClass>org.apache.hadoop.hbase.regionserver.Region$RowLock</MissingClass>
    <MissingClass>org.apache.hadoop.hbase.regionserver.RegionScanner</MissingClass>
    <MissingClass>org.apache.hadoop.hbase.util.Bytes</MissingClass>
    <MissingClass>org.apache.hadoop.hbase.util.Pair</MissingClass>
    <MissingClass>org.apache.hadoop.hbase.util.VersionInfo</MissingClass>
    <MissingClass>org.apache.phoenix.cache.GlobalCache</MissingClass>
    <MissingClass>org.apache.phoenix.cache.GlobalCache$FunctionBytesPtr</MissingClass>
    <MissingClass>org.apache.phoenix.compile.FromCompiler</MissingClass>
    <MissingClass>org.apache.phoenix.compile.QueryPlan</MissingClass>
    <MissingClass>org.apache.phoenix.compile.ScanRanges</MissingClass>
    <MissingClass>org.apache.phoenix.compile.StatementContext</MissingClass>
    <MissingClass>org.apache.phoenix.compile.WhereCompiler</MissingClass>
    <MissingClass>org.apache.phoenix.coprocessor.MetaDataEndpointImpl$1</MissingClass>
    <MissingClass>org.apache.phoenix.coprocessor.MetaDataEndpointImpl$2</MissingClass>
    <MissingClass>org.apache.phoenix.coprocessor.MetaDataEndpointImpl$3</MissingClass>
    <MissingClass>org.apache.phoenix.coprocessor.MetaDataEndpointImpl$4</MissingClass>
    <MissingClass>org.apache.phoenix.coprocessor.MetaDataEndpointImpl$ColumnFinder</MissingClass>
    <MissingClass>org.apache.phoenix.coprocessor.MetaDataEndpointImpl$ColumnMutator</MissingClass>
    <MissingClass>org.apache.phoenix.coprocessor.MetaDataEndpointImpl$ColumnOrdinalPositionUpdateList</MissingClass>
    <MissingClass>org.apache.phoenix.coprocessor.MetaDataEndpointImpl$PutWithOrdinalPosition</MissingClass>
    <MissingClass>org.apache.phoenix.coprocessor.MetaDataEndpointImpl$TableViewFinder</MissingClass>
    <MissingClass>org.apache.phoenix.coprocessor.MetaDataEndpointImpl$ViewInfo</MissingClass>
    <MissingClass>org.apache.phoenix.coprocessor.MetaDataProtocol</MissingClass>
    <MissingClass>org.apache.phoenix.coprocessor.MetaDataProtocol$MetaDataMutationResult</MissingClass>
    <MissingClass>org.apache.phoenix.coprocessor.MetaDataProtocol$MutationCode</MissingClass>
    <MissingClass>org.apache.phoenix.coprocessor.MetaDataProtocol$SharedTableState</MissingClass>
    <MissingClass>org.apache.phoenix.coprocessor.SuffixFilter</MissingClass>
    <MissingClass>org.apache.phoenix.coprocessor.generated.MetaDataProtos$ClearCacheResponse</MissingClass>
    <MissingClass>org.apache.phoenix.coprocessor.generated.MetaDataProtos$ClearCacheResponse$Builder</MissingClass>
    <MissingClass>org.apache.phoenix.coprocessor.generated.MetaDataProtos$ClearTableFromCacheRequest</MissingClass>
    <MissingClass>org.apache.phoenix.coprocessor.generated.MetaDataProtos$CreateFunctionRequest</MissingClass>
    <MissingClass>org.apache.phoenix.coprocessor.generated.MetaDataProtos$CreateSchemaRequest</MissingClass>
    <MissingClass>org.apache.phoenix.coprocessor.generated.MetaDataProtos$CreateTableRequest</MissingClass>
    <MissingClass>org.apache.phoenix.coprocessor.generated.MetaDataProtos$DropSchemaRequest</MissingClass>
    <MissingClass>org.apache.phoenix.coprocessor.generated.MetaDataProtos$DropTableRequest</MissingClass>
    <MissingClass>org.apache.phoenix.coprocessor.generated.MetaDataProtos$GetFunctionsRequest</MissingClass>
    <MissingClass>org.apache.phoenix.coprocessor.generated.MetaDataProtos$GetSchemaRequest</MissingClass>
    <MissingClass>org.apache.phoenix.coprocessor.generated.MetaDataProtos$GetTableRequest</MissingClass>
    <MissingClass>org.apache.phoenix.coprocessor.generated.MetaDataProtos$GetVersionRequest</MissingClass>
    <MissingClass>org.apache.phoenix.coprocessor.generated.MetaDataProtos$GetVersionResponse</MissingClass>
    <MissingClass>org.apache.phoenix.coprocessor.generated.MetaDataProtos$GetVersionResponse$Builder</MissingClass>
    <MissingClass>org.apache.phoenix.coprocessor.generated.MetaDataProtos$MetaDataResponse</MissingClass>
    <MissingClass>org.apache.phoenix.coprocessor.generated.MetaDataProtos$MetaDataResponse$Builder</MissingClass>
    <MissingClass>org.apache.phoenix.coprocessor.generated.MetaDataProtos$MutationCode</MissingClass>
    <MissingClass>org.apache.phoenix.expression.Expression</MissingClass>
    <MissingClass>org.apache.phoenix.expression.LiteralExpression</MissingClass>
    <MissingClass>org.apache.phoenix.hbase.index.covered.update.ColumnReference</MissingClass>
    <MissingClass>org.apache.phoenix.hbase.index.util.GenericKeyValueBuilder</MissingClass>
    <MissingClass>org.apache.phoenix.hbase.index.util.ImmutableBytesPtr</MissingClass>
    <MissingClass>org.apache.phoenix.hbase.index.util.KeyValueBuilder</MissingClass>
    <MissingClass>org.apache.phoenix.index.IndexMaintainer</MissingClass>
    <MissingClass>org.apache.phoenix.jdbc.PhoenixConnection</MissingClass>
    <MissingClass>org.apache.phoenix.jdbc.PhoenixDatabaseMetaData</MissingClass>
    <MissingClass>org.apache.phoenix.jdbc.PhoenixResultSet</MissingClass>
    <MissingClass>org.apache.phoenix.jdbc.PhoenixStatement</MissingClass>
    <MissingClass>org.apache.phoenix.metrics.Metrics</MissingClass>
    <MissingClass>org.apache.phoenix.parse.LiteralParseNode</MissingClass>
    <MissingClass>org.apache.phoenix.parse.PFunction</MissingClass>
    <MissingClass>org.apache.phoenix.parse.PFunction$FunctionArgument</MissingClass>
    <MissingClass>org.apache.phoenix.parse.PSchema</MissingClass>
    <MissingClass>org.apache.phoenix.parse.SQLParser</MissingClass>
    <MissingClass>org.apache.phoenix.parse.SelectStatement</MissingClass>
    <MissingClass>org.apache.phoenix.protobuf.ProtobufUtil</MissingClass>
    <MissingClass>org.apache.phoenix.query.ConnectionQueryServices</MissingClass>
    <MissingClass>org.apache.phoenix.query.QueryConstants</MissingClass>
    <MissingClass>org.apache.phoenix.schema.ColumnRef</MissingClass>
    <MissingClass>org.apache.phoenix.schema.PColumn</MissingClass>
    <MissingClass>org.apache.phoenix.schema.PColumnFamily</MissingClass>
    <MissingClass>org.apache.phoenix.schema.PColumnImpl</MissingClass>
    <MissingClass>org.apache.phoenix.schema.PIndexState</MissingClass>
    <MissingClass>org.apache.phoenix.schema.PName</MissingClass>
    <MissingClass>org.apache.phoenix.schema.PNameFactory</MissingClass>
    <MissingClass>org.apache.phoenix.schema.PTable</MissingClass>
    <MissingClass>org.apache.phoenix.schema.PTable$EncodedCQCounter</MissingClass>
    <MissingClass>org.apache.phoenix.schema.PTable$ImmutableStorageScheme</MissingClass>
    <MissingClass>org.apache.phoenix.schema.PTable$IndexType</MissingClass>
    <MissingClass>org.apache.phoenix.schema.PTable$LinkType</MissingClass>
    <MissingClass>org.apache.phoenix.schema.PTable$QualifierEncodingScheme</MissingClass>
    <MissingClass>org.apache.phoenix.schema.PTable$ViewType</MissingClass>
    <MissingClass>org.apache.phoenix.schema.PTableImpl</MissingClass>
    <MissingClass>org.apache.phoenix.schema.PTableKey</MissingClass>
    <MissingClass>org.apache.phoenix.schema.PTableType</MissingClass>
    <MissingClass>org.apache.phoenix.schema.SequenceAllocation</MissingClass>
    <MissingClass>org.apache.phoenix.schema.SequenceKey</MissingClass>
    <MissingClass>org.apache.phoenix.schema.SortOrder</MissingClass>
    <MissingClass>org.apache.phoenix.schema.TableNotFoundException</MissingClass>
    <MissingClass>org.apache.phoenix.schema.TableProperty</MissingClass>
    <MissingClass>org.apache.phoenix.schema.TableRef</MissingClass>
    <MissingClass>org.apache.phoenix.schema.tuple.ResultTuple</MissingClass>
    <MissingClass>org.apache.phoenix.schema.types.PBinary</MissingClass>
    <MissingClass>org.apache.phoenix.schema.types.PBoolean</MissingClass>
    <MissingClass>org.apache.phoenix.schema.types.PDataType</MissingClass>
    <MissingClass>org.apache.phoenix.schema.types.PDataType$PDataCodec</MissingClass>
    <MissingClass>org.apache.phoenix.schema.types.PInteger</MissingClass>
    <MissingClass>org.apache.phoenix.schema.types.PLong</MissingClass>
    <MissingClass>org.apache.phoenix.schema.types.PSmallint</MissingClass>
    <MissingClass>org.apache.phoenix.schema.types.PTinyint</MissingClass>
    <MissingClass>org.apache.phoenix.schema.types.PVarbinary</MissingClass>
    <MissingClass>org.apache.phoenix.schema.types.PVarchar</MissingClass>
    <MissingClass>org.apache.phoenix.trace.util.Tracing</MissingClass>
    <MissingClass>org.apache.phoenix.util.ByteUtil</MissingClass>
    <MissingClass>org.apache.phoenix.util.EncodedColumnsUtil</MissingClass>
    <MissingClass>org.apache.phoenix.util.EnvironmentEdgeManager</MissingClass>
    <MissingClass>org.apache.phoenix.util.IndexUtil</MissingClass>
    <MissingClass>org.apache.phoenix.util.KeyValueUtil</MissingClass>
    <MissingClass>org.apache.phoenix.util.MetaDataUtil</MissingClass>
    <MissingClass>org.apache.phoenix.util.QueryUtil</MissingClass>
    <MissingClass>org.apache.phoenix.util.ReadOnlyProps</MissingClass>
    <MissingClass>org.apache.phoenix.util.SchemaUtil</MissingClass>
    <MissingClass>org.apache.phoenix.util.ServerUtil</MissingClass>
    <MissingClass>org.apache.phoenix.util.UpgradeUtil</MissingClass>
    <MissingClass>org.slf4j.Logger</MissingClass>
    <MissingClass>org.slf4j.LoggerFactory</MissingClass>
  </Errors>
  <FindBugsSummary timestamp="Sat, 28 Oct 2023 14:38:50 +0800" total_classes="1" referenced_classes="32" total_bugs="0" total_size="2393" num_packages="1" java_version="1.8.0_382" vm_version="25.382-b05" cpu_seconds="115.93" clock_seconds="12.02" peak_mbytes="634.34" alloc_mbytes="1820.50" gc_seconds="0.31">
    <PackageStats package="org.apache.phoenix.coprocessor" total_bugs="0" total_types="1" total_size="2393">
      <ClassStats class="org.apache.phoenix.coprocessor.MetaDataEndpointImpl" sourceFile="MetaDataEndpointImpl.java" interface="false" size="2393" bugs="0"/>
    </PackageStats>
    <FindBugsProfile>
      <ClassProfile name="edu.umd.cs.findbugs.classfile.engine.bcel.IsNullValueDataflowFactory" totalMilliseconds="998" invocations="79" avgMicrosecondsPerInvocation="12644" maxMicrosecondsPerInvocation="100893" standardDeviationMicrosecondsPerInvocation="18769"/>
      <ClassProfile name="edu.umd.cs.findbugs.ba.npe.NullDerefAndRedundantComparisonFinder" totalMilliseconds="985" invocations="79" avgMicrosecondsPerInvocation="12473" maxMicrosecondsPerInvocation="143081" standardDeviationMicrosecondsPerInvocation="20960"/>
      <ClassProfile name="edu.umd.cs.findbugs.classfile.engine.bcel.UnconditionalValueDerefDataflowFactory" totalMilliseconds="912" invocations="79" avgMicrosecondsPerInvocation="11551" maxMicrosecondsPerInvocation="127064" standardDeviationMicrosecondsPerInvocation="20859"/>
      <ClassProfile name="edu.umd.cs.findbugs.classfile.engine.bcel.TypeDataflowFactory" totalMilliseconds="684" invocations="81" avgMicrosecondsPerInvocation="8453" maxMicrosecondsPerInvocation="44568" standardDeviationMicrosecondsPerInvocation="10402"/>
      <ClassProfile name="edu.umd.cs.findbugs.classfile.engine.bcel.ValueNumberDataflowFactory" totalMilliseconds="638" invocations="81" avgMicrosecondsPerInvocation="7877" maxMicrosecondsPerInvocation="83691" standardDeviationMicrosecondsPerInvocation="12949"/>
      <ClassProfile name="edu.umd.cs.findbugs.classfile.engine.ClassInfoAnalysisEngine" totalMilliseconds="606" invocations="655" avgMicrosecondsPerInvocation="925" maxMicrosecondsPerInvocation="120359" standardDeviationMicrosecondsPerInvocation="4899"/>
      <ClassProfile name="edu.umd.cs.findbugs.OpcodeStack$JumpInfoFactory" totalMilliseconds="595" invocations="289" avgMicrosecondsPerInvocation="2059" maxMicrosecondsPerInvocation="247735" standardDeviationMicrosecondsPerInvocation="14635"/>
      <ClassProfile name="edu.umd.cs.findbugs.detect.FindRefComparison$SpecialTypeAnalysis" totalMilliseconds="323" invocations="77" avgMicrosecondsPerInvocation="4201" maxMicrosecondsPerInvocation="31464" standardDeviationMicrosecondsPerInvocation="6526"/>
      <ClassProfile name="edu.umd.cs.findbugs.classfile.engine.bcel.CFGFactory" totalMilliseconds="300" invocations="79" avgMicrosecondsPerInvocation="3799" maxMicrosecondsPerInvocation="40146" standardDeviationMicrosecondsPerInvocation="5072"/>
      <ClassProfile name="edu.umd.cs.findbugs.detect.FindOpenStream" totalMilliseconds="260" invocations="1" avgMicrosecondsPerInvocation="260788" maxMicrosecondsPerInvocation="260788" standardDeviationMicrosecondsPerInvocation="0"/>
      <ClassProfile name="edu.umd.cs.findbugs.detect.FieldItemSummary" totalMilliseconds="243" invocations="32" avgMicrosecondsPerInvocation="7612" maxMicrosecondsPerInvocation="53648" standardDeviationMicrosecondsPerInvocation="11251"/>
      <ClassProfile name="edu.umd.cs.findbugs.detect.FindNoSideEffectMethods" totalMilliseconds="170" invocations="32" avgMicrosecondsPerInvocation="5343" maxMicrosecondsPerInvocation="31319" standardDeviationMicrosecondsPerInvocation="7298"/>
      <ClassProfile name="edu.umd.cs.findbugs.classfile.engine.bcel.MethodGenFactory" totalMilliseconds="163" invocations="79" avgMicrosecondsPerInvocation="2074" maxMicrosecondsPerInvocation="96932" standardDeviationMicrosecondsPerInvocation="10795"/>
      <ClassProfile name="edu.umd.cs.findbugs.classfile.engine.bcel.ConstantDataflowFactory" totalMilliseconds="153" invocations="79" avgMicrosecondsPerInvocation="1938" maxMicrosecondsPerInvocation="20079" standardDeviationMicrosecondsPerInvocation="3602"/>
      <ClassProfile name="edu.umd.cs.findbugs.ba.npe.TypeQualifierNullnessAnnotationDatabase" totalMilliseconds="134" invocations="8754" avgMicrosecondsPerInvocation="15" maxMicrosecondsPerInvocation="7853" standardDeviationMicrosecondsPerInvocation="114"/>
      <ClassProfile name="edu.umd.cs.findbugs.classfile.engine.bcel.JavaClassAnalysisEngine" totalMilliseconds="114" invocations="199" avgMicrosecondsPerInvocation="573" maxMicrosecondsPerInvocation="50701" standardDeviationMicrosecondsPerInvocation="3743"/>
      <ClassProfile name="edu.umd.cs.findbugs.classfile.engine.ClassDataAnalysisEngine" totalMilliseconds="110" invocations="667" avgMicrosecondsPerInvocation="165" maxMicrosecondsPerInvocation="3980" standardDeviationMicrosecondsPerInvocation="238"/>
      <ClassProfile name="edu.umd.cs.findbugs.detect.UnreadFields" totalMilliseconds="109" invocations="1" avgMicrosecondsPerInvocation="109079" maxMicrosecondsPerInvocation="109079" standardDeviationMicrosecondsPerInvocation="0"/>
      <ClassProfile name="edu.umd.cs.findbugs.detect.LoadOfKnownNullValue" totalMilliseconds="108" invocations="1" avgMicrosecondsPerInvocation="108988" maxMicrosecondsPerInvocation="108988" standardDeviationMicrosecondsPerInvocation="0"/>
      <ClassProfile name="edu.umd.cs.findbugs.util.TopologicalSort" totalMilliseconds="87" invocations="442" avgMicrosecondsPerInvocation="197" maxMicrosecondsPerInvocation="7590" standardDeviationMicrosecondsPerInvocation="448"/>
      <ClassProfile name="edu.umd.cs.findbugs.detect.FindNullDeref$CheckCallSitesAndReturnInstructions" totalMilliseconds="84" invocations="79" avgMicrosecondsPerInvocation="1067" maxMicrosecondsPerInvocation="6947" standardDeviationMicrosecondsPerInvocation="1387"/>
      <ClassProfile name="edu.umd.cs.findbugs.detect.CalledMethods" totalMilliseconds="82" invocations="32" avgMicrosecondsPerInvocation="2577" maxMicrosecondsPerInvocation="47504" standardDeviationMicrosecondsPerInvocation="8259"/>
      <ClassProfile name="edu.umd.cs.findbugs.detect.NoteDirectlyRelevantTypeQualifiers" totalMilliseconds="80" invocations="32" avgMicrosecondsPerInvocation="2521" maxMicrosecondsPerInvocation="18658" standardDeviationMicrosecondsPerInvocation="3849"/>
      <ClassProfile name="edu.umd.cs.findbugs.detect.OverridingEqualsNotSymmetrical" totalMilliseconds="78" invocations="32" avgMicrosecondsPerInvocation="2460" maxMicrosecondsPerInvocation="30349" standardDeviationMicrosecondsPerInvocation="5333"/>
      <ClassProfile name="edu.umd.cs.findbugs.detect.FindUselessObjects" totalMilliseconds="77" invocations="1" avgMicrosecondsPerInvocation="77647" maxMicrosecondsPerInvocation="77647" standardDeviationMicrosecondsPerInvocation="0"/>
    </FindBugsProfile>
  </FindBugsSummary>
  <ClassFeatures></ClassFeatures>
  <History></History>
</BugCollection>
