<?xml version="1.0" encoding="UTF-8"?>

<BugCollection version="4.7.3" sequence="0" timestamp="1698475130703" analysisTimestamp="1698509427713" release="">
  <Project projectName="">
    <Jar>/mnt/disk3/lty/JLeaks/data/classfile/bug-194-57afa9d6c0d4f1eec1408863b42a5069566a65d6340df88eb1dee15cbb70bfef.class</Jar>
  </Project>
  <Errors errors="0" missingClasses="15">
    <MissingClass>com.google.common.collect.ArrayListMultimap</MissingClass>
    <MissingClass>com.google.common.collect.Multimap</MissingClass>
    <MissingClass>org.apache.commons.logging.Log</MissingClass>
    <MissingClass>org.apache.commons.logging.LogFactory</MissingClass>
    <MissingClass>org.apache.hadoop.hbase.TableName</MissingClass>
    <MissingClass>org.apache.hadoop.hbase.client.Admin</MissingClass>
    <MissingClass>org.apache.hadoop.hbase.client.Connection</MissingClass>
    <MissingClass>org.apache.hadoop.hbase.client.ConnectionFactory</MissingClass>
    <MissingClass>org.apache.hadoop.hbase.coprocessor.RegionCoprocessorEnvironment</MissingClass>
    <MissingClass>org.apache.hadoop.hbase.util.Pair</MissingClass>
    <MissingClass>org.apache.phoenix.hbase.index.exception.MultiIndexWriteFailureException</MissingClass>
    <MissingClass>org.apache.phoenix.hbase.index.table.HTableInterfaceReference</MissingClass>
    <MissingClass>org.apache.phoenix.hbase.index.util.ImmutableBytesPtr</MissingClass>
    <MissingClass>org.apache.phoenix.hbase.index.write.IndexWriter</MissingClass>
    <MissingClass>org.apache.phoenix.hbase.index.write.TrackingParallelWriterIndexCommitter</MissingClass>
  </Errors>
  <FindBugsSummary timestamp="Sat, 28 Oct 2023 14:38:50 +0800" total_classes="1" referenced_classes="13" total_bugs="0" total_size="46" num_packages="1" java_version="1.8.0_382" vm_version="25.382-b05" cpu_seconds="31.53" clock_seconds="3.63" peak_mbytes="402.12" alloc_mbytes="1820.50" gc_seconds="0.19">
    <PackageStats package="org.apache.phoenix.hbase.index.write" total_bugs="0" total_types="1" total_size="46">
      <ClassStats class="org.apache.phoenix.hbase.index.write.RecoveryIndexWriter" sourceFile="RecoveryIndexWriter.java" interface="false" size="46" bugs="0"/>
    </PackageStats>
    <FindBugsProfile>
      <ClassProfile name="edu.umd.cs.findbugs.classfile.engine.ClassInfoAnalysisEngine" totalMilliseconds="456" invocations="345" avgMicrosecondsPerInvocation="1323" maxMicrosecondsPerInvocation="53099" standardDeviationMicrosecondsPerInvocation="3459"/>
      <ClassProfile name="edu.umd.cs.findbugs.detect.FieldItemSummary" totalMilliseconds="306" invocations="13" avgMicrosecondsPerInvocation="23607" maxMicrosecondsPerInvocation="199384" standardDeviationMicrosecondsPerInvocation="51899"/>
      <ClassProfile name="edu.umd.cs.findbugs.OpcodeStack$JumpInfoFactory" totalMilliseconds="119" invocations="78" avgMicrosecondsPerInvocation="1527" maxMicrosecondsPerInvocation="12313" standardDeviationMicrosecondsPerInvocation="1883"/>
      <ClassProfile name="edu.umd.cs.findbugs.classfile.engine.bcel.MethodGenFactory" totalMilliseconds="103" invocations="5" avgMicrosecondsPerInvocation="20664" maxMicrosecondsPerInvocation="97936" standardDeviationMicrosecondsPerInvocation="38652"/>
      <ClassProfile name="edu.umd.cs.findbugs.classfile.engine.bcel.TypeDataflowFactory" totalMilliseconds="88" invocations="5" avgMicrosecondsPerInvocation="17633" maxMicrosecondsPerInvocation="32463" standardDeviationMicrosecondsPerInvocation="12603"/>
      <ClassProfile name="edu.umd.cs.findbugs.classfile.engine.bcel.IsNullValueDataflowFactory" totalMilliseconds="85" invocations="5" avgMicrosecondsPerInvocation="17141" maxMicrosecondsPerInvocation="56494" standardDeviationMicrosecondsPerInvocation="20364"/>
      <ClassProfile name="edu.umd.cs.findbugs.classfile.engine.ClassDataAnalysisEngine" totalMilliseconds="76" invocations="350" avgMicrosecondsPerInvocation="217" maxMicrosecondsPerInvocation="5728" standardDeviationMicrosecondsPerInvocation="389"/>
      <ClassProfile name="edu.umd.cs.findbugs.classfile.engine.bcel.JavaClassAnalysisEngine" totalMilliseconds="73" invocations="40" avgMicrosecondsPerInvocation="1838" maxMicrosecondsPerInvocation="43719" standardDeviationMicrosecondsPerInvocation="6882"/>
      <ClassProfile name="edu.umd.cs.findbugs.detect.FindNoSideEffectMethods" totalMilliseconds="70" invocations="13" avgMicrosecondsPerInvocation="5456" maxMicrosecondsPerInvocation="25909" standardDeviationMicrosecondsPerInvocation="6757"/>
      <ClassProfile name="edu.umd.cs.findbugs.util.TopologicalSort" totalMilliseconds="70" invocations="293" avgMicrosecondsPerInvocation="239" maxMicrosecondsPerInvocation="4775" standardDeviationMicrosecondsPerInvocation="452"/>
      <ClassProfile name="edu.umd.cs.findbugs.classfile.engine.bcel.ValueNumberDataflowFactory" totalMilliseconds="69" invocations="5" avgMicrosecondsPerInvocation="13807" maxMicrosecondsPerInvocation="37115" standardDeviationMicrosecondsPerInvocation="12494"/>
      <ClassProfile name="edu.umd.cs.findbugs.classfile.engine.bcel.CFGFactory" totalMilliseconds="63" invocations="5" avgMicrosecondsPerInvocation="12799" maxMicrosecondsPerInvocation="43255" standardDeviationMicrosecondsPerInvocation="15420"/>
      <ClassProfile name="edu.umd.cs.findbugs.classfile.engine.bcel.UnconditionalValueDerefDataflowFactory" totalMilliseconds="63" invocations="5" avgMicrosecondsPerInvocation="12676" maxMicrosecondsPerInvocation="39325" standardDeviationMicrosecondsPerInvocation="14530"/>
      <ClassProfile name="edu.umd.cs.findbugs.detect.OverridingEqualsNotSymmetrical" totalMilliseconds="56" invocations="13" avgMicrosecondsPerInvocation="4311" maxMicrosecondsPerInvocation="34515" standardDeviationMicrosecondsPerInvocation="9014"/>
      <ClassProfile name="edu.umd.cs.findbugs.detect.FunctionsThatMightBeMistakenForProcedures" totalMilliseconds="51" invocations="13" avgMicrosecondsPerInvocation="3955" maxMicrosecondsPerInvocation="28475" standardDeviationMicrosecondsPerInvocation="7609"/>
      <ClassProfile name="edu.umd.cs.findbugs.detect.NoteDirectlyRelevantTypeQualifiers" totalMilliseconds="47" invocations="13" avgMicrosecondsPerInvocation="3624" maxMicrosecondsPerInvocation="17523" standardDeviationMicrosecondsPerInvocation="4864"/>
      <ClassProfile name="edu.umd.cs.findbugs.detect.FindDeadLocalStores" totalMilliseconds="43" invocations="1" avgMicrosecondsPerInvocation="43960" maxMicrosecondsPerInvocation="43960" standardDeviationMicrosecondsPerInvocation="0"/>
      <ClassProfile name="edu.umd.cs.findbugs.detect.CalledMethods" totalMilliseconds="33" invocations="13" avgMicrosecondsPerInvocation="2594" maxMicrosecondsPerInvocation="19925" standardDeviationMicrosecondsPerInvocation="5180"/>
      <ClassProfile name="edu.umd.cs.findbugs.ba.npe.NullDerefAndRedundantComparisonFinder" totalMilliseconds="32" invocations="5" avgMicrosecondsPerInvocation="6463" maxMicrosecondsPerInvocation="19608" standardDeviationMicrosecondsPerInvocation="6852"/>
      <ClassProfile name="edu.umd.cs.findbugs.detect.BuildObligationPolicyDatabase" totalMilliseconds="30" invocations="13" avgMicrosecondsPerInvocation="2308" maxMicrosecondsPerInvocation="8893" standardDeviationMicrosecondsPerInvocation="2611"/>
    </FindBugsProfile>
  </FindBugsSummary>
  <ClassFeatures></ClassFeatures>
  <History></History>
</BugCollection>
