<?xml version="1.0" encoding="UTF-8"?>

<BugCollection version="4.7.3" sequence="0" timestamp="1698475144074" analysisTimestamp="1698511017765" release="">
  <Project projectName="">
    <Jar>/mnt/disk3/lty/JLeaks/data/classfile/bug-309-a2954e3a7c8d23154676358bc35d4ffcfcdda2e71b9c3d44fe1410a8144987d1.class</Jar>
  </Project>
  <Errors errors="0" missingClasses="44">
    <MissingClass>cucumber.api.HookType</MissingClass>
    <MissingClass>cucumber.api.Result</MissingClass>
    <MissingClass>cucumber.api.Result$Type</MissingClass>
    <MissingClass>cucumber.api.TestCase</MissingClass>
    <MissingClass>cucumber.api.TestStep</MissingClass>
    <MissingClass>cucumber.api.event.EmbedEvent</MissingClass>
    <MissingClass>cucumber.api.event.EventPublisher</MissingClass>
    <MissingClass>cucumber.api.event.TestCaseStarted</MissingClass>
    <MissingClass>cucumber.api.event.TestSourceRead</MissingClass>
    <MissingClass>cucumber.api.event.TestStepFinished</MissingClass>
    <MissingClass>cucumber.api.event.TestStepStarted</MissingClass>
    <MissingClass>cucumber.api.event.WriteEvent</MissingClass>
    <MissingClass>cucumber.api.formatter.Formatter</MissingClass>
    <MissingClass>cucumber.api.formatter.NiceAppendable</MissingClass>
    <MissingClass>cucumber.runtime.CucumberException</MissingClass>
    <MissingClass>cucumber.runtime.formatter.HTMLFormatter$1</MissingClass>
    <MissingClass>cucumber.runtime.formatter.HTMLFormatter$2</MissingClass>
    <MissingClass>cucumber.runtime.formatter.HTMLFormatter$3</MissingClass>
    <MissingClass>cucumber.runtime.formatter.HTMLFormatter$4</MissingClass>
    <MissingClass>cucumber.runtime.formatter.HTMLFormatter$5</MissingClass>
    <MissingClass>cucumber.runtime.formatter.HTMLFormatter$6</MissingClass>
    <MissingClass>cucumber.runtime.formatter.HTMLFormatter$7</MissingClass>
    <MissingClass>cucumber.runtime.formatter.HTMLFormatter$8</MissingClass>
    <MissingClass>cucumber.runtime.formatter.TestSourcesModel</MissingClass>
    <MissingClass>cucumber.runtime.formatter.TestSourcesModel$AstNode</MissingClass>
    <MissingClass>cucumber.runtime.io.URLOutputStream</MissingClass>
    <MissingClass>gherkin.ast.Background</MissingClass>
    <MissingClass>gherkin.ast.DataTable</MissingClass>
    <MissingClass>gherkin.ast.DocString</MissingClass>
    <MissingClass>gherkin.ast.Examples</MissingClass>
    <MissingClass>gherkin.ast.Feature</MissingClass>
    <MissingClass>gherkin.ast.ScenarioDefinition</MissingClass>
    <MissingClass>gherkin.ast.ScenarioOutline</MissingClass>
    <MissingClass>gherkin.ast.Step</MissingClass>
    <MissingClass>gherkin.ast.TableCell</MissingClass>
    <MissingClass>gherkin.ast.TableRow</MissingClass>
    <MissingClass>gherkin.ast.Tag</MissingClass>
    <MissingClass>gherkin.deps.com.google.gson.Gson</MissingClass>
    <MissingClass>gherkin.deps.com.google.gson.GsonBuilder</MissingClass>
    <MissingClass>gherkin.pickles.PickleCell</MissingClass>
    <MissingClass>gherkin.pickles.PickleRow</MissingClass>
    <MissingClass>gherkin.pickles.PickleString</MissingClass>
    <MissingClass>gherkin.pickles.PickleTable</MissingClass>
    <MissingClass>gherkin.pickles.PickleTag</MissingClass>
  </Errors>
  <FindBugsSummary timestamp="Sat, 28 Oct 2023 14:39:04 +0800" total_classes="1" referenced_classes="23" total_bugs="0" total_size="331" num_packages="1" java_version="1.8.0_382" vm_version="25.382-b05" cpu_seconds="9.49" clock_seconds="0.95" peak_mbytes="387.69" alloc_mbytes="1820.50" gc_seconds="0.04">
    <PackageStats package="cucumber.runtime.formatter" total_bugs="0" total_types="1" total_size="331">
      <ClassStats class="cucumber.runtime.formatter.HTMLFormatter" sourceFile="HTMLFormatter.java" interface="false" size="331" bugs="0"/>
    </PackageStats>
    <FindBugsProfile>
      <ClassProfile name="edu.umd.cs.findbugs.classfile.engine.ClassInfoAnalysisEngine" totalMilliseconds="115" invocations="435" avgMicrosecondsPerInvocation="265" maxMicrosecondsPerInvocation="14810" standardDeviationMicrosecondsPerInvocation="838"/>
      <ClassProfile name="edu.umd.cs.findbugs.detect.NoteCheckReturnValueAnnotations" totalMilliseconds="41" invocations="23" avgMicrosecondsPerInvocation="1787" maxMicrosecondsPerInvocation="40495" standardDeviationMicrosecondsPerInvocation="8252"/>
      <ClassProfile name="edu.umd.cs.findbugs.classfile.engine.bcel.IsNullValueDataflowFactory" totalMilliseconds="32" invocations="45" avgMicrosecondsPerInvocation="725" maxMicrosecondsPerInvocation="5998" standardDeviationMicrosecondsPerInvocation="986"/>
      <ClassProfile name="edu.umd.cs.findbugs.classfile.engine.bcel.TypeDataflowFactory" totalMilliseconds="31" invocations="45" avgMicrosecondsPerInvocation="692" maxMicrosecondsPerInvocation="6142" standardDeviationMicrosecondsPerInvocation="965"/>
      <ClassProfile name="edu.umd.cs.findbugs.detect.FieldItemSummary" totalMilliseconds="28" invocations="23" avgMicrosecondsPerInvocation="1255" maxMicrosecondsPerInvocation="6338" standardDeviationMicrosecondsPerInvocation="1543"/>
      <ClassProfile name="edu.umd.cs.findbugs.OpcodeStack$JumpInfoFactory" totalMilliseconds="28" invocations="157" avgMicrosecondsPerInvocation="181" maxMicrosecondsPerInvocation="2023" standardDeviationMicrosecondsPerInvocation="226"/>
      <ClassProfile name="edu.umd.cs.findbugs.classfile.engine.bcel.ValueNumberDataflowFactory" totalMilliseconds="26" invocations="45" avgMicrosecondsPerInvocation="590" maxMicrosecondsPerInvocation="7892" standardDeviationMicrosecondsPerInvocation="1176"/>
      <ClassProfile name="edu.umd.cs.findbugs.classfile.engine.bcel.CFGFactory" totalMilliseconds="22" invocations="45" avgMicrosecondsPerInvocation="510" maxMicrosecondsPerInvocation="8530" standardDeviationMicrosecondsPerInvocation="1234"/>
      <ClassProfile name="edu.umd.cs.findbugs.classfile.engine.bcel.MethodGenFactory" totalMilliseconds="21" invocations="45" avgMicrosecondsPerInvocation="487" maxMicrosecondsPerInvocation="17017" standardDeviationMicrosecondsPerInvocation="2495"/>
      <ClassProfile name="edu.umd.cs.findbugs.classfile.engine.bcel.UnconditionalValueDerefDataflowFactory" totalMilliseconds="21" invocations="45" avgMicrosecondsPerInvocation="483" maxMicrosecondsPerInvocation="2783" standardDeviationMicrosecondsPerInvocation="560"/>
      <ClassProfile name="edu.umd.cs.findbugs.detect.FindOpenStream" totalMilliseconds="20" invocations="1" avgMicrosecondsPerInvocation="20483" maxMicrosecondsPerInvocation="20483" standardDeviationMicrosecondsPerInvocation="0"/>
      <ClassProfile name="edu.umd.cs.findbugs.detect.FindNoSideEffectMethods" totalMilliseconds="20" invocations="23" avgMicrosecondsPerInvocation="887" maxMicrosecondsPerInvocation="3852" standardDeviationMicrosecondsPerInvocation="1051"/>
      <ClassProfile name="edu.umd.cs.findbugs.ba.npe.NullDerefAndRedundantComparisonFinder" totalMilliseconds="19" invocations="45" avgMicrosecondsPerInvocation="427" maxMicrosecondsPerInvocation="1643" standardDeviationMicrosecondsPerInvocation="327"/>
      <ClassProfile name="edu.umd.cs.findbugs.classfile.engine.bcel.JavaClassAnalysisEngine" totalMilliseconds="16" invocations="87" avgMicrosecondsPerInvocation="193" maxMicrosecondsPerInvocation="8443" standardDeviationMicrosecondsPerInvocation="921"/>
      <ClassProfile name="edu.umd.cs.findbugs.util.TopologicalSort" totalMilliseconds="14" invocations="354" avgMicrosecondsPerInvocation="41" maxMicrosecondsPerInvocation="1109" standardDeviationMicrosecondsPerInvocation="85"/>
      <ClassProfile name="edu.umd.cs.findbugs.detect.NoteDirectlyRelevantTypeQualifiers" totalMilliseconds="12" invocations="23" avgMicrosecondsPerInvocation="528" maxMicrosecondsPerInvocation="4624" standardDeviationMicrosecondsPerInvocation="956"/>
    </FindBugsProfile>
  </FindBugsSummary>
  <ClassFeatures></ClassFeatures>
  <History></History>
</BugCollection>
