<?xml version="1.0" encoding="UTF-8"?>

<BugCollection version="4.7.3" sequence="0" timestamp="1698475153046" analysisTimestamp="1698511966887" release="">
  <Project projectName="">
    <Jar>/mnt/disk3/lty/JLeaks/data/classfile/bug-383-b8c9841d968295ed3c8def549b64346a41f81216c4db5eec621d6372a7060842.class</Jar>
  </Project>
  <BugInstance type="OS_OPEN_STREAM" priority="2" rank="16" abbrev="OS" category="BAD_PRACTICE">
    <Class classname="org.eclipse.jkube.springboot.generator.SpringBootGenerator">
      <SourceLine classname="org.eclipse.jkube.springboot.generator.SpringBootGenerator" start="67" end="295" sourcefile="SpringBootGenerator.java" sourcepath="org/eclipse/jkube/springboot/generator/SpringBootGenerator.java"/>
    </Class>
    <Method classname="org.eclipse.jkube.springboot.generator.SpringBootGenerator" name="copyFilesToFatJar" signature="(Ljava/util/List;Ljava/util/List;Ljava/io/File;)V" isStatic="false">
      <SourceLine classname="org.eclipse.jkube.springboot.generator.SpringBootGenerator" start="169" end="211" startBytecode="0" endBytecode="195" sourcefile="SpringBootGenerator.java" sourcepath="org/eclipse/jkube/springboot/generator/SpringBootGenerator.java"/>
    </Method>
    <Type descriptor="Ljava/io/InputStream;" role="TYPE_CLOSEIT">
      <SourceLine classname="java.io.InputStream" start="45" end="364" sourcefile="InputStream.java" sourcepath="java/io/InputStream.java"/>
    </Type>
    <SourceLine classname="org.eclipse.jkube.springboot.generator.SpringBootGenerator" start="176" end="176" startBytecode="29" endBytecode="29" sourcefile="SpringBootGenerator.java" sourcepath="org/eclipse/jkube/springboot/generator/SpringBootGenerator.java"/>
  </BugInstance>
  <BugInstance type="OS_OPEN_STREAM_EXCEPTION_PATH" priority="3" rank="19" abbrev="OS" category="BAD_PRACTICE">
    <Class classname="org.eclipse.jkube.springboot.generator.SpringBootGenerator">
      <SourceLine classname="org.eclipse.jkube.springboot.generator.SpringBootGenerator" start="67" end="295" sourcefile="SpringBootGenerator.java" sourcepath="org/eclipse/jkube/springboot/generator/SpringBootGenerator.java"/>
    </Class>
    <Method classname="org.eclipse.jkube.springboot.generator.SpringBootGenerator" name="copyFilesToFatJar" signature="(Ljava/util/List;Ljava/util/List;Ljava/io/File;)V" isStatic="false">
      <SourceLine classname="org.eclipse.jkube.springboot.generator.SpringBootGenerator" start="169" end="211" startBytecode="0" endBytecode="195" sourcefile="SpringBootGenerator.java" sourcepath="org/eclipse/jkube/springboot/generator/SpringBootGenerator.java"/>
    </Method>
    <Type descriptor="Ljava/io/OutputStream;" role="TYPE_CLOSEIT">
      <SourceLine classname="java.io.OutputStream" start="46" end="152" sourcefile="OutputStream.java" sourcepath="java/io/OutputStream.java"/>
    </Type>
    <SourceLine classname="org.eclipse.jkube.springboot.generator.SpringBootGenerator" start="177" end="177" startBytecode="47" endBytecode="47" sourcefile="SpringBootGenerator.java" sourcepath="org/eclipse/jkube/springboot/generator/SpringBootGenerator.java"/>
  </BugInstance>
  <Errors errors="0" missingClasses="17">
    <MissingClass>com.google.common.base.Strings</MissingClass>
    <MissingClass>org.apache.commons.io.FileUtils</MissingClass>
    <MissingClass>org.apache.maven.model.Plugin</MissingClass>
    <MissingClass>org.apache.maven.model.PluginExecution</MissingClass>
    <MissingClass>org.apache.maven.plugin.MojoExecutionException</MissingClass>
    <MissingClass>org.apache.maven.project.MavenProject</MissingClass>
    <MissingClass>org.eclipse.jkube.generator.api.GeneratorContext</MissingClass>
    <MissingClass>org.eclipse.jkube.generator.api.GeneratorMode</MissingClass>
    <MissingClass>org.eclipse.jkube.generator.javaexec.FatJarDetector$Result</MissingClass>
    <MissingClass>org.eclipse.jkube.generator.javaexec.JavaExecGenerator</MissingClass>
    <MissingClass>org.eclipse.jkube.generator.javaexec.JavaExecGenerator$Config</MissingClass>
    <MissingClass>org.eclipse.jkube.kit.common.PrefixedLogger</MissingClass>
    <MissingClass>org.eclipse.jkube.kit.common.service.ArtifactResolverService</MissingClass>
    <MissingClass>org.eclipse.jkube.kit.common.util.MavenUtil</MissingClass>
    <MissingClass>org.eclipse.jkube.kit.common.util.SpringBootConfigurationHelper</MissingClass>
    <MissingClass>org.eclipse.jkube.kit.common.util.SpringBootUtil</MissingClass>
    <MissingClass>org.eclipse.jkube.springboot.generator.SpringBootGenerator$Config</MissingClass>
  </Errors>
  <FindBugsSummary timestamp="Sat, 28 Oct 2023 14:39:13 +0800" total_classes="1" referenced_classes="37" total_bugs="2" total_size="162" num_packages="1" java_version="1.8.0_382" vm_version="25.382-b05" cpu_seconds="8.78" clock_seconds="0.94" peak_mbytes="410.02" alloc_mbytes="1820.50" gc_seconds="0.04" priority_3="1" priority_2="1">
    <PackageStats package="org.eclipse.jkube.springboot.generator" total_bugs="2" total_types="1" total_size="162" priority_3="1" priority_2="1">
      <ClassStats class="org.eclipse.jkube.springboot.generator.SpringBootGenerator" sourceFile="SpringBootGenerator.java" interface="false" size="162" bugs="2" priority_3="1" priority_2="1"/>
    </PackageStats>
    <FindBugsProfile>
      <ClassProfile name="edu.umd.cs.findbugs.classfile.engine.ClassInfoAnalysisEngine" totalMilliseconds="139" invocations="512" avgMicrosecondsPerInvocation="273" maxMicrosecondsPerInvocation="12685" standardDeviationMicrosecondsPerInvocation="714"/>
      <ClassProfile name="edu.umd.cs.findbugs.detect.NoteDirectlyRelevantTypeQualifiers" totalMilliseconds="54" invocations="37" avgMicrosecondsPerInvocation="1465" maxMicrosecondsPerInvocation="42241" standardDeviationMicrosecondsPerInvocation="6818"/>
      <ClassProfile name="edu.umd.cs.findbugs.detect.FieldItemSummary" totalMilliseconds="35" invocations="37" avgMicrosecondsPerInvocation="970" maxMicrosecondsPerInvocation="5563" standardDeviationMicrosecondsPerInvocation="1126"/>
      <ClassProfile name="edu.umd.cs.findbugs.detect.FindNoSideEffectMethods" totalMilliseconds="31" invocations="37" avgMicrosecondsPerInvocation="846" maxMicrosecondsPerInvocation="3132" standardDeviationMicrosecondsPerInvocation="810"/>
      <ClassProfile name="edu.umd.cs.findbugs.classfile.engine.bcel.IsNullValueDataflowFactory" totalMilliseconds="24" invocations="19" avgMicrosecondsPerInvocation="1275" maxMicrosecondsPerInvocation="6605" standardDeviationMicrosecondsPerInvocation="1606"/>
      <ClassProfile name="edu.umd.cs.findbugs.OpcodeStack$JumpInfoFactory" totalMilliseconds="23" invocations="138" avgMicrosecondsPerInvocation="171" maxMicrosecondsPerInvocation="950" standardDeviationMicrosecondsPerInvocation="171"/>
      <ClassProfile name="edu.umd.cs.findbugs.classfile.engine.bcel.TypeDataflowFactory" totalMilliseconds="21" invocations="19" avgMicrosecondsPerInvocation="1133" maxMicrosecondsPerInvocation="4885" standardDeviationMicrosecondsPerInvocation="1098"/>
      <ClassProfile name="edu.umd.cs.findbugs.classfile.engine.bcel.JavaClassAnalysisEngine" totalMilliseconds="20" invocations="84" avgMicrosecondsPerInvocation="240" maxMicrosecondsPerInvocation="8573" standardDeviationMicrosecondsPerInvocation="950"/>
      <ClassProfile name="edu.umd.cs.findbugs.detect.FindOpenStream" totalMilliseconds="20" invocations="1" avgMicrosecondsPerInvocation="20115" maxMicrosecondsPerInvocation="20115" standardDeviationMicrosecondsPerInvocation="0"/>
      <ClassProfile name="edu.umd.cs.findbugs.classfile.engine.bcel.MethodGenFactory" totalMilliseconds="19" invocations="19" avgMicrosecondsPerInvocation="1035" maxMicrosecondsPerInvocation="16081" standardDeviationMicrosecondsPerInvocation="3552"/>
      <ClassProfile name="edu.umd.cs.findbugs.classfile.engine.bcel.UnconditionalValueDerefDataflowFactory" totalMilliseconds="19" invocations="19" avgMicrosecondsPerInvocation="1024" maxMicrosecondsPerInvocation="7325" standardDeviationMicrosecondsPerInvocation="1765"/>
      <ClassProfile name="edu.umd.cs.findbugs.classfile.engine.bcel.ValueNumberDataflowFactory" totalMilliseconds="18" invocations="19" avgMicrosecondsPerInvocation="957" maxMicrosecondsPerInvocation="6692" standardDeviationMicrosecondsPerInvocation="1467"/>
      <ClassProfile name="edu.umd.cs.findbugs.util.TopologicalSort" totalMilliseconds="16" invocations="457" avgMicrosecondsPerInvocation="36" maxMicrosecondsPerInvocation="1074" standardDeviationMicrosecondsPerInvocation="77"/>
      <ClassProfile name="edu.umd.cs.findbugs.classfile.engine.bcel.CFGFactory" totalMilliseconds="16" invocations="19" avgMicrosecondsPerInvocation="882" maxMicrosecondsPerInvocation="7016" standardDeviationMicrosecondsPerInvocation="1477"/>
      <ClassProfile name="edu.umd.cs.findbugs.ba.npe.NullDerefAndRedundantComparisonFinder" totalMilliseconds="12" invocations="19" avgMicrosecondsPerInvocation="664" maxMicrosecondsPerInvocation="3852" standardDeviationMicrosecondsPerInvocation="833"/>
      <ClassProfile name="edu.umd.cs.findbugs.classfile.engine.ClassDataAnalysisEngine" totalMilliseconds="12" invocations="516" avgMicrosecondsPerInvocation="23" maxMicrosecondsPerInvocation="440" standardDeviationMicrosecondsPerInvocation="31"/>
      <ClassProfile name="edu.umd.cs.findbugs.detect.FunctionsThatMightBeMistakenForProcedures" totalMilliseconds="12" invocations="37" avgMicrosecondsPerInvocation="333" maxMicrosecondsPerInvocation="3304" standardDeviationMicrosecondsPerInvocation="632"/>
      <ClassProfile name="edu.umd.cs.findbugs.detect.OverridingEqualsNotSymmetrical" totalMilliseconds="12" invocations="37" avgMicrosecondsPerInvocation="333" maxMicrosecondsPerInvocation="6950" standardDeviationMicrosecondsPerInvocation="1112"/>
    </FindBugsProfile>
  </FindBugsSummary>
  <ClassFeatures></ClassFeatures>
  <History></History>
</BugCollection>
