<?xml version="1.0" encoding="UTF-8"?>

<BugCollection version="4.7.3" sequence="0" timestamp="1698475167537" analysisTimestamp="1698512213983" release="">
  <Project projectName="">
    <Jar>/mnt/disk3/lty/JLeaks/data/classfile/bug-499-94abdb5de395c689fbbbb05832368dbaebd41d3abf8b4b5f47c29892f1b4040d.class</Jar>
  </Project>
  <Errors errors="0" missingClasses="5">
    <MissingClass>com.gargoylesoftware.htmlunit.InteractivePage</MissingClass>
    <MissingClass>net.sourceforge.htmlunit.corejs.javascript.EcmaError</MissingClass>
    <MissingClass>net.sourceforge.htmlunit.corejs.javascript.JavaScriptException</MissingClass>
    <MissingClass>net.sourceforge.htmlunit.corejs.javascript.RhinoException</MissingClass>
    <MissingClass>net.sourceforge.htmlunit.corejs.javascript.WrappedException</MissingClass>
  </Errors>
  <FindBugsSummary timestamp="Sat, 28 Oct 2023 14:39:27 +0800" total_classes="1" referenced_classes="46" total_bugs="0" total_size="114" num_packages="1" java_version="1.8.0_382" vm_version="25.382-b05" cpu_seconds="8.30" clock_seconds="0.83" peak_mbytes="406.75" alloc_mbytes="1820.50" gc_seconds="0.04">
    <PackageStats package="com.gargoylesoftware.htmlunit" total_bugs="0" total_types="1" total_size="114">
      <ClassStats class="com.gargoylesoftware.htmlunit.ScriptException" sourceFile="ScriptException.java" interface="false" size="114" bugs="0"/>
    </PackageStats>
    <FindBugsProfile>
      <ClassProfile name="edu.umd.cs.findbugs.classfile.engine.ClassInfoAnalysisEngine" totalMilliseconds="135" invocations="497" avgMicrosecondsPerInvocation="273" maxMicrosecondsPerInvocation="10746" standardDeviationMicrosecondsPerInvocation="666"/>
      <ClassProfile name="edu.umd.cs.findbugs.detect.FieldItemSummary" totalMilliseconds="39" invocations="46" avgMicrosecondsPerInvocation="857" maxMicrosecondsPerInvocation="6104" standardDeviationMicrosecondsPerInvocation="1349"/>
      <ClassProfile name="edu.umd.cs.findbugs.detect.FindNoSideEffectMethods" totalMilliseconds="30" invocations="46" avgMicrosecondsPerInvocation="653" maxMicrosecondsPerInvocation="4175" standardDeviationMicrosecondsPerInvocation="954"/>
      <ClassProfile name="edu.umd.cs.findbugs.OpcodeStack$JumpInfoFactory" totalMilliseconds="27" invocations="154" avgMicrosecondsPerInvocation="176" maxMicrosecondsPerInvocation="1475" standardDeviationMicrosecondsPerInvocation="221"/>
      <ClassProfile name="edu.umd.cs.findbugs.classfile.engine.bcel.MethodGenFactory" totalMilliseconds="20" invocations="13" avgMicrosecondsPerInvocation="1544" maxMicrosecondsPerInvocation="18031" standardDeviationMicrosecondsPerInvocation="4764"/>
      <ClassProfile name="edu.umd.cs.findbugs.classfile.engine.bcel.JavaClassAnalysisEngine" totalMilliseconds="19" invocations="82" avgMicrosecondsPerInvocation="238" maxMicrosecondsPerInvocation="8346" standardDeviationMicrosecondsPerInvocation="935"/>
      <ClassProfile name="edu.umd.cs.findbugs.classfile.engine.bcel.IsNullValueDataflowFactory" totalMilliseconds="15" invocations="13" avgMicrosecondsPerInvocation="1211" maxMicrosecondsPerInvocation="4852" standardDeviationMicrosecondsPerInvocation="1585"/>
      <ClassProfile name="edu.umd.cs.findbugs.classfile.engine.bcel.ValueNumberDataflowFactory" totalMilliseconds="15" invocations="16" avgMicrosecondsPerInvocation="983" maxMicrosecondsPerInvocation="6623" standardDeviationMicrosecondsPerInvocation="1620"/>
      <ClassProfile name="edu.umd.cs.findbugs.detect.NoteDirectlyRelevantTypeQualifiers" totalMilliseconds="15" invocations="46" avgMicrosecondsPerInvocation="340" maxMicrosecondsPerInvocation="3003" standardDeviationMicrosecondsPerInvocation="538"/>
      <ClassProfile name="edu.umd.cs.findbugs.util.TopologicalSort" totalMilliseconds="15" invocations="451" avgMicrosecondsPerInvocation="34" maxMicrosecondsPerInvocation="577" standardDeviationMicrosecondsPerInvocation="64"/>
      <ClassProfile name="edu.umd.cs.findbugs.classfile.engine.bcel.TypeDataflowFactory" totalMilliseconds="15" invocations="14" avgMicrosecondsPerInvocation="1096" maxMicrosecondsPerInvocation="5259" standardDeviationMicrosecondsPerInvocation="1406"/>
      <ClassProfile name="edu.umd.cs.findbugs.classfile.engine.bcel.CFGFactory" totalMilliseconds="13" invocations="13" avgMicrosecondsPerInvocation="1050" maxMicrosecondsPerInvocation="7019" standardDeviationMicrosecondsPerInvocation="1866"/>
      <ClassProfile name="edu.umd.cs.findbugs.detect.OverridingEqualsNotSymmetrical" totalMilliseconds="11" invocations="46" avgMicrosecondsPerInvocation="259" maxMicrosecondsPerInvocation="4811" standardDeviationMicrosecondsPerInvocation="724"/>
      <ClassProfile name="edu.umd.cs.findbugs.classfile.engine.ClassDataAnalysisEngine" totalMilliseconds="11" invocations="502" avgMicrosecondsPerInvocation="23" maxMicrosecondsPerInvocation="440" standardDeviationMicrosecondsPerInvocation="33"/>
      <ClassProfile name="edu.umd.cs.findbugs.detect.FunctionsThatMightBeMistakenForProcedures" totalMilliseconds="11" invocations="46" avgMicrosecondsPerInvocation="256" maxMicrosecondsPerInvocation="3823" standardDeviationMicrosecondsPerInvocation="607"/>
    </FindBugsProfile>
  </FindBugsSummary>
  <ClassFeatures></ClassFeatures>
  <History></History>
</BugCollection>
