<?xml version="1.0" encoding="UTF-8"?>

<BugCollection version="4.7.3" sequence="0" timestamp="1698475187024" analysisTimestamp="1698513188630" release="">
  <Project projectName="">
    <Jar>/mnt/disk3/lty/JLeaks/data/classfile/bug-646-80efaa52d422bc24ced2aa1c101ff95aec875525ddc4913952386e75d5332d61.class</Jar>
  </Project>
  <Errors errors="0" missingClasses="12">
    <MissingClass>io.vertx.core.Handler</MissingClass>
    <MissingClass>io.vertx.core.Promise</MissingClass>
    <MissingClass>io.vertx.core.Vertx</MissingClass>
    <MissingClass>io.vertx.core.http.HttpServerResponse</MissingClass>
    <MissingClass>io.vertx.ext.web.RoutingContext</MissingClass>
    <MissingClass>org.keycloak.common.ClientConnection</MissingClass>
    <MissingClass>org.keycloak.common.util.Resteasy</MissingClass>
    <MissingClass>org.keycloak.models.KeycloakSession</MissingClass>
    <MissingClass>org.keycloak.models.KeycloakSessionFactory</MissingClass>
    <MissingClass>org.keycloak.models.KeycloakTransactionManager</MissingClass>
    <MissingClass>org.keycloak.quarkus.runtime.integration.web.QuarkusRequestFilter$1</MissingClass>
    <MissingClass>org.keycloak.services.resources.KeycloakApplication</MissingClass>
  </Errors>
  <FindBugsSummary timestamp="Sat, 28 Oct 2023 14:39:47 +0800" total_classes="1" referenced_classes="18" total_bugs="0" total_size="55" num_packages="1" java_version="1.8.0_382" vm_version="25.382-b05" cpu_seconds="6.10" clock_seconds="0.69" peak_mbytes="414.42" alloc_mbytes="1820.50" gc_seconds="0.04">
    <PackageStats package="org.keycloak.quarkus.runtime.integration.web" total_bugs="0" total_types="1" total_size="55">
      <ClassStats class="org.keycloak.quarkus.runtime.integration.web.QuarkusRequestFilter" sourceFile="QuarkusRequestFilter.java" interface="false" size="55" bugs="0"/>
    </PackageStats>
    <FindBugsProfile>
      <ClassProfile name="edu.umd.cs.findbugs.classfile.engine.ClassInfoAnalysisEngine" totalMilliseconds="118" invocations="368" avgMicrosecondsPerInvocation="323" maxMicrosecondsPerInvocation="11458" standardDeviationMicrosecondsPerInvocation="789"/>
      <ClassProfile name="edu.umd.cs.findbugs.detect.FindNoSideEffectMethods" totalMilliseconds="65" invocations="18" avgMicrosecondsPerInvocation="3657" maxMicrosecondsPerInvocation="46992" standardDeviationMicrosecondsPerInvocation="10567"/>
      <ClassProfile name="edu.umd.cs.findbugs.detect.FieldItemSummary" totalMilliseconds="28" invocations="18" avgMicrosecondsPerInvocation="1591" maxMicrosecondsPerInvocation="6311" standardDeviationMicrosecondsPerInvocation="1867"/>
      <ClassProfile name="edu.umd.cs.findbugs.classfile.engine.bcel.MethodGenFactory" totalMilliseconds="18" invocations="12" avgMicrosecondsPerInvocation="1572" maxMicrosecondsPerInvocation="16914" standardDeviationMicrosecondsPerInvocation="4626"/>
      <ClassProfile name="edu.umd.cs.findbugs.OpcodeStack$JumpInfoFactory" totalMilliseconds="18" invocations="87" avgMicrosecondsPerInvocation="207" maxMicrosecondsPerInvocation="1949" standardDeviationMicrosecondsPerInvocation="287"/>
      <ClassProfile name="edu.umd.cs.findbugs.classfile.engine.bcel.JavaClassAnalysisEngine" totalMilliseconds="16" invocations="41" avgMicrosecondsPerInvocation="402" maxMicrosecondsPerInvocation="8392" standardDeviationMicrosecondsPerInvocation="1310"/>
      <ClassProfile name="edu.umd.cs.findbugs.util.TopologicalSort" totalMilliseconds="14" invocations="320" avgMicrosecondsPerInvocation="46" maxMicrosecondsPerInvocation="650" standardDeviationMicrosecondsPerInvocation="81"/>
      <ClassProfile name="edu.umd.cs.findbugs.detect.NoteDirectlyRelevantTypeQualifiers" totalMilliseconds="11" invocations="18" avgMicrosecondsPerInvocation="629" maxMicrosecondsPerInvocation="4510" standardDeviationMicrosecondsPerInvocation="1010"/>
    </FindBugsProfile>
  </FindBugsSummary>
  <ClassFeatures></ClassFeatures>
  <History></History>
</BugCollection>
