<?xml version="1.0" encoding="UTF-8"?>
<pmd xmlns="http://pmd.sourceforge.net/report/2.0.0" xmlns:xsi="http://www.w3.org/2001/XMLSchema-instance" xsi:schemaLocation="http://pmd.sourceforge.net/report/2.0.0 http://pmd.sourceforge.net/report_2_0_0.xsd" version="7.0.0-rc3" timestamp="2023-10-29T01:11:40.434">
<file name="/mnt/disk3/lty/JLeaks/data/javafile/bug/bug-615-44202e5a56d9f3d40739bb429f120d754031beb153c0d756a461b5d63885cd2f.java">
<violation beginline="130" endline="130" begincolumn="24" endcolumn="29" rule="CloseResource" ruleset="Error Prone" package="com.sun.media.sound" class="SF2Soundbank" method="readSoundbank" variable="chunk" externalInfoUrl="https://docs.pmd-code.org/pmd-doc-7.0.0-rc3/pmd_rules_java_errorprone.html#closeresource" priority="3">
Ensure that resources like this RIFFReader object are closed after use
</violation>
<violation beginline="144" endline="144" begincolumn="24" endcolumn="29" rule="CloseResource" ruleset="Error Prone" package="com.sun.media.sound" class="SF2Soundbank" method="readInfoChunk" variable="chunk" externalInfoUrl="https://docs.pmd-code.org/pmd-doc-7.0.0-rc3/pmd_rules_java_errorprone.html#closeresource" priority="3">
Ensure that resources like this RIFFReader object are closed after use
</violation>
<violation beginline="177" endline="177" begincolumn="24" endcolumn="29" rule="CloseResource" ruleset="Error Prone" package="com.sun.media.sound" class="SF2Soundbank" method="readSdtaChunk" variable="chunk" externalInfoUrl="https://docs.pmd-code.org/pmd-doc-7.0.0-rc3/pmd_rules_java_errorprone.html#closeresource" priority="3">
Ensure that resources like this RIFFReader object are closed after use
</violation>
<violation beginline="241" endline="241" begincolumn="24" endcolumn="29" rule="CloseResource" ruleset="Error Prone" package="com.sun.media.sound" class="SF2Soundbank" method="readPdtaChunk" variable="chunk" externalInfoUrl="https://docs.pmd-code.org/pmd-doc-7.0.0-rc3/pmd_rules_java_errorprone.html#closeresource" priority="3">
Ensure that resources like this RIFFReader object are closed after use
</violation>
<violation beginline="542" endline="542" begincolumn="20" endcolumn="25" rule="CloseResource" ruleset="Error Prone" package="com.sun.media.sound" class="SF2Soundbank" method="writeInfoStringChunk" variable="chunk" externalInfoUrl="https://docs.pmd-code.org/pmd-doc-7.0.0-rc3/pmd_rules_java_errorprone.html#closeresource" priority="3">
Ensure that resources like this RIFFWriter object are closed after use
</violation>
<violation beginline="557" endline="557" begincolumn="20" endcolumn="30" rule="CloseResource" ruleset="Error Prone" package="com.sun.media.sound" class="SF2Soundbank" method="writeInfo" variable="ifil_chunk" externalInfoUrl="https://docs.pmd-code.org/pmd-doc-7.0.0-rc3/pmd_rules_java_errorprone.html#closeresource" priority="3">
Ensure that resources like this RIFFWriter object are closed after use
</violation>
<violation beginline="564" endline="564" begincolumn="24" endcolumn="34" rule="CloseResource" ruleset="Error Prone" package="com.sun.media.sound" class="SF2Soundbank" method="writeInfo" variable="iver_chunk" externalInfoUrl="https://docs.pmd-code.org/pmd-doc-7.0.0-rc3/pmd_rules_java_errorprone.html#closeresource" priority="3">
Ensure that resources like this RIFFWriter object are closed after use
</violation>
<violation beginline="582" endline="582" begincolumn="20" endcolumn="30" rule="CloseResource" ruleset="Error Prone" package="com.sun.media.sound" class="SF2Soundbank" method="writeSdtaChunk" variable="smpl_chunk" externalInfoUrl="https://docs.pmd-code.org/pmd-doc-7.0.0-rc3/pmd_rules_java_errorprone.html#closeresource" priority="3">
Ensure that resources like this RIFFWriter object are closed after use
</violation>
<violation beginline="606" endline="606" begincolumn="20" endcolumn="30" rule="CloseResource" ruleset="Error Prone" package="com.sun.media.sound" class="SF2Soundbank" method="writeSdtaChunk" variable="sm24_chunk" externalInfoUrl="https://docs.pmd-code.org/pmd-doc-7.0.0-rc3/pmd_rules_java_errorprone.html#closeresource" priority="3">
Ensure that resources like this RIFFWriter object are closed after use
</violation>
<violation beginline="653" endline="653" begincolumn="20" endcolumn="30" rule="CloseResource" ruleset="Error Prone" package="com.sun.media.sound" class="SF2Soundbank" method="writePdtaChunk" variable="phdr_chunk" externalInfoUrl="https://docs.pmd-code.org/pmd-doc-7.0.0-rc3/pmd_rules_java_errorprone.html#closeresource" priority="3">
Ensure that resources like this RIFFWriter object are closed after use
</violation>
<violation beginline="676" endline="676" begincolumn="20" endcolumn="30" rule="CloseResource" ruleset="Error Prone" package="com.sun.media.sound" class="SF2Soundbank" method="writePdtaChunk" variable="pbag_chunk" externalInfoUrl="https://docs.pmd-code.org/pmd-doc-7.0.0-rc3/pmd_rules_java_errorprone.html#closeresource" priority="3">
Ensure that resources like this RIFFWriter object are closed after use
</violation>
<violation beginline="701" endline="701" begincolumn="20" endcolumn="30" rule="CloseResource" ruleset="Error Prone" package="com.sun.media.sound" class="SF2Soundbank" method="writePdtaChunk" variable="pmod_chunk" externalInfoUrl="https://docs.pmd-code.org/pmd-doc-7.0.0-rc3/pmd_rules_java_errorprone.html#closeresource" priority="3">
Ensure that resources like this RIFFWriter object are closed after use
</violation>
<violation beginline="712" endline="712" begincolumn="20" endcolumn="30" rule="CloseResource" ruleset="Error Prone" package="com.sun.media.sound" class="SF2Soundbank" method="writePdtaChunk" variable="pgen_chunk" externalInfoUrl="https://docs.pmd-code.org/pmd-doc-7.0.0-rc3/pmd_rules_java_errorprone.html#closeresource" priority="3">
Ensure that resources like this RIFFWriter object are closed after use
</violation>
<violation beginline="729" endline="729" begincolumn="20" endcolumn="30" rule="CloseResource" ruleset="Error Prone" package="com.sun.media.sound" class="SF2Soundbank" method="writePdtaChunk" variable="inst_chunk" externalInfoUrl="https://docs.pmd-code.org/pmd-doc-7.0.0-rc3/pmd_rules_java_errorprone.html#closeresource" priority="3">
Ensure that resources like this RIFFWriter object are closed after use
</violation>
<violation beginline="742" endline="742" begincolumn="20" endcolumn="30" rule="CloseResource" ruleset="Error Prone" package="com.sun.media.sound" class="SF2Soundbank" method="writePdtaChunk" variable="ibag_chunk" externalInfoUrl="https://docs.pmd-code.org/pmd-doc-7.0.0-rc3/pmd_rules_java_errorprone.html#closeresource" priority="3">
Ensure that resources like this RIFFWriter object are closed after use
</violation>
<violation beginline="770" endline="770" begincolumn="20" endcolumn="30" rule="CloseResource" ruleset="Error Prone" package="com.sun.media.sound" class="SF2Soundbank" method="writePdtaChunk" variable="imod_chunk" externalInfoUrl="https://docs.pmd-code.org/pmd-doc-7.0.0-rc3/pmd_rules_java_errorprone.html#closeresource" priority="3">
Ensure that resources like this RIFFWriter object are closed after use
</violation>
<violation beginline="781" endline="781" begincolumn="20" endcolumn="30" rule="CloseResource" ruleset="Error Prone" package="com.sun.media.sound" class="SF2Soundbank" method="writePdtaChunk" variable="igen_chunk" externalInfoUrl="https://docs.pmd-code.org/pmd-doc-7.0.0-rc3/pmd_rules_java_errorprone.html#closeresource" priority="3">
Ensure that resources like this RIFFWriter object are closed after use
</violation>
<violation beginline="799" endline="799" begincolumn="20" endcolumn="30" rule="CloseResource" ruleset="Error Prone" package="com.sun.media.sound" class="SF2Soundbank" method="writePdtaChunk" variable="shdr_chunk" externalInfoUrl="https://docs.pmd-code.org/pmd-doc-7.0.0-rc3/pmd_rules_java_errorprone.html#closeresource" priority="3">
Ensure that resources like this RIFFWriter object are closed after use
</violation>
</file>
</pmd>
