<?xml version="1.0" encoding="UTF-8"?>
<pmd xmlns="http://pmd.sourceforge.net/report/2.0.0" xmlns:xsi="http://www.w3.org/2001/XMLSchema-instance" xsi:schemaLocation="http://pmd.sourceforge.net/report/2.0.0 http://pmd.sourceforge.net/report_2_0_0.xsd" version="7.0.0-rc3" timestamp="2023-10-29T03:16:47.018">
<file name="/mnt/disk3/lty/JLeaks/data/javafile/bug/bug-1047-0f836b8862901cdae9a7a2c32702bd93e5c2d7c0c102448a2900a8c60d310408.java">
<violation beginline="153" endline="153" begincolumn="24" endcolumn="30" rule="CloseResource" ruleset="Error Prone" package="com.yahoo.io" class="IOUtils" method="copy" variable="reader" externalInfoUrl="https://docs.pmd-code.org/pmd-doc-7.0.0-rc3/pmd_rules_java_errorprone.html#closeresource" priority="3">
Ensure that resources like this BufferedReader object are closed after use
</violation>
<violation beginline="154" endline="154" begincolumn="24" endcolumn="30" rule="CloseResource" ruleset="Error Prone" package="com.yahoo.io" class="IOUtils" method="copy" variable="writer" externalInfoUrl="https://docs.pmd-code.org/pmd-doc-7.0.0-rc3/pmd_rules_java_errorprone.html#closeresource" priority="3">
Ensure that resources like this BufferedWriter object are closed after use
</violation>
<violation beginline="232" endline="232" begincolumn="25" endcolumn="27" rule="CloseResource" ruleset="Error Prone" package="com.yahoo.io" class="IOUtils" method="copyDirectory" variable="in" externalInfoUrl="https://docs.pmd-code.org/pmd-doc-7.0.0-rc3/pmd_rules_java_errorprone.html#closeresource" priority="3">
Ensure that resources like this InputStream object are closed after use
</violation>
<violation beginline="233" endline="233" begincolumn="26" endcolumn="29" rule="CloseResource" ruleset="Error Prone" package="com.yahoo.io" class="IOUtils" method="copyDirectory" variable="out" externalInfoUrl="https://docs.pmd-code.org/pmd-doc-7.0.0-rc3/pmd_rules_java_errorprone.html#closeresource" priority="3">
Ensure that resources like this OutputStream object are closed after use
</violation>
<violation beginline="289" endline="289" begincolumn="24" endcolumn="30" rule="CloseResource" ruleset="Error Prone" package="com.yahoo.io" class="IOUtils" method="countLines" variable="reader" externalInfoUrl="https://docs.pmd-code.org/pmd-doc-7.0.0-rc3/pmd_rules_java_errorprone.html#closeresource" priority="3">
Ensure that resources like this BufferedReader object are closed after use
</violation>
<violation beginline="311" endline="311" begincolumn="24" endcolumn="30" rule="CloseResource" ruleset="Error Prone" package="com.yahoo.io" class="IOUtils" method="getLines" variable="reader" externalInfoUrl="https://docs.pmd-code.org/pmd-doc-7.0.0-rc3/pmd_rules_java_errorprone.html#closeresource" priority="3">
Ensure that resources like this BufferedReader object are closed after use
</violation>
<violation beginline="422" endline="422" begincolumn="21" endcolumn="27" rule="CloseResource" ruleset="Error Prone" package="com.yahoo.io" class="IOUtils" method="closeAll" variable="reader" externalInfoUrl="https://docs.pmd-code.org/pmd-doc-7.0.0-rc3/pmd_rules_java_errorprone.html#closeresource" priority="3">
Ensure that resources like this Reader object are closed after use
</violation>
<violation beginline="430" endline="430" begincolumn="23" endcolumn="26" rule="CloseResource" ruleset="Error Prone" package="com.yahoo.io" class="IOUtils" method="writeFile" variable="out" externalInfoUrl="https://docs.pmd-code.org/pmd-doc-7.0.0-rc3/pmd_rules_java_errorprone.html#closeresource" priority="3">
Ensure that resources like this BufferedWriter object are closed after use
</violation>
</file>
</pmd>
