<?xml version="1.0" encoding="UTF-8"?>
<pmd xmlns="http://pmd.sourceforge.net/report/2.0.0" xmlns:xsi="http://www.w3.org/2001/XMLSchema-instance" xsi:schemaLocation="http://pmd.sourceforge.net/report/2.0.0 http://pmd.sourceforge.net/report_2_0_0.xsd" version="7.0.0-rc3" timestamp="2023-10-29T01:11:53.021">
<file name="/mnt/disk3/lty/JLeaks/data/javafile/bug/bug-624-6ee143f2bc0870d0ceca3ab55b32b457e3592d9453108294a884b50647cb8762.java">
<violation beginline="264" endline="264" begincolumn="30" endcolumn="32" rule="CloseResource" ruleset="Error Prone" package="jdk.nio.zipfs" class="ZipFileSystem" method="close" variable="is" externalInfoUrl="https://docs.pmd-code.org/pmd-doc-7.0.0-rc3/pmd_rules_java_errorprone.html#closeresource" priority="3">
Ensure that resources like this InputStream object are closed after use
</violation>
<violation beginline="516" endline="516" begincolumn="33" endcolumn="35" rule="CloseResource" ruleset="Error Prone" package="jdk.nio.zipfs" class="ZipFileSystem" method="newOutputStream" variable="is" externalInfoUrl="https://docs.pmd-code.org/pmd-doc-7.0.0-rc3/pmd_rules_java_errorprone.html#closeresource" priority="3">
Ensure that resources like this InputStream object are closed after use
</violation>
<violation beginline="576" endline="576" begincolumn="43" endcolumn="46" rule="CloseResource" ruleset="Error Prone" package="jdk.nio.zipfs" class="ZipFileSystem" method="newByteChannel" variable="wbc" externalInfoUrl="https://docs.pmd-code.org/pmd-doc-7.0.0-rc3/pmd_rules_java_errorprone.html#closeresource" priority="3">
Ensure that resources like this WritableByteChannel object are closed after use
</violation>
<violation beginline="635" endline="635" begincolumn="43" endcolumn="46" rule="CloseResource" ruleset="Error Prone" package="jdk.nio.zipfs" class="ZipFileSystem" method="newByteChannel" variable="rbc" externalInfoUrl="https://docs.pmd-code.org/pmd-doc-7.0.0-rc3/pmd_rules_java_errorprone.html#closeresource" priority="3">
Ensure that resources like this ReadableByteChannel object are closed after use
</violation>
<violation beginline="722" endline="722" begincolumn="31" endcolumn="34" rule="CloseResource" ruleset="Error Prone" package="jdk.nio.zipfs" class="ZipFileSystem" method="newFileChannel" variable="fch" externalInfoUrl="https://docs.pmd-code.org/pmd-doc-7.0.0-rc3/pmd_rules_java_errorprone.html#closeresource" priority="3">
Ensure that resources like this FileChannel object are closed after use
</violation>
</file>
</pmd>
