<?xml version="1.0" encoding="UTF-8"?>
<pmd xmlns="http://pmd.sourceforge.net/report/2.0.0" xmlns:xsi="http://www.w3.org/2001/XMLSchema-instance" xsi:schemaLocation="http://pmd.sourceforge.net/report/2.0.0 http://pmd.sourceforge.net/report_2_0_0.xsd" version="7.0.0-rc3" timestamp="2023-10-29T01:42:16.542">
<file name="/mnt/disk3/lty/JLeaks/data/javafile/bug/bug-780-edf728a1f685fbbc3f71f313e08d336808e9df9087e53f9dafd588771398bbed.java">
<violation beginline="250" endline="250" begincolumn="40" endcolumn="43" rule="CloseResource" ruleset="Error Prone" package="com.oracle.truffle.r.launcher" class="EventLoopThread" method="stopLoop" variable="fis" externalInfoUrl="https://docs.pmd-code.org/pmd-doc-7.0.0-rc3/pmd_rules_java_errorprone.html#closeresource" priority="3">
Ensure that resources like this FileOutputStream object are closed after use
</violation>
<violation beginline="262" endline="262" begincolumn="40" endcolumn="43" rule="CloseResource" ruleset="Error Prone" package="com.oracle.truffle.r.launcher" class="EventLoopThread" method="releaseFifoOut" variable="fis" externalInfoUrl="https://docs.pmd-code.org/pmd-doc-7.0.0-rc3/pmd_rules_java_errorprone.html#closeresource" priority="3">
Ensure that resources like this FileOutputStream object are closed after use
</violation>
<violation beginline="275" endline="275" begincolumn="43" endcolumn="46" rule="CloseResource" ruleset="Error Prone" package="com.oracle.truffle.r.launcher" class="EventLoopThread" method="run" variable="fis" externalInfoUrl="https://docs.pmd-code.org/pmd-doc-7.0.0-rc3/pmd_rules_java_errorprone.html#closeresource" priority="3">
Ensure that resources like this FileInputStream object are closed after use
</violation>
</file>
</pmd>
