<?xml version="1.0" encoding="UTF-8"?>
<pmd xmlns="http://pmd.sourceforge.net/report/2.0.0" xmlns:xsi="http://www.w3.org/2001/XMLSchema-instance" xsi:schemaLocation="http://pmd.sourceforge.net/report/2.0.0 http://pmd.sourceforge.net/report_2_0_0.xsd" version="7.0.0-rc3" timestamp="2023-10-29T00:55:58.003">
<file name="/mnt/disk3/lty/JLeaks/data/javafile/bug/bug-465-ed242915971b4f86d5e734f5445792a90794dacab29d358a1109d81d0eeb4299.java">
<violation beginline="474" endline="474" begincolumn="17" endcolumn="22" rule="CloseResource" ruleset="Error Prone" package="com.google.devtools.j2objc" class="J2ObjC" method="findArchivedSource" variable="zfile" externalInfoUrl="https://docs.pmd-code.org/pmd-doc-7.0.0-rc3/pmd_rules_java_errorprone.html#closeresource" priority="3">
Ensure that resources like this ZipFile object are closed after use
</violation>
<violation beginline="708" endline="708" begincolumn="19" endcolumn="30" rule="CloseResource" ruleset="Error Prone" package="com.google.devtools.j2objc" class="J2ObjC" method="initPlugins" variable="classLoader" externalInfoUrl="https://docs.pmd-code.org/pmd-doc-7.0.0-rc3/pmd_rules_java_errorprone.html#closeresource" priority="3">
Ensure that resources like this JarFileLoader object are closed after use
</violation>
<violation beginline="711" endline="711" begincolumn="24" endcolumn="33" rule="CloseResource" ruleset="Error Prone" package="com.google.devtools.j2objc" class="J2ObjC" method="initPlugins" variable="jarStream" externalInfoUrl="https://docs.pmd-code.org/pmd-doc-7.0.0-rc3/pmd_rules_java_errorprone.html#closeresource" priority="3">
Ensure that resources like this JarInputStream object are closed after use
</violation>
</file>
</pmd>
