<?xml version="1.0" encoding="UTF-8"?>
<pmd xmlns="http://pmd.sourceforge.net/report/2.0.0" xmlns:xsi="http://www.w3.org/2001/XMLSchema-instance" xsi:schemaLocation="http://pmd.sourceforge.net/report/2.0.0 http://pmd.sourceforge.net/report_2_0_0.xsd" version="7.0.0-rc3" timestamp="2023-10-29T00:57:43.424">
<file name="/mnt/disk3/lty/JLeaks/data/javafile/bug/bug-528-d28f1ccb4616a15429b7bafaf7c08f9f4d188d8dee77b19620cb821242afd318.java">
<violation beginline="75" endline="75" begincolumn="29" endcolumn="31" rule="CloseResource" ruleset="Error Prone" package="brut.util" class="OS" method="cpdir" variable="in" externalInfoUrl="https://docs.pmd-code.org/pmd-doc-7.0.0-rc3/pmd_rules_java_errorprone.html#closeresource" priority="3">
Ensure that resources like this FileInputStream object are closed after use
</violation>
<violation beginline="76" endline="76" begincolumn="30" endcolumn="33" rule="CloseResource" ruleset="Error Prone" package="brut.util" class="OS" method="cpdir" variable="out" externalInfoUrl="https://docs.pmd-code.org/pmd-doc-7.0.0-rc3/pmd_rules_java_errorprone.html#closeresource" priority="3">
Ensure that resources like this FileOutputStream object are closed after use
</violation>
<violation beginline="157" endline="157" begincolumn="32" endcolumn="34" rule="CloseResource" ruleset="Error Prone" package="brut.util" class="StreamForwarder" method="run" variable="br" externalInfoUrl="https://docs.pmd-code.org/pmd-doc-7.0.0-rc3/pmd_rules_java_errorprone.html#closeresource" priority="3">
Ensure that resources like this BufferedReader object are closed after use
</violation>
</file>
</pmd>
