<?xml version="1.0" encoding="UTF-8"?>
<pmd xmlns="http://pmd.sourceforge.net/report/2.0.0" xmlns:xsi="http://www.w3.org/2001/XMLSchema-instance" xsi:schemaLocation="http://pmd.sourceforge.net/report/2.0.0 http://pmd.sourceforge.net/report_2_0_0.xsd" version="7.0.0-rc3" timestamp="2023-10-29T00:11:20.147">
<file name="/mnt/disk3/lty/JLeaks/data/javafile/bug/bug-197-b27ed80074c4447bcd307b8e5d030640d2537ee5286af665c73949cece97fdfe.java">
<violation beginline="525" endline="525" begincolumn="19" endcolumn="25" rule="CloseResource" ruleset="Error Prone" package="org.apache.phoenix.mapreduce" class="OrphanViewTool" method="populateOrphanViewSet" variable="viewRS" externalInfoUrl="https://docs.pmd-code.org/pmd-doc-7.0.0-rc3/pmd_rules_java_errorprone.html#closeresource" priority="3">
Ensure that resources like this ResultSet object are closed after use
</violation>
<violation beginline="543" endline="543" begincolumn="19" endcolumn="30" rule="CloseResource" ruleset="Error Prone" package="org.apache.phoenix.mapreduce" class="OrphanViewTool" method="populateBaseSet" variable="baseTableRS" externalInfoUrl="https://docs.pmd-code.org/pmd-doc-7.0.0-rc3/pmd_rules_java_errorprone.html#closeresource" priority="3">
Ensure that resources like this ResultSet object are closed after use
</violation>
<violation beginline="563" endline="563" begincolumn="19" endcolumn="33" rule="CloseResource" ruleset="Error Prone" package="org.apache.phoenix.mapreduce" class="OrphanViewTool" method="processPhysicalLinks" variable="physicalLinkRS" externalInfoUrl="https://docs.pmd-code.org/pmd-doc-7.0.0-rc3/pmd_rules_java_errorprone.html#closeresource" priority="3">
Ensure that resources like this ResultSet object are closed after use
</violation>
<violation beginline="593" endline="593" begincolumn="19" endcolumn="36" rule="CloseResource" ruleset="Error Prone" package="org.apache.phoenix.mapreduce" class="OrphanViewTool" method="processChildParentLinks" variable="childParentLinkRS" externalInfoUrl="https://docs.pmd-code.org/pmd-doc-7.0.0-rc3/pmd_rules_java_errorprone.html#closeresource" priority="3">
Ensure that resources like this ResultSet object are closed after use
</violation>
<violation beginline="634" endline="634" begincolumn="19" endcolumn="36" rule="CloseResource" ruleset="Error Prone" package="org.apache.phoenix.mapreduce" class="OrphanViewTool" method="processParentChildLinks" variable="parentChildLinkRS" externalInfoUrl="https://docs.pmd-code.org/pmd-doc-7.0.0-rc3/pmd_rules_java_errorprone.html#closeresource" priority="3">
Ensure that resources like this ResultSet object are closed after use
</violation>
<violation beginline="806" endline="806" begincolumn="20" endcolumn="30" rule="CloseResource" ruleset="Error Prone" package="org.apache.phoenix.mapreduce" class="OrphanViewTool" method="run" variable="connection" externalInfoUrl="https://docs.pmd-code.org/pmd-doc-7.0.0-rc3/pmd_rules_java_errorprone.html#closeresource" priority="3">
Ensure that resources like this Connection object are closed after use
</violation>
</file>
</pmd>
