<?xml version="1.0" encoding="UTF-8"?>
<pmd xmlns="http://pmd.sourceforge.net/report/2.0.0" xmlns:xsi="http://www.w3.org/2001/XMLSchema-instance" xsi:schemaLocation="http://pmd.sourceforge.net/report/2.0.0 http://pmd.sourceforge.net/report_2_0_0.xsd" version="7.0.0-rc3" timestamp="2023-10-28T23:47:16.977">
<file name="/mnt/disk3/lty/JLeaks/data/javafile/bug/bug-33-121bb81b63349311ad1e78443d824416ccf3db74974f1a1c4ce46e8838a6d654.java">
<violation beginline="41" endline="41" begincolumn="22" endcolumn="25" rule="CloseResource" ruleset="Error Prone" package="tachyon.master" class="RecomputeCommand" method="run" variable="bri" externalInfoUrl="https://docs.pmd-code.org/pmd-doc-7.0.0-rc3/pmd_rules_java_errorprone.html#closeresource" priority="3">
Ensure that resources like this BufferedReader object are closed after use
</violation>
<violation beginline="42" endline="42" begincolumn="22" endcolumn="25" rule="CloseResource" ruleset="Error Prone" package="tachyon.master" class="RecomputeCommand" method="run" variable="bre" externalInfoUrl="https://docs.pmd-code.org/pmd-doc-7.0.0-rc3/pmd_rules_java_errorprone.html#closeresource" priority="3">
Ensure that resources like this BufferedReader object are closed after use
</violation>
<violation beginline="44" endline="44" begincolumn="18" endcolumn="20" rule="CloseResource" ruleset="Error Prone" package="tachyon.master" class="RecomputeCommand" method="run" variable="fw" externalInfoUrl="https://docs.pmd-code.org/pmd-doc-7.0.0-rc3/pmd_rules_java_errorprone.html#closeresource" priority="3">
Ensure that resources like this FileWriter object are closed after use
</violation>
<violation beginline="45" endline="45" begincolumn="22" endcolumn="24" rule="CloseResource" ruleset="Error Prone" package="tachyon.master" class="RecomputeCommand" method="run" variable="bw" externalInfoUrl="https://docs.pmd-code.org/pmd-doc-7.0.0-rc3/pmd_rules_java_errorprone.html#closeresource" priority="3">
Ensure that resources like this BufferedWriter object are closed after use
</violation>
</file>
</pmd>
