<?xml version="1.0" encoding="UTF-8"?>
<pmd xmlns="http://pmd.sourceforge.net/report/2.0.0" xmlns:xsi="http://www.w3.org/2001/XMLSchema-instance" xsi:schemaLocation="http://pmd.sourceforge.net/report/2.0.0 http://pmd.sourceforge.net/report_2_0_0.xsd" version="7.0.0-rc3" timestamp="2023-10-28T23:50:51.171">
<file name="/mnt/disk3/lty/JLeaks/data/javafile/bug/bug-59-e47a1f61dc73896906e9892ff49a3aab81314a6e19e0d711ecc0540e1ede1b03.java">
<violation beginline="226" endline="228" begincolumn="17" endcolumn="94" rule="CloseResource" ruleset="Error Prone" package="com.cloud.upgrade.dao" class="Upgrade420to421" method="upgradeResourceCount" externalInfoUrl="https://docs.pmd-code.org/pmd-doc-7.0.0-rc3/pmd_rules_java_errorprone.html#closeresource" priority="3">
'pstmt5' is reassigned, but the original instance is not closed
</violation>
<violation beginline="230" endline="230" begincolumn="17" endcolumn="49" rule="CloseResource" ruleset="Error Prone" package="com.cloud.upgrade.dao" class="Upgrade420to421" method="upgradeResourceCount" externalInfoUrl="https://docs.pmd-code.org/pmd-doc-7.0.0-rc3/pmd_rules_java_errorprone.html#closeresource" priority="3">
'rsCount' is reassigned, but the original instance is not closed
</violation>
<violation beginline="270" endline="270" begincolumn="27" endcolumn="32" rule="CloseResource" ruleset="Error Prone" package="com.cloud.upgrade.dao" class="Upgrade420to421" method="upgradeResourceCountforAccount" variable="pstmt" externalInfoUrl="https://docs.pmd-code.org/pmd-doc-7.0.0-rc3/pmd_rules_java_errorprone.html#closeresource" priority="3">
Ensure that resources like this PreparedStatement object are closed after use
</violation>
</file>
</pmd>
