<?xml version="1.0" encoding="UTF-8"?>
<pmd xmlns="http://pmd.sourceforge.net/report/2.0.0" xmlns:xsi="http://www.w3.org/2001/XMLSchema-instance" xsi:schemaLocation="http://pmd.sourceforge.net/report/2.0.0 http://pmd.sourceforge.net/report_2_0_0.xsd" version="7.0.0-rc3" timestamp="2023-10-29T01:56:28.927">
<file name="/mnt/disk3/lty/JLeaks/data/javafile/bug/bug-887-2f4226f7aae8c016080a60bea8277924551f84c21daec5563803b79f72fbb975.java">
<violation beginline="81" endline="81" begincolumn="21" endcolumn="32" rule="CloseResource" ruleset="Error Prone" package="net.programmierecke.radiodroid2" class="StreamProxy" method="proxyDefaultStream" variable="inputStream" externalInfoUrl="https://docs.pmd-code.org/pmd-doc-7.0.0-rc3/pmd_rules_java_errorprone.html#closeresource" priority="3">
Ensure that resources like this InputStream object are closed after use
</violation>
<violation beginline="170" endline="170" begincolumn="21" endcolumn="30" rule="CloseResource" ruleset="Error Prone" package="net.programmierecke.radiodroid2" class="StreamProxy" method="streamFile" variable="inContent" externalInfoUrl="https://docs.pmd-code.org/pmd-doc-7.0.0-rc3/pmd_rules_java_errorprone.html#closeresource" priority="3">
Ensure that resources like this InputStream object are closed after use
</violation>
<violation beginline="285" endline="285" begincolumn="40" endcolumn="51" rule="CloseResource" ruleset="Error Prone" package="net.programmierecke.radiodroid2" class="StreamProxy" method="connectToStream" variable="proxyServer" externalInfoUrl="https://docs.pmd-code.org/pmd-doc-7.0.0-rc3/pmd_rules_java_errorprone.html#closeresource" priority="3">
Ensure that resources like this ServerSocket object are closed after use
</violation>
<violation beginline="297" endline="297" begincolumn="34" endcolumn="45" rule="CloseResource" ruleset="Error Prone" package="net.programmierecke.radiodroid2" class="StreamProxy" method="connectToStream" variable="socketProxy" externalInfoUrl="https://docs.pmd-code.org/pmd-doc-7.0.0-rc3/pmd_rules_java_errorprone.html#closeresource" priority="3">
Ensure that resources like this Socket object are closed after use
</violation>
<violation beginline="302" endline="302" begincolumn="40" endcolumn="52" rule="CloseResource" ruleset="Error Prone" package="net.programmierecke.radiodroid2" class="StreamProxy" method="connectToStream" variable="outputStream" externalInfoUrl="https://docs.pmd-code.org/pmd-doc-7.0.0-rc3/pmd_rules_java_errorprone.html#closeresource" priority="3">
Ensure that resources like this OutputStream object are closed after use
</violation>
</file>
</pmd>
