<?xml version="1.0" encoding="UTF-8"?>
<pmd xmlns="http://pmd.sourceforge.net/report/2.0.0" xmlns:xsi="http://www.w3.org/2001/XMLSchema-instance" xsi:schemaLocation="http://pmd.sourceforge.net/report/2.0.0 http://pmd.sourceforge.net/report_2_0_0.xsd" version="7.0.0-rc3" timestamp="2023-10-29T03:15:35.157">
<file name="/mnt/disk3/lty/JLeaks/data/javafile/bug/bug-1011-2103423384d844266692baab2c62ca83fea1237a062dd82479d66f352bbeff31.java">
<violation beginline="88" endline="88" begincolumn="18" endcolumn="25" rule="CloseResource" ruleset="Error Prone" package="org.checkerframework.dataflow.cfg.visualize" class="DOTCFGVisualizer" method="visualize" variable="fStream" externalInfoUrl="https://docs.pmd-code.org/pmd-doc-7.0.0-rc3/pmd_rules_java_errorprone.html#closeresource" priority="3">
Ensure that resources like this FileWriter object are closed after use
</violation>
<violation beginline="89" endline="89" begincolumn="22" endcolumn="25" rule="CloseResource" ruleset="Error Prone" package="org.checkerframework.dataflow.cfg.visualize" class="DOTCFGVisualizer" method="visualize" variable="out" externalInfoUrl="https://docs.pmd-code.org/pmd-doc-7.0.0-rc3/pmd_rules_java_errorprone.html#closeresource" priority="3">
Ensure that resources like this BufferedWriter object are closed after use
</violation>
<violation beginline="333" endline="333" begincolumn="18" endcolumn="25" rule="CloseResource" ruleset="Error Prone" package="org.checkerframework.dataflow.cfg.visualize" class="DOTCFGVisualizer" method="shutdown" variable="fstream" externalInfoUrl="https://docs.pmd-code.org/pmd-doc-7.0.0-rc3/pmd_rules_java_errorprone.html#closeresource" priority="3">
Ensure that resources like this FileWriter object are closed after use
</violation>
<violation beginline="334" endline="334" begincolumn="22" endcolumn="25" rule="CloseResource" ruleset="Error Prone" package="org.checkerframework.dataflow.cfg.visualize" class="DOTCFGVisualizer" method="shutdown" variable="out" externalInfoUrl="https://docs.pmd-code.org/pmd-doc-7.0.0-rc3/pmd_rules_java_errorprone.html#closeresource" priority="3">
Ensure that resources like this BufferedWriter object are closed after use
</violation>
</file>
</pmd>
