<?xml version="1.0" encoding="UTF-8"?>
<pmd xmlns="http://pmd.sourceforge.net/report/2.0.0" xmlns:xsi="http://www.w3.org/2001/XMLSchema-instance" xsi:schemaLocation="http://pmd.sourceforge.net/report/2.0.0 http://pmd.sourceforge.net/report_2_0_0.xsd" version="7.0.0-rc3" timestamp="2023-10-29T00:53:00.816">
<file name="/mnt/disk3/lty/JLeaks/data/javafile/bug/bug-385-f52bbfd5a051e6eff32185c08384eb89e92508337009ad308776a82f06d67519.java">
<violation beginline="136" endline="136" begincolumn="16" endcolumn="27" rule="CloseResource" ruleset="Error Prone" package="com.ibm.j9ddr.tools" class="PointerGenerator" method="generateClasses" variable="inputStream" externalInfoUrl="https://docs.pmd-code.org/pmd-doc-7.0.0-rc3/pmd_rules_java_errorprone.html#closeresource" priority="3">
Ensure that resources like this InputStream object are closed after use
</violation>
<violation beginline="184" endline="184" begincolumn="20" endcolumn="23" rule="CloseResource" ruleset="Error Prone" package="com.ibm.j9ddr.tools" class="PointerGenerator" method="generateBuildFlags" variable="fis" externalInfoUrl="https://docs.pmd-code.org/pmd-doc-7.0.0-rc3/pmd_rules_java_errorprone.html#closeresource" priority="3">
Ensure that resources like this FileInputStream object are closed after use
</violation>
<violation beginline="213" endline="213" begincolumn="21" endcolumn="24" rule="CloseResource" ruleset="Error Prone" package="com.ibm.j9ddr.tools" class="PointerGenerator" method="generateBuildFlags" variable="fos" externalInfoUrl="https://docs.pmd-code.org/pmd-doc-7.0.0-rc3/pmd_rules_java_errorprone.html#closeresource" priority="3">
Ensure that resources like this FileOutputStream object are closed after use
</violation>
<violation beginline="277" endline="277" begincolumn="20" endcolumn="23" rule="CloseResource" ruleset="Error Prone" package="com.ibm.j9ddr.tools" class="PointerGenerator" method="generateClass" variable="fis" externalInfoUrl="https://docs.pmd-code.org/pmd-doc-7.0.0-rc3/pmd_rules_java_errorprone.html#closeresource" priority="3">
Ensure that resources like this FileInputStream object are closed after use
</violation>
<violation beginline="339" endline="339" begincolumn="21" endcolumn="24" rule="CloseResource" ruleset="Error Prone" package="com.ibm.j9ddr.tools" class="PointerGenerator" method="generateClass" variable="fos" externalInfoUrl="https://docs.pmd-code.org/pmd-doc-7.0.0-rc3/pmd_rules_java_errorprone.html#closeresource" priority="3">
Ensure that resources like this FileOutputStream object are closed after use
</violation>
<violation beginline="346" endline="346" begincolumn="16" endcolumn="28" rule="CloseResource" ruleset="Error Prone" package="com.ibm.j9ddr.tools" class="PointerGenerator" method="generateClass" variable="helperWriter" externalInfoUrl="https://docs.pmd-code.org/pmd-doc-7.0.0-rc3/pmd_rules_java_errorprone.html#closeresource" priority="3">
Ensure that resources like this PrintWriter object are closed after use
</violation>
<violation beginline="375" endline="375" begincolumn="23" endcolumn="25" rule="CloseResource" ruleset="Error Prone" package="com.ibm.j9ddr.tools" class="PointerGenerator" method="setCacheStatusFromPropertyFile" variable="in" externalInfoUrl="https://docs.pmd-code.org/pmd-doc-7.0.0-rc3/pmd_rules_java_errorprone.html#closeresource" priority="3">
Ensure that resources like this FileInputStream object are closed after use
</violation>
<violation beginline="421" endline="421" begincolumn="19" endcolumn="25" rule="CloseResource" ruleset="Error Prone" package="com.ibm.j9ddr.tools" class="PointerGenerator" method="collectMergeData" variable="reader" externalInfoUrl="https://docs.pmd-code.org/pmd-doc-7.0.0-rc3/pmd_rules_java_errorprone.html#closeresource" priority="3">
Ensure that resources like this BufferedReader object are closed after use
</violation>
</file>
</pmd>
