<?xml version="1.0" encoding="UTF-8"?>
<pmd xmlns="http://pmd.sourceforge.net/report/2.0.0" xmlns:xsi="http://www.w3.org/2001/XMLSchema-instance" xsi:schemaLocation="http://pmd.sourceforge.net/report/2.0.0 http://pmd.sourceforge.net/report_2_0_0.xsd" version="7.0.0-rc3" timestamp="2023-10-29T00:57:25.870">
<file name="/mnt/disk3/lty/JLeaks/data/javafile/bug/bug-516-cee7fae5c833a289c5ff239975bfcb7ad0d92c30dae86f883578ea6db5e886c0.java">
<violation beginline="46" endline="46" begincolumn="15" endcolumn="19" rule="CloseResource" ruleset="Error Prone" package="freenet.clients.http.filter" class="HTMLFilter" method="readFilter" variable="strm" externalInfoUrl="https://docs.pmd-code.org/pmd-doc-7.0.0-rc3/pmd_rules_java_errorprone.html#closeresource" priority="3">
Ensure that resources like this InputStream object are closed after use
</violation>
<violation beginline="47" endline="47" begincolumn="23" endcolumn="26" rule="CloseResource" ruleset="Error Prone" package="freenet.clients.http.filter" class="HTMLFilter" method="readFilter" variable="bis" externalInfoUrl="https://docs.pmd-code.org/pmd-doc-7.0.0-rc3/pmd_rules_java_errorprone.html#closeresource" priority="3">
Ensure that resources like this BufferedInputStream object are closed after use
</violation>
<violation beginline="49" endline="49" begincolumn="16" endcolumn="18" rule="CloseResource" ruleset="Error Prone" package="freenet.clients.http.filter" class="HTMLFilter" method="readFilter" variable="os" externalInfoUrl="https://docs.pmd-code.org/pmd-doc-7.0.0-rc3/pmd_rules_java_errorprone.html#closeresource" priority="3">
Ensure that resources like this OutputStream object are closed after use
</violation>
<violation beginline="50" endline="50" begincolumn="24" endcolumn="27" rule="CloseResource" ruleset="Error Prone" package="freenet.clients.http.filter" class="HTMLFilter" method="readFilter" variable="bos" externalInfoUrl="https://docs.pmd-code.org/pmd-doc-7.0.0-rc3/pmd_rules_java_errorprone.html#closeresource" priority="3">
Ensure that resources like this BufferedOutputStream object are closed after use
</violation>
<violation beginline="51" endline="51" begincolumn="10" endcolumn="11" rule="CloseResource" ruleset="Error Prone" package="freenet.clients.http.filter" class="HTMLFilter" method="readFilter" variable="r" externalInfoUrl="https://docs.pmd-code.org/pmd-doc-7.0.0-rc3/pmd_rules_java_errorprone.html#closeresource" priority="3">
Ensure that resources like this Reader object are closed after use
</violation>
<violation beginline="52" endline="52" begincolumn="10" endcolumn="11" rule="CloseResource" ruleset="Error Prone" package="freenet.clients.http.filter" class="HTMLFilter" method="readFilter" variable="w" externalInfoUrl="https://docs.pmd-code.org/pmd-doc-7.0.0-rc3/pmd_rules_java_errorprone.html#closeresource" priority="3">
Ensure that resources like this Writer object are closed after use
</violation>
<violation beginline="79" endline="79" begincolumn="15" endcolumn="19" rule="CloseResource" ruleset="Error Prone" package="freenet.clients.http.filter" class="HTMLFilter" method="getCharset" variable="strm" externalInfoUrl="https://docs.pmd-code.org/pmd-doc-7.0.0-rc3/pmd_rules_java_errorprone.html#closeresource" priority="3">
Ensure that resources like this InputStream object are closed after use
</violation>
<violation beginline="80" endline="80" begincolumn="23" endcolumn="26" rule="CloseResource" ruleset="Error Prone" package="freenet.clients.http.filter" class="HTMLFilter" method="getCharset" variable="bis" externalInfoUrl="https://docs.pmd-code.org/pmd-doc-7.0.0-rc3/pmd_rules_java_errorprone.html#closeresource" priority="3">
Ensure that resources like this BufferedInputStream object are closed after use
</violation>
<violation beginline="81" endline="81" begincolumn="10" endcolumn="11" rule="CloseResource" ruleset="Error Prone" package="freenet.clients.http.filter" class="HTMLFilter" method="getCharset" variable="w" externalInfoUrl="https://docs.pmd-code.org/pmd-doc-7.0.0-rc3/pmd_rules_java_errorprone.html#closeresource" priority="3">
Ensure that resources like this Writer object are closed after use
</violation>
<violation beginline="82" endline="82" begincolumn="10" endcolumn="11" rule="CloseResource" ruleset="Error Prone" package="freenet.clients.http.filter" class="HTMLFilter" method="getCharset" variable="r" externalInfoUrl="https://docs.pmd-code.org/pmd-doc-7.0.0-rc3/pmd_rules_java_errorprone.html#closeresource" priority="3">
Ensure that resources like this Reader object are closed after use
</violation>
<violation beginline="1826" endline="1826" begincolumn="10" endcolumn="11" rule="CloseResource" ruleset="Error Prone" package="freenet.clients.http.filter" class="HTMLFilter" method="sanitizeStyle" variable="r" externalInfoUrl="https://docs.pmd-code.org/pmd-doc-7.0.0-rc3/pmd_rules_java_errorprone.html#closeresource" priority="3">
Ensure that resources like this StringReader object are closed after use
</violation>
</file>
</pmd>
