<?xml version="1.0" encoding="UTF-8"?>
<pmd xmlns="http://pmd.sourceforge.net/report/2.0.0" xmlns:xsi="http://www.w3.org/2001/XMLSchema-instance" xsi:schemaLocation="http://pmd.sourceforge.net/report/2.0.0 http://pmd.sourceforge.net/report_2_0_0.xsd" version="7.0.0-rc3" timestamp="2023-10-29T00:57:21.397">
<file name="/mnt/disk3/lty/JLeaks/data/javafile/bug/bug-513-a631c0edcb6e74f4a1a8cf393efe279bd932446f30a6071ac84f060fa6ed7980.java">
<violation beginline="257" endline="257" begincolumn="17" endcolumn="19" rule="CloseResource" ruleset="Error Prone" package="freenet.clients.http" class="FProxyToadlet" method="handleDownload" variable="is" externalInfoUrl="https://docs.pmd-code.org/pmd-doc-7.0.0-rc3/pmd_rules_java_errorprone.html#closeresource" priority="3">
Ensure that resources like this InputStream object are closed after use
</violation>
<violation beginline="258" endline="258" begincolumn="18" endcolumn="20" rule="CloseResource" ruleset="Error Prone" package="freenet.clients.http" class="FProxyToadlet" method="handleDownload" variable="os" externalInfoUrl="https://docs.pmd-code.org/pmd-doc-7.0.0-rc3/pmd_rules_java_errorprone.html#closeresource" priority="3">
Ensure that resources like this OutputStream object are closed after use
</violation>
<violation beginline="353" endline="353" begincolumn="15" endcolumn="17" rule="CloseResource" ruleset="Error Prone" package="freenet.clients.http" class="FProxyToadlet" method="horribleEvilHack" variable="is" externalInfoUrl="https://docs.pmd-code.org/pmd-doc-7.0.0-rc3/pmd_rules_java_errorprone.html#closeresource" priority="3">
Ensure that resources like this InputStream object are closed after use
</violation>
<violation beginline="451" endline="451" begincolumn="16" endcolumn="20" rule="CloseResource" ruleset="Error Prone" package="freenet.clients.http" class="FProxyToadlet" method="innerHandleMethodGET" variable="strm" externalInfoUrl="https://docs.pmd-code.org/pmd-doc-7.0.0-rc3/pmd_rules_java_errorprone.html#closeresource" priority="3">
Ensure that resources like this InputStream object are closed after use
</violation>
</file>
</pmd>
