<?xml version="1.0" encoding="UTF-8"?>
<pmd xmlns="http://pmd.sourceforge.net/report/2.0.0" xmlns:xsi="http://www.w3.org/2001/XMLSchema-instance" xsi:schemaLocation="http://pmd.sourceforge.net/report/2.0.0 http://pmd.sourceforge.net/report_2_0_0.xsd" version="7.0.0-rc3" timestamp="2023-10-29T01:17:21.899">
<file name="/mnt/disk3/lty/JLeaks/data/javafile/bug/bug-686-b25eecbb2508934a1b5ddd5601b8d0de8da09f09793a8d0e61533c661c5f65d0.java">
<violation beginline="75" endline="75" begincolumn="27" endcolumn="31" rule="CloseResource" ruleset="Error Prone" package="com.linbit.drbdmanage.propscon" class="PropsConDerbyDriver" method="persistImpl" variable="stmt" externalInfoUrl="https://docs.pmd-code.org/pmd-doc-7.0.0-rc3/pmd_rules_java_errorprone.html#closeresource" priority="3">
Ensure that resources like this PreparedStatement object are closed after use
</violation>
<violation beginline="85" endline="85" begincolumn="19" endcolumn="28" rule="CloseResource" ruleset="Error Prone" package="com.linbit.drbdmanage.propscon" class="PropsConDerbyDriver" method="persistImpl" variable="resultSet" externalInfoUrl="https://docs.pmd-code.org/pmd-doc-7.0.0-rc3/pmd_rules_java_errorprone.html#closeresource" priority="3">
Ensure that resources like this ResultSet object are closed after use
</violation>
<violation beginline="109" endline="109" begincolumn="31" endcolumn="35" rule="CloseResource" ruleset="Error Prone" package="com.linbit.drbdmanage.propscon" class="PropsConDerbyDriver" method="remove" variable="stmt" externalInfoUrl="https://docs.pmd-code.org/pmd-doc-7.0.0-rc3/pmd_rules_java_errorprone.html#closeresource" priority="3">
Ensure that resources like this PreparedStatement object are closed after use
</violation>
<violation beginline="124" endline="124" begincolumn="31" endcolumn="35" rule="CloseResource" ruleset="Error Prone" package="com.linbit.drbdmanage.propscon" class="PropsConDerbyDriver" method="remove" variable="stmt" externalInfoUrl="https://docs.pmd-code.org/pmd-doc-7.0.0-rc3/pmd_rules_java_errorprone.html#closeresource" priority="3">
Ensure that resources like this PreparedStatement object are closed after use
</violation>
<violation beginline="142" endline="142" begincolumn="31" endcolumn="35" rule="CloseResource" ruleset="Error Prone" package="com.linbit.drbdmanage.propscon" class="PropsConDerbyDriver" method="removeAll" variable="stmt" externalInfoUrl="https://docs.pmd-code.org/pmd-doc-7.0.0-rc3/pmd_rules_java_errorprone.html#closeresource" priority="3">
Ensure that resources like this PreparedStatement object are closed after use
</violation>
<violation beginline="157" endline="157" begincolumn="31" endcolumn="35" rule="CloseResource" ruleset="Error Prone" package="com.linbit.drbdmanage.propscon" class="PropsConDerbyDriver" method="load" variable="stmt" externalInfoUrl="https://docs.pmd-code.org/pmd-doc-7.0.0-rc3/pmd_rules_java_errorprone.html#closeresource" priority="3">
Ensure that resources like this PreparedStatement object are closed after use
</violation>
<violation beginline="161" endline="161" begincolumn="23" endcolumn="32" rule="CloseResource" ruleset="Error Prone" package="com.linbit.drbdmanage.propscon" class="PropsConDerbyDriver" method="load" variable="resultSet" externalInfoUrl="https://docs.pmd-code.org/pmd-doc-7.0.0-rc3/pmd_rules_java_errorprone.html#closeresource" priority="3">
Ensure that resources like this ResultSet object are closed after use
</violation>
</file>
</pmd>
