<?xml version="1.0" encoding="UTF-8"?>
<pmd xmlns="http://pmd.sourceforge.net/report/2.0.0" xmlns:xsi="http://www.w3.org/2001/XMLSchema-instance" xsi:schemaLocation="http://pmd.sourceforge.net/report/2.0.0 http://pmd.sourceforge.net/report_2_0_0.xsd" version="7.0.0-rc3" timestamp="2023-10-29T03:16:10.621">
<file name="/mnt/disk3/lty/JLeaks/data/javafile/bug/bug-1027-5c0e5939928a0e84413faa4638b8298159bc95fc31361844f2e4be877b63d052.java">
<violation beginline="146" endline="146" begincolumn="37" endcolumn="39" rule="CloseResource" ruleset="Error Prone" package="org.unicode.cldr.util" class="CLDRConfigImpl" method="init" variable="is" externalInfoUrl="https://docs.pmd-code.org/pmd-doc-7.0.0-rc3/pmd_rules_java_errorprone.html#closeresource" priority="3">
Ensure that resources like this FileInputStream object are closed after use
</violation>
<violation beginline="162" endline="162" begincolumn="41" endcolumn="43" rule="CloseResource" ruleset="Error Prone" package="org.unicode.cldr.util" class="CLDRConfigImpl" method="init" variable="is" externalInfoUrl="https://docs.pmd-code.org/pmd-doc-7.0.0-rc3/pmd_rules_java_errorprone.html#closeresource" priority="3">
Ensure that resources like this FileInputStream object are closed after use
</violation>
<violation beginline="183" endline="183" begincolumn="26" endcolumn="30" rule="CloseResource" ruleset="Error Prone" package="org.unicode.cldr.util" class="CLDRConfigImpl" method="writeHelperFile" variable="file" externalInfoUrl="https://docs.pmd-code.org/pmd-doc-7.0.0-rc3/pmd_rules_java_errorprone.html#closeresource" priority="3">
Ensure that resources like this FileOutputStream object are closed after use
</violation>
<violation beginline="184" endline="184" begincolumn="25" endcolumn="27" rule="CloseResource" ruleset="Error Prone" package="org.unicode.cldr.util" class="CLDRConfigImpl" method="writeHelperFile" variable="pw" externalInfoUrl="https://docs.pmd-code.org/pmd-doc-7.0.0-rc3/pmd_rules_java_errorprone.html#closeresource" priority="3">
Ensure that resources like this PrintWriter object are closed after use
</violation>
<violation beginline="204" endline="204" begincolumn="26" endcolumn="30" rule="CloseResource" ruleset="Error Prone" package="org.unicode.cldr.util" class="CLDRConfigImpl" method="createBasicCldr" variable="file" externalInfoUrl="https://docs.pmd-code.org/pmd-doc-7.0.0-rc3/pmd_rules_java_errorprone.html#closeresource" priority="3">
Ensure that resources like this FileOutputStream object are closed after use
</violation>
<violation beginline="205" endline="205" begincolumn="25" endcolumn="27" rule="CloseResource" ruleset="Error Prone" package="org.unicode.cldr.util" class="CLDRConfigImpl" method="createBasicCldr" variable="pw" externalInfoUrl="https://docs.pmd-code.org/pmd-doc-7.0.0-rc3/pmd_rules_java_errorprone.html#closeresource" priority="3">
Ensure that resources like this PrintWriter object are closed after use
</violation>
</file>
</pmd>
