<?xml version="1.0" encoding="UTF-8"?>
<pmd xmlns="http://pmd.sourceforge.net/report/2.0.0" xmlns:xsi="http://www.w3.org/2001/XMLSchema-instance" xsi:schemaLocation="http://pmd.sourceforge.net/report/2.0.0 http://pmd.sourceforge.net/report_2_0_0.xsd" version="7.0.0-rc3" timestamp="2023-10-29T01:43:53.289">
<file name="/mnt/disk3/lty/JLeaks/data/javafile/bug/bug-829-cd0d2bb904484e42e8c771bb8dc384436965e1148a4dbd7a98174b7e239c32c3.java">
<violation beginline="367" endline="367" begincolumn="18" endcolumn="24" rule="CloseResource" ruleset="Error Prone" package="org.pentaho.di.core.database" class="Database" method="connect" variable="lookup" externalInfoUrl="https://docs.pmd-code.org/pmd-doc-7.0.0-rc3/pmd_rules_java_errorprone.html#closeresource" priority="3">
Ensure that resources like this Database object are closed after use
</violation>
<violation beginline="1535" endline="1535" begincolumn="27" endcolumn="36" rule="CloseResource" ruleset="Error Prone" package="org.pentaho.di.core.database" class="Database" method="execStatement" variable="prep_stmt" externalInfoUrl="https://docs.pmd-code.org/pmd-doc-7.0.0-rc3/pmd_rules_java_errorprone.html#closeresource" priority="3">
Ensure that resources like this PreparedStatement object are closed after use
</violation>
<violation beginline="1543" endline="1543" begincolumn="19" endcolumn="23" rule="CloseResource" ruleset="Error Prone" package="org.pentaho.di.core.database" class="Database" method="execStatement" variable="stmt" externalInfoUrl="https://docs.pmd-code.org/pmd-doc-7.0.0-rc3/pmd_rules_java_errorprone.html#closeresource" priority="3">
Ensure that resources like this Statement object are closed after use
</violation>
<violation beginline="2039" endline="2039" begincolumn="17" endcolumn="24" rule="CloseResource" ruleset="Error Prone" package="org.pentaho.di.core.database" class="Database" method="checkColumnExistsByDbMeta" variable="columns" externalInfoUrl="https://docs.pmd-code.org/pmd-doc-7.0.0-rc3/pmd_rules_java_errorprone.html#closeresource" priority="3">
Ensure that resources like this ResultSet object are closed after use
</violation>
<violation beginline="2112" endline="2112" begincolumn="17" endcolumn="20" rule="CloseResource" ruleset="Error Prone" package="org.pentaho.di.core.database" class="Database" method="checkSequenceExists" variable="res" externalInfoUrl="https://docs.pmd-code.org/pmd-doc-7.0.0-rc3/pmd_rules_java_errorprone.html#closeresource" priority="3">
Ensure that resources like this ResultSet object are closed after use
</violation>
<violation beginline="2330" endline="2330" begincolumn="17" endcolumn="19" rule="CloseResource" ruleset="Error Prone" package="org.pentaho.di.core.database" class="Database" method="getTableFieldsMetaByDbMeta" variable="rm" externalInfoUrl="https://docs.pmd-code.org/pmd-doc-7.0.0-rc3/pmd_rules_java_errorprone.html#closeresource" priority="3">
Ensure that resources like this ResultSet object are closed after use
</violation>
<violation beginline="2465" endline="2465" begincolumn="15" endcolumn="22" rule="CloseResource" ruleset="Error Prone" package="org.pentaho.di.core.database" class="Database" method="getQueryFieldsFromDatabaseMetaData" variable="columns" externalInfoUrl="https://docs.pmd-code.org/pmd-doc-7.0.0-rc3/pmd_rules_java_errorprone.html#closeresource" priority="3">
Ensure that resources like this ResultSet object are closed after use
</violation>
<violation beginline="3361" endline="3361" begincolumn="15" endcolumn="17" rule="CloseResource" ruleset="Error Prone" package="org.pentaho.di.core.database" class="Database" method="getOneRow" variable="rs" externalInfoUrl="https://docs.pmd-code.org/pmd-doc-7.0.0-rc3/pmd_rules_java_errorprone.html#closeresource" priority="3">
Ensure that resources like this ResultSet object are closed after use
</violation>
<violation beginline="3684" endline="3684" begincolumn="17" endcolumn="20" rule="CloseResource" ruleset="Error Prone" package="org.pentaho.di.core.database" class="Database" method="getLastLogDate" variable="res" externalInfoUrl="https://docs.pmd-code.org/pmd-doc-7.0.0-rc3/pmd_rules_java_errorprone.html#closeresource" priority="3">
Ensure that resources like this ResultSet object are closed after use
</violation>
<violation beginline="3902" endline="3902" begincolumn="17" endcolumn="21" rule="CloseResource" ruleset="Error Prone" package="org.pentaho.di.core.database" class="Database" method="getTableTypes" variable="rstt" externalInfoUrl="https://docs.pmd-code.org/pmd-doc-7.0.0-rc3/pmd_rules_java_errorprone.html#closeresource" priority="3">
Ensure that resources like this ResultSet object are closed after use
</violation>
<violation beginline="4665" endline="4665" begincolumn="13" endcolumn="39" rule="CloseResource" ruleset="Error Prone" package="org.pentaho.di.core.database" class="Database" method="callProcedure" externalInfoUrl="https://docs.pmd-code.org/pmd-doc-7.0.0-rc3/pmd_rules_java_errorprone.html#closeresource" priority="3">
'rs' is reassigned, but the original instance is not closed
</violation>
<violation beginline="5054" endline="5054" begincolumn="22" endcolumn="26" rule="CloseResource" ruleset="Error Prone" package="org.pentaho.di.core.database" class="Database" method="execStatementsFromFile" variable="buff" externalInfoUrl="https://docs.pmd-code.org/pmd-doc-7.0.0-rc3/pmd_rules_java_errorprone.html#closeresource" priority="3">
Ensure that resources like this BufferedReader object are closed after use
</violation>
</file>
</pmd>
