<?xml version="1.0" encoding="UTF-8"?>
<pmd xmlns="http://pmd.sourceforge.net/report/2.0.0" xmlns:xsi="http://www.w3.org/2001/XMLSchema-instance" xsi:schemaLocation="http://pmd.sourceforge.net/report/2.0.0 http://pmd.sourceforge.net/report_2_0_0.xsd" version="7.0.0-rc3" timestamp="2023-10-29T03:17:13.856">
<file name="/mnt/disk3/lty/JLeaks/data/javafile/bug/bug-1064-8e062b6a165bb45369cfa4700af417b57c9404eb53f87e1501ff50b2e58d77c7.java">
<violation beginline="132" endline="132" begincolumn="15" endcolumn="24" rule="CloseResource" ruleset="Error Prone" package="com.ibm.wala.shrikeBT.tools" class="JarInput" method="open" variable="cachedJar" externalInfoUrl="https://docs.pmd-code.org/pmd-doc-7.0.0-rc3/pmd_rules_java_errorprone.html#closeresource" priority="3">
Ensure that resources like this JarFile object are closed after use
</violation>
<violation beginline="156" endline="156" begincolumn="15" endcolumn="24" rule="CloseResource" ruleset="Error Prone" package="com.ibm.wala.shrikeBT.tools" class="JarInput" method="getEntry" variable="cachedJar" externalInfoUrl="https://docs.pmd-code.org/pmd-doc-7.0.0-rc3/pmd_rules_java_errorprone.html#closeresource" priority="3">
Ensure that resources like this JarFile object are closed after use
</violation>
<violation beginline="234" endline="234" begincolumn="13" endcolumn="15" rule="CloseResource" ruleset="Error Prone" package="com.ibm.wala.shrikeBT.tools" class="OfflineInstrumenterBase" method="addInputJar" variable="jf" externalInfoUrl="https://docs.pmd-code.org/pmd-doc-7.0.0-rc3/pmd_rules_java_errorprone.html#closeresource" priority="3">
Ensure that resources like this JarFile object are closed after use
</violation>
<violation beginline="437" endline="437" begincolumn="28" endcolumn="29" rule="CloseResource" ruleset="Error Prone" package="com.ibm.wala.shrikeBT.tools" class="OfflineInstrumenterBase" method="internalOutputModifiedClass" variable="s" externalInfoUrl="https://docs.pmd-code.org/pmd-doc-7.0.0-rc3/pmd_rules_java_errorprone.html#closeresource" priority="3">
Ensure that resources like this BufferedOutputStream object are closed after use
</violation>
<violation beginline="460" endline="460" begincolumn="30" endcolumn="33" rule="CloseResource" ruleset="Error Prone" package="com.ibm.wala.shrikeBT.tools" class="OfflineInstrumenterBase" method="makeOutputJar" variable="out" externalInfoUrl="https://docs.pmd-code.org/pmd-doc-7.0.0-rc3/pmd_rules_java_errorprone.html#closeresource" priority="3">
Ensure that resources like this FileOutputStream object are closed after use
</violation>
<violation beginline="570" endline="570" begincolumn="36" endcolumn="41" rule="CloseResource" ruleset="Error Prone" package="com.ibm.wala.shrikeBT.tools" class="OfflineInstrumenterBase" method="writeUnmodifiedClasses" variable="clOut" externalInfoUrl="https://docs.pmd-code.org/pmd-doc-7.0.0-rc3/pmd_rules_java_errorprone.html#closeresource" priority="3">
Ensure that resources like this BufferedOutputStream object are closed after use
</violation>
<violation beginline="584" endline="584" begincolumn="36" endcolumn="41" rule="CloseResource" ruleset="Error Prone" package="com.ibm.wala.shrikeBT.tools" class="OfflineInstrumenterBase" method="writeUnmodifiedClasses" variable="clOut" externalInfoUrl="https://docs.pmd-code.org/pmd-doc-7.0.0-rc3/pmd_rules_java_errorprone.html#closeresource" priority="3">
Ensure that resources like this BufferedOutputStream object are closed after use
</violation>
</file>
</pmd>
