<?xml version="1.0" encoding="UTF-8"?>
<pmd xmlns="http://pmd.sourceforge.net/report/2.0.0" xmlns:xsi="http://www.w3.org/2001/XMLSchema-instance" xsi:schemaLocation="http://pmd.sourceforge.net/report/2.0.0 http://pmd.sourceforge.net/report_2_0_0.xsd" version="7.0.0-rc3" timestamp="2023-10-29T00:33:30.756">
<file name="/mnt/disk3/lty/JLeaks/data/javafile/bug/bug-245-efef1b20c386d69158716d3f306bbb202896be750d4ffe18d74cc4e2e650006a.java">
<violation beginline="66" endline="66" begincolumn="17" endcolumn="25" rule="CloseResource" ruleset="Error Prone" package="com.google.devtools.build.lib.util.io" class="OutErr" method="getSystemPatcher" variable="savedOut" externalInfoUrl="https://docs.pmd-code.org/pmd-doc-7.0.0-rc3/pmd_rules_java_errorprone.html#closeresource" priority="3">
Ensure that resources like this PrintStream object are closed after use
</violation>
<violation beginline="67" endline="67" begincolumn="17" endcolumn="25" rule="CloseResource" ruleset="Error Prone" package="com.google.devtools.build.lib.util.io" class="OutErr" method="getSystemPatcher" variable="savedErr" externalInfoUrl="https://docs.pmd-code.org/pmd-doc-7.0.0-rc3/pmd_rules_java_errorprone.html#closeresource" priority="3">
Ensure that resources like this PrintStream object are closed after use
</violation>
<violation beginline="68" endline="68" begincolumn="26" endcolumn="34" rule="CloseResource" ruleset="Error Prone" package="com.google.devtools.build.lib.util.io" class="OutErr" method="getSystemPatcher" variable="outPatch" externalInfoUrl="https://docs.pmd-code.org/pmd-doc-7.0.0-rc3/pmd_rules_java_errorprone.html#closeresource" priority="3">
Ensure that resources like this SwitchingPrintStream object are closed after use
</violation>
<violation beginline="69" endline="69" begincolumn="26" endcolumn="34" rule="CloseResource" ruleset="Error Prone" package="com.google.devtools.build.lib.util.io" class="OutErr" method="getSystemPatcher" variable="errPatch" externalInfoUrl="https://docs.pmd-code.org/pmd-doc-7.0.0-rc3/pmd_rules_java_errorprone.html#closeresource" priority="3">
Ensure that resources like this SwitchingPrintStream object are closed after use
</violation>
<violation beginline="155" endline="155" begincolumn="17" endcolumn="23" rule="CloseResource" ruleset="Error Prone" package="com.google.devtools.build.lib.util.io" class="OutErr" method="printOut" variable="writer" externalInfoUrl="https://docs.pmd-code.org/pmd-doc-7.0.0-rc3/pmd_rules_java_errorprone.html#closeresource" priority="3">
Ensure that resources like this PrintWriter object are closed after use
</violation>
<violation beginline="168" endline="168" begincolumn="17" endcolumn="23" rule="CloseResource" ruleset="Error Prone" package="com.google.devtools.build.lib.util.io" class="OutErr" method="printErr" variable="writer" externalInfoUrl="https://docs.pmd-code.org/pmd-doc-7.0.0-rc3/pmd_rules_java_errorprone.html#closeresource" priority="3">
Ensure that resources like this PrintWriter object are closed after use
</violation>
</file>
</pmd>
