<?xml version="1.0" encoding="UTF-8"?>
<pmd xmlns="http://pmd.sourceforge.net/report/2.0.0" xmlns:xsi="http://www.w3.org/2001/XMLSchema-instance" xsi:schemaLocation="http://pmd.sourceforge.net/report/2.0.0 http://pmd.sourceforge.net/report_2_0_0.xsd" version="7.0.0-rc3" timestamp="2023-10-29T01:11:39.035">
<file name="/mnt/disk3/lty/JLeaks/data/javafile/bug/bug-614-193e669214a9bd9e7d172c678c01578d01312a8fe6e6dfbc9258e9e915bbcc5c.java">
<violation beginline="185" endline="185" begincolumn="25" endcolumn="27" rule="CloseResource" ruleset="Error Prone" package="com.sun.media.sound" class="ModelByteBufferWavetable" method="getFormat" variable="is" externalInfoUrl="https://docs.pmd-code.org/pmd-doc-7.0.0-rc3/pmd_rules_java_errorprone.html#closeresource" priority="3">
Ensure that resources like this InputStream object are closed after use
</violation>
<violation beginline="207" endline="207" begincolumn="25" endcolumn="27" rule="CloseResource" ruleset="Error Prone" package="com.sun.media.sound" class="ModelByteBufferWavetable" method="openStream" variable="is" externalInfoUrl="https://docs.pmd-code.org/pmd-doc-7.0.0-rc3/pmd_rules_java_errorprone.html#closeresource" priority="3">
Ensure that resources like this InputStream object are closed after use
</violation>
<violation beginline="225" endline="225" begincolumn="29" endcolumn="31" rule="CloseResource" ruleset="Error Prone" package="com.sun.media.sound" class="ModelByteBufferWavetable" method="openStream" variable="is" externalInfoUrl="https://docs.pmd-code.org/pmd-doc-7.0.0-rc3/pmd_rules_java_errorprone.html#closeresource" priority="3">
Ensure that resources like this Buffer8PlusInputStream object are closed after use
</violation>
</file>
</pmd>
