<?xml version="1.0" encoding="UTF-8"?>
<pmd xmlns="http://pmd.sourceforge.net/report/2.0.0" xmlns:xsi="http://www.w3.org/2001/XMLSchema-instance" xsi:schemaLocation="http://pmd.sourceforge.net/report/2.0.0 http://pmd.sourceforge.net/report_2_0_0.xsd" version="7.0.0-rc3" timestamp="2023-10-29T01:59:26.328">
<file name="/mnt/disk3/lty/JLeaks/data/javafile/bug/bug-919-9d79b4c6afe2bc4770fed8028dad7c7275eb69e0e6ba1d5fa018c636084eabc5.java">
<violation beginline="68" endline="68" begincolumn="21" endcolumn="23" rule="CloseResource" ruleset="Error Prone" package="org.spongepowered.api.asset" class="Asset" method="copyToFile" variable="in" externalInfoUrl="https://docs.pmd-code.org/pmd-doc-7.0.0-rc3/pmd_rules_java_errorprone.html#closeresource" priority="3">
Ensure that resources like this InputStream object are closed after use
</violation>
<violation beginline="81" endline="81" begincolumn="24" endcolumn="30" rule="CloseResource" ruleset="Error Prone" package="org.spongepowered.api.asset" class="Asset" method="readString" variable="reader" externalInfoUrl="https://docs.pmd-code.org/pmd-doc-7.0.0-rc3/pmd_rules_java_errorprone.html#closeresource" priority="3">
Ensure that resources like this BufferedReader object are closed after use
</violation>
<violation beginline="99" endline="99" begincolumn="21" endcolumn="23" rule="CloseResource" ruleset="Error Prone" package="org.spongepowered.api.asset" class="Asset" method="readBytes" variable="in" externalInfoUrl="https://docs.pmd-code.org/pmd-doc-7.0.0-rc3/pmd_rules_java_errorprone.html#closeresource" priority="3">
Ensure that resources like this InputStream object are closed after use
</violation>
</file>
</pmd>
