<?xml version="1.0" encoding="UTF-8"?>
<pmd xmlns="http://pmd.sourceforge.net/report/2.0.0" xmlns:xsi="http://www.w3.org/2001/XMLSchema-instance" xsi:schemaLocation="http://pmd.sourceforge.net/report/2.0.0 http://pmd.sourceforge.net/report_2_0_0.xsd" version="7.0.0-rc3" timestamp="2023-10-29T00:57:39.113">
<file name="/mnt/disk3/lty/JLeaks/data/javafile/bug/bug-525-76f69f1806eb2788dde4fbaa4039100eaa5a10a45c30eee8f87dd2cfb6cc3eb3.java">
<violation beginline="34" endline="34" begincolumn="16" endcolumn="19" rule="CloseResource" ruleset="Error Prone" package="freenet.support" class="BucketTools" method="copy" variable="out" externalInfoUrl="https://docs.pmd-code.org/pmd-doc-7.0.0-rc3/pmd_rules_java_errorprone.html#closeresource" priority="3">
Ensure that resources like this OutputStream object are closed after use
</violation>
<violation beginline="35" endline="35" begincolumn="15" endcolumn="17" rule="CloseResource" ruleset="Error Prone" package="freenet.support" class="BucketTools" method="copy" variable="in" externalInfoUrl="https://docs.pmd-code.org/pmd-doc-7.0.0-rc3/pmd_rules_java_errorprone.html#closeresource" priority="3">
Ensure that resources like this InputStream object are closed after use
</violation>
<violation beginline="36" endline="36" begincolumn="23" endcolumn="34" rule="CloseResource" ruleset="Error Prone" package="freenet.support" class="BucketTools" method="copy" variable="readChannel" externalInfoUrl="https://docs.pmd-code.org/pmd-doc-7.0.0-rc3/pmd_rules_java_errorprone.html#closeresource" priority="3">
Ensure that resources like this ReadableByteChannel object are closed after use
</violation>
<violation beginline="37" endline="37" begincolumn="23" endcolumn="35" rule="CloseResource" ruleset="Error Prone" package="freenet.support" class="BucketTools" method="copy" variable="writeChannel" externalInfoUrl="https://docs.pmd-code.org/pmd-doc-7.0.0-rc3/pmd_rules_java_errorprone.html#closeresource" priority="3">
Ensure that resources like this WritableByteChannel object are closed after use
</violation>
<violation beginline="53" endline="53" begincolumn="16" endcolumn="19" rule="CloseResource" ruleset="Error Prone" package="freenet.support" class="BucketTools" method="zeroPad" variable="out" externalInfoUrl="https://docs.pmd-code.org/pmd-doc-7.0.0-rc3/pmd_rules_java_errorprone.html#closeresource" priority="3">
Ensure that resources like this OutputStream object are closed after use
</violation>
<violation beginline="82" endline="82" begincolumn="16" endcolumn="19" rule="CloseResource" ruleset="Error Prone" package="freenet.support" class="BucketTools" method="paddedCopy" variable="out" externalInfoUrl="https://docs.pmd-code.org/pmd-doc-7.0.0-rc3/pmd_rules_java_errorprone.html#closeresource" priority="3">
Ensure that resources like this OutputStream object are closed after use
</violation>
<violation beginline="84" endline="84" begincolumn="15" endcolumn="17" rule="CloseResource" ruleset="Error Prone" package="freenet.support" class="BucketTools" method="paddedCopy" variable="in" externalInfoUrl="https://docs.pmd-code.org/pmd-doc-7.0.0-rc3/pmd_rules_java_errorprone.html#closeresource" priority="3">
Ensure that resources like this InputStream object are closed after use
</violation>
<violation beginline="309" endline="309" begincolumn="15" endcolumn="17" rule="CloseResource" ruleset="Error Prone" package="freenet.support" class="BucketTools" method="toByteArray" variable="is" externalInfoUrl="https://docs.pmd-code.org/pmd-doc-7.0.0-rc3/pmd_rules_java_errorprone.html#closeresource" priority="3">
Ensure that resources like this InputStream object are closed after use
</violation>
<violation beginline="310" endline="310" begincolumn="19" endcolumn="22" rule="CloseResource" ruleset="Error Prone" package="freenet.support" class="BucketTools" method="toByteArray" variable="dis" externalInfoUrl="https://docs.pmd-code.org/pmd-doc-7.0.0-rc3/pmd_rules_java_errorprone.html#closeresource" priority="3">
Ensure that resources like this DataInputStream object are closed after use
</violation>
<violation beginline="318" endline="318" begincolumn="16" endcolumn="18" rule="CloseResource" ruleset="Error Prone" package="freenet.support" class="BucketTools" method="makeImmutableBucket" variable="os" externalInfoUrl="https://docs.pmd-code.org/pmd-doc-7.0.0-rc3/pmd_rules_java_errorprone.html#closeresource" priority="3">
Ensure that resources like this OutputStream object are closed after use
</violation>
<violation beginline="328" endline="328" begincolumn="16" endcolumn="18" rule="CloseResource" ruleset="Error Prone" package="freenet.support" class="BucketTools" method="hash" variable="is" externalInfoUrl="https://docs.pmd-code.org/pmd-doc-7.0.0-rc3/pmd_rules_java_errorprone.html#closeresource" priority="3">
Ensure that resources like this InputStream object are closed after use
</violation>
<violation beginline="354" endline="354" begincolumn="15" endcolumn="17" rule="CloseResource" ruleset="Error Prone" package="freenet.support" class="BucketTools" method="copyTo" variable="is" externalInfoUrl="https://docs.pmd-code.org/pmd-doc-7.0.0-rc3/pmd_rules_java_errorprone.html#closeresource" priority="3">
Ensure that resources like this InputStream object are closed after use
</violation>
<violation beginline="394" endline="394" begincolumn="15" endcolumn="17" rule="CloseResource" ruleset="Error Prone" package="freenet.support" class="BucketTools" method="split" variable="is" externalInfoUrl="https://docs.pmd-code.org/pmd-doc-7.0.0-rc3/pmd_rules_java_errorprone.html#closeresource" priority="3">
Ensure that resources like this InputStream object are closed after use
</violation>
<violation beginline="395" endline="395" begincolumn="19" endcolumn="22" rule="CloseResource" ruleset="Error Prone" package="freenet.support" class="BucketTools" method="split" variable="dis" externalInfoUrl="https://docs.pmd-code.org/pmd-doc-7.0.0-rc3/pmd_rules_java_errorprone.html#closeresource" priority="3">
Ensure that resources like this DataInputStream object are closed after use
</violation>
<violation beginline="404" endline="404" begincolumn="17" endcolumn="19" rule="CloseResource" ruleset="Error Prone" package="freenet.support" class="BucketTools" method="split" variable="os" externalInfoUrl="https://docs.pmd-code.org/pmd-doc-7.0.0-rc3/pmd_rules_java_errorprone.html#closeresource" priority="3">
Ensure that resources like this OutputStream object are closed after use
</violation>
</file>
</pmd>
