<?xml version="1.0" encoding="UTF-8"?>
<pmd xmlns="http://pmd.sourceforge.net/report/2.0.0" xmlns:xsi="http://www.w3.org/2001/XMLSchema-instance" xsi:schemaLocation="http://pmd.sourceforge.net/report/2.0.0 http://pmd.sourceforge.net/report_2_0_0.xsd" version="7.0.0-rc3" timestamp="2023-10-29T01:24:10.784">
<file name="/mnt/disk3/lty/JLeaks/data/javafile/bug/bug-735-bb8049edd1720ed0312677ca7975c7065f5becf2056ffecf62cbc406eec43411.java">
<violation beginline="68" endline="68" begincolumn="19" endcolumn="28" rule="CloseResource" ruleset="Error Prone" package="org.neo4j.kernel.builtinprocs" class="BuiltInProcedures" method="listLabels" variable="statement" externalInfoUrl="https://docs.pmd-code.org/pmd-doc-7.0.0-rc3/pmd_rules_java_errorprone.html#closeresource" priority="3">
Ensure that resources like this Statement object are closed after use
</violation>
<violation beginline="87" endline="87" begincolumn="19" endcolumn="28" rule="CloseResource" ruleset="Error Prone" package="org.neo4j.kernel.builtinprocs" class="BuiltInProcedures" method="listPropertyKeys" variable="statement" externalInfoUrl="https://docs.pmd-code.org/pmd-doc-7.0.0-rc3/pmd_rules_java_errorprone.html#closeresource" priority="3">
Ensure that resources like this Statement object are closed after use
</violation>
<violation beginline="107" endline="107" begincolumn="19" endcolumn="28" rule="CloseResource" ruleset="Error Prone" package="org.neo4j.kernel.builtinprocs" class="BuiltInProcedures" method="listRelationshipTypes" variable="statement" externalInfoUrl="https://docs.pmd-code.org/pmd-doc-7.0.0-rc3/pmd_rules_java_errorprone.html#closeresource" priority="3">
Ensure that resources like this Statement object are closed after use
</violation>
</file>
</pmd>
