<?xml version="1.0" encoding="UTF-8"?>
<pmd xmlns="http://pmd.sourceforge.net/report/2.0.0" xmlns:xsi="http://www.w3.org/2001/XMLSchema-instance" xsi:schemaLocation="http://pmd.sourceforge.net/report/2.0.0 http://pmd.sourceforge.net/report_2_0_0.xsd" version="7.0.0-rc3" timestamp="2023-10-29T00:55:36.670">
<file name="/mnt/disk3/lty/JLeaks/data/javafile/bug/bug-451-1ee9d7e0ddc141b3f50624d74e14ae4e3d23ec991f20d1a2980dfd2c47f0e1ff.java">
<violation beginline="112" endline="112" begincolumn="24" endcolumn="26" rule="CloseResource" ruleset="Error Prone" package="com.gitblit.utils" class="FileUtils" method="readContent" variable="is" externalInfoUrl="https://docs.pmd-code.org/pmd-doc-7.0.0-rc3/pmd_rules_java_errorprone.html#closeresource" priority="3">
Ensure that resources like this BufferedInputStream object are closed after use
</violation>
<violation beginline="132" endline="132" begincolumn="22" endcolumn="24" rule="CloseResource" ruleset="Error Prone" package="com.gitblit.utils" class="FileUtils" method="readContent" variable="is" externalInfoUrl="https://docs.pmd-code.org/pmd-doc-7.0.0-rc3/pmd_rules_java_errorprone.html#closeresource" priority="3">
Ensure that resources like this InputStreamReader object are closed after use
</violation>
<violation beginline="134" endline="134" begincolumn="19" endcolumn="25" rule="CloseResource" ruleset="Error Prone" package="com.gitblit.utils" class="FileUtils" method="readContent" variable="reader" externalInfoUrl="https://docs.pmd-code.org/pmd-doc-7.0.0-rc3/pmd_rules_java_errorprone.html#closeresource" priority="3">
Ensure that resources like this BufferedReader object are closed after use
</violation>
<violation beginline="158" endline="158" begincolumn="23" endcolumn="25" rule="CloseResource" ruleset="Error Prone" package="com.gitblit.utils" class="FileUtils" method="writeContent" variable="os" externalInfoUrl="https://docs.pmd-code.org/pmd-doc-7.0.0-rc3/pmd_rules_java_errorprone.html#closeresource" priority="3">
Ensure that resources like this OutputStreamWriter object are closed after use
</violation>
<violation beginline="160" endline="160" begincolumn="19" endcolumn="25" rule="CloseResource" ruleset="Error Prone" package="com.gitblit.utils" class="FileUtils" method="writeContent" variable="writer" externalInfoUrl="https://docs.pmd-code.org/pmd-doc-7.0.0-rc3/pmd_rules_java_errorprone.html#closeresource" priority="3">
Ensure that resources like this BufferedWriter object are closed after use
</violation>
</file>
</pmd>
