<?xml version="1.0" encoding="UTF-8"?>
<pmd xmlns="http://pmd.sourceforge.net/report/2.0.0" xmlns:xsi="http://www.w3.org/2001/XMLSchema-instance" xsi:schemaLocation="http://pmd.sourceforge.net/report/2.0.0 http://pmd.sourceforge.net/report_2_0_0.xsd" version="7.0.0-rc3" timestamp="2023-10-29T03:16:41.085">
<file name="/mnt/disk3/lty/JLeaks/data/javafile/bug/bug-1043-40b328a8f091795d95005fa5f5f421c32e3d7c7681a8d7596db7ecf98969c210.java">
<violation beginline="136" endline="136" begincolumn="19" endcolumn="20" rule="CloseResource" ruleset="Error Prone" package="com.vaadin.data.util.sqlcontainer.query" class="TableQuery" method="getCount" variable="r" externalInfoUrl="https://docs.pmd-code.org/pmd-doc-7.0.0-rc3/pmd_rules_java_errorprone.html#closeresource" priority="3">
Ensure that resources like this ResultSet object are closed after use
</violation>
<violation beginline="243" endline="243" begincolumn="27" endcolumn="32" rule="CloseResource" ruleset="Error Prone" package="com.vaadin.data.util.sqlcontainer.query" class="TableQuery" method="storeRowImmediately" variable="pstmt" externalInfoUrl="https://docs.pmd-code.org/pmd-doc-7.0.0-rc3/pmd_rules_java_errorprone.html#closeresource" priority="3">
Ensure that resources like this PreparedStatement object are closed after use
</violation>
<violation beginline="253" endline="253" begincolumn="23" endcolumn="36" rule="CloseResource" ruleset="Error Prone" package="com.vaadin.data.util.sqlcontainer.query" class="TableQuery" method="storeRowImmediately" variable="generatedKeys" externalInfoUrl="https://docs.pmd-code.org/pmd-doc-7.0.0-rc3/pmd_rules_java_errorprone.html#closeresource" priority="3">
Ensure that resources like this ResultSet object are closed after use
</violation>
<violation beginline="405" endline="405" begincolumn="20" endcolumn="21" rule="CloseResource" ruleset="Error Prone" package="com.vaadin.data.util.sqlcontainer.query" class="TableQuery" method="executeQuery" variable="c" externalInfoUrl="https://docs.pmd-code.org/pmd-doc-7.0.0-rc3/pmd_rules_java_errorprone.html#closeresource" priority="3">
Ensure that resources like this Connection object are closed after use
</violation>
<violation beginline="411" endline="411" begincolumn="27" endcolumn="32" rule="CloseResource" ruleset="Error Prone" package="com.vaadin.data.util.sqlcontainer.query" class="TableQuery" method="executeQuery" variable="pstmt" externalInfoUrl="https://docs.pmd-code.org/pmd-doc-7.0.0-rc3/pmd_rules_java_errorprone.html#closeresource" priority="3">
Ensure that resources like this PreparedStatement object are closed after use
</violation>
<violation beginline="429" endline="429" begincolumn="20" endcolumn="21" rule="CloseResource" ruleset="Error Prone" package="com.vaadin.data.util.sqlcontainer.query" class="TableQuery" method="executeUpdate" variable="c" externalInfoUrl="https://docs.pmd-code.org/pmd-doc-7.0.0-rc3/pmd_rules_java_errorprone.html#closeresource" priority="3">
Ensure that resources like this Connection object are closed after use
</violation>
<violation beginline="470" endline="470" begincolumn="20" endcolumn="21" rule="CloseResource" ruleset="Error Prone" package="com.vaadin.data.util.sqlcontainer.query" class="TableQuery" method="executeUpdateReturnKeys" variable="c" externalInfoUrl="https://docs.pmd-code.org/pmd-doc-7.0.0-rc3/pmd_rules_java_errorprone.html#closeresource" priority="3">
Ensure that resources like this Connection object are closed after use
</violation>
<violation beginline="508" endline="508" begincolumn="20" endcolumn="21" rule="CloseResource" ruleset="Error Prone" package="com.vaadin.data.util.sqlcontainer.query" class="TableQuery" method="fetchMetaData" variable="c" externalInfoUrl="https://docs.pmd-code.org/pmd-doc-7.0.0-rc3/pmd_rules_java_errorprone.html#closeresource" priority="3">
Ensure that resources like this Connection object are closed after use
</violation>
<violation beginline="514" endline="514" begincolumn="27" endcolumn="33" rule="CloseResource" ruleset="Error Prone" package="com.vaadin.data.util.sqlcontainer.query" class="TableQuery" method="fetchMetaData" variable="tables" externalInfoUrl="https://docs.pmd-code.org/pmd-doc-7.0.0-rc3/pmd_rules_java_errorprone.html#closeresource" priority="3">
Ensure that resources like this ResultSet object are closed after use
</violation>
<violation beginline="528" endline="528" begincolumn="27" endcolumn="29" rule="CloseResource" ruleset="Error Prone" package="com.vaadin.data.util.sqlcontainer.query" class="TableQuery" method="fetchMetaData" variable="rs" externalInfoUrl="https://docs.pmd-code.org/pmd-doc-7.0.0-rc3/pmd_rules_java_errorprone.html#closeresource" priority="3">
Ensure that resources like this ResultSet object are closed after use
</violation>
</file>
</pmd>
