<?xml version="1.0" encoding="UTF-8"?>
<pmd xmlns="http://pmd.sourceforge.net/report/2.0.0" xmlns:xsi="http://www.w3.org/2001/XMLSchema-instance" xsi:schemaLocation="http://pmd.sourceforge.net/report/2.0.0 http://pmd.sourceforge.net/report_2_0_0.xsd" version="7.0.0-rc3" timestamp="2023-10-29T03:16:38.069">
<file name="/mnt/disk3/lty/JLeaks/data/javafile/bug/bug-1041-6f8e5b2b7ea8addf3dc528c4ddc2b5dad36d6d4f736ae0e044a7d2ed7a05a492.java">
<violation beginline="87" endline="87" begincolumn="25" endcolumn="36" rule="CloseResource" ruleset="Error Prone" package="com.vaadin.server.widgetsetutils" class="WidgetSetBuilder" method="updateWidgetSet" variable="printStream" externalInfoUrl="https://docs.pmd-code.org/pmd-doc-7.0.0-rc3/pmd_rules_java_errorprone.html#closeresource" priority="3">
Ensure that resources like this PrintStream object are closed after use
</violation>
<violation beginline="158" endline="158" begincolumn="24" endcolumn="38" rule="CloseResource" ruleset="Error Prone" package="com.vaadin.server.widgetsetutils" class="WidgetSetBuilder" method="commitChanges" variable="bufferedWriter" externalInfoUrl="https://docs.pmd-code.org/pmd-doc-7.0.0-rc3/pmd_rules_java_errorprone.html#closeresource" priority="3">
Ensure that resources like this BufferedWriter object are closed after use
</violation>
<violation beginline="190" endline="190" begincolumn="16" endcolumn="18" rule="CloseResource" ruleset="Error Prone" package="com.vaadin.server.widgetsetutils" class="WidgetSetBuilder" method="readFile" variable="fi" externalInfoUrl="https://docs.pmd-code.org/pmd-doc-7.0.0-rc3/pmd_rules_java_errorprone.html#closeresource" priority="3">
Ensure that resources like this FileReader object are closed after use
</violation>
<violation beginline="191" endline="191" begincolumn="24" endcolumn="38" rule="CloseResource" ruleset="Error Prone" package="com.vaadin.server.widgetsetutils" class="WidgetSetBuilder" method="readFile" variable="bufferedReader" externalInfoUrl="https://docs.pmd-code.org/pmd-doc-7.0.0-rc3/pmd_rules_java_errorprone.html#closeresource" priority="3">
Ensure that resources like this BufferedReader object are closed after use
</violation>
<violation beginline="203" endline="203" begincolumn="21" endcolumn="22" rule="CloseResource" ruleset="Error Prone" package="com.vaadin.server.widgetsetutils" class="WidgetSetBuilder" method="printUsage" variable="o" externalInfoUrl="https://docs.pmd-code.org/pmd-doc-7.0.0-rc3/pmd_rules_java_errorprone.html#closeresource" priority="3">
Ensure that resources like this PrintStream object are closed after use
</violation>
</file>
</pmd>
