<?xml version="1.0" encoding="UTF-8"?>
<pmd xmlns="http://pmd.sourceforge.net/report/2.0.0" xmlns:xsi="http://www.w3.org/2001/XMLSchema-instance" xsi:schemaLocation="http://pmd.sourceforge.net/report/2.0.0 http://pmd.sourceforge.net/report_2_0_0.xsd" version="7.0.0-rc3" timestamp="2023-10-29T00:54:33.760">
<file name="/mnt/disk3/lty/JLeaks/data/javafile/bug/bug-422-7abc9d43090976939d472aed65a00e0c4880ad46c3f45e988d4833430553d9be.java">
<violation beginline="173" endline="173" begincolumn="11" endcolumn="13" rule="CloseResource" ruleset="Error Prone" package="org.evosuite.setup" class="InheritanceTreeGenerator" method="analyzeJarFile" variable="zf" externalInfoUrl="https://docs.pmd-code.org/pmd-doc-7.0.0-rc3/pmd_rules_java_errorprone.html#closeresource" priority="3">
Ensure that resources like this ZipFile object are closed after use
</violation>
<violation beginline="224" endline="224" begincolumn="15" endcolumn="21" rule="CloseResource" ruleset="Error Prone" package="org.evosuite.setup" class="InheritanceTreeGenerator" method="analyzeClassName" variable="stream" externalInfoUrl="https://docs.pmd-code.org/pmd-doc-7.0.0-rc3/pmd_rules_java_errorprone.html#closeresource" priority="3">
Ensure that resources like this InputStream object are closed after use
</violation>
<violation beginline="415" endline="415" begincolumn="25" endcolumn="31" rule="CloseResource" ruleset="Error Prone" package="org.evosuite.setup" class="InheritanceTreeGenerator" method="generateJDKCluster" variable="stream" externalInfoUrl="https://docs.pmd-code.org/pmd-doc-7.0.0-rc3/pmd_rules_java_errorprone.html#closeresource" priority="3">
Ensure that resources like this InputStream object are closed after use
</violation>
<violation beginline="430" endline="430" begincolumn="21" endcolumn="27" rule="CloseResource" ruleset="Error Prone" package="org.evosuite.setup" class="InheritanceTreeGenerator" method="generateJDKCluster" variable="stream" externalInfoUrl="https://docs.pmd-code.org/pmd-doc-7.0.0-rc3/pmd_rules_java_errorprone.html#closeresource" priority="3">
Ensure that resources like this FileOutputStream object are closed after use
</violation>
<violation beginline="483" endline="483" begincolumn="20" endcolumn="26" rule="CloseResource" ruleset="Error Prone" package="org.evosuite.setup" class="InheritanceTreeGenerator" method="writeInheritanceTree" variable="output" externalInfoUrl="https://docs.pmd-code.org/pmd-doc-7.0.0-rc3/pmd_rules_java_errorprone.html#closeresource" priority="3">
Ensure that resources like this GZIPOutputStream object are closed after use
</violation>
</file>
</pmd>
