<?xml version="1.0" encoding="UTF-8"?>
<pmd xmlns="http://pmd.sourceforge.net/report/2.0.0" xmlns:xsi="http://www.w3.org/2001/XMLSchema-instance" xsi:schemaLocation="http://pmd.sourceforge.net/report/2.0.0 http://pmd.sourceforge.net/report_2_0_0.xsd" version="7.0.0-rc3" timestamp="2023-10-29T00:46:12.394">
<file name="/mnt/disk3/lty/JLeaks/data/javafile/bug/bug-372-cedbb42db7cd6195ea4a3d6e079d5fe0b01cac6a4d095b897de0442587144f87.java">
<violation beginline="83" endline="83" begincolumn="19" endcolumn="22" rule="CloseResource" ruleset="Error Prone" package="com.dtstack.flinkx.rdb.util" class="DBUtil" method="executeQuery" variable="res" externalInfoUrl="https://docs.pmd-code.org/pmd-doc-7.0.0-rc3/pmd_rules_java_errorprone.html#closeresource" priority="3">
Ensure that resources like this ResultSet object are closed after use
</violation>
<violation beginline="84" endline="84" begincolumn="19" endcolumn="28" rule="CloseResource" ruleset="Error Prone" package="com.dtstack.flinkx.rdb.util" class="DBUtil" method="executeQuery" variable="statement" externalInfoUrl="https://docs.pmd-code.org/pmd-doc-7.0.0-rc3/pmd_rules_java_errorprone.html#closeresource" priority="3">
Ensure that resources like this Statement object are closed after use
</violation>
<violation beginline="140" endline="140" begincolumn="23" endcolumn="27" rule="CloseResource" ruleset="Error Prone" package="com.dtstack.flinkx.rdb.util" class="DBUtil" method="executeBatch" variable="stmt" externalInfoUrl="https://docs.pmd-code.org/pmd-doc-7.0.0-rc3/pmd_rules_java_errorprone.html#closeresource" priority="3">
Ensure that resources like this Statement object are closed after use
</violation>
<violation beginline="153" endline="153" begincolumn="19" endcolumn="21" rule="CloseResource" ruleset="Error Prone" package="com.dtstack.flinkx.rdb.util" class="DBUtil" method="getPrimaryOrUniqueKeys" variable="rs" externalInfoUrl="https://docs.pmd-code.org/pmd-doc-7.0.0-rc3/pmd_rules_java_errorprone.html#closeresource" priority="3">
Ensure that resources like this ResultSet object are closed after use
</violation>
</file>
</pmd>
