<?xml version="1.0" encoding="UTF-8"?>
<pmd xmlns="http://pmd.sourceforge.net/report/2.0.0" xmlns:xsi="http://www.w3.org/2001/XMLSchema-instance" xsi:schemaLocation="http://pmd.sourceforge.net/report/2.0.0 http://pmd.sourceforge.net/report_2_0_0.xsd" version="7.0.0-rc3" timestamp="2023-10-29T01:12:20.568">
<file name="/mnt/disk3/lty/JLeaks/data/javafile/bug/bug-635-bb14c1a6956d39544ac0dd3c19ca956636594bed3e352d8778cebc332082a9b1.java">
<violation beginline="1466" endline="1466" begincolumn="32" endcolumn="38" rule="CloseResource" ruleset="Error Prone" package="org.jline.builtins" class="SyntaxHighlighter" method="build" variable="reader" externalInfoUrl="https://docs.pmd-code.org/pmd-doc-7.0.0-rc3/pmd_rules_java_errorprone.html#closeresource" priority="3">
Ensure that resources like this BufferedReader object are closed after use
</violation>
<violation beginline="1504" endline="1504" begincolumn="25" endcolumn="36" rule="CloseResource" ruleset="Error Prone" package="org.jline.builtins" class="SyntaxHighlighter" method="build" variable="inputStream" externalInfoUrl="https://docs.pmd-code.org/pmd-doc-7.0.0-rc3/pmd_rules_java_errorprone.html#closeresource" priority="3">
Ensure that resources like this InputStream object are closed after use
</violation>
<violation beginline="2046" endline="2046" begincolumn="24" endcolumn="30" rule="CloseResource" ruleset="Error Prone" package="org.jline.builtins" class="Nano" method="parseConfig" variable="reader" externalInfoUrl="https://docs.pmd-code.org/pmd-doc-7.0.0-rc3/pmd_rules_java_errorprone.html#closeresource" priority="3">
Ensure that resources like this BufferedReader object are closed after use
</violation>
<violation beginline="2511" endline="2511" begincolumn="20" endcolumn="21" rule="CloseResource" ruleset="Error Prone" package="org.jline.builtins" class="Nano" method="save" variable="w" externalInfoUrl="https://docs.pmd-code.org/pmd-doc-7.0.0-rc3/pmd_rules_java_errorprone.html#closeresource" priority="3">
it is recommended to wrap resource 'w' in try-with-resource declaration directly
</violation>
</file>
</pmd>
