<?xml version="1.0" encoding="UTF-8"?>
<pmd xmlns="http://pmd.sourceforge.net/report/2.0.0" xmlns:xsi="http://www.w3.org/2001/XMLSchema-instance" xsi:schemaLocation="http://pmd.sourceforge.net/report/2.0.0 http://pmd.sourceforge.net/report_2_0_0.xsd" version="7.0.0-rc3" timestamp="2023-10-29T00:29:55.136">
<file name="/mnt/disk3/lty/JLeaks/data/javafile/bug/bug-222-ef73fb7c085fb1d68df1e5659524fa9b31000264c43465d418059303322379eb.java">
<violation beginline="439" endline="439" begincolumn="24" endcolumn="34" rule="CloseResource" ruleset="Error Prone" package="org.deidentifier.arx.gui.view.impl.wizard" class="ImportWizardPageJDBC" method="connect" variable="connection" externalInfoUrl="https://docs.pmd-code.org/pmd-doc-7.0.0-rc3/pmd_rules_java_errorprone.html#closeresource" priority="3">
Ensure that resources like this Connection object are closed after use
</violation>
<violation beginline="498" endline="498" begincolumn="24" endcolumn="34" rule="CloseResource" ruleset="Error Prone" package="org.deidentifier.arx.gui.view.impl.wizard" class="ImportWizardPageJDBC" method="readTables" variable="connection" externalInfoUrl="https://docs.pmd-code.org/pmd-doc-7.0.0-rc3/pmd_rules_java_errorprone.html#closeresource" priority="3">
Ensure that resources like this Connection object are closed after use
</violation>
<violation beginline="500" endline="500" begincolumn="23" endcolumn="25" rule="CloseResource" ruleset="Error Prone" package="org.deidentifier.arx.gui.view.impl.wizard" class="ImportWizardPageJDBC" method="readTables" variable="rs" externalInfoUrl="https://docs.pmd-code.org/pmd-doc-7.0.0-rc3/pmd_rules_java_errorprone.html#closeresource" priority="3">
Ensure that resources like this ResultSet object are closed after use
</violation>
</file>
</pmd>
