<?xml version="1.0" encoding="UTF-8"?>
<pmd xmlns="http://pmd.sourceforge.net/report/2.0.0" xmlns:xsi="http://www.w3.org/2001/XMLSchema-instance" xsi:schemaLocation="http://pmd.sourceforge.net/report/2.0.0 http://pmd.sourceforge.net/report_2_0_0.xsd" version="7.0.0-rc3" timestamp="2023-10-29T00:57:41.950">
<file name="/mnt/disk3/lty/JLeaks/data/javafile/bug/bug-527-0bda6cf9b876c5d1c34d21677e29caf936b0ae6da33f28a61b55b423b1a088a3.java">
<violation beginline="109" endline="109" begincolumn="30" endcolumn="33" rule="CloseResource" ruleset="Error Prone" package="freenet.crypt" class="Yarrow" method="seedFromExternalStuff" variable="fis" externalInfoUrl="https://docs.pmd-code.org/pmd-doc-7.0.0-rc3/pmd_rules_java_errorprone.html#closeresource" priority="3">
Ensure that resources like this FileInputStream object are closed after use
</violation>
<violation beginline="110" endline="110" begincolumn="30" endcolumn="33" rule="CloseResource" ruleset="Error Prone" package="freenet.crypt" class="Yarrow" method="seedFromExternalStuff" variable="dis" externalInfoUrl="https://docs.pmd-code.org/pmd-doc-7.0.0-rc3/pmd_rules_java_errorprone.html#closeresource" priority="3">
Ensure that resources like this DataInputStream object are closed after use
</violation>
<violation beginline="164" endline="164" begincolumn="20" endcolumn="23" rule="CloseResource" ruleset="Error Prone" package="freenet.crypt" class="Yarrow" method="read_seed" variable="dis" externalInfoUrl="https://docs.pmd-code.org/pmd-doc-7.0.0-rc3/pmd_rules_java_errorprone.html#closeresource" priority="3">
Ensure that resources like this DataInputStream object are closed after use
</violation>
<violation beginline="180" endline="180" begincolumn="21" endcolumn="24" rule="CloseResource" ruleset="Error Prone" package="freenet.crypt" class="Yarrow" method="write_seed" variable="dos" externalInfoUrl="https://docs.pmd-code.org/pmd-doc-7.0.0-rc3/pmd_rules_java_errorprone.html#closeresource" priority="3">
Ensure that resources like this DataOutputStream object are closed after use
</violation>
</file>
</pmd>
