<?xml version="1.0" encoding="UTF-8"?>
<pmd xmlns="http://pmd.sourceforge.net/report/2.0.0" xmlns:xsi="http://www.w3.org/2001/XMLSchema-instance" xsi:schemaLocation="http://pmd.sourceforge.net/report/2.0.0 http://pmd.sourceforge.net/report_2_0_0.xsd" version="7.0.0-rc3" timestamp="2023-10-29T00:44:58.803">
<file name="/mnt/disk3/lty/JLeaks/data/javafile/bug/bug-332-da9097d01afc1dcd3cfe08e58295dc9b02242b5923ab126ccf167a0a98a27c21.java">
<violation beginline="110" endline="110" begincolumn="23" endcolumn="30" rule="CloseResource" ruleset="Error Prone" package="org.xbill.DNS" class="Transaction" method="processReadyKey" variable="channel" externalInfoUrl="https://docs.pmd-code.org/pmd-doc-7.0.0-rc3/pmd_rules_java_errorprone.html#closeresource" priority="3">
Ensure that resources like this DatagramChannel object are closed after use
</violation>
<violation beginline="152" endline="152" begincolumn="22" endcolumn="30" rule="CloseResource" ruleset="Error Prone" package="org.xbill.DNS" class="NioUdpClient" method="sendrecv" variable="selector" externalInfoUrl="https://docs.pmd-code.org/pmd-doc-7.0.0-rc3/pmd_rules_java_errorprone.html#closeresource" priority="3">
Ensure that resources like this Selector object are closed after use
</violation>
<violation beginline="153" endline="153" begincolumn="23" endcolumn="30" rule="CloseResource" ruleset="Error Prone" package="org.xbill.DNS" class="NioUdpClient" method="sendrecv" variable="channel" externalInfoUrl="https://docs.pmd-code.org/pmd-doc-7.0.0-rc3/pmd_rules_java_errorprone.html#closeresource" priority="3">
Ensure that resources like this DatagramChannel object are closed after use
</violation>
</file>
</pmd>
