<?xml version="1.0" encoding="UTF-8"?>
<pmd xmlns="http://pmd.sourceforge.net/report/2.0.0" xmlns:xsi="http://www.w3.org/2001/XMLSchema-instance" xsi:schemaLocation="http://pmd.sourceforge.net/report/2.0.0 http://pmd.sourceforge.net/report_2_0_0.xsd" version="7.0.0-rc3" timestamp="2023-10-29T00:29:56.877">
<file name="/mnt/disk3/lty/JLeaks/data/javafile/bug/bug-223-37bc084cf6da7c501c3416bf6cb5e56368386a81c32b3c3b574c0ebeadc221ba.java">
<violation beginline="280" endline="280" begincolumn="20" endcolumn="30" rule="CloseResource" ruleset="Error Prone" package="org.deidentifier.arx.gui.view.impl.wizard" class="ImportWizardPageTable" method="readColumns" variable="connection" externalInfoUrl="https://docs.pmd-code.org/pmd-doc-7.0.0-rc3/pmd_rules_java_errorprone.html#closeresource" priority="3">
Ensure that resources like this Connection object are closed after use
</violation>
<violation beginline="285" endline="285" begincolumn="23" endcolumn="25" rule="CloseResource" ruleset="Error Prone" package="org.deidentifier.arx.gui.view.impl.wizard" class="ImportWizardPageTable" method="readColumns" variable="rs" externalInfoUrl="https://docs.pmd-code.org/pmd-doc-7.0.0-rc3/pmd_rules_java_errorprone.html#closeresource" priority="3">
Ensure that resources like this ResultSet object are closed after use
</violation>
<violation beginline="317" endline="317" begincolumn="19" endcolumn="21" rule="CloseResource" ruleset="Error Prone" package="org.deidentifier.arx.gui.view.impl.wizard" class="ImportWizardPageTable" method="getNumberOfColumns" variable="rs" externalInfoUrl="https://docs.pmd-code.org/pmd-doc-7.0.0-rc3/pmd_rules_java_errorprone.html#closeresource" priority="3">
Ensure that resources like this ResultSet object are closed after use
</violation>
<violation beginline="322" endline="322" begincolumn="24" endcolumn="34" rule="CloseResource" ruleset="Error Prone" package="org.deidentifier.arx.gui.view.impl.wizard" class="ImportWizardPageTable" method="getNumberOfColumns" variable="connection" externalInfoUrl="https://docs.pmd-code.org/pmd-doc-7.0.0-rc3/pmd_rules_java_errorprone.html#closeresource" priority="3">
Ensure that resources like this Connection object are closed after use
</violation>
<violation beginline="361" endline="361" begincolumn="19" endcolumn="28" rule="CloseResource" ruleset="Error Prone" package="org.deidentifier.arx.gui.view.impl.wizard" class="ImportWizardPageTable" method="getNumberOfRows" variable="statement" externalInfoUrl="https://docs.pmd-code.org/pmd-doc-7.0.0-rc3/pmd_rules_java_errorprone.html#closeresource" priority="3">
Ensure that resources like this Statement object are closed after use
</violation>
<violation beginline="362" endline="362" begincolumn="19" endcolumn="28" rule="CloseResource" ruleset="Error Prone" package="org.deidentifier.arx.gui.view.impl.wizard" class="ImportWizardPageTable" method="getNumberOfRows" variable="resultSet" externalInfoUrl="https://docs.pmd-code.org/pmd-doc-7.0.0-rc3/pmd_rules_java_errorprone.html#closeresource" priority="3">
Ensure that resources like this ResultSet object are closed after use
</violation>
<violation beginline="406" endline="406" begincolumn="20" endcolumn="30" rule="CloseResource" ruleset="Error Prone" package="org.deidentifier.arx.gui.view.impl.wizard" class="ImportWizardPageTable" method="readPreview" variable="connection" externalInfoUrl="https://docs.pmd-code.org/pmd-doc-7.0.0-rc3/pmd_rules_java_errorprone.html#closeresource" priority="3">
Ensure that resources like this Connection object are closed after use
</violation>
<violation beginline="410" endline="410" begincolumn="23" endcolumn="32" rule="CloseResource" ruleset="Error Prone" package="org.deidentifier.arx.gui.view.impl.wizard" class="ImportWizardPageTable" method="readPreview" variable="statement" externalInfoUrl="https://docs.pmd-code.org/pmd-doc-7.0.0-rc3/pmd_rules_java_errorprone.html#closeresource" priority="3">
Ensure that resources like this Statement object are closed after use
</violation>
<violation beginline="413" endline="413" begincolumn="23" endcolumn="25" rule="CloseResource" ruleset="Error Prone" package="org.deidentifier.arx.gui.view.impl.wizard" class="ImportWizardPageTable" method="readPreview" variable="rs" externalInfoUrl="https://docs.pmd-code.org/pmd-doc-7.0.0-rc3/pmd_rules_java_errorprone.html#closeresource" priority="3">
Ensure that resources like this ResultSet object are closed after use
</violation>
</file>
</pmd>
